Copyright 1986-2022 Xilinx, Inc. All Rights Reserved. Copyright 2022-2024 Advanced Micro Devices, Inc. All Rights Reserved.
------------------------------------------------------------------------------------------------------------------------------------------------------------------------------------------------------
| Tool Version : Vivado v.2024.2 (win64) Build 5239630 Fri Nov 08 22:35:27 MST 2024
| Date         : Mon Dec  8 09:39:15 2025
| Host         : 25STC151L17 running 64-bit major release  (build 9200)
| Command      : report_timing_summary -max_paths 10 -report_unconstrained -file top_timing_summary_routed.rpt -pb top_timing_summary_routed.pb -rpx top_timing_summary_routed.rpx -warn_on_violation
| Design       : top
| Device       : 7a35t-cpg236
| Speed File   : -1  PRODUCTION 1.23 2018-06-13
| Design State : Routed
------------------------------------------------------------------------------------------------------------------------------------------------------------------------------------------------------

Timing Summary Report

------------------------------------------------------------------------------------------------
| Timer Settings
| --------------
------------------------------------------------------------------------------------------------

  Enable Multi Corner Analysis               :  Yes
  Enable Pessimism Removal                   :  Yes
  Pessimism Removal Resolution               :  Nearest Common Node
  Enable Input Delay Default Clock           :  No
  Enable Preset / Clear Arcs                 :  No
  Disable Flight Delays                      :  No
  Ignore I/O Paths                           :  No
  Timing Early Launch at Borrowing Latches   :  No
  Borrow Time for Max Delay Exceptions       :  Yes
  Merge Timing Exceptions                    :  Yes
  Inter-SLR Compensation                     :  Conservative

  Corner  Analyze    Analyze    
  Name    Max Paths  Min Paths  
  ------  ---------  ---------  
  Slow    Yes        Yes        
  Fast    Yes        Yes        


------------------------------------------------------------------------------------------------
| Report Methodology
| ------------------
------------------------------------------------------------------------------------------------

Rule       Severity          Description                                                       Violations  
---------  ----------------  ----------------------------------------------------------------  ----------  
TIMING-4   Critical Warning  Invalid primary clock redefinition on a clock tree                1           
TIMING-17  Critical Warning  Non-clocked sequential cell                                       43          
TIMING-27  Critical Warning  Invalid primary clock on hierarchical pin                         1           
CKLD-2     Warning           Clock Net has IO Driver, not a Clock Buf, and/or non-Clock loads  1           
HPDR-1     Warning           Port pin direction inconsistency                                  2           

Note: This report is based on the most recent report_methodology run and may not be up-to-date. Run report_methodology on the current design for the latest report.



check_timing report

Table of Contents
-----------------
1. checking no_clock (43)
2. checking constant_clock (0)
3. checking pulse_width_clock (0)
4. checking unconstrained_internal_endpoints (86)
5. checking no_input_delay (7)
6. checking no_output_delay (20)
7. checking multiple_clock (0)
8. checking generated_clocks (0)
9. checking loops (0)
10. checking partial_input_delay (0)
11. checking partial_output_delay (0)
12. checking latch_loops (0)

1. checking no_clock (43)
-------------------------
 There are 43 register/latch pins with no clock driven by root clock pin: u/clk_div_reg[6]/Q (HIGH)


2. checking constant_clock (0)
------------------------------
 There are 0 register/latch pins with constant_clock.


3. checking pulse_width_clock (0)
---------------------------------
 There are 0 register/latch pins which need pulse_width check


4. checking unconstrained_internal_endpoints (86)
-------------------------------------------------
 There are 86 pins that are not constrained for maximum delay. (HIGH)

 There are 0 pins that are not constrained for maximum delay due to constant clock.


5. checking no_input_delay (7)
------------------------------
 There are 7 input ports with no input delay specified. (HIGH)

 There are 0 input ports with no input delay but user has a false path constraint.


6. checking no_output_delay (20)
--------------------------------
 There are 20 ports with no output delay specified. (HIGH)

 There are 0 ports with no output delay but user has a false path constraint

 There are 0 ports with no output delay but with a timing clock defined on it or propagating through it


7. checking multiple_clock (0)
------------------------------
 There are 0 register/latch pins with multiple clocks.


8. checking generated_clocks (0)
--------------------------------
 There are 0 generated clocks that are not connected to a clock source.


9. checking loops (0)
---------------------
 There are 0 combinational loops in the design.


10. checking partial_input_delay (0)
------------------------------------
 There are 0 input ports with partial input delay specified.


11. checking partial_output_delay (0)
-------------------------------------
 There are 0 ports with partial output delay specified.


12. checking latch_loops (0)
----------------------------
 There are 0 combinational latch loops in the design through latch input



------------------------------------------------------------------------------------------------
| Design Timing Summary
| ---------------------
------------------------------------------------------------------------------------------------

    WNS(ns)      TNS(ns)  TNS Failing Endpoints  TNS Total Endpoints      WHS(ns)      THS(ns)  THS Failing Endpoints  THS Total Endpoints     WPWS(ns)     TPWS(ns)  TPWS Failing Endpoints  TPWS Total Endpoints  
    -------      -------  ---------------------  -------------------      -------      -------  ---------------------  -------------------     --------     --------  ----------------------  --------------------  
      0.621        0.000                      0                  177        0.215        0.000                      0                  177        2.867        0.000                       0                    99  


All user specified timing constraints are met.


------------------------------------------------------------------------------------------------
| Clock Summary
| -------------
------------------------------------------------------------------------------------------------

Clock                      Waveform(ns)         Period(ns)      Frequency(MHz)
-----                      ------------         ----------      --------------
clk_wiz_inst/inst/clk_in1  {0.000 5.000}        10.000          100.000         
  clk_out1_clk_wiz_0       {0.000 3.367}        6.734           148.500         
  clkfbout_clk_wiz_0       {0.000 20.000}       40.000          25.000          
sys_clk_pin                {0.000 5.000}        10.000          100.000         


------------------------------------------------------------------------------------------------
| Intra Clock Table
| -----------------
------------------------------------------------------------------------------------------------

Clock                          WNS(ns)      TNS(ns)  TNS Failing Endpoints  TNS Total Endpoints      WHS(ns)      THS(ns)  THS Failing Endpoints  THS Total Endpoints     WPWS(ns)     TPWS(ns)  TPWS Failing Endpoints  TPWS Total Endpoints  
-----                          -------      -------  ---------------------  -------------------      -------      -------  ---------------------  -------------------     --------     --------  ----------------------  --------------------  
clk_wiz_inst/inst/clk_in1                                                                                                                                                    3.000        0.000                       0                     1  
  clk_out1_clk_wiz_0             0.621        0.000                      0                  170        0.215        0.000                      0                  170        2.867        0.000                       0                    88  
  clkfbout_clk_wiz_0                                                                                                                                                        37.845        0.000                       0                     3  
sys_clk_pin                      7.431        0.000                      0                    7        0.244        0.000                      0                    7        4.500        0.000                       0                     7  


------------------------------------------------------------------------------------------------
| Inter Clock Table
| -----------------
------------------------------------------------------------------------------------------------

From Clock    To Clock          WNS(ns)      TNS(ns)  TNS Failing Endpoints  TNS Total Endpoints      WHS(ns)      THS(ns)  THS Failing Endpoints  THS Total Endpoints  
----------    --------          -------      -------  ---------------------  -------------------      -------      -------  ---------------------  -------------------  


------------------------------------------------------------------------------------------------
| Other Path Groups Table
| -----------------------
------------------------------------------------------------------------------------------------

Path Group    From Clock    To Clock          WNS(ns)      TNS(ns)  TNS Failing Endpoints  TNS Total Endpoints      WHS(ns)      THS(ns)  THS Failing Endpoints  THS Total Endpoints  
----------    ----------    --------          -------      -------  ---------------------  -------------------      -------      -------  ---------------------  -------------------  


------------------------------------------------------------------------------------------------
| User Ignored Path Table
| -----------------------
------------------------------------------------------------------------------------------------

Path Group    From Clock    To Clock    
----------    ----------    --------    


------------------------------------------------------------------------------------------------
| Unconstrained Path Table
| ------------------------
------------------------------------------------------------------------------------------------

Path Group          From Clock          To Clock          
----------          ----------          --------          
(none)                                                      
(none)              clk_out1_clk_wiz_0                      
(none)              clkfbout_clk_wiz_0                      
(none)                                  clk_out1_clk_wiz_0  


------------------------------------------------------------------------------------------------
| Timing Details
| --------------
------------------------------------------------------------------------------------------------


---------------------------------------------------------------------------------------------------
From Clock:  clk_wiz_inst/inst/clk_in1
  To Clock:  clk_wiz_inst/inst/clk_in1

Setup :           NA  Failing Endpoints,  Worst Slack           NA  ,  Total Violation           NA
Hold  :           NA  Failing Endpoints,  Worst Slack           NA  ,  Total Violation           NA
PW    :            0  Failing Endpoints,  Worst Slack        3.000ns,  Total Violation        0.000ns
---------------------------------------------------------------------------------------------------


Pulse Width Checks
--------------------------------------------------------------------------------------
Clock Name:         clk_wiz_inst/inst/clk_in1
Waveform(ns):       { 0.000 5.000 }
Period(ns):         10.000
Sources:            { clk_wiz_inst/inst/clk_in1 }

Check Type        Corner  Lib Pin            Reference Pin  Required(ns)  Actual(ns)  Slack(ns)  Location         Pin
Min Period        n/a     MMCME2_ADV/CLKIN1  n/a            1.249         10.000      8.751      MMCME2_ADV_X1Y0  clk_wiz_inst/inst/mmcm_adv_inst/CLKIN1
Max Period        n/a     MMCME2_ADV/CLKIN1  n/a            100.000       10.000      90.000     MMCME2_ADV_X1Y0  clk_wiz_inst/inst/mmcm_adv_inst/CLKIN1
Low Pulse Width   Slow    MMCME2_ADV/CLKIN1  n/a            2.000         5.000       3.000      MMCME2_ADV_X1Y0  clk_wiz_inst/inst/mmcm_adv_inst/CLKIN1
Low Pulse Width   Fast    MMCME2_ADV/CLKIN1  n/a            2.000         5.000       3.000      MMCME2_ADV_X1Y0  clk_wiz_inst/inst/mmcm_adv_inst/CLKIN1
High Pulse Width  Slow    MMCME2_ADV/CLKIN1  n/a            2.000         5.000       3.000      MMCME2_ADV_X1Y0  clk_wiz_inst/inst/mmcm_adv_inst/CLKIN1
High Pulse Width  Fast    MMCME2_ADV/CLKIN1  n/a            2.000         5.000       3.000      MMCME2_ADV_X1Y0  clk_wiz_inst/inst/mmcm_adv_inst/CLKIN1



---------------------------------------------------------------------------------------------------
From Clock:  clk_out1_clk_wiz_0
  To Clock:  clk_out1_clk_wiz_0

Setup :            0  Failing Endpoints,  Worst Slack        0.621ns,  Total Violation        0.000ns
Hold  :            0  Failing Endpoints,  Worst Slack        0.215ns,  Total Violation        0.000ns
PW    :            0  Failing Endpoints,  Worst Slack        2.867ns,  Total Violation        0.000ns
---------------------------------------------------------------------------------------------------


Max Delay Paths
--------------------------------------------------------------------------------------
Slack (MET) :             0.621ns  (required time - arrival time)
  Source:                 top_square/sq_y_reg[6]/C
                            (rising edge-triggered cell FDRE clocked by clk_out1_clk_wiz_0  {rise@0.000ns fall@3.367ns period=6.734ns})
  Destination:            top_square/vgaGreen_reg[0]/R
                            (rising edge-triggered cell FDRE clocked by clk_out1_clk_wiz_0  {rise@0.000ns fall@3.367ns period=6.734ns})
  Path Group:             clk_out1_clk_wiz_0
  Path Type:              Setup (Max at Slow Process Corner)
  Requirement:            6.734ns  (clk_out1_clk_wiz_0 rise@6.734ns - clk_out1_clk_wiz_0 rise@0.000ns)
  Data Path Delay:        5.321ns  (logic 1.950ns (36.650%)  route 3.371ns (63.350%))
  Logic Levels:           6  (CARRY4=3 LUT3=1 LUT4=1 LUT6=1)
  Clock Path Skew:        -0.041ns (DCD - SCD + CPR)
    Destination Clock Delay (DCD):    -2.868ns = ( 3.866 - 6.734 ) 
    Source Clock Delay      (SCD):    -2.334ns
    Clock Pessimism Removal (CPR):    0.493ns
  Clock Uncertainty:      0.114ns  ((TSJ^2 + DJ^2)^1/2) / 2 + PE
    Total System Jitter     (TSJ):    0.071ns
    Discrete Jitter          (DJ):    0.218ns
    Phase Error              (PE):    0.000ns

    Location             Delay type                Incr(ns)  Path(ns)    Netlist Resource(s)
  -------------------------------------------------------------------    -------------------
                         (clock clk_out1_clk_wiz_0 rise edge)
                                                      0.000     0.000 r  
    W5                   IBUF                         0.000     0.000 r  clk_IBUF_inst/O
                         net (fo=8, routed)           1.233     1.233    clk_wiz_inst/inst/clk_in1
    MMCME2_ADV_X1Y0      MMCME2_ADV (Prop_mmcme2_adv_CLKIN1_CLKOUT0)
                                                     -6.961    -5.728 r  clk_wiz_inst/inst/mmcm_adv_inst/CLKOUT0
                         net (fo=1, routed)           1.661    -4.066    clk_wiz_inst/inst/clk_out1_clk_wiz_0
    BUFGCTRL_X0Y0        BUFG (Prop_bufg_I_O)         0.096    -3.970 r  clk_wiz_inst/inst/clkout1_buf/O
                         net (fo=86, routed)          1.636    -2.334    top_square/clk_out1
    SLICE_X6Y48          FDRE                                         r  top_square/sq_y_reg[6]/C
  -------------------------------------------------------------------    -------------------
    SLICE_X6Y48          FDRE (Prop_fdre_C_Q)         0.518    -1.816 r  top_square/sq_y_reg[6]/Q
                         net (fo=13, routed)          1.017    -0.799    top_square/sq_y[6]
    SLICE_X4Y47          LUT4 (Prop_lut4_I0_O)        0.124    -0.675 r  top_square/i__carry__0_i_5/O
                         net (fo=1, routed)           0.000    -0.675    top_square/i__carry__0_i_5_n_0
    SLICE_X4Y47          CARRY4 (Prop_carry4_S[3]_CO[3])
                                                      0.401    -0.274 r  top_square/_inferred__0/i__carry__0/CO[3]
                         net (fo=1, routed)           0.000    -0.274    top_square/_inferred__0/i__carry__0_n_0
    SLICE_X4Y48          CARRY4 (Prop_carry4_CI_CO[3])
                                                      0.114    -0.160 r  top_square/_inferred__0/i__carry__1/CO[3]
                         net (fo=1, routed)           0.000    -0.160    top_square/_inferred__0/i__carry__1_n_0
    SLICE_X4Y49          CARRY4 (Prop_carry4_CI_CO[0])
                                                      0.271     0.111 f  top_square/_inferred__0/i__carry__2/CO[0]
                         net (fo=1, routed)           0.596     0.707    top_square/_inferred__0/i__carry__2_n_3
    SLICE_X2Y45          LUT6 (Prop_lut6_I1_O)        0.373     1.080 r  top_square/vgaGreen[0]_i_2/O
                         net (fo=8, routed)           1.017     2.096    top_square/vgaRed1
    SLICE_X1Y32          LUT3 (Prop_lut3_I0_O)        0.149     2.245 r  top_square/vgaGreen[0]_i_1/O
                         net (fo=8, routed)           0.741     2.987    top_square/vgaGreen[0]_i_1_n_0
    SLICE_X0Y37          FDRE                                         r  top_square/vgaGreen_reg[0]/R
  -------------------------------------------------------------------    -------------------

                         (clock clk_out1_clk_wiz_0 rise edge)
                                                      6.734     6.734 r  
    W5                   IBUF                         0.000     6.734 r  clk_IBUF_inst/O
                         net (fo=8, routed)           1.162     7.896    clk_wiz_inst/inst/clk_in1
    MMCME2_ADV_X1Y0      MMCME2_ADV (Prop_mmcme2_adv_CLKIN1_CLKOUT0)
                                                     -7.217     0.678 r  clk_wiz_inst/inst/mmcm_adv_inst/CLKOUT0
                         net (fo=1, routed)           1.581     2.260    clk_wiz_inst/inst/clk_out1_clk_wiz_0
    BUFGCTRL_X0Y0        BUFG (Prop_bufg_I_O)         0.091     2.351 r  clk_wiz_inst/inst/clkout1_buf/O
                         net (fo=86, routed)          1.515     3.866    top_square/clk_out1
    SLICE_X0Y37          FDRE                                         r  top_square/vgaGreen_reg[0]/C
                         clock pessimism              0.493     4.359    
                         clock uncertainty           -0.114     4.245    
    SLICE_X0Y37          FDRE (Setup_fdre_C_R)       -0.637     3.608    top_square/vgaGreen_reg[0]
  -------------------------------------------------------------------
                         required time                          3.608    
                         arrival time                          -2.987    
  -------------------------------------------------------------------
                         slack                                  0.621    

Slack (MET) :             0.621ns  (required time - arrival time)
  Source:                 top_square/sq_y_reg[6]/C
                            (rising edge-triggered cell FDRE clocked by clk_out1_clk_wiz_0  {rise@0.000ns fall@3.367ns period=6.734ns})
  Destination:            top_square/vgaGreen_reg[0]_lopt_replica_3/R
                            (rising edge-triggered cell FDRE clocked by clk_out1_clk_wiz_0  {rise@0.000ns fall@3.367ns period=6.734ns})
  Path Group:             clk_out1_clk_wiz_0
  Path Type:              Setup (Max at Slow Process Corner)
  Requirement:            6.734ns  (clk_out1_clk_wiz_0 rise@6.734ns - clk_out1_clk_wiz_0 rise@0.000ns)
  Data Path Delay:        5.321ns  (logic 1.950ns (36.650%)  route 3.371ns (63.350%))
  Logic Levels:           6  (CARRY4=3 LUT3=1 LUT4=1 LUT6=1)
  Clock Path Skew:        -0.041ns (DCD - SCD + CPR)
    Destination Clock Delay (DCD):    -2.868ns = ( 3.866 - 6.734 ) 
    Source Clock Delay      (SCD):    -2.334ns
    Clock Pessimism Removal (CPR):    0.493ns
  Clock Uncertainty:      0.114ns  ((TSJ^2 + DJ^2)^1/2) / 2 + PE
    Total System Jitter     (TSJ):    0.071ns
    Discrete Jitter          (DJ):    0.218ns
    Phase Error              (PE):    0.000ns

    Location             Delay type                Incr(ns)  Path(ns)    Netlist Resource(s)
  -------------------------------------------------------------------    -------------------
                         (clock clk_out1_clk_wiz_0 rise edge)
                                                      0.000     0.000 r  
    W5                   IBUF                         0.000     0.000 r  clk_IBUF_inst/O
                         net (fo=8, routed)           1.233     1.233    clk_wiz_inst/inst/clk_in1
    MMCME2_ADV_X1Y0      MMCME2_ADV (Prop_mmcme2_adv_CLKIN1_CLKOUT0)
                                                     -6.961    -5.728 r  clk_wiz_inst/inst/mmcm_adv_inst/CLKOUT0
                         net (fo=1, routed)           1.661    -4.066    clk_wiz_inst/inst/clk_out1_clk_wiz_0
    BUFGCTRL_X0Y0        BUFG (Prop_bufg_I_O)         0.096    -3.970 r  clk_wiz_inst/inst/clkout1_buf/O
                         net (fo=86, routed)          1.636    -2.334    top_square/clk_out1
    SLICE_X6Y48          FDRE                                         r  top_square/sq_y_reg[6]/C
  -------------------------------------------------------------------    -------------------
    SLICE_X6Y48          FDRE (Prop_fdre_C_Q)         0.518    -1.816 r  top_square/sq_y_reg[6]/Q
                         net (fo=13, routed)          1.017    -0.799    top_square/sq_y[6]
    SLICE_X4Y47          LUT4 (Prop_lut4_I0_O)        0.124    -0.675 r  top_square/i__carry__0_i_5/O
                         net (fo=1, routed)           0.000    -0.675    top_square/i__carry__0_i_5_n_0
    SLICE_X4Y47          CARRY4 (Prop_carry4_S[3]_CO[3])
                                                      0.401    -0.274 r  top_square/_inferred__0/i__carry__0/CO[3]
                         net (fo=1, routed)           0.000    -0.274    top_square/_inferred__0/i__carry__0_n_0
    SLICE_X4Y48          CARRY4 (Prop_carry4_CI_CO[3])
                                                      0.114    -0.160 r  top_square/_inferred__0/i__carry__1/CO[3]
                         net (fo=1, routed)           0.000    -0.160    top_square/_inferred__0/i__carry__1_n_0
    SLICE_X4Y49          CARRY4 (Prop_carry4_CI_CO[0])
                                                      0.271     0.111 f  top_square/_inferred__0/i__carry__2/CO[0]
                         net (fo=1, routed)           0.596     0.707    top_square/_inferred__0/i__carry__2_n_3
    SLICE_X2Y45          LUT6 (Prop_lut6_I1_O)        0.373     1.080 r  top_square/vgaGreen[0]_i_2/O
                         net (fo=8, routed)           1.017     2.096    top_square/vgaRed1
    SLICE_X1Y32          LUT3 (Prop_lut3_I0_O)        0.149     2.245 r  top_square/vgaGreen[0]_i_1/O
                         net (fo=8, routed)           0.741     2.987    top_square/vgaGreen[0]_i_1_n_0
    SLICE_X0Y37          FDRE                                         r  top_square/vgaGreen_reg[0]_lopt_replica_3/R
  -------------------------------------------------------------------    -------------------

                         (clock clk_out1_clk_wiz_0 rise edge)
                                                      6.734     6.734 r  
    W5                   IBUF                         0.000     6.734 r  clk_IBUF_inst/O
                         net (fo=8, routed)           1.162     7.896    clk_wiz_inst/inst/clk_in1
    MMCME2_ADV_X1Y0      MMCME2_ADV (Prop_mmcme2_adv_CLKIN1_CLKOUT0)
                                                     -7.217     0.678 r  clk_wiz_inst/inst/mmcm_adv_inst/CLKOUT0
                         net (fo=1, routed)           1.581     2.260    clk_wiz_inst/inst/clk_out1_clk_wiz_0
    BUFGCTRL_X0Y0        BUFG (Prop_bufg_I_O)         0.091     2.351 r  clk_wiz_inst/inst/clkout1_buf/O
                         net (fo=86, routed)          1.515     3.866    top_square/clk_out1
    SLICE_X0Y37          FDRE                                         r  top_square/vgaGreen_reg[0]_lopt_replica_3/C
                         clock pessimism              0.493     4.359    
                         clock uncertainty           -0.114     4.245    
    SLICE_X0Y37          FDRE (Setup_fdre_C_R)       -0.637     3.608    top_square/vgaGreen_reg[0]_lopt_replica_3
  -------------------------------------------------------------------
                         required time                          3.608    
                         arrival time                          -2.987    
  -------------------------------------------------------------------
                         slack                                  0.621    

Slack (MET) :             0.637ns  (required time - arrival time)
  Source:                 top_square/sq_y_reg[6]/C
                            (rising edge-triggered cell FDRE clocked by clk_out1_clk_wiz_0  {rise@0.000ns fall@3.367ns period=6.734ns})
  Destination:            top_square/vgaGreen_reg[0]_lopt_replica_2/R
                            (rising edge-triggered cell FDRE clocked by clk_out1_clk_wiz_0  {rise@0.000ns fall@3.367ns period=6.734ns})
  Path Group:             clk_out1_clk_wiz_0
  Path Type:              Setup (Max at Slow Process Corner)
  Requirement:            6.734ns  (clk_out1_clk_wiz_0 rise@6.734ns - clk_out1_clk_wiz_0 rise@0.000ns)
  Data Path Delay:        5.304ns  (logic 1.950ns (36.765%)  route 3.354ns (63.235%))
  Logic Levels:           6  (CARRY4=3 LUT3=1 LUT4=1 LUT6=1)
  Clock Path Skew:        -0.042ns (DCD - SCD + CPR)
    Destination Clock Delay (DCD):    -2.869ns = ( 3.865 - 6.734 ) 
    Source Clock Delay      (SCD):    -2.334ns
    Clock Pessimism Removal (CPR):    0.493ns
  Clock Uncertainty:      0.114ns  ((TSJ^2 + DJ^2)^1/2) / 2 + PE
    Total System Jitter     (TSJ):    0.071ns
    Discrete Jitter          (DJ):    0.218ns
    Phase Error              (PE):    0.000ns

    Location             Delay type                Incr(ns)  Path(ns)    Netlist Resource(s)
  -------------------------------------------------------------------    -------------------
                         (clock clk_out1_clk_wiz_0 rise edge)
                                                      0.000     0.000 r  
    W5                   IBUF                         0.000     0.000 r  clk_IBUF_inst/O
                         net (fo=8, routed)           1.233     1.233    clk_wiz_inst/inst/clk_in1
    MMCME2_ADV_X1Y0      MMCME2_ADV (Prop_mmcme2_adv_CLKIN1_CLKOUT0)
                                                     -6.961    -5.728 r  clk_wiz_inst/inst/mmcm_adv_inst/CLKOUT0
                         net (fo=1, routed)           1.661    -4.066    clk_wiz_inst/inst/clk_out1_clk_wiz_0
    BUFGCTRL_X0Y0        BUFG (Prop_bufg_I_O)         0.096    -3.970 r  clk_wiz_inst/inst/clkout1_buf/O
                         net (fo=86, routed)          1.636    -2.334    top_square/clk_out1
    SLICE_X6Y48          FDRE                                         r  top_square/sq_y_reg[6]/C
  -------------------------------------------------------------------    -------------------
    SLICE_X6Y48          FDRE (Prop_fdre_C_Q)         0.518    -1.816 r  top_square/sq_y_reg[6]/Q
                         net (fo=13, routed)          1.017    -0.799    top_square/sq_y[6]
    SLICE_X4Y47          LUT4 (Prop_lut4_I0_O)        0.124    -0.675 r  top_square/i__carry__0_i_5/O
                         net (fo=1, routed)           0.000    -0.675    top_square/i__carry__0_i_5_n_0
    SLICE_X4Y47          CARRY4 (Prop_carry4_S[3]_CO[3])
                                                      0.401    -0.274 r  top_square/_inferred__0/i__carry__0/CO[3]
                         net (fo=1, routed)           0.000    -0.274    top_square/_inferred__0/i__carry__0_n_0
    SLICE_X4Y48          CARRY4 (Prop_carry4_CI_CO[3])
                                                      0.114    -0.160 r  top_square/_inferred__0/i__carry__1/CO[3]
                         net (fo=1, routed)           0.000    -0.160    top_square/_inferred__0/i__carry__1_n_0
    SLICE_X4Y49          CARRY4 (Prop_carry4_CI_CO[0])
                                                      0.271     0.111 f  top_square/_inferred__0/i__carry__2/CO[0]
                         net (fo=1, routed)           0.596     0.707    top_square/_inferred__0/i__carry__2_n_3
    SLICE_X2Y45          LUT6 (Prop_lut6_I1_O)        0.373     1.080 r  top_square/vgaGreen[0]_i_2/O
                         net (fo=8, routed)           1.017     2.096    top_square/vgaRed1
    SLICE_X1Y32          LUT3 (Prop_lut3_I0_O)        0.149     2.245 r  top_square/vgaGreen[0]_i_1/O
                         net (fo=8, routed)           0.725     2.970    top_square/vgaGreen[0]_i_1_n_0
    SLICE_X1Y36          FDRE                                         r  top_square/vgaGreen_reg[0]_lopt_replica_2/R
  -------------------------------------------------------------------    -------------------

                         (clock clk_out1_clk_wiz_0 rise edge)
                                                      6.734     6.734 r  
    W5                   IBUF                         0.000     6.734 r  clk_IBUF_inst/O
                         net (fo=8, routed)           1.162     7.896    clk_wiz_inst/inst/clk_in1
    MMCME2_ADV_X1Y0      MMCME2_ADV (Prop_mmcme2_adv_CLKIN1_CLKOUT0)
                                                     -7.217     0.678 r  clk_wiz_inst/inst/mmcm_adv_inst/CLKOUT0
                         net (fo=1, routed)           1.581     2.260    clk_wiz_inst/inst/clk_out1_clk_wiz_0
    BUFGCTRL_X0Y0        BUFG (Prop_bufg_I_O)         0.091     2.351 r  clk_wiz_inst/inst/clkout1_buf/O
                         net (fo=86, routed)          1.514     3.865    top_square/clk_out1
    SLICE_X1Y36          FDRE                                         r  top_square/vgaGreen_reg[0]_lopt_replica_2/C
                         clock pessimism              0.493     4.358    
                         clock uncertainty           -0.114     4.244    
    SLICE_X1Y36          FDRE (Setup_fdre_C_R)       -0.637     3.607    top_square/vgaGreen_reg[0]_lopt_replica_2
  -------------------------------------------------------------------
                         required time                          3.607    
                         arrival time                          -2.970    
  -------------------------------------------------------------------
                         slack                                  0.637    

Slack (MET) :             0.826ns  (required time - arrival time)
  Source:                 top_square/sq_y_reg[6]/C
                            (rising edge-triggered cell FDRE clocked by clk_out1_clk_wiz_0  {rise@0.000ns fall@3.367ns period=6.734ns})
  Destination:            top_square/vgaBlue_reg[3]/S
                            (rising edge-triggered cell FDSE clocked by clk_out1_clk_wiz_0  {rise@0.000ns fall@3.367ns period=6.734ns})
  Path Group:             clk_out1_clk_wiz_0
  Path Type:              Setup (Max at Slow Process Corner)
  Requirement:            6.734ns  (clk_out1_clk_wiz_0 rise@6.734ns - clk_out1_clk_wiz_0 rise@0.000ns)
  Data Path Delay:        5.112ns  (logic 1.950ns (38.144%)  route 3.162ns (61.856%))
  Logic Levels:           6  (CARRY4=3 LUT3=1 LUT4=1 LUT6=1)
  Clock Path Skew:        -0.044ns (DCD - SCD + CPR)
    Destination Clock Delay (DCD):    -2.871ns = ( 3.863 - 6.734 ) 
    Source Clock Delay      (SCD):    -2.334ns
    Clock Pessimism Removal (CPR):    0.493ns
  Clock Uncertainty:      0.114ns  ((TSJ^2 + DJ^2)^1/2) / 2 + PE
    Total System Jitter     (TSJ):    0.071ns
    Discrete Jitter          (DJ):    0.218ns
    Phase Error              (PE):    0.000ns

    Location             Delay type                Incr(ns)  Path(ns)    Netlist Resource(s)
  -------------------------------------------------------------------    -------------------
                         (clock clk_out1_clk_wiz_0 rise edge)
                                                      0.000     0.000 r  
    W5                   IBUF                         0.000     0.000 r  clk_IBUF_inst/O
                         net (fo=8, routed)           1.233     1.233    clk_wiz_inst/inst/clk_in1
    MMCME2_ADV_X1Y0      MMCME2_ADV (Prop_mmcme2_adv_CLKIN1_CLKOUT0)
                                                     -6.961    -5.728 r  clk_wiz_inst/inst/mmcm_adv_inst/CLKOUT0
                         net (fo=1, routed)           1.661    -4.066    clk_wiz_inst/inst/clk_out1_clk_wiz_0
    BUFGCTRL_X0Y0        BUFG (Prop_bufg_I_O)         0.096    -3.970 r  clk_wiz_inst/inst/clkout1_buf/O
                         net (fo=86, routed)          1.636    -2.334    top_square/clk_out1
    SLICE_X6Y48          FDRE                                         r  top_square/sq_y_reg[6]/C
  -------------------------------------------------------------------    -------------------
    SLICE_X6Y48          FDRE (Prop_fdre_C_Q)         0.518    -1.816 r  top_square/sq_y_reg[6]/Q
                         net (fo=13, routed)          1.017    -0.799    top_square/sq_y[6]
    SLICE_X4Y47          LUT4 (Prop_lut4_I0_O)        0.124    -0.675 r  top_square/i__carry__0_i_5/O
                         net (fo=1, routed)           0.000    -0.675    top_square/i__carry__0_i_5_n_0
    SLICE_X4Y47          CARRY4 (Prop_carry4_S[3]_CO[3])
                                                      0.401    -0.274 r  top_square/_inferred__0/i__carry__0/CO[3]
                         net (fo=1, routed)           0.000    -0.274    top_square/_inferred__0/i__carry__0_n_0
    SLICE_X4Y48          CARRY4 (Prop_carry4_CI_CO[3])
                                                      0.114    -0.160 r  top_square/_inferred__0/i__carry__1/CO[3]
                         net (fo=1, routed)           0.000    -0.160    top_square/_inferred__0/i__carry__1_n_0
    SLICE_X4Y49          CARRY4 (Prop_carry4_CI_CO[0])
                                                      0.271     0.111 f  top_square/_inferred__0/i__carry__2/CO[0]
                         net (fo=1, routed)           0.596     0.707    top_square/_inferred__0/i__carry__2_n_3
    SLICE_X2Y45          LUT6 (Prop_lut6_I1_O)        0.373     1.080 r  top_square/vgaGreen[0]_i_2/O
                         net (fo=8, routed)           1.017     2.096    top_square/vgaRed1
    SLICE_X1Y32          LUT3 (Prop_lut3_I0_O)        0.149     2.245 r  top_square/vgaGreen[0]_i_1/O
                         net (fo=8, routed)           0.533     2.778    top_square/vgaGreen[0]_i_1_n_0
    SLICE_X0Y33          FDSE                                         r  top_square/vgaBlue_reg[3]/S
  -------------------------------------------------------------------    -------------------

                         (clock clk_out1_clk_wiz_0 rise edge)
                                                      6.734     6.734 r  
    W5                   IBUF                         0.000     6.734 r  clk_IBUF_inst/O
                         net (fo=8, routed)           1.162     7.896    clk_wiz_inst/inst/clk_in1
    MMCME2_ADV_X1Y0      MMCME2_ADV (Prop_mmcme2_adv_CLKIN1_CLKOUT0)
                                                     -7.217     0.678 r  clk_wiz_inst/inst/mmcm_adv_inst/CLKOUT0
                         net (fo=1, routed)           1.581     2.260    clk_wiz_inst/inst/clk_out1_clk_wiz_0
    BUFGCTRL_X0Y0        BUFG (Prop_bufg_I_O)         0.091     2.351 r  clk_wiz_inst/inst/clkout1_buf/O
                         net (fo=86, routed)          1.512     3.863    top_square/clk_out1
    SLICE_X0Y33          FDSE                                         r  top_square/vgaBlue_reg[3]/C
                         clock pessimism              0.493     4.356    
                         clock uncertainty           -0.114     4.242    
    SLICE_X0Y33          FDSE (Setup_fdse_C_S)       -0.637     3.605    top_square/vgaBlue_reg[3]
  -------------------------------------------------------------------
                         required time                          3.605    
                         arrival time                          -2.778    
  -------------------------------------------------------------------
                         slack                                  0.826    

Slack (MET) :             0.826ns  (required time - arrival time)
  Source:                 top_square/sq_y_reg[6]/C
                            (rising edge-triggered cell FDRE clocked by clk_out1_clk_wiz_0  {rise@0.000ns fall@3.367ns period=6.734ns})
  Destination:            top_square/vgaBlue_reg[3]_lopt_replica_2/S
                            (rising edge-triggered cell FDSE clocked by clk_out1_clk_wiz_0  {rise@0.000ns fall@3.367ns period=6.734ns})
  Path Group:             clk_out1_clk_wiz_0
  Path Type:              Setup (Max at Slow Process Corner)
  Requirement:            6.734ns  (clk_out1_clk_wiz_0 rise@6.734ns - clk_out1_clk_wiz_0 rise@0.000ns)
  Data Path Delay:        5.112ns  (logic 1.950ns (38.144%)  route 3.162ns (61.856%))
  Logic Levels:           6  (CARRY4=3 LUT3=1 LUT4=1 LUT6=1)
  Clock Path Skew:        -0.044ns (DCD - SCD + CPR)
    Destination Clock Delay (DCD):    -2.871ns = ( 3.863 - 6.734 ) 
    Source Clock Delay      (SCD):    -2.334ns
    Clock Pessimism Removal (CPR):    0.493ns
  Clock Uncertainty:      0.114ns  ((TSJ^2 + DJ^2)^1/2) / 2 + PE
    Total System Jitter     (TSJ):    0.071ns
    Discrete Jitter          (DJ):    0.218ns
    Phase Error              (PE):    0.000ns

    Location             Delay type                Incr(ns)  Path(ns)    Netlist Resource(s)
  -------------------------------------------------------------------    -------------------
                         (clock clk_out1_clk_wiz_0 rise edge)
                                                      0.000     0.000 r  
    W5                   IBUF                         0.000     0.000 r  clk_IBUF_inst/O
                         net (fo=8, routed)           1.233     1.233    clk_wiz_inst/inst/clk_in1
    MMCME2_ADV_X1Y0      MMCME2_ADV (Prop_mmcme2_adv_CLKIN1_CLKOUT0)
                                                     -6.961    -5.728 r  clk_wiz_inst/inst/mmcm_adv_inst/CLKOUT0
                         net (fo=1, routed)           1.661    -4.066    clk_wiz_inst/inst/clk_out1_clk_wiz_0
    BUFGCTRL_X0Y0        BUFG (Prop_bufg_I_O)         0.096    -3.970 r  clk_wiz_inst/inst/clkout1_buf/O
                         net (fo=86, routed)          1.636    -2.334    top_square/clk_out1
    SLICE_X6Y48          FDRE                                         r  top_square/sq_y_reg[6]/C
  -------------------------------------------------------------------    -------------------
    SLICE_X6Y48          FDRE (Prop_fdre_C_Q)         0.518    -1.816 r  top_square/sq_y_reg[6]/Q
                         net (fo=13, routed)          1.017    -0.799    top_square/sq_y[6]
    SLICE_X4Y47          LUT4 (Prop_lut4_I0_O)        0.124    -0.675 r  top_square/i__carry__0_i_5/O
                         net (fo=1, routed)           0.000    -0.675    top_square/i__carry__0_i_5_n_0
    SLICE_X4Y47          CARRY4 (Prop_carry4_S[3]_CO[3])
                                                      0.401    -0.274 r  top_square/_inferred__0/i__carry__0/CO[3]
                         net (fo=1, routed)           0.000    -0.274    top_square/_inferred__0/i__carry__0_n_0
    SLICE_X4Y48          CARRY4 (Prop_carry4_CI_CO[3])
                                                      0.114    -0.160 r  top_square/_inferred__0/i__carry__1/CO[3]
                         net (fo=1, routed)           0.000    -0.160    top_square/_inferred__0/i__carry__1_n_0
    SLICE_X4Y49          CARRY4 (Prop_carry4_CI_CO[0])
                                                      0.271     0.111 f  top_square/_inferred__0/i__carry__2/CO[0]
                         net (fo=1, routed)           0.596     0.707    top_square/_inferred__0/i__carry__2_n_3
    SLICE_X2Y45          LUT6 (Prop_lut6_I1_O)        0.373     1.080 r  top_square/vgaGreen[0]_i_2/O
                         net (fo=8, routed)           1.017     2.096    top_square/vgaRed1
    SLICE_X1Y32          LUT3 (Prop_lut3_I0_O)        0.149     2.245 r  top_square/vgaGreen[0]_i_1/O
                         net (fo=8, routed)           0.533     2.778    top_square/vgaGreen[0]_i_1_n_0
    SLICE_X0Y33          FDSE                                         r  top_square/vgaBlue_reg[3]_lopt_replica_2/S
  -------------------------------------------------------------------    -------------------

                         (clock clk_out1_clk_wiz_0 rise edge)
                                                      6.734     6.734 r  
    W5                   IBUF                         0.000     6.734 r  clk_IBUF_inst/O
                         net (fo=8, routed)           1.162     7.896    clk_wiz_inst/inst/clk_in1
    MMCME2_ADV_X1Y0      MMCME2_ADV (Prop_mmcme2_adv_CLKIN1_CLKOUT0)
                                                     -7.217     0.678 r  clk_wiz_inst/inst/mmcm_adv_inst/CLKOUT0
                         net (fo=1, routed)           1.581     2.260    clk_wiz_inst/inst/clk_out1_clk_wiz_0
    BUFGCTRL_X0Y0        BUFG (Prop_bufg_I_O)         0.091     2.351 r  clk_wiz_inst/inst/clkout1_buf/O
                         net (fo=86, routed)          1.512     3.863    top_square/clk_out1
    SLICE_X0Y33          FDSE                                         r  top_square/vgaBlue_reg[3]_lopt_replica_2/C
                         clock pessimism              0.493     4.356    
                         clock uncertainty           -0.114     4.242    
    SLICE_X0Y33          FDSE (Setup_fdse_C_S)       -0.637     3.605    top_square/vgaBlue_reg[3]_lopt_replica_2
  -------------------------------------------------------------------
                         required time                          3.605    
                         arrival time                          -2.778    
  -------------------------------------------------------------------
                         slack                                  0.826    

Slack (MET) :             0.826ns  (required time - arrival time)
  Source:                 top_square/sq_y_reg[6]/C
                            (rising edge-triggered cell FDRE clocked by clk_out1_clk_wiz_0  {rise@0.000ns fall@3.367ns period=6.734ns})
  Destination:            top_square/vgaBlue_reg[3]_lopt_replica_3/S
                            (rising edge-triggered cell FDSE clocked by clk_out1_clk_wiz_0  {rise@0.000ns fall@3.367ns period=6.734ns})
  Path Group:             clk_out1_clk_wiz_0
  Path Type:              Setup (Max at Slow Process Corner)
  Requirement:            6.734ns  (clk_out1_clk_wiz_0 rise@6.734ns - clk_out1_clk_wiz_0 rise@0.000ns)
  Data Path Delay:        5.112ns  (logic 1.950ns (38.144%)  route 3.162ns (61.856%))
  Logic Levels:           6  (CARRY4=3 LUT3=1 LUT4=1 LUT6=1)
  Clock Path Skew:        -0.044ns (DCD - SCD + CPR)
    Destination Clock Delay (DCD):    -2.871ns = ( 3.863 - 6.734 ) 
    Source Clock Delay      (SCD):    -2.334ns
    Clock Pessimism Removal (CPR):    0.493ns
  Clock Uncertainty:      0.114ns  ((TSJ^2 + DJ^2)^1/2) / 2 + PE
    Total System Jitter     (TSJ):    0.071ns
    Discrete Jitter          (DJ):    0.218ns
    Phase Error              (PE):    0.000ns

    Location             Delay type                Incr(ns)  Path(ns)    Netlist Resource(s)
  -------------------------------------------------------------------    -------------------
                         (clock clk_out1_clk_wiz_0 rise edge)
                                                      0.000     0.000 r  
    W5                   IBUF                         0.000     0.000 r  clk_IBUF_inst/O
                         net (fo=8, routed)           1.233     1.233    clk_wiz_inst/inst/clk_in1
    MMCME2_ADV_X1Y0      MMCME2_ADV (Prop_mmcme2_adv_CLKIN1_CLKOUT0)
                                                     -6.961    -5.728 r  clk_wiz_inst/inst/mmcm_adv_inst/CLKOUT0
                         net (fo=1, routed)           1.661    -4.066    clk_wiz_inst/inst/clk_out1_clk_wiz_0
    BUFGCTRL_X0Y0        BUFG (Prop_bufg_I_O)         0.096    -3.970 r  clk_wiz_inst/inst/clkout1_buf/O
                         net (fo=86, routed)          1.636    -2.334    top_square/clk_out1
    SLICE_X6Y48          FDRE                                         r  top_square/sq_y_reg[6]/C
  -------------------------------------------------------------------    -------------------
    SLICE_X6Y48          FDRE (Prop_fdre_C_Q)         0.518    -1.816 r  top_square/sq_y_reg[6]/Q
                         net (fo=13, routed)          1.017    -0.799    top_square/sq_y[6]
    SLICE_X4Y47          LUT4 (Prop_lut4_I0_O)        0.124    -0.675 r  top_square/i__carry__0_i_5/O
                         net (fo=1, routed)           0.000    -0.675    top_square/i__carry__0_i_5_n_0
    SLICE_X4Y47          CARRY4 (Prop_carry4_S[3]_CO[3])
                                                      0.401    -0.274 r  top_square/_inferred__0/i__carry__0/CO[3]
                         net (fo=1, routed)           0.000    -0.274    top_square/_inferred__0/i__carry__0_n_0
    SLICE_X4Y48          CARRY4 (Prop_carry4_CI_CO[3])
                                                      0.114    -0.160 r  top_square/_inferred__0/i__carry__1/CO[3]
                         net (fo=1, routed)           0.000    -0.160    top_square/_inferred__0/i__carry__1_n_0
    SLICE_X4Y49          CARRY4 (Prop_carry4_CI_CO[0])
                                                      0.271     0.111 f  top_square/_inferred__0/i__carry__2/CO[0]
                         net (fo=1, routed)           0.596     0.707    top_square/_inferred__0/i__carry__2_n_3
    SLICE_X2Y45          LUT6 (Prop_lut6_I1_O)        0.373     1.080 r  top_square/vgaGreen[0]_i_2/O
                         net (fo=8, routed)           1.017     2.096    top_square/vgaRed1
    SLICE_X1Y32          LUT3 (Prop_lut3_I0_O)        0.149     2.245 r  top_square/vgaGreen[0]_i_1/O
                         net (fo=8, routed)           0.533     2.778    top_square/vgaGreen[0]_i_1_n_0
    SLICE_X0Y33          FDSE                                         r  top_square/vgaBlue_reg[3]_lopt_replica_3/S
  -------------------------------------------------------------------    -------------------

                         (clock clk_out1_clk_wiz_0 rise edge)
                                                      6.734     6.734 r  
    W5                   IBUF                         0.000     6.734 r  clk_IBUF_inst/O
                         net (fo=8, routed)           1.162     7.896    clk_wiz_inst/inst/clk_in1
    MMCME2_ADV_X1Y0      MMCME2_ADV (Prop_mmcme2_adv_CLKIN1_CLKOUT0)
                                                     -7.217     0.678 r  clk_wiz_inst/inst/mmcm_adv_inst/CLKOUT0
                         net (fo=1, routed)           1.581     2.260    clk_wiz_inst/inst/clk_out1_clk_wiz_0
    BUFGCTRL_X0Y0        BUFG (Prop_bufg_I_O)         0.091     2.351 r  clk_wiz_inst/inst/clkout1_buf/O
                         net (fo=86, routed)          1.512     3.863    top_square/clk_out1
    SLICE_X0Y33          FDSE                                         r  top_square/vgaBlue_reg[3]_lopt_replica_3/C
                         clock pessimism              0.493     4.356    
                         clock uncertainty           -0.114     4.242    
    SLICE_X0Y33          FDSE (Setup_fdse_C_S)       -0.637     3.605    top_square/vgaBlue_reg[3]_lopt_replica_3
  -------------------------------------------------------------------
                         required time                          3.605    
                         arrival time                          -2.778    
  -------------------------------------------------------------------
                         slack                                  0.826    

Slack (MET) :             0.826ns  (required time - arrival time)
  Source:                 top_square/sq_y_reg[6]/C
                            (rising edge-triggered cell FDRE clocked by clk_out1_clk_wiz_0  {rise@0.000ns fall@3.367ns period=6.734ns})
  Destination:            top_square/vgaGreen_reg[0]_lopt_replica/R
                            (rising edge-triggered cell FDRE clocked by clk_out1_clk_wiz_0  {rise@0.000ns fall@3.367ns period=6.734ns})
  Path Group:             clk_out1_clk_wiz_0
  Path Type:              Setup (Max at Slow Process Corner)
  Requirement:            6.734ns  (clk_out1_clk_wiz_0 rise@6.734ns - clk_out1_clk_wiz_0 rise@0.000ns)
  Data Path Delay:        5.112ns  (logic 1.950ns (38.144%)  route 3.162ns (61.856%))
  Logic Levels:           6  (CARRY4=3 LUT3=1 LUT4=1 LUT6=1)
  Clock Path Skew:        -0.044ns (DCD - SCD + CPR)
    Destination Clock Delay (DCD):    -2.871ns = ( 3.863 - 6.734 ) 
    Source Clock Delay      (SCD):    -2.334ns
    Clock Pessimism Removal (CPR):    0.493ns
  Clock Uncertainty:      0.114ns  ((TSJ^2 + DJ^2)^1/2) / 2 + PE
    Total System Jitter     (TSJ):    0.071ns
    Discrete Jitter          (DJ):    0.218ns
    Phase Error              (PE):    0.000ns

    Location             Delay type                Incr(ns)  Path(ns)    Netlist Resource(s)
  -------------------------------------------------------------------    -------------------
                         (clock clk_out1_clk_wiz_0 rise edge)
                                                      0.000     0.000 r  
    W5                   IBUF                         0.000     0.000 r  clk_IBUF_inst/O
                         net (fo=8, routed)           1.233     1.233    clk_wiz_inst/inst/clk_in1
    MMCME2_ADV_X1Y0      MMCME2_ADV (Prop_mmcme2_adv_CLKIN1_CLKOUT0)
                                                     -6.961    -5.728 r  clk_wiz_inst/inst/mmcm_adv_inst/CLKOUT0
                         net (fo=1, routed)           1.661    -4.066    clk_wiz_inst/inst/clk_out1_clk_wiz_0
    BUFGCTRL_X0Y0        BUFG (Prop_bufg_I_O)         0.096    -3.970 r  clk_wiz_inst/inst/clkout1_buf/O
                         net (fo=86, routed)          1.636    -2.334    top_square/clk_out1
    SLICE_X6Y48          FDRE                                         r  top_square/sq_y_reg[6]/C
  -------------------------------------------------------------------    -------------------
    SLICE_X6Y48          FDRE (Prop_fdre_C_Q)         0.518    -1.816 r  top_square/sq_y_reg[6]/Q
                         net (fo=13, routed)          1.017    -0.799    top_square/sq_y[6]
    SLICE_X4Y47          LUT4 (Prop_lut4_I0_O)        0.124    -0.675 r  top_square/i__carry__0_i_5/O
                         net (fo=1, routed)           0.000    -0.675    top_square/i__carry__0_i_5_n_0
    SLICE_X4Y47          CARRY4 (Prop_carry4_S[3]_CO[3])
                                                      0.401    -0.274 r  top_square/_inferred__0/i__carry__0/CO[3]
                         net (fo=1, routed)           0.000    -0.274    top_square/_inferred__0/i__carry__0_n_0
    SLICE_X4Y48          CARRY4 (Prop_carry4_CI_CO[3])
                                                      0.114    -0.160 r  top_square/_inferred__0/i__carry__1/CO[3]
                         net (fo=1, routed)           0.000    -0.160    top_square/_inferred__0/i__carry__1_n_0
    SLICE_X4Y49          CARRY4 (Prop_carry4_CI_CO[0])
                                                      0.271     0.111 f  top_square/_inferred__0/i__carry__2/CO[0]
                         net (fo=1, routed)           0.596     0.707    top_square/_inferred__0/i__carry__2_n_3
    SLICE_X2Y45          LUT6 (Prop_lut6_I1_O)        0.373     1.080 r  top_square/vgaGreen[0]_i_2/O
                         net (fo=8, routed)           1.017     2.096    top_square/vgaRed1
    SLICE_X1Y32          LUT3 (Prop_lut3_I0_O)        0.149     2.245 r  top_square/vgaGreen[0]_i_1/O
                         net (fo=8, routed)           0.533     2.778    top_square/vgaGreen[0]_i_1_n_0
    SLICE_X0Y33          FDRE                                         r  top_square/vgaGreen_reg[0]_lopt_replica/R
  -------------------------------------------------------------------    -------------------

                         (clock clk_out1_clk_wiz_0 rise edge)
                                                      6.734     6.734 r  
    W5                   IBUF                         0.000     6.734 r  clk_IBUF_inst/O
                         net (fo=8, routed)           1.162     7.896    clk_wiz_inst/inst/clk_in1
    MMCME2_ADV_X1Y0      MMCME2_ADV (Prop_mmcme2_adv_CLKIN1_CLKOUT0)
                                                     -7.217     0.678 r  clk_wiz_inst/inst/mmcm_adv_inst/CLKOUT0
                         net (fo=1, routed)           1.581     2.260    clk_wiz_inst/inst/clk_out1_clk_wiz_0
    BUFGCTRL_X0Y0        BUFG (Prop_bufg_I_O)         0.091     2.351 r  clk_wiz_inst/inst/clkout1_buf/O
                         net (fo=86, routed)          1.512     3.863    top_square/clk_out1
    SLICE_X0Y33          FDRE                                         r  top_square/vgaGreen_reg[0]_lopt_replica/C
                         clock pessimism              0.493     4.356    
                         clock uncertainty           -0.114     4.242    
    SLICE_X0Y33          FDRE (Setup_fdre_C_R)       -0.637     3.605    top_square/vgaGreen_reg[0]_lopt_replica
  -------------------------------------------------------------------
                         required time                          3.605    
                         arrival time                          -2.778    
  -------------------------------------------------------------------
                         slack                                  0.826    

Slack (MET) :             0.950ns  (required time - arrival time)
  Source:                 top_square/sq_y_reg[6]/C
                            (rising edge-triggered cell FDRE clocked by clk_out1_clk_wiz_0  {rise@0.000ns fall@3.367ns period=6.734ns})
  Destination:            top_square/vgaBlue_reg[3]_lopt_replica/S
                            (rising edge-triggered cell FDSE clocked by clk_out1_clk_wiz_0  {rise@0.000ns fall@3.367ns period=6.734ns})
  Path Group:             clk_out1_clk_wiz_0
  Path Type:              Setup (Max at Slow Process Corner)
  Requirement:            6.734ns  (clk_out1_clk_wiz_0 rise@6.734ns - clk_out1_clk_wiz_0 rise@0.000ns)
  Data Path Delay:        4.985ns  (logic 1.950ns (39.116%)  route 3.035ns (60.884%))
  Logic Levels:           6  (CARRY4=3 LUT3=1 LUT4=1 LUT6=1)
  Clock Path Skew:        -0.047ns (DCD - SCD + CPR)
    Destination Clock Delay (DCD):    -2.874ns = ( 3.860 - 6.734 ) 
    Source Clock Delay      (SCD):    -2.334ns
    Clock Pessimism Removal (CPR):    0.493ns
  Clock Uncertainty:      0.114ns  ((TSJ^2 + DJ^2)^1/2) / 2 + PE
    Total System Jitter     (TSJ):    0.071ns
    Discrete Jitter          (DJ):    0.218ns
    Phase Error              (PE):    0.000ns

    Location             Delay type                Incr(ns)  Path(ns)    Netlist Resource(s)
  -------------------------------------------------------------------    -------------------
                         (clock clk_out1_clk_wiz_0 rise edge)
                                                      0.000     0.000 r  
    W5                   IBUF                         0.000     0.000 r  clk_IBUF_inst/O
                         net (fo=8, routed)           1.233     1.233    clk_wiz_inst/inst/clk_in1
    MMCME2_ADV_X1Y0      MMCME2_ADV (Prop_mmcme2_adv_CLKIN1_CLKOUT0)
                                                     -6.961    -5.728 r  clk_wiz_inst/inst/mmcm_adv_inst/CLKOUT0
                         net (fo=1, routed)           1.661    -4.066    clk_wiz_inst/inst/clk_out1_clk_wiz_0
    BUFGCTRL_X0Y0        BUFG (Prop_bufg_I_O)         0.096    -3.970 r  clk_wiz_inst/inst/clkout1_buf/O
                         net (fo=86, routed)          1.636    -2.334    top_square/clk_out1
    SLICE_X6Y48          FDRE                                         r  top_square/sq_y_reg[6]/C
  -------------------------------------------------------------------    -------------------
    SLICE_X6Y48          FDRE (Prop_fdre_C_Q)         0.518    -1.816 r  top_square/sq_y_reg[6]/Q
                         net (fo=13, routed)          1.017    -0.799    top_square/sq_y[6]
    SLICE_X4Y47          LUT4 (Prop_lut4_I0_O)        0.124    -0.675 r  top_square/i__carry__0_i_5/O
                         net (fo=1, routed)           0.000    -0.675    top_square/i__carry__0_i_5_n_0
    SLICE_X4Y47          CARRY4 (Prop_carry4_S[3]_CO[3])
                                                      0.401    -0.274 r  top_square/_inferred__0/i__carry__0/CO[3]
                         net (fo=1, routed)           0.000    -0.274    top_square/_inferred__0/i__carry__0_n_0
    SLICE_X4Y48          CARRY4 (Prop_carry4_CI_CO[3])
                                                      0.114    -0.160 r  top_square/_inferred__0/i__carry__1/CO[3]
                         net (fo=1, routed)           0.000    -0.160    top_square/_inferred__0/i__carry__1_n_0
    SLICE_X4Y49          CARRY4 (Prop_carry4_CI_CO[0])
                                                      0.271     0.111 f  top_square/_inferred__0/i__carry__2/CO[0]
                         net (fo=1, routed)           0.596     0.707    top_square/_inferred__0/i__carry__2_n_3
    SLICE_X2Y45          LUT6 (Prop_lut6_I1_O)        0.373     1.080 r  top_square/vgaGreen[0]_i_2/O
                         net (fo=8, routed)           1.017     2.096    top_square/vgaRed1
    SLICE_X1Y32          LUT3 (Prop_lut3_I0_O)        0.149     2.245 r  top_square/vgaGreen[0]_i_1/O
                         net (fo=8, routed)           0.406     2.651    top_square/vgaGreen[0]_i_1_n_0
    SLICE_X0Y31          FDSE                                         r  top_square/vgaBlue_reg[3]_lopt_replica/S
  -------------------------------------------------------------------    -------------------

                         (clock clk_out1_clk_wiz_0 rise edge)
                                                      6.734     6.734 r  
    W5                   IBUF                         0.000     6.734 r  clk_IBUF_inst/O
                         net (fo=8, routed)           1.162     7.896    clk_wiz_inst/inst/clk_in1
    MMCME2_ADV_X1Y0      MMCME2_ADV (Prop_mmcme2_adv_CLKIN1_CLKOUT0)
                                                     -7.217     0.678 r  clk_wiz_inst/inst/mmcm_adv_inst/CLKOUT0
                         net (fo=1, routed)           1.581     2.260    clk_wiz_inst/inst/clk_out1_clk_wiz_0
    BUFGCTRL_X0Y0        BUFG (Prop_bufg_I_O)         0.091     2.351 r  clk_wiz_inst/inst/clkout1_buf/O
                         net (fo=86, routed)          1.509     3.860    top_square/clk_out1
    SLICE_X0Y31          FDSE                                         r  top_square/vgaBlue_reg[3]_lopt_replica/C
                         clock pessimism              0.493     4.353    
                         clock uncertainty           -0.114     4.239    
    SLICE_X0Y31          FDSE (Setup_fdse_C_S)       -0.637     3.602    top_square/vgaBlue_reg[3]_lopt_replica
  -------------------------------------------------------------------
                         required time                          3.602    
                         arrival time                          -2.651    
  -------------------------------------------------------------------
                         slack                                  0.950    

Slack (MET) :             0.997ns  (required time - arrival time)
  Source:                 top_square/sq_y_reg[6]/C
                            (rising edge-triggered cell FDRE clocked by clk_out1_clk_wiz_0  {rise@0.000ns fall@3.367ns period=6.734ns})
  Destination:            top_square/vgaRed_reg[3]_lopt_replica_3/D
                            (rising edge-triggered cell FDRE clocked by clk_out1_clk_wiz_0  {rise@0.000ns fall@3.367ns period=6.734ns})
  Path Group:             clk_out1_clk_wiz_0
  Path Type:              Setup (Max at Slow Process Corner)
  Requirement:            6.734ns  (clk_out1_clk_wiz_0 rise@6.734ns - clk_out1_clk_wiz_0 rise@0.000ns)
  Data Path Delay:        5.318ns  (logic 1.951ns (36.686%)  route 3.367ns (63.314%))
  Logic Levels:           6  (CARRY4=3 LUT4=2 LUT6=1)
  Clock Path Skew:        -0.045ns (DCD - SCD + CPR)
    Destination Clock Delay (DCD):    -2.872ns = ( 3.862 - 6.734 ) 
    Source Clock Delay      (SCD):    -2.334ns
    Clock Pessimism Removal (CPR):    0.493ns
  Clock Uncertainty:      0.114ns  ((TSJ^2 + DJ^2)^1/2) / 2 + PE
    Total System Jitter     (TSJ):    0.071ns
    Discrete Jitter          (DJ):    0.218ns
    Phase Error              (PE):    0.000ns

    Location             Delay type                Incr(ns)  Path(ns)    Netlist Resource(s)
  -------------------------------------------------------------------    -------------------
                         (clock clk_out1_clk_wiz_0 rise edge)
                                                      0.000     0.000 r  
    W5                   IBUF                         0.000     0.000 r  clk_IBUF_inst/O
                         net (fo=8, routed)           1.233     1.233    clk_wiz_inst/inst/clk_in1
    MMCME2_ADV_X1Y0      MMCME2_ADV (Prop_mmcme2_adv_CLKIN1_CLKOUT0)
                                                     -6.961    -5.728 r  clk_wiz_inst/inst/mmcm_adv_inst/CLKOUT0
                         net (fo=1, routed)           1.661    -4.066    clk_wiz_inst/inst/clk_out1_clk_wiz_0
    BUFGCTRL_X0Y0        BUFG (Prop_bufg_I_O)         0.096    -3.970 r  clk_wiz_inst/inst/clkout1_buf/O
                         net (fo=86, routed)          1.636    -2.334    top_square/clk_out1
    SLICE_X6Y48          FDRE                                         r  top_square/sq_y_reg[6]/C
  -------------------------------------------------------------------    -------------------
    SLICE_X6Y48          FDRE (Prop_fdre_C_Q)         0.518    -1.816 r  top_square/sq_y_reg[6]/Q
                         net (fo=13, routed)          1.017    -0.799    top_square/sq_y[6]
    SLICE_X4Y47          LUT4 (Prop_lut4_I0_O)        0.124    -0.675 r  top_square/i__carry__0_i_5/O
                         net (fo=1, routed)           0.000    -0.675    top_square/i__carry__0_i_5_n_0
    SLICE_X4Y47          CARRY4 (Prop_carry4_S[3]_CO[3])
                                                      0.401    -0.274 r  top_square/_inferred__0/i__carry__0/CO[3]
                         net (fo=1, routed)           0.000    -0.274    top_square/_inferred__0/i__carry__0_n_0
    SLICE_X4Y48          CARRY4 (Prop_carry4_CI_CO[3])
                                                      0.114    -0.160 r  top_square/_inferred__0/i__carry__1/CO[3]
                         net (fo=1, routed)           0.000    -0.160    top_square/_inferred__0/i__carry__1_n_0
    SLICE_X4Y49          CARRY4 (Prop_carry4_CI_CO[0])
                                                      0.271     0.111 f  top_square/_inferred__0/i__carry__2/CO[0]
                         net (fo=1, routed)           0.596     0.707    top_square/_inferred__0/i__carry__2_n_3
    SLICE_X2Y45          LUT6 (Prop_lut6_I1_O)        0.373     1.080 r  top_square/vgaGreen[0]_i_2/O
                         net (fo=8, routed)           1.155     2.234    top_square/vgaRed1
    SLICE_X0Y32          LUT4 (Prop_lut4_I0_O)        0.150     2.384 r  top_square/vgaRed[3]_i_2/O
                         net (fo=4, routed)           0.600     2.984    top_square/vgaRed[3]_i_2_n_0
    SLICE_X0Y32          FDRE                                         r  top_square/vgaRed_reg[3]_lopt_replica_3/D
  -------------------------------------------------------------------    -------------------

                         (clock clk_out1_clk_wiz_0 rise edge)
                                                      6.734     6.734 r  
    W5                   IBUF                         0.000     6.734 r  clk_IBUF_inst/O
                         net (fo=8, routed)           1.162     7.896    clk_wiz_inst/inst/clk_in1
    MMCME2_ADV_X1Y0      MMCME2_ADV (Prop_mmcme2_adv_CLKIN1_CLKOUT0)
                                                     -7.217     0.678 r  clk_wiz_inst/inst/mmcm_adv_inst/CLKOUT0
                         net (fo=1, routed)           1.581     2.260    clk_wiz_inst/inst/clk_out1_clk_wiz_0
    BUFGCTRL_X0Y0        BUFG (Prop_bufg_I_O)         0.091     2.351 r  clk_wiz_inst/inst/clkout1_buf/O
                         net (fo=86, routed)          1.511     3.862    top_square/clk_out1
    SLICE_X0Y32          FDRE                                         r  top_square/vgaRed_reg[3]_lopt_replica_3/C
                         clock pessimism              0.493     4.355    
                         clock uncertainty           -0.114     4.241    
    SLICE_X0Y32          FDRE (Setup_fdre_C_D)       -0.260     3.981    top_square/vgaRed_reg[3]_lopt_replica_3
  -------------------------------------------------------------------
                         required time                          3.981    
                         arrival time                          -2.984    
  -------------------------------------------------------------------
                         slack                                  0.997    

Slack (MET) :             1.177ns  (required time - arrival time)
  Source:                 top_square/sq_y_reg[6]/C
                            (rising edge-triggered cell FDRE clocked by clk_out1_clk_wiz_0  {rise@0.000ns fall@3.367ns period=6.734ns})
  Destination:            top_square/vgaRed_reg[3]_lopt_replica/D
                            (rising edge-triggered cell FDRE clocked by clk_out1_clk_wiz_0  {rise@0.000ns fall@3.367ns period=6.734ns})
  Path Group:             clk_out1_clk_wiz_0
  Path Type:              Setup (Max at Slow Process Corner)
  Requirement:            6.734ns  (clk_out1_clk_wiz_0 rise@6.734ns - clk_out1_clk_wiz_0 rise@0.000ns)
  Data Path Delay:        5.115ns  (logic 1.951ns (38.146%)  route 3.164ns (61.854%))
  Logic Levels:           6  (CARRY4=3 LUT4=2 LUT6=1)
  Clock Path Skew:        -0.045ns (DCD - SCD + CPR)
    Destination Clock Delay (DCD):    -2.872ns = ( 3.862 - 6.734 ) 
    Source Clock Delay      (SCD):    -2.334ns
    Clock Pessimism Removal (CPR):    0.493ns
  Clock Uncertainty:      0.114ns  ((TSJ^2 + DJ^2)^1/2) / 2 + PE
    Total System Jitter     (TSJ):    0.071ns
    Discrete Jitter          (DJ):    0.218ns
    Phase Error              (PE):    0.000ns

    Location             Delay type                Incr(ns)  Path(ns)    Netlist Resource(s)
  -------------------------------------------------------------------    -------------------
                         (clock clk_out1_clk_wiz_0 rise edge)
                                                      0.000     0.000 r  
    W5                   IBUF                         0.000     0.000 r  clk_IBUF_inst/O
                         net (fo=8, routed)           1.233     1.233    clk_wiz_inst/inst/clk_in1
    MMCME2_ADV_X1Y0      MMCME2_ADV (Prop_mmcme2_adv_CLKIN1_CLKOUT0)
                                                     -6.961    -5.728 r  clk_wiz_inst/inst/mmcm_adv_inst/CLKOUT0
                         net (fo=1, routed)           1.661    -4.066    clk_wiz_inst/inst/clk_out1_clk_wiz_0
    BUFGCTRL_X0Y0        BUFG (Prop_bufg_I_O)         0.096    -3.970 r  clk_wiz_inst/inst/clkout1_buf/O
                         net (fo=86, routed)          1.636    -2.334    top_square/clk_out1
    SLICE_X6Y48          FDRE                                         r  top_square/sq_y_reg[6]/C
  -------------------------------------------------------------------    -------------------
    SLICE_X6Y48          FDRE (Prop_fdre_C_Q)         0.518    -1.816 r  top_square/sq_y_reg[6]/Q
                         net (fo=13, routed)          1.017    -0.799    top_square/sq_y[6]
    SLICE_X4Y47          LUT4 (Prop_lut4_I0_O)        0.124    -0.675 r  top_square/i__carry__0_i_5/O
                         net (fo=1, routed)           0.000    -0.675    top_square/i__carry__0_i_5_n_0
    SLICE_X4Y47          CARRY4 (Prop_carry4_S[3]_CO[3])
                                                      0.401    -0.274 r  top_square/_inferred__0/i__carry__0/CO[3]
                         net (fo=1, routed)           0.000    -0.274    top_square/_inferred__0/i__carry__0_n_0
    SLICE_X4Y48          CARRY4 (Prop_carry4_CI_CO[3])
                                                      0.114    -0.160 r  top_square/_inferred__0/i__carry__1/CO[3]
                         net (fo=1, routed)           0.000    -0.160    top_square/_inferred__0/i__carry__1_n_0
    SLICE_X4Y49          CARRY4 (Prop_carry4_CI_CO[0])
                                                      0.271     0.111 f  top_square/_inferred__0/i__carry__2/CO[0]
                         net (fo=1, routed)           0.596     0.707    top_square/_inferred__0/i__carry__2_n_3
    SLICE_X2Y45          LUT6 (Prop_lut6_I1_O)        0.373     1.080 r  top_square/vgaGreen[0]_i_2/O
                         net (fo=8, routed)           1.155     2.234    top_square/vgaRed1
    SLICE_X0Y32          LUT4 (Prop_lut4_I0_O)        0.150     2.384 r  top_square/vgaRed[3]_i_2/O
                         net (fo=4, routed)           0.397     2.781    top_square/vgaRed[3]_i_2_n_0
    SLICE_X0Y32          FDRE                                         r  top_square/vgaRed_reg[3]_lopt_replica/D
  -------------------------------------------------------------------    -------------------

                         (clock clk_out1_clk_wiz_0 rise edge)
                                                      6.734     6.734 r  
    W5                   IBUF                         0.000     6.734 r  clk_IBUF_inst/O
                         net (fo=8, routed)           1.162     7.896    clk_wiz_inst/inst/clk_in1
    MMCME2_ADV_X1Y0      MMCME2_ADV (Prop_mmcme2_adv_CLKIN1_CLKOUT0)
                                                     -7.217     0.678 r  clk_wiz_inst/inst/mmcm_adv_inst/CLKOUT0
                         net (fo=1, routed)           1.581     2.260    clk_wiz_inst/inst/clk_out1_clk_wiz_0
    BUFGCTRL_X0Y0        BUFG (Prop_bufg_I_O)         0.091     2.351 r  clk_wiz_inst/inst/clkout1_buf/O
                         net (fo=86, routed)          1.511     3.862    top_square/clk_out1
    SLICE_X0Y32          FDRE                                         r  top_square/vgaRed_reg[3]_lopt_replica/C
                         clock pessimism              0.493     4.355    
                         clock uncertainty           -0.114     4.241    
    SLICE_X0Y32          FDRE (Setup_fdre_C_D)       -0.283     3.958    top_square/vgaRed_reg[3]_lopt_replica
  -------------------------------------------------------------------
                         required time                          3.958    
                         arrival time                          -2.781    
  -------------------------------------------------------------------
                         slack                                  1.177    





Min Delay Paths
--------------------------------------------------------------------------------------
Slack (MET) :             0.215ns  (arrival time - required time)
  Source:                 top_square/sq_x_reg[0]/C
                            (rising edge-triggered cell FDRE clocked by clk_out1_clk_wiz_0  {rise@0.000ns fall@3.367ns period=6.734ns})
  Destination:            top_square/next_sq_x_reg[0]/D
                            (rising edge-triggered cell FDRE clocked by clk_out1_clk_wiz_0  {rise@0.000ns fall@3.367ns period=6.734ns})
  Path Group:             clk_out1_clk_wiz_0
  Path Type:              Hold (Min at Fast Process Corner)
  Requirement:            0.000ns  (clk_out1_clk_wiz_0 rise@0.000ns - clk_out1_clk_wiz_0 rise@0.000ns)
  Data Path Delay:        0.319ns  (logic 0.186ns (58.273%)  route 0.133ns (41.727%))
  Logic Levels:           1  (LUT6=1)
  Clock Path Skew:        0.013ns (DCD - SCD - CPR)
    Destination Clock Delay (DCD):    -1.240ns
    Source Clock Delay      (SCD):    -0.815ns
    Clock Pessimism Removal (CPR):    -0.438ns

    Location             Delay type                Incr(ns)  Path(ns)    Netlist Resource(s)
  -------------------------------------------------------------------    -------------------
                         (clock clk_out1_clk_wiz_0 rise edge)
                                                      0.000     0.000 r  
    W5                   IBUF                         0.000     0.000 r  clk_IBUF_inst/O
                         net (fo=8, routed)           0.440     0.440    clk_wiz_inst/inst/clk_in1
    MMCME2_ADV_X1Y0      MMCME2_ADV (Prop_mmcme2_adv_CLKIN1_CLKOUT0)
                                                     -2.360    -1.919 r  clk_wiz_inst/inst/mmcm_adv_inst/CLKOUT0
                         net (fo=1, routed)           0.486    -1.433    clk_wiz_inst/inst/clk_out1_clk_wiz_0
    BUFGCTRL_X0Y0        BUFG (Prop_bufg_I_O)         0.026    -1.407 r  clk_wiz_inst/inst/clkout1_buf/O
                         net (fo=86, routed)          0.593    -0.815    top_square/clk_out1
    SLICE_X4Y43          FDRE                                         r  top_square/sq_x_reg[0]/C
  -------------------------------------------------------------------    -------------------
    SLICE_X4Y43          FDRE (Prop_fdre_C_Q)         0.141    -0.674 f  top_square/sq_x_reg[0]/Q
                         net (fo=12, routed)          0.133    -0.541    top_square/sq_x[0]
    SLICE_X5Y43          LUT6 (Prop_lut6_I3_O)        0.045    -0.496 r  top_square/next_sq_x[0]_i_1/O
                         net (fo=2, routed)           0.000    -0.496    top_square/next_sq_x[0]_i_1_n_0
    SLICE_X5Y43          FDRE                                         r  top_square/next_sq_x_reg[0]/D
  -------------------------------------------------------------------    -------------------

                         (clock clk_out1_clk_wiz_0 rise edge)
                                                      0.000     0.000 r  
    W5                   IBUF                         0.000     0.000 r  clk_IBUF_inst/O
                         net (fo=8, routed)           0.480     0.480    clk_wiz_inst/inst/clk_in1
    MMCME2_ADV_X1Y0      MMCME2_ADV (Prop_mmcme2_adv_CLKIN1_CLKOUT0)
                                                     -3.142    -2.662 r  clk_wiz_inst/inst/mmcm_adv_inst/CLKOUT0
                         net (fo=1, routed)           0.530    -2.133    clk_wiz_inst/inst/clk_out1_clk_wiz_0
    BUFGCTRL_X0Y0        BUFG (Prop_bufg_I_O)         0.029    -2.104 r  clk_wiz_inst/inst/clkout1_buf/O
                         net (fo=86, routed)          0.864    -1.240    top_square/clk_out1
    SLICE_X5Y43          FDRE                                         r  top_square/next_sq_x_reg[0]/C
                         clock pessimism              0.438    -0.802    
    SLICE_X5Y43          FDRE (Hold_fdre_C_D)         0.091    -0.711    top_square/next_sq_x_reg[0]
  -------------------------------------------------------------------
                         required time                          0.711    
                         arrival time                          -0.496    
  -------------------------------------------------------------------
                         slack                                  0.215    

Slack (MET) :             0.251ns  (arrival time - required time)
  Source:                 top_square/next_sq_y_reg[3]/C
                            (rising edge-triggered cell FDRE clocked by clk_out1_clk_wiz_0  {rise@0.000ns fall@3.367ns period=6.734ns})
  Destination:            top_square/next_sq_y_reg[3]/D
                            (rising edge-triggered cell FDRE clocked by clk_out1_clk_wiz_0  {rise@0.000ns fall@3.367ns period=6.734ns})
  Path Group:             clk_out1_clk_wiz_0
  Path Type:              Hold (Min at Fast Process Corner)
  Requirement:            0.000ns  (clk_out1_clk_wiz_0 rise@0.000ns - clk_out1_clk_wiz_0 rise@0.000ns)
  Data Path Delay:        0.342ns  (logic 0.186ns (54.369%)  route 0.156ns (45.631%))
  Logic Levels:           1  (LUT6=1)
  Clock Path Skew:        0.000ns (DCD - SCD - CPR)
    Destination Clock Delay (DCD):    -1.239ns
    Source Clock Delay      (SCD):    -0.814ns
    Clock Pessimism Removal (CPR):    -0.425ns

    Location             Delay type                Incr(ns)  Path(ns)    Netlist Resource(s)
  -------------------------------------------------------------------    -------------------
                         (clock clk_out1_clk_wiz_0 rise edge)
                                                      0.000     0.000 r  
    W5                   IBUF                         0.000     0.000 r  clk_IBUF_inst/O
                         net (fo=8, routed)           0.440     0.440    clk_wiz_inst/inst/clk_in1
    MMCME2_ADV_X1Y0      MMCME2_ADV (Prop_mmcme2_adv_CLKIN1_CLKOUT0)
                                                     -2.360    -1.919 r  clk_wiz_inst/inst/mmcm_adv_inst/CLKOUT0
                         net (fo=1, routed)           0.486    -1.433    clk_wiz_inst/inst/clk_out1_clk_wiz_0
    BUFGCTRL_X0Y0        BUFG (Prop_bufg_I_O)         0.026    -1.407 r  clk_wiz_inst/inst/clkout1_buf/O
                         net (fo=86, routed)          0.594    -0.814    top_square/clk_out1
    SLICE_X7Y47          FDRE                                         r  top_square/next_sq_y_reg[3]/C
  -------------------------------------------------------------------    -------------------
    SLICE_X7Y47          FDRE (Prop_fdre_C_Q)         0.141    -0.673 r  top_square/next_sq_y_reg[3]/Q
                         net (fo=1, routed)           0.156    -0.517    top_square/next_sq_y[3]
    SLICE_X7Y47          LUT6 (Prop_lut6_I5_O)        0.045    -0.472 r  top_square/next_sq_y[3]_i_1/O
                         net (fo=2, routed)           0.000    -0.472    top_square/next_sq_y[3]_i_1_n_0
    SLICE_X7Y47          FDRE                                         r  top_square/next_sq_y_reg[3]/D
  -------------------------------------------------------------------    -------------------

                         (clock clk_out1_clk_wiz_0 rise edge)
                                                      0.000     0.000 r  
    W5                   IBUF                         0.000     0.000 r  clk_IBUF_inst/O
                         net (fo=8, routed)           0.480     0.480    clk_wiz_inst/inst/clk_in1
    MMCME2_ADV_X1Y0      MMCME2_ADV (Prop_mmcme2_adv_CLKIN1_CLKOUT0)
                                                     -3.142    -2.662 r  clk_wiz_inst/inst/mmcm_adv_inst/CLKOUT0
                         net (fo=1, routed)           0.530    -2.133    clk_wiz_inst/inst/clk_out1_clk_wiz_0
    BUFGCTRL_X0Y0        BUFG (Prop_bufg_I_O)         0.029    -2.104 r  clk_wiz_inst/inst/clkout1_buf/O
                         net (fo=86, routed)          0.865    -1.239    top_square/clk_out1
    SLICE_X7Y47          FDRE                                         r  top_square/next_sq_y_reg[3]/C
                         clock pessimism              0.425    -0.814    
    SLICE_X7Y47          FDRE (Hold_fdre_C_D)         0.091    -0.723    top_square/next_sq_y_reg[3]
  -------------------------------------------------------------------
                         required time                          0.723    
                         arrival time                          -0.472    
  -------------------------------------------------------------------
                         slack                                  0.251    

Slack (MET) :             0.289ns  (arrival time - required time)
  Source:                 top_square/x_reg[7]/C
                            (rising edge-triggered cell FDRE clocked by clk_out1_clk_wiz_0  {rise@0.000ns fall@3.367ns period=6.734ns})
  Destination:            top_square/x_reg[7]/D
                            (rising edge-triggered cell FDRE clocked by clk_out1_clk_wiz_0  {rise@0.000ns fall@3.367ns period=6.734ns})
  Path Group:             clk_out1_clk_wiz_0
  Path Type:              Hold (Min at Fast Process Corner)
  Requirement:            0.000ns  (clk_out1_clk_wiz_0 rise@0.000ns - clk_out1_clk_wiz_0 rise@0.000ns)
  Data Path Delay:        0.394ns  (logic 0.249ns (63.256%)  route 0.145ns (36.744%))
  Logic Levels:           1  (CARRY4=1)
  Clock Path Skew:        0.000ns (DCD - SCD - CPR)
    Destination Clock Delay (DCD):    -1.238ns
    Source Clock Delay      (SCD):    -0.813ns
    Clock Pessimism Removal (CPR):    -0.425ns

    Location             Delay type                Incr(ns)  Path(ns)    Netlist Resource(s)
  -------------------------------------------------------------------    -------------------
                         (clock clk_out1_clk_wiz_0 rise edge)
                                                      0.000     0.000 r  
    W5                   IBUF                         0.000     0.000 r  clk_IBUF_inst/O
                         net (fo=8, routed)           0.440     0.440    clk_wiz_inst/inst/clk_in1
    MMCME2_ADV_X1Y0      MMCME2_ADV (Prop_mmcme2_adv_CLKIN1_CLKOUT0)
                                                     -2.360    -1.919 r  clk_wiz_inst/inst/mmcm_adv_inst/CLKOUT0
                         net (fo=1, routed)           0.486    -1.433    clk_wiz_inst/inst/clk_out1_clk_wiz_0
    BUFGCTRL_X0Y0        BUFG (Prop_bufg_I_O)         0.026    -1.407 r  clk_wiz_inst/inst/clkout1_buf/O
                         net (fo=86, routed)          0.595    -0.813    top_square/clk_out1
    SLICE_X3Y44          FDRE                                         r  top_square/x_reg[7]/C
  -------------------------------------------------------------------    -------------------
    SLICE_X3Y44          FDRE (Prop_fdre_C_Q)         0.141    -0.672 r  top_square/x_reg[7]/Q
                         net (fo=10, routed)          0.145    -0.527    top_square/x_reg[7]
    SLICE_X3Y44          CARRY4 (Prop_carry4_S[3]_O[3])
                                                      0.108    -0.419 r  top_square/x_reg[4]_i_1/O[3]
                         net (fo=1, routed)           0.000    -0.419    top_square/x_reg[4]_i_1_n_4
    SLICE_X3Y44          FDRE                                         r  top_square/x_reg[7]/D
  -------------------------------------------------------------------    -------------------

                         (clock clk_out1_clk_wiz_0 rise edge)
                                                      0.000     0.000 r  
    W5                   IBUF                         0.000     0.000 r  clk_IBUF_inst/O
                         net (fo=8, routed)           0.480     0.480    clk_wiz_inst/inst/clk_in1
    MMCME2_ADV_X1Y0      MMCME2_ADV (Prop_mmcme2_adv_CLKIN1_CLKOUT0)
                                                     -3.142    -2.662 r  clk_wiz_inst/inst/mmcm_adv_inst/CLKOUT0
                         net (fo=1, routed)           0.530    -2.133    clk_wiz_inst/inst/clk_out1_clk_wiz_0
    BUFGCTRL_X0Y0        BUFG (Prop_bufg_I_O)         0.029    -2.104 r  clk_wiz_inst/inst/clkout1_buf/O
                         net (fo=86, routed)          0.866    -1.238    top_square/clk_out1
    SLICE_X3Y44          FDRE                                         r  top_square/x_reg[7]/C
                         clock pessimism              0.425    -0.813    
    SLICE_X3Y44          FDRE (Hold_fdre_C_D)         0.105    -0.708    top_square/x_reg[7]
  -------------------------------------------------------------------
                         required time                          0.708    
                         arrival time                          -0.419    
  -------------------------------------------------------------------
                         slack                                  0.289    

Slack (MET) :             0.292ns  (arrival time - required time)
  Source:                 top_square/x_reg[2]/C
                            (rising edge-triggered cell FDRE clocked by clk_out1_clk_wiz_0  {rise@0.000ns fall@3.367ns period=6.734ns})
  Destination:            top_square/x_reg[2]/D
                            (rising edge-triggered cell FDRE clocked by clk_out1_clk_wiz_0  {rise@0.000ns fall@3.367ns period=6.734ns})
  Path Group:             clk_out1_clk_wiz_0
  Path Type:              Hold (Min at Fast Process Corner)
  Requirement:            0.000ns  (clk_out1_clk_wiz_0 rise@0.000ns - clk_out1_clk_wiz_0 rise@0.000ns)
  Data Path Delay:        0.397ns  (logic 0.252ns (63.445%)  route 0.145ns (36.555%))
  Logic Levels:           1  (CARRY4=1)
  Clock Path Skew:        0.000ns (DCD - SCD - CPR)
    Destination Clock Delay (DCD):    -1.238ns
    Source Clock Delay      (SCD):    -0.813ns
    Clock Pessimism Removal (CPR):    -0.425ns

    Location             Delay type                Incr(ns)  Path(ns)    Netlist Resource(s)
  -------------------------------------------------------------------    -------------------
                         (clock clk_out1_clk_wiz_0 rise edge)
                                                      0.000     0.000 r  
    W5                   IBUF                         0.000     0.000 r  clk_IBUF_inst/O
                         net (fo=8, routed)           0.440     0.440    clk_wiz_inst/inst/clk_in1
    MMCME2_ADV_X1Y0      MMCME2_ADV (Prop_mmcme2_adv_CLKIN1_CLKOUT0)
                                                     -2.360    -1.919 r  clk_wiz_inst/inst/mmcm_adv_inst/CLKOUT0
                         net (fo=1, routed)           0.486    -1.433    clk_wiz_inst/inst/clk_out1_clk_wiz_0
    BUFGCTRL_X0Y0        BUFG (Prop_bufg_I_O)         0.026    -1.407 r  clk_wiz_inst/inst/clkout1_buf/O
                         net (fo=86, routed)          0.595    -0.813    top_square/clk_out1
    SLICE_X3Y43          FDRE                                         r  top_square/x_reg[2]/C
  -------------------------------------------------------------------    -------------------
    SLICE_X3Y43          FDRE (Prop_fdre_C_Q)         0.141    -0.672 r  top_square/x_reg[2]/Q
                         net (fo=8, routed)           0.145    -0.527    top_square/x_reg[2]
    SLICE_X3Y43          CARRY4 (Prop_carry4_S[2]_O[2])
                                                      0.111    -0.416 r  top_square/x_reg[0]_i_2/O[2]
                         net (fo=1, routed)           0.000    -0.416    top_square/x_reg[0]_i_2_n_5
    SLICE_X3Y43          FDRE                                         r  top_square/x_reg[2]/D
  -------------------------------------------------------------------    -------------------

                         (clock clk_out1_clk_wiz_0 rise edge)
                                                      0.000     0.000 r  
    W5                   IBUF                         0.000     0.000 r  clk_IBUF_inst/O
                         net (fo=8, routed)           0.480     0.480    clk_wiz_inst/inst/clk_in1
    MMCME2_ADV_X1Y0      MMCME2_ADV (Prop_mmcme2_adv_CLKIN1_CLKOUT0)
                                                     -3.142    -2.662 r  clk_wiz_inst/inst/mmcm_adv_inst/CLKOUT0
                         net (fo=1, routed)           0.530    -2.133    clk_wiz_inst/inst/clk_out1_clk_wiz_0
    BUFGCTRL_X0Y0        BUFG (Prop_bufg_I_O)         0.029    -2.104 r  clk_wiz_inst/inst/clkout1_buf/O
                         net (fo=86, routed)          0.866    -1.238    top_square/clk_out1
    SLICE_X3Y43          FDRE                                         r  top_square/x_reg[2]/C
                         clock pessimism              0.425    -0.813    
    SLICE_X3Y43          FDRE (Hold_fdre_C_D)         0.105    -0.708    top_square/x_reg[2]
  -------------------------------------------------------------------
                         required time                          0.708    
                         arrival time                          -0.416    
  -------------------------------------------------------------------
                         slack                                  0.292    

Slack (MET) :             0.292ns  (arrival time - required time)
  Source:                 top_square/x_reg[7]/C
                            (rising edge-triggered cell FDRE clocked by clk_out1_clk_wiz_0  {rise@0.000ns fall@3.367ns period=6.734ns})
  Destination:            top_square/Hsync_reg/D
                            (rising edge-triggered cell FDRE clocked by clk_out1_clk_wiz_0  {rise@0.000ns fall@3.367ns period=6.734ns})
  Path Group:             clk_out1_clk_wiz_0
  Path Type:              Hold (Min at Fast Process Corner)
  Requirement:            0.000ns  (clk_out1_clk_wiz_0 rise@0.000ns - clk_out1_clk_wiz_0 rise@0.000ns)
  Data Path Delay:        0.399ns  (logic 0.186ns (46.565%)  route 0.213ns (53.435%))
  Logic Levels:           1  (LUT5=1)
  Clock Path Skew:        0.016ns (DCD - SCD - CPR)
    Destination Clock Delay (DCD):    -1.238ns
    Source Clock Delay      (SCD):    -0.813ns
    Clock Pessimism Removal (CPR):    -0.441ns

    Location             Delay type                Incr(ns)  Path(ns)    Netlist Resource(s)
  -------------------------------------------------------------------    -------------------
                         (clock clk_out1_clk_wiz_0 rise edge)
                                                      0.000     0.000 r  
    W5                   IBUF                         0.000     0.000 r  clk_IBUF_inst/O
                         net (fo=8, routed)           0.440     0.440    clk_wiz_inst/inst/clk_in1
    MMCME2_ADV_X1Y0      MMCME2_ADV (Prop_mmcme2_adv_CLKIN1_CLKOUT0)
                                                     -2.360    -1.919 r  clk_wiz_inst/inst/mmcm_adv_inst/CLKOUT0
                         net (fo=1, routed)           0.486    -1.433    clk_wiz_inst/inst/clk_out1_clk_wiz_0
    BUFGCTRL_X0Y0        BUFG (Prop_bufg_I_O)         0.026    -1.407 r  clk_wiz_inst/inst/clkout1_buf/O
                         net (fo=86, routed)          0.595    -0.813    top_square/clk_out1
    SLICE_X3Y44          FDRE                                         r  top_square/x_reg[7]/C
  -------------------------------------------------------------------    -------------------
    SLICE_X3Y44          FDRE (Prop_fdre_C_Q)         0.141    -0.672 f  top_square/x_reg[7]/Q
                         net (fo=10, routed)          0.213    -0.458    top_square/x_reg[7]
    SLICE_X0Y44          LUT5 (Prop_lut5_I0_O)        0.045    -0.413 r  top_square/Hsync_i_1/O
                         net (fo=1, routed)           0.000    -0.413    top_square/Hsync_i_1_n_0
    SLICE_X0Y44          FDRE                                         r  top_square/Hsync_reg/D
  -------------------------------------------------------------------    -------------------

                         (clock clk_out1_clk_wiz_0 rise edge)
                                                      0.000     0.000 r  
    W5                   IBUF                         0.000     0.000 r  clk_IBUF_inst/O
                         net (fo=8, routed)           0.480     0.480    clk_wiz_inst/inst/clk_in1
    MMCME2_ADV_X1Y0      MMCME2_ADV (Prop_mmcme2_adv_CLKIN1_CLKOUT0)
                                                     -3.142    -2.662 r  clk_wiz_inst/inst/mmcm_adv_inst/CLKOUT0
                         net (fo=1, routed)           0.530    -2.133    clk_wiz_inst/inst/clk_out1_clk_wiz_0
    BUFGCTRL_X0Y0        BUFG (Prop_bufg_I_O)         0.029    -2.104 r  clk_wiz_inst/inst/clkout1_buf/O
                         net (fo=86, routed)          0.866    -1.238    top_square/clk_out1
    SLICE_X0Y44          FDRE                                         r  top_square/Hsync_reg/C
                         clock pessimism              0.441    -0.797    
    SLICE_X0Y44          FDRE (Hold_fdre_C_D)         0.091    -0.706    top_square/Hsync_reg
  -------------------------------------------------------------------
                         required time                          0.706    
                         arrival time                          -0.413    
  -------------------------------------------------------------------
                         slack                                  0.292    

Slack (MET) :             0.293ns  (arrival time - required time)
  Source:                 top_square/x_reg[6]/C
                            (rising edge-triggered cell FDRE clocked by clk_out1_clk_wiz_0  {rise@0.000ns fall@3.367ns period=6.734ns})
  Destination:            top_square/x_reg[6]/D
                            (rising edge-triggered cell FDRE clocked by clk_out1_clk_wiz_0  {rise@0.000ns fall@3.367ns period=6.734ns})
  Path Group:             clk_out1_clk_wiz_0
  Path Type:              Hold (Min at Fast Process Corner)
  Requirement:            0.000ns  (clk_out1_clk_wiz_0 rise@0.000ns - clk_out1_clk_wiz_0 rise@0.000ns)
  Data Path Delay:        0.398ns  (logic 0.252ns (63.331%)  route 0.146ns (36.669%))
  Logic Levels:           1  (CARRY4=1)
  Clock Path Skew:        0.000ns (DCD - SCD - CPR)
    Destination Clock Delay (DCD):    -1.238ns
    Source Clock Delay      (SCD):    -0.813ns
    Clock Pessimism Removal (CPR):    -0.425ns

    Location             Delay type                Incr(ns)  Path(ns)    Netlist Resource(s)
  -------------------------------------------------------------------    -------------------
                         (clock clk_out1_clk_wiz_0 rise edge)
                                                      0.000     0.000 r  
    W5                   IBUF                         0.000     0.000 r  clk_IBUF_inst/O
                         net (fo=8, routed)           0.440     0.440    clk_wiz_inst/inst/clk_in1
    MMCME2_ADV_X1Y0      MMCME2_ADV (Prop_mmcme2_adv_CLKIN1_CLKOUT0)
                                                     -2.360    -1.919 r  clk_wiz_inst/inst/mmcm_adv_inst/CLKOUT0
                         net (fo=1, routed)           0.486    -1.433    clk_wiz_inst/inst/clk_out1_clk_wiz_0
    BUFGCTRL_X0Y0        BUFG (Prop_bufg_I_O)         0.026    -1.407 r  clk_wiz_inst/inst/clkout1_buf/O
                         net (fo=86, routed)          0.595    -0.813    top_square/clk_out1
    SLICE_X3Y44          FDRE                                         r  top_square/x_reg[6]/C
  -------------------------------------------------------------------    -------------------
    SLICE_X3Y44          FDRE (Prop_fdre_C_Q)         0.141    -0.672 r  top_square/x_reg[6]/Q
                         net (fo=10, routed)          0.146    -0.526    top_square/x_reg[6]
    SLICE_X3Y44          CARRY4 (Prop_carry4_S[2]_O[2])
                                                      0.111    -0.415 r  top_square/x_reg[4]_i_1/O[2]
                         net (fo=1, routed)           0.000    -0.415    top_square/x_reg[4]_i_1_n_5
    SLICE_X3Y44          FDRE                                         r  top_square/x_reg[6]/D
  -------------------------------------------------------------------    -------------------

                         (clock clk_out1_clk_wiz_0 rise edge)
                                                      0.000     0.000 r  
    W5                   IBUF                         0.000     0.000 r  clk_IBUF_inst/O
                         net (fo=8, routed)           0.480     0.480    clk_wiz_inst/inst/clk_in1
    MMCME2_ADV_X1Y0      MMCME2_ADV (Prop_mmcme2_adv_CLKIN1_CLKOUT0)
                                                     -3.142    -2.662 r  clk_wiz_inst/inst/mmcm_adv_inst/CLKOUT0
                         net (fo=1, routed)           0.530    -2.133    clk_wiz_inst/inst/clk_out1_clk_wiz_0
    BUFGCTRL_X0Y0        BUFG (Prop_bufg_I_O)         0.029    -2.104 r  clk_wiz_inst/inst/clkout1_buf/O
                         net (fo=86, routed)          0.866    -1.238    top_square/clk_out1
    SLICE_X3Y44          FDRE                                         r  top_square/x_reg[6]/C
                         clock pessimism              0.425    -0.813    
    SLICE_X3Y44          FDRE (Hold_fdre_C_D)         0.105    -0.708    top_square/x_reg[6]
  -------------------------------------------------------------------
                         required time                          0.708    
                         arrival time                          -0.415    
  -------------------------------------------------------------------
                         slack                                  0.293    

Slack (MET) :             0.300ns  (arrival time - required time)
  Source:                 top_square/x_reg[3]/C
                            (rising edge-triggered cell FDRE clocked by clk_out1_clk_wiz_0  {rise@0.000ns fall@3.367ns period=6.734ns})
  Destination:            top_square/x_reg[3]/D
                            (rising edge-triggered cell FDRE clocked by clk_out1_clk_wiz_0  {rise@0.000ns fall@3.367ns period=6.734ns})
  Path Group:             clk_out1_clk_wiz_0
  Path Type:              Hold (Min at Fast Process Corner)
  Requirement:            0.000ns  (clk_out1_clk_wiz_0 rise@0.000ns - clk_out1_clk_wiz_0 rise@0.000ns)
  Data Path Delay:        0.405ns  (logic 0.249ns (61.501%)  route 0.156ns (38.499%))
  Logic Levels:           1  (CARRY4=1)
  Clock Path Skew:        0.000ns (DCD - SCD - CPR)
    Destination Clock Delay (DCD):    -1.238ns
    Source Clock Delay      (SCD):    -0.813ns
    Clock Pessimism Removal (CPR):    -0.425ns

    Location             Delay type                Incr(ns)  Path(ns)    Netlist Resource(s)
  -------------------------------------------------------------------    -------------------
                         (clock clk_out1_clk_wiz_0 rise edge)
                                                      0.000     0.000 r  
    W5                   IBUF                         0.000     0.000 r  clk_IBUF_inst/O
                         net (fo=8, routed)           0.440     0.440    clk_wiz_inst/inst/clk_in1
    MMCME2_ADV_X1Y0      MMCME2_ADV (Prop_mmcme2_adv_CLKIN1_CLKOUT0)
                                                     -2.360    -1.919 r  clk_wiz_inst/inst/mmcm_adv_inst/CLKOUT0
                         net (fo=1, routed)           0.486    -1.433    clk_wiz_inst/inst/clk_out1_clk_wiz_0
    BUFGCTRL_X0Y0        BUFG (Prop_bufg_I_O)         0.026    -1.407 r  clk_wiz_inst/inst/clkout1_buf/O
                         net (fo=86, routed)          0.595    -0.813    top_square/clk_out1
    SLICE_X3Y43          FDRE                                         r  top_square/x_reg[3]/C
  -------------------------------------------------------------------    -------------------
    SLICE_X3Y43          FDRE (Prop_fdre_C_Q)         0.141    -0.672 r  top_square/x_reg[3]/Q
                         net (fo=8, routed)           0.156    -0.516    top_square/x_reg[3]
    SLICE_X3Y43          CARRY4 (Prop_carry4_S[3]_O[3])
                                                      0.108    -0.408 r  top_square/x_reg[0]_i_2/O[3]
                         net (fo=1, routed)           0.000    -0.408    top_square/x_reg[0]_i_2_n_4
    SLICE_X3Y43          FDRE                                         r  top_square/x_reg[3]/D
  -------------------------------------------------------------------    -------------------

                         (clock clk_out1_clk_wiz_0 rise edge)
                                                      0.000     0.000 r  
    W5                   IBUF                         0.000     0.000 r  clk_IBUF_inst/O
                         net (fo=8, routed)           0.480     0.480    clk_wiz_inst/inst/clk_in1
    MMCME2_ADV_X1Y0      MMCME2_ADV (Prop_mmcme2_adv_CLKIN1_CLKOUT0)
                                                     -3.142    -2.662 r  clk_wiz_inst/inst/mmcm_adv_inst/CLKOUT0
                         net (fo=1, routed)           0.530    -2.133    clk_wiz_inst/inst/clk_out1_clk_wiz_0
    BUFGCTRL_X0Y0        BUFG (Prop_bufg_I_O)         0.029    -2.104 r  clk_wiz_inst/inst/clkout1_buf/O
                         net (fo=86, routed)          0.866    -1.238    top_square/clk_out1
    SLICE_X3Y43          FDRE                                         r  top_square/x_reg[3]/C
                         clock pessimism              0.425    -0.813    
    SLICE_X3Y43          FDRE (Hold_fdre_C_D)         0.105    -0.708    top_square/x_reg[3]
  -------------------------------------------------------------------
                         required time                          0.708    
                         arrival time                          -0.408    
  -------------------------------------------------------------------
                         slack                                  0.300    

Slack (MET) :             0.301ns  (arrival time - required time)
  Source:                 top_square/x_reg[8]/C
                            (rising edge-triggered cell FDRE clocked by clk_out1_clk_wiz_0  {rise@0.000ns fall@3.367ns period=6.734ns})
  Destination:            top_square/x_reg[8]/D
                            (rising edge-triggered cell FDRE clocked by clk_out1_clk_wiz_0  {rise@0.000ns fall@3.367ns period=6.734ns})
  Path Group:             clk_out1_clk_wiz_0
  Path Type:              Hold (Min at Fast Process Corner)
  Requirement:            0.000ns  (clk_out1_clk_wiz_0 rise@0.000ns - clk_out1_clk_wiz_0 rise@0.000ns)
  Data Path Delay:        0.406ns  (logic 0.256ns (63.125%)  route 0.150ns (36.875%))
  Logic Levels:           1  (CARRY4=1)
  Clock Path Skew:        0.000ns (DCD - SCD - CPR)
    Destination Clock Delay (DCD):    -1.238ns
    Source Clock Delay      (SCD):    -0.813ns
    Clock Pessimism Removal (CPR):    -0.425ns

    Location             Delay type                Incr(ns)  Path(ns)    Netlist Resource(s)
  -------------------------------------------------------------------    -------------------
                         (clock clk_out1_clk_wiz_0 rise edge)
                                                      0.000     0.000 r  
    W5                   IBUF                         0.000     0.000 r  clk_IBUF_inst/O
                         net (fo=8, routed)           0.440     0.440    clk_wiz_inst/inst/clk_in1
    MMCME2_ADV_X1Y0      MMCME2_ADV (Prop_mmcme2_adv_CLKIN1_CLKOUT0)
                                                     -2.360    -1.919 r  clk_wiz_inst/inst/mmcm_adv_inst/CLKOUT0
                         net (fo=1, routed)           0.486    -1.433    clk_wiz_inst/inst/clk_out1_clk_wiz_0
    BUFGCTRL_X0Y0        BUFG (Prop_bufg_I_O)         0.026    -1.407 r  clk_wiz_inst/inst/clkout1_buf/O
                         net (fo=86, routed)          0.595    -0.813    top_square/clk_out1
    SLICE_X3Y45          FDRE                                         r  top_square/x_reg[8]/C
  -------------------------------------------------------------------    -------------------
    SLICE_X3Y45          FDRE (Prop_fdre_C_Q)         0.141    -0.672 r  top_square/x_reg[8]/Q
                         net (fo=12, routed)          0.150    -0.522    top_square/x_reg[8]
    SLICE_X3Y45          CARRY4 (Prop_carry4_S[0]_O[0])
                                                      0.115    -0.407 r  top_square/x_reg[8]_i_1/O[0]
                         net (fo=1, routed)           0.000    -0.407    top_square/x_reg[8]_i_1_n_7
    SLICE_X3Y45          FDRE                                         r  top_square/x_reg[8]/D
  -------------------------------------------------------------------    -------------------

                         (clock clk_out1_clk_wiz_0 rise edge)
                                                      0.000     0.000 r  
    W5                   IBUF                         0.000     0.000 r  clk_IBUF_inst/O
                         net (fo=8, routed)           0.480     0.480    clk_wiz_inst/inst/clk_in1
    MMCME2_ADV_X1Y0      MMCME2_ADV (Prop_mmcme2_adv_CLKIN1_CLKOUT0)
                                                     -3.142    -2.662 r  clk_wiz_inst/inst/mmcm_adv_inst/CLKOUT0
                         net (fo=1, routed)           0.530    -2.133    clk_wiz_inst/inst/clk_out1_clk_wiz_0
    BUFGCTRL_X0Y0        BUFG (Prop_bufg_I_O)         0.029    -2.104 r  clk_wiz_inst/inst/clkout1_buf/O
                         net (fo=86, routed)          0.866    -1.238    top_square/clk_out1
    SLICE_X3Y45          FDRE                                         r  top_square/x_reg[8]/C
                         clock pessimism              0.425    -0.813    
    SLICE_X3Y45          FDRE (Hold_fdre_C_D)         0.105    -0.708    top_square/x_reg[8]
  -------------------------------------------------------------------
                         required time                          0.708    
                         arrival time                          -0.407    
  -------------------------------------------------------------------
                         slack                                  0.301    

Slack (MET) :             0.304ns  (arrival time - required time)
  Source:                 top_square/x_reg[10]/C
                            (rising edge-triggered cell FDRE clocked by clk_out1_clk_wiz_0  {rise@0.000ns fall@3.367ns period=6.734ns})
  Destination:            top_square/x_reg[10]/D
                            (rising edge-triggered cell FDRE clocked by clk_out1_clk_wiz_0  {rise@0.000ns fall@3.367ns period=6.734ns})
  Path Group:             clk_out1_clk_wiz_0
  Path Type:              Hold (Min at Fast Process Corner)
  Requirement:            0.000ns  (clk_out1_clk_wiz_0 rise@0.000ns - clk_out1_clk_wiz_0 rise@0.000ns)
  Data Path Delay:        0.409ns  (logic 0.252ns (61.663%)  route 0.157ns (38.337%))
  Logic Levels:           1  (CARRY4=1)
  Clock Path Skew:        0.000ns (DCD - SCD - CPR)
    Destination Clock Delay (DCD):    -1.238ns
    Source Clock Delay      (SCD):    -0.813ns
    Clock Pessimism Removal (CPR):    -0.425ns

    Location             Delay type                Incr(ns)  Path(ns)    Netlist Resource(s)
  -------------------------------------------------------------------    -------------------
                         (clock clk_out1_clk_wiz_0 rise edge)
                                                      0.000     0.000 r  
    W5                   IBUF                         0.000     0.000 r  clk_IBUF_inst/O
                         net (fo=8, routed)           0.440     0.440    clk_wiz_inst/inst/clk_in1
    MMCME2_ADV_X1Y0      MMCME2_ADV (Prop_mmcme2_adv_CLKIN1_CLKOUT0)
                                                     -2.360    -1.919 r  clk_wiz_inst/inst/mmcm_adv_inst/CLKOUT0
                         net (fo=1, routed)           0.486    -1.433    clk_wiz_inst/inst/clk_out1_clk_wiz_0
    BUFGCTRL_X0Y0        BUFG (Prop_bufg_I_O)         0.026    -1.407 r  clk_wiz_inst/inst/clkout1_buf/O
                         net (fo=86, routed)          0.595    -0.813    top_square/clk_out1
    SLICE_X3Y45          FDRE                                         r  top_square/x_reg[10]/C
  -------------------------------------------------------------------    -------------------
    SLICE_X3Y45          FDRE (Prop_fdre_C_Q)         0.141    -0.672 r  top_square/x_reg[10]/Q
                         net (fo=11, routed)          0.157    -0.515    top_square/x_reg[10]
    SLICE_X3Y45          CARRY4 (Prop_carry4_S[2]_O[2])
                                                      0.111    -0.404 r  top_square/x_reg[8]_i_1/O[2]
                         net (fo=1, routed)           0.000    -0.404    top_square/x_reg[8]_i_1_n_5
    SLICE_X3Y45          FDRE                                         r  top_square/x_reg[10]/D
  -------------------------------------------------------------------    -------------------

                         (clock clk_out1_clk_wiz_0 rise edge)
                                                      0.000     0.000 r  
    W5                   IBUF                         0.000     0.000 r  clk_IBUF_inst/O
                         net (fo=8, routed)           0.480     0.480    clk_wiz_inst/inst/clk_in1
    MMCME2_ADV_X1Y0      MMCME2_ADV (Prop_mmcme2_adv_CLKIN1_CLKOUT0)
                                                     -3.142    -2.662 r  clk_wiz_inst/inst/mmcm_adv_inst/CLKOUT0
                         net (fo=1, routed)           0.530    -2.133    clk_wiz_inst/inst/clk_out1_clk_wiz_0
    BUFGCTRL_X0Y0        BUFG (Prop_bufg_I_O)         0.029    -2.104 r  clk_wiz_inst/inst/clkout1_buf/O
                         net (fo=86, routed)          0.866    -1.238    top_square/clk_out1
    SLICE_X3Y45          FDRE                                         r  top_square/x_reg[10]/C
                         clock pessimism              0.425    -0.813    
    SLICE_X3Y45          FDRE (Hold_fdre_C_D)         0.105    -0.708    top_square/x_reg[10]
  -------------------------------------------------------------------
                         required time                          0.708    
                         arrival time                          -0.404    
  -------------------------------------------------------------------
                         slack                                  0.304    

Slack (MET) :             0.305ns  (arrival time - required time)
  Source:                 top_square/x_reg[4]/C
                            (rising edge-triggered cell FDRE clocked by clk_out1_clk_wiz_0  {rise@0.000ns fall@3.367ns period=6.734ns})
  Destination:            top_square/x_reg[4]/D
                            (rising edge-triggered cell FDRE clocked by clk_out1_clk_wiz_0  {rise@0.000ns fall@3.367ns period=6.734ns})
  Path Group:             clk_out1_clk_wiz_0
  Path Type:              Hold (Min at Fast Process Corner)
  Requirement:            0.000ns  (clk_out1_clk_wiz_0 rise@0.000ns - clk_out1_clk_wiz_0 rise@0.000ns)
  Data Path Delay:        0.410ns  (logic 0.256ns (62.464%)  route 0.154ns (37.536%))
  Logic Levels:           1  (CARRY4=1)
  Clock Path Skew:        0.000ns (DCD - SCD - CPR)
    Destination Clock Delay (DCD):    -1.238ns
    Source Clock Delay      (SCD):    -0.813ns
    Clock Pessimism Removal (CPR):    -0.425ns

    Location             Delay type                Incr(ns)  Path(ns)    Netlist Resource(s)
  -------------------------------------------------------------------    -------------------
                         (clock clk_out1_clk_wiz_0 rise edge)
                                                      0.000     0.000 r  
    W5                   IBUF                         0.000     0.000 r  clk_IBUF_inst/O
                         net (fo=8, routed)           0.440     0.440    clk_wiz_inst/inst/clk_in1
    MMCME2_ADV_X1Y0      MMCME2_ADV (Prop_mmcme2_adv_CLKIN1_CLKOUT0)
                                                     -2.360    -1.919 r  clk_wiz_inst/inst/mmcm_adv_inst/CLKOUT0
                         net (fo=1, routed)           0.486    -1.433    clk_wiz_inst/inst/clk_out1_clk_wiz_0
    BUFGCTRL_X0Y0        BUFG (Prop_bufg_I_O)         0.026    -1.407 r  clk_wiz_inst/inst/clkout1_buf/O
                         net (fo=86, routed)          0.595    -0.813    top_square/clk_out1
    SLICE_X3Y44          FDRE                                         r  top_square/x_reg[4]/C
  -------------------------------------------------------------------    -------------------
    SLICE_X3Y44          FDRE (Prop_fdre_C_Q)         0.141    -0.672 r  top_square/x_reg[4]/Q
                         net (fo=11, routed)          0.154    -0.518    top_square/x_reg[4]
    SLICE_X3Y44          CARRY4 (Prop_carry4_S[0]_O[0])
                                                      0.115    -0.403 r  top_square/x_reg[4]_i_1/O[0]
                         net (fo=1, routed)           0.000    -0.403    top_square/x_reg[4]_i_1_n_7
    SLICE_X3Y44          FDRE                                         r  top_square/x_reg[4]/D
  -------------------------------------------------------------------    -------------------

                         (clock clk_out1_clk_wiz_0 rise edge)
                                                      0.000     0.000 r  
    W5                   IBUF                         0.000     0.000 r  clk_IBUF_inst/O
                         net (fo=8, routed)           0.480     0.480    clk_wiz_inst/inst/clk_in1
    MMCME2_ADV_X1Y0      MMCME2_ADV (Prop_mmcme2_adv_CLKIN1_CLKOUT0)
                                                     -3.142    -2.662 r  clk_wiz_inst/inst/mmcm_adv_inst/CLKOUT0
                         net (fo=1, routed)           0.530    -2.133    clk_wiz_inst/inst/clk_out1_clk_wiz_0
    BUFGCTRL_X0Y0        BUFG (Prop_bufg_I_O)         0.029    -2.104 r  clk_wiz_inst/inst/clkout1_buf/O
                         net (fo=86, routed)          0.866    -1.238    top_square/clk_out1
    SLICE_X3Y44          FDRE                                         r  top_square/x_reg[4]/C
                         clock pessimism              0.425    -0.813    
    SLICE_X3Y44          FDRE (Hold_fdre_C_D)         0.105    -0.708    top_square/x_reg[4]
  -------------------------------------------------------------------
                         required time                          0.708    
                         arrival time                          -0.403    
  -------------------------------------------------------------------
                         slack                                  0.305    





Pulse Width Checks
--------------------------------------------------------------------------------------
Clock Name:         clk_out1_clk_wiz_0
Waveform(ns):       { 0.000 3.367 }
Period(ns):         6.734
Sources:            { clk_wiz_inst/inst/mmcm_adv_inst/CLKOUT0 }

Check Type        Corner  Lib Pin             Reference Pin  Required(ns)  Actual(ns)  Slack(ns)  Location         Pin
Min Period        n/a     BUFG/I              n/a            2.155         6.734       4.579      BUFGCTRL_X0Y0    clk_wiz_inst/inst/clkout1_buf/I
Min Period        n/a     MMCME2_ADV/CLKOUT0  n/a            1.249         6.734       5.485      MMCME2_ADV_X1Y0  clk_wiz_inst/inst/mmcm_adv_inst/CLKOUT0
Min Period        n/a     FDRE/C              n/a            1.000         6.734       5.734      SLICE_X0Y44      top_square/Hsync_reg/C
Min Period        n/a     FDRE/C              n/a            1.000         6.734       5.734      SLICE_X1Y48      top_square/Vsync_reg/C
Min Period        n/a     FDRE/C              n/a            1.000         6.734       5.734      SLICE_X5Y43      top_square/next_sq_x_reg[0]/C
Min Period        n/a     FDRE/C              n/a            1.000         6.734       5.734      SLICE_X5Y45      top_square/next_sq_x_reg[10]/C
Min Period        n/a     FDRE/C              n/a            1.000         6.734       5.734      SLICE_X6Y46      top_square/next_sq_x_reg[11]/C
Min Period        n/a     FDRE/C              n/a            1.000         6.734       5.734      SLICE_X6Y44      top_square/next_sq_x_reg[1]/C
Min Period        n/a     FDRE/C              n/a            1.000         6.734       5.734      SLICE_X4Y44      top_square/next_sq_x_reg[2]/C
Min Period        n/a     FDRE/C              n/a            1.000         6.734       5.734      SLICE_X6Y44      top_square/next_sq_x_reg[3]/C
Max Period        n/a     MMCME2_ADV/CLKOUT0  n/a            213.360       6.734       206.626    MMCME2_ADV_X1Y0  clk_wiz_inst/inst/mmcm_adv_inst/CLKOUT0
Low Pulse Width   Slow    FDRE/C              n/a            0.500         3.367       2.867      SLICE_X0Y44      top_square/Hsync_reg/C
Low Pulse Width   Fast    FDRE/C              n/a            0.500         3.367       2.867      SLICE_X0Y44      top_square/Hsync_reg/C
Low Pulse Width   Slow    FDRE/C              n/a            0.500         3.367       2.867      SLICE_X1Y48      top_square/Vsync_reg/C
Low Pulse Width   Fast    FDRE/C              n/a            0.500         3.367       2.867      SLICE_X1Y48      top_square/Vsync_reg/C
Low Pulse Width   Slow    FDRE/C              n/a            0.500         3.367       2.867      SLICE_X5Y43      top_square/next_sq_x_reg[0]/C
Low Pulse Width   Fast    FDRE/C              n/a            0.500         3.367       2.867      SLICE_X5Y43      top_square/next_sq_x_reg[0]/C
Low Pulse Width   Slow    FDRE/C              n/a            0.500         3.367       2.867      SLICE_X5Y45      top_square/next_sq_x_reg[10]/C
Low Pulse Width   Fast    FDRE/C              n/a            0.500         3.367       2.867      SLICE_X5Y45      top_square/next_sq_x_reg[10]/C
Low Pulse Width   Slow    FDRE/C              n/a            0.500         3.367       2.867      SLICE_X6Y46      top_square/next_sq_x_reg[11]/C
Low Pulse Width   Fast    FDRE/C              n/a            0.500         3.367       2.867      SLICE_X6Y46      top_square/next_sq_x_reg[11]/C
High Pulse Width  Slow    FDRE/C              n/a            0.500         3.367       2.867      SLICE_X0Y44      top_square/Hsync_reg/C
High Pulse Width  Fast    FDRE/C              n/a            0.500         3.367       2.867      SLICE_X0Y44      top_square/Hsync_reg/C
High Pulse Width  Slow    FDRE/C              n/a            0.500         3.367       2.867      SLICE_X1Y48      top_square/Vsync_reg/C
High Pulse Width  Fast    FDRE/C              n/a            0.500         3.367       2.867      SLICE_X1Y48      top_square/Vsync_reg/C
High Pulse Width  Slow    FDRE/C              n/a            0.500         3.367       2.867      SLICE_X5Y43      top_square/next_sq_x_reg[0]/C
High Pulse Width  Fast    FDRE/C              n/a            0.500         3.367       2.867      SLICE_X5Y43      top_square/next_sq_x_reg[0]/C
High Pulse Width  Slow    FDRE/C              n/a            0.500         3.367       2.867      SLICE_X5Y45      top_square/next_sq_x_reg[10]/C
High Pulse Width  Fast    FDRE/C              n/a            0.500         3.367       2.867      SLICE_X5Y45      top_square/next_sq_x_reg[10]/C
High Pulse Width  Slow    FDRE/C              n/a            0.500         3.367       2.867      SLICE_X6Y46      top_square/next_sq_x_reg[11]/C
High Pulse Width  Fast    FDRE/C              n/a            0.500         3.367       2.867      SLICE_X6Y46      top_square/next_sq_x_reg[11]/C



---------------------------------------------------------------------------------------------------
From Clock:  clkfbout_clk_wiz_0
  To Clock:  clkfbout_clk_wiz_0

Setup :           NA  Failing Endpoints,  Worst Slack           NA  ,  Total Violation           NA
Hold  :           NA  Failing Endpoints,  Worst Slack           NA  ,  Total Violation           NA
PW    :            0  Failing Endpoints,  Worst Slack       37.845ns,  Total Violation        0.000ns
---------------------------------------------------------------------------------------------------


Pulse Width Checks
--------------------------------------------------------------------------------------
Clock Name:         clkfbout_clk_wiz_0
Waveform(ns):       { 0.000 20.000 }
Period(ns):         40.000
Sources:            { clk_wiz_inst/inst/mmcm_adv_inst/CLKFBOUT }

Check Type  Corner  Lib Pin              Reference Pin  Required(ns)  Actual(ns)  Slack(ns)  Location         Pin
Min Period  n/a     BUFG/I               n/a            2.155         40.000      37.845     BUFGCTRL_X0Y2    clk_wiz_inst/inst/clkf_buf/I
Min Period  n/a     MMCME2_ADV/CLKFBOUT  n/a            1.249         40.000      38.751     MMCME2_ADV_X1Y0  clk_wiz_inst/inst/mmcm_adv_inst/CLKFBOUT
Min Period  n/a     MMCME2_ADV/CLKFBIN   n/a            1.249         40.000      38.751     MMCME2_ADV_X1Y0  clk_wiz_inst/inst/mmcm_adv_inst/CLKFBIN
Max Period  n/a     MMCME2_ADV/CLKFBIN   n/a            100.000       40.000      60.000     MMCME2_ADV_X1Y0  clk_wiz_inst/inst/mmcm_adv_inst/CLKFBIN
Max Period  n/a     MMCME2_ADV/CLKFBOUT  n/a            213.360       40.000      173.360    MMCME2_ADV_X1Y0  clk_wiz_inst/inst/mmcm_adv_inst/CLKFBOUT



---------------------------------------------------------------------------------------------------
From Clock:  sys_clk_pin
  To Clock:  sys_clk_pin

Setup :            0  Failing Endpoints,  Worst Slack        7.431ns,  Total Violation        0.000ns
Hold  :            0  Failing Endpoints,  Worst Slack        0.244ns,  Total Violation        0.000ns
PW    :            0  Failing Endpoints,  Worst Slack        4.500ns,  Total Violation        0.000ns
---------------------------------------------------------------------------------------------------


Max Delay Paths
--------------------------------------------------------------------------------------
Slack (MET) :             7.431ns  (required time - arrival time)
  Source:                 u/clk_div_reg[0]/C
                            (rising edge-triggered cell FDRE clocked by sys_clk_pin  {rise@0.000ns fall@5.000ns period=10.000ns})
  Destination:            u/clk_div_reg[4]/D
                            (rising edge-triggered cell FDRE clocked by sys_clk_pin  {rise@0.000ns fall@5.000ns period=10.000ns})
  Path Group:             sys_clk_pin
  Path Type:              Setup (Max at Slow Process Corner)
  Requirement:            10.000ns  (sys_clk_pin rise@10.000ns - sys_clk_pin rise@0.000ns)
  Data Path Delay:        2.035ns  (logic 0.670ns (32.922%)  route 1.365ns (67.078%))
  Logic Levels:           1  (LUT5=1)
  Clock Path Skew:        -0.224ns (DCD - SCD + CPR)
    Destination Clock Delay (DCD):    3.373ns = ( 13.373 - 10.000 ) 
    Source Clock Delay      (SCD):    3.933ns
    Clock Pessimism Removal (CPR):    0.335ns
  Clock Uncertainty:      0.035ns  ((TSJ^2 + TIJ^2)^1/2 + DJ) / 2 + PE
    Total System Jitter     (TSJ):    0.071ns
    Total Input Jitter      (TIJ):    0.000ns
    Discrete Jitter          (DJ):    0.000ns
    Phase Error              (PE):    0.000ns

    Location             Delay type                Incr(ns)  Path(ns)    Netlist Resource(s)
  -------------------------------------------------------------------    -------------------
                         (clock sys_clk_pin rise edge)
                                                      0.000     0.000 r  
    W5                                                0.000     0.000 r  clk (IN)
                         net (fo=0)                   0.000     0.000    clk
    W5                   IBUF (Prop_ibuf_I_O)         1.458     1.458 r  clk_IBUF_inst/O
                         net (fo=8, routed)           2.474     3.933    u/clk
    SLICE_X38Y46         FDRE                                         r  u/clk_div_reg[0]/C
  -------------------------------------------------------------------    -------------------
    SLICE_X38Y46         FDRE (Prop_fdre_C_Q)         0.518     4.451 r  u/clk_div_reg[0]/Q
                         net (fo=7, routed)           1.024     5.474    u/clk_div_reg_n_0_[0]
    SLICE_X37Y46         LUT5 (Prop_lut5_I1_O)        0.152     5.626 r  u/clk_div[4]_i_1/O
                         net (fo=1, routed)           0.342     5.968    u/p_0_in__0[4]
    SLICE_X36Y46         FDRE                                         r  u/clk_div_reg[4]/D
  -------------------------------------------------------------------    -------------------

                         (clock sys_clk_pin rise edge)
                                                     10.000    10.000 r  
    W5                                                0.000    10.000 r  clk (IN)
                         net (fo=0)                   0.000    10.000    clk
    W5                   IBUF (Prop_ibuf_I_O)         1.388    11.388 r  clk_IBUF_inst/O
                         net (fo=8, routed)           1.985    13.373    u/clk
    SLICE_X36Y46         FDRE                                         r  u/clk_div_reg[4]/C
                         clock pessimism              0.335    13.709    
                         clock uncertainty           -0.035    13.673    
    SLICE_X36Y46         FDRE (Setup_fdre_C_D)       -0.275    13.398    u/clk_div_reg[4]
  -------------------------------------------------------------------
                         required time                         13.398    
                         arrival time                          -5.968    
  -------------------------------------------------------------------
                         slack                                  7.431    

Slack (MET) :             7.829ns  (required time - arrival time)
  Source:                 u/clk_div_reg[0]/C
                            (rising edge-triggered cell FDRE clocked by sys_clk_pin  {rise@0.000ns fall@5.000ns period=10.000ns})
  Destination:            u/clk_div_reg[6]/D
                            (rising edge-triggered cell FDRE clocked by sys_clk_pin  {rise@0.000ns fall@5.000ns period=10.000ns})
  Path Group:             sys_clk_pin
  Path Type:              Setup (Max at Slow Process Corner)
  Requirement:            10.000ns  (sys_clk_pin rise@10.000ns - sys_clk_pin rise@0.000ns)
  Data Path Delay:        1.943ns  (logic 0.766ns (39.414%)  route 1.177ns (60.586%))
  Logic Levels:           2  (LUT3=1 LUT5=1)
  Clock Path Skew:        -0.224ns (DCD - SCD + CPR)
    Destination Clock Delay (DCD):    3.373ns = ( 13.373 - 10.000 ) 
    Source Clock Delay      (SCD):    3.933ns
    Clock Pessimism Removal (CPR):    0.335ns
  Clock Uncertainty:      0.035ns  ((TSJ^2 + TIJ^2)^1/2 + DJ) / 2 + PE
    Total System Jitter     (TSJ):    0.071ns
    Total Input Jitter      (TIJ):    0.000ns
    Discrete Jitter          (DJ):    0.000ns
    Phase Error              (PE):    0.000ns

    Location             Delay type                Incr(ns)  Path(ns)    Netlist Resource(s)
  -------------------------------------------------------------------    -------------------
                         (clock sys_clk_pin rise edge)
                                                      0.000     0.000 r  
    W5                                                0.000     0.000 r  clk (IN)
                         net (fo=0)                   0.000     0.000    clk
    W5                   IBUF (Prop_ibuf_I_O)         1.458     1.458 r  clk_IBUF_inst/O
                         net (fo=8, routed)           2.474     3.933    u/clk
    SLICE_X38Y46         FDRE                                         r  u/clk_div_reg[0]/C
  -------------------------------------------------------------------    -------------------
    SLICE_X38Y46         FDRE (Prop_fdre_C_Q)         0.518     4.451 r  u/clk_div_reg[0]/Q
                         net (fo=7, routed)           1.024     5.474    u/clk_div_reg_n_0_[0]
    SLICE_X37Y46         LUT5 (Prop_lut5_I2_O)        0.124     5.598 r  u/clk_div[6]_i_2/O
                         net (fo=1, routed)           0.154     5.752    u/clk_div[6]_i_2_n_0
    SLICE_X37Y46         LUT3 (Prop_lut3_I0_O)        0.124     5.876 r  u/clk_div[6]_i_1/O
                         net (fo=1, routed)           0.000     5.876    u/p_0_in__0[6]
    SLICE_X37Y46         FDRE                                         r  u/clk_div_reg[6]/D
  -------------------------------------------------------------------    -------------------

                         (clock sys_clk_pin rise edge)
                                                     10.000    10.000 r  
    W5                                                0.000    10.000 r  clk (IN)
                         net (fo=0)                   0.000    10.000    clk
    W5                   IBUF (Prop_ibuf_I_O)         1.388    11.388 r  clk_IBUF_inst/O
                         net (fo=8, routed)           1.985    13.373    u/clk
    SLICE_X37Y46         FDRE                                         r  u/clk_div_reg[6]/C
                         clock pessimism              0.335    13.709    
                         clock uncertainty           -0.035    13.673    
    SLICE_X37Y46         FDRE (Setup_fdre_C_D)        0.032    13.705    u/clk_div_reg[6]
  -------------------------------------------------------------------
                         required time                         13.705    
                         arrival time                          -5.876    
  -------------------------------------------------------------------
                         slack                                  7.829    

Slack (MET) :             8.103ns  (required time - arrival time)
  Source:                 u/clk_div_reg[0]/C
                            (rising edge-triggered cell FDRE clocked by sys_clk_pin  {rise@0.000ns fall@5.000ns period=10.000ns})
  Destination:            u/clk_div_reg[2]/D
                            (rising edge-triggered cell FDRE clocked by sys_clk_pin  {rise@0.000ns fall@5.000ns period=10.000ns})
  Path Group:             sys_clk_pin
  Path Type:              Setup (Max at Slow Process Corner)
  Requirement:            10.000ns  (sys_clk_pin rise@10.000ns - sys_clk_pin rise@0.000ns)
  Data Path Delay:        1.667ns  (logic 0.642ns (38.523%)  route 1.025ns (61.477%))
  Logic Levels:           1  (LUT3=1)
  Clock Path Skew:        -0.224ns (DCD - SCD + CPR)
    Destination Clock Delay (DCD):    3.373ns = ( 13.373 - 10.000 ) 
    Source Clock Delay      (SCD):    3.933ns
    Clock Pessimism Removal (CPR):    0.335ns
  Clock Uncertainty:      0.035ns  ((TSJ^2 + TIJ^2)^1/2 + DJ) / 2 + PE
    Total System Jitter     (TSJ):    0.071ns
    Total Input Jitter      (TIJ):    0.000ns
    Discrete Jitter          (DJ):    0.000ns
    Phase Error              (PE):    0.000ns

    Location             Delay type                Incr(ns)  Path(ns)    Netlist Resource(s)
  -------------------------------------------------------------------    -------------------
                         (clock sys_clk_pin rise edge)
                                                      0.000     0.000 r  
    W5                                                0.000     0.000 r  clk (IN)
                         net (fo=0)                   0.000     0.000    clk
    W5                   IBUF (Prop_ibuf_I_O)         1.458     1.458 r  clk_IBUF_inst/O
                         net (fo=8, routed)           2.474     3.933    u/clk
    SLICE_X38Y46         FDRE                                         r  u/clk_div_reg[0]/C
  -------------------------------------------------------------------    -------------------
    SLICE_X38Y46         FDRE (Prop_fdre_C_Q)         0.518     4.451 r  u/clk_div_reg[0]/Q
                         net (fo=7, routed)           1.025     5.475    u/clk_div_reg_n_0_[0]
    SLICE_X37Y46         LUT3 (Prop_lut3_I0_O)        0.124     5.599 r  u/clk_div[2]_i_1/O
                         net (fo=1, routed)           0.000     5.599    u/p_0_in__0[2]
    SLICE_X37Y46         FDRE                                         r  u/clk_div_reg[2]/D
  -------------------------------------------------------------------    -------------------

                         (clock sys_clk_pin rise edge)
                                                     10.000    10.000 r  
    W5                                                0.000    10.000 r  clk (IN)
                         net (fo=0)                   0.000    10.000    clk
    W5                   IBUF (Prop_ibuf_I_O)         1.388    11.388 r  clk_IBUF_inst/O
                         net (fo=8, routed)           1.985    13.373    u/clk
    SLICE_X37Y46         FDRE                                         r  u/clk_div_reg[2]/C
                         clock pessimism              0.335    13.709    
                         clock uncertainty           -0.035    13.673    
    SLICE_X37Y46         FDRE (Setup_fdre_C_D)        0.029    13.702    u/clk_div_reg[2]
  -------------------------------------------------------------------
                         required time                         13.702    
                         arrival time                          -5.599    
  -------------------------------------------------------------------
                         slack                                  8.103    

Slack (MET) :             8.121ns  (required time - arrival time)
  Source:                 u/clk_div_reg[0]/C
                            (rising edge-triggered cell FDRE clocked by sys_clk_pin  {rise@0.000ns fall@5.000ns period=10.000ns})
  Destination:            u/clk_div_reg[3]/D
                            (rising edge-triggered cell FDRE clocked by sys_clk_pin  {rise@0.000ns fall@5.000ns period=10.000ns})
  Path Group:             sys_clk_pin
  Path Type:              Setup (Max at Slow Process Corner)
  Requirement:            10.000ns  (sys_clk_pin rise@10.000ns - sys_clk_pin rise@0.000ns)
  Data Path Delay:        1.695ns  (logic 0.670ns (39.539%)  route 1.025ns (60.461%))
  Logic Levels:           1  (LUT4=1)
  Clock Path Skew:        -0.224ns (DCD - SCD + CPR)
    Destination Clock Delay (DCD):    3.373ns = ( 13.373 - 10.000 ) 
    Source Clock Delay      (SCD):    3.933ns
    Clock Pessimism Removal (CPR):    0.335ns
  Clock Uncertainty:      0.035ns  ((TSJ^2 + TIJ^2)^1/2 + DJ) / 2 + PE
    Total System Jitter     (TSJ):    0.071ns
    Total Input Jitter      (TIJ):    0.000ns
    Discrete Jitter          (DJ):    0.000ns
    Phase Error              (PE):    0.000ns

    Location             Delay type                Incr(ns)  Path(ns)    Netlist Resource(s)
  -------------------------------------------------------------------    -------------------
                         (clock sys_clk_pin rise edge)
                                                      0.000     0.000 r  
    W5                                                0.000     0.000 r  clk (IN)
                         net (fo=0)                   0.000     0.000    clk
    W5                   IBUF (Prop_ibuf_I_O)         1.458     1.458 r  clk_IBUF_inst/O
                         net (fo=8, routed)           2.474     3.933    u/clk
    SLICE_X38Y46         FDRE                                         r  u/clk_div_reg[0]/C
  -------------------------------------------------------------------    -------------------
    SLICE_X38Y46         FDRE (Prop_fdre_C_Q)         0.518     4.451 r  u/clk_div_reg[0]/Q
                         net (fo=7, routed)           1.025     5.475    u/clk_div_reg_n_0_[0]
    SLICE_X37Y46         LUT4 (Prop_lut4_I1_O)        0.152     5.627 r  u/clk_div[3]_i_1/O
                         net (fo=1, routed)           0.000     5.627    u/p_0_in__0[3]
    SLICE_X37Y46         FDRE                                         r  u/clk_div_reg[3]/D
  -------------------------------------------------------------------    -------------------

                         (clock sys_clk_pin rise edge)
                                                     10.000    10.000 r  
    W5                                                0.000    10.000 r  clk (IN)
                         net (fo=0)                   0.000    10.000    clk
    W5                   IBUF (Prop_ibuf_I_O)         1.388    11.388 r  clk_IBUF_inst/O
                         net (fo=8, routed)           1.985    13.373    u/clk
    SLICE_X37Y46         FDRE                                         r  u/clk_div_reg[3]/C
                         clock pessimism              0.335    13.709    
                         clock uncertainty           -0.035    13.673    
    SLICE_X37Y46         FDRE (Setup_fdre_C_D)        0.075    13.748    u/clk_div_reg[3]
  -------------------------------------------------------------------
                         required time                         13.748    
                         arrival time                          -5.627    
  -------------------------------------------------------------------
                         slack                                  8.121    

Slack (MET) :             8.403ns  (required time - arrival time)
  Source:                 u/clk_div_reg[1]/C
                            (rising edge-triggered cell FDRE clocked by sys_clk_pin  {rise@0.000ns fall@5.000ns period=10.000ns})
  Destination:            u/clk_div_reg[1]/D
                            (rising edge-triggered cell FDRE clocked by sys_clk_pin  {rise@0.000ns fall@5.000ns period=10.000ns})
  Path Group:             sys_clk_pin
  Path Type:              Setup (Max at Slow Process Corner)
  Requirement:            10.000ns  (sys_clk_pin rise@10.000ns - sys_clk_pin rise@0.000ns)
  Data Path Delay:        1.680ns  (logic 0.795ns (47.332%)  route 0.885ns (52.668%))
  Logic Levels:           1  (LUT2=1)
  Clock Path Skew:        0.000ns (DCD - SCD + CPR)
    Destination Clock Delay (DCD):    3.521ns = ( 13.521 - 10.000 ) 
    Source Clock Delay      (SCD):    3.933ns
    Clock Pessimism Removal (CPR):    0.411ns
  Clock Uncertainty:      0.035ns  ((TSJ^2 + TIJ^2)^1/2 + DJ) / 2 + PE
    Total System Jitter     (TSJ):    0.071ns
    Total Input Jitter      (TIJ):    0.000ns
    Discrete Jitter          (DJ):    0.000ns
    Phase Error              (PE):    0.000ns

    Location             Delay type                Incr(ns)  Path(ns)    Netlist Resource(s)
  -------------------------------------------------------------------    -------------------
                         (clock sys_clk_pin rise edge)
                                                      0.000     0.000 r  
    W5                                                0.000     0.000 r  clk (IN)
                         net (fo=0)                   0.000     0.000    clk
    W5                   IBUF (Prop_ibuf_I_O)         1.458     1.458 r  clk_IBUF_inst/O
                         net (fo=8, routed)           2.474     3.933    u/clk
    SLICE_X38Y46         FDRE                                         r  u/clk_div_reg[1]/C
  -------------------------------------------------------------------    -------------------
    SLICE_X38Y46         FDRE (Prop_fdre_C_Q)         0.478     4.411 r  u/clk_div_reg[1]/Q
                         net (fo=6, routed)           0.885     5.295    u/clk_div_reg_n_0_[1]
    SLICE_X38Y46         LUT2 (Prop_lut2_I1_O)        0.317     5.612 r  u/clk_div[1]_i_1/O
                         net (fo=1, routed)           0.000     5.612    u/p_0_in__0[1]
    SLICE_X38Y46         FDRE                                         r  u/clk_div_reg[1]/D
  -------------------------------------------------------------------    -------------------

                         (clock sys_clk_pin rise edge)
                                                     10.000    10.000 r  
    W5                                                0.000    10.000 r  clk (IN)
                         net (fo=0)                   0.000    10.000    clk
    W5                   IBUF (Prop_ibuf_I_O)         1.388    11.388 r  clk_IBUF_inst/O
                         net (fo=8, routed)           2.133    13.521    u/clk
    SLICE_X38Y46         FDRE                                         r  u/clk_div_reg[1]/C
                         clock pessimism              0.411    13.933    
                         clock uncertainty           -0.035    13.897    
    SLICE_X38Y46         FDRE (Setup_fdre_C_D)        0.118    14.015    u/clk_div_reg[1]
  -------------------------------------------------------------------
                         required time                         14.015    
                         arrival time                          -5.612    
  -------------------------------------------------------------------
                         slack                                  8.403    

Slack (MET) :             8.462ns  (required time - arrival time)
  Source:                 u/clk_div_reg[0]/C
                            (rising edge-triggered cell FDRE clocked by sys_clk_pin  {rise@0.000ns fall@5.000ns period=10.000ns})
  Destination:            u/clk_div_reg[5]/D
                            (rising edge-triggered cell FDRE clocked by sys_clk_pin  {rise@0.000ns fall@5.000ns period=10.000ns})
  Path Group:             sys_clk_pin
  Path Type:              Setup (Max at Slow Process Corner)
  Requirement:            10.000ns  (sys_clk_pin rise@10.000ns - sys_clk_pin rise@0.000ns)
  Data Path Delay:        1.310ns  (logic 0.642ns (49.024%)  route 0.668ns (50.976%))
  Logic Levels:           1  (LUT6=1)
  Clock Path Skew:        -0.224ns (DCD - SCD + CPR)
    Destination Clock Delay (DCD):    3.373ns = ( 13.373 - 10.000 ) 
    Source Clock Delay      (SCD):    3.933ns
    Clock Pessimism Removal (CPR):    0.335ns
  Clock Uncertainty:      0.035ns  ((TSJ^2 + TIJ^2)^1/2 + DJ) / 2 + PE
    Total System Jitter     (TSJ):    0.071ns
    Total Input Jitter      (TIJ):    0.000ns
    Discrete Jitter          (DJ):    0.000ns
    Phase Error              (PE):    0.000ns

    Location             Delay type                Incr(ns)  Path(ns)    Netlist Resource(s)
  -------------------------------------------------------------------    -------------------
                         (clock sys_clk_pin rise edge)
                                                      0.000     0.000 r  
    W5                                                0.000     0.000 r  clk (IN)
                         net (fo=0)                   0.000     0.000    clk
    W5                   IBUF (Prop_ibuf_I_O)         1.458     1.458 r  clk_IBUF_inst/O
                         net (fo=8, routed)           2.474     3.933    u/clk
    SLICE_X38Y46         FDRE                                         r  u/clk_div_reg[0]/C
  -------------------------------------------------------------------    -------------------
    SLICE_X38Y46         FDRE (Prop_fdre_C_Q)         0.518     4.451 r  u/clk_div_reg[0]/Q
                         net (fo=7, routed)           0.668     5.118    u/clk_div_reg_n_0_[0]
    SLICE_X37Y46         LUT6 (Prop_lut6_I2_O)        0.124     5.242 r  u/clk_div[5]_i_1/O
                         net (fo=1, routed)           0.000     5.242    u/p_0_in__0[5]
    SLICE_X37Y46         FDRE                                         r  u/clk_div_reg[5]/D
  -------------------------------------------------------------------    -------------------

                         (clock sys_clk_pin rise edge)
                                                     10.000    10.000 r  
    W5                                                0.000    10.000 r  clk (IN)
                         net (fo=0)                   0.000    10.000    clk
    W5                   IBUF (Prop_ibuf_I_O)         1.388    11.388 r  clk_IBUF_inst/O
                         net (fo=8, routed)           1.985    13.373    u/clk
    SLICE_X37Y46         FDRE                                         r  u/clk_div_reg[5]/C
                         clock pessimism              0.335    13.709    
                         clock uncertainty           -0.035    13.673    
    SLICE_X37Y46         FDRE (Setup_fdre_C_D)        0.031    13.704    u/clk_div_reg[5]
  -------------------------------------------------------------------
                         required time                         13.704    
                         arrival time                          -5.242    
  -------------------------------------------------------------------
                         slack                                  8.462    

Slack (MET) :             8.866ns  (required time - arrival time)
  Source:                 u/clk_div_reg[0]/C
                            (rising edge-triggered cell FDRE clocked by sys_clk_pin  {rise@0.000ns fall@5.000ns period=10.000ns})
  Destination:            u/clk_div_reg[0]/D
                            (rising edge-triggered cell FDRE clocked by sys_clk_pin  {rise@0.000ns fall@5.000ns period=10.000ns})
  Path Group:             sys_clk_pin
  Path Type:              Setup (Max at Slow Process Corner)
  Requirement:            10.000ns  (sys_clk_pin rise@10.000ns - sys_clk_pin rise@0.000ns)
  Data Path Delay:        1.175ns  (logic 0.642ns (54.624%)  route 0.533ns (45.376%))
  Logic Levels:           1  (LUT1=1)
  Clock Path Skew:        0.000ns (DCD - SCD + CPR)
    Destination Clock Delay (DCD):    3.521ns = ( 13.521 - 10.000 ) 
    Source Clock Delay      (SCD):    3.933ns
    Clock Pessimism Removal (CPR):    0.411ns
  Clock Uncertainty:      0.035ns  ((TSJ^2 + TIJ^2)^1/2 + DJ) / 2 + PE
    Total System Jitter     (TSJ):    0.071ns
    Total Input Jitter      (TIJ):    0.000ns
    Discrete Jitter          (DJ):    0.000ns
    Phase Error              (PE):    0.000ns

    Location             Delay type                Incr(ns)  Path(ns)    Netlist Resource(s)
  -------------------------------------------------------------------    -------------------
                         (clock sys_clk_pin rise edge)
                                                      0.000     0.000 r  
    W5                                                0.000     0.000 r  clk (IN)
                         net (fo=0)                   0.000     0.000    clk
    W5                   IBUF (Prop_ibuf_I_O)         1.458     1.458 r  clk_IBUF_inst/O
                         net (fo=8, routed)           2.474     3.933    u/clk
    SLICE_X38Y46         FDRE                                         r  u/clk_div_reg[0]/C
  -------------------------------------------------------------------    -------------------
    SLICE_X38Y46         FDRE (Prop_fdre_C_Q)         0.518     4.451 f  u/clk_div_reg[0]/Q
                         net (fo=7, routed)           0.533     4.984    u/clk_div_reg_n_0_[0]
    SLICE_X38Y46         LUT1 (Prop_lut1_I0_O)        0.124     5.108 r  u/clk_div[0]_i_1/O
                         net (fo=1, routed)           0.000     5.108    u/p_0_in__0[0]
    SLICE_X38Y46         FDRE                                         r  u/clk_div_reg[0]/D
  -------------------------------------------------------------------    -------------------

                         (clock sys_clk_pin rise edge)
                                                     10.000    10.000 r  
    W5                                                0.000    10.000 r  clk (IN)
                         net (fo=0)                   0.000    10.000    clk
    W5                   IBUF (Prop_ibuf_I_O)         1.388    11.388 r  clk_IBUF_inst/O
                         net (fo=8, routed)           2.133    13.521    u/clk
    SLICE_X38Y46         FDRE                                         r  u/clk_div_reg[0]/C
                         clock pessimism              0.411    13.933    
                         clock uncertainty           -0.035    13.897    
    SLICE_X38Y46         FDRE (Setup_fdre_C_D)        0.077    13.974    u/clk_div_reg[0]
  -------------------------------------------------------------------
                         required time                         13.974    
                         arrival time                          -5.108    
  -------------------------------------------------------------------
                         slack                                  8.866    





Min Delay Paths
--------------------------------------------------------------------------------------
Slack (MET) :             0.244ns  (arrival time - required time)
  Source:                 u/clk_div_reg[2]/C
                            (rising edge-triggered cell FDRE clocked by sys_clk_pin  {rise@0.000ns fall@5.000ns period=10.000ns})
  Destination:            u/clk_div_reg[3]/D
                            (rising edge-triggered cell FDRE clocked by sys_clk_pin  {rise@0.000ns fall@5.000ns period=10.000ns})
  Path Group:             sys_clk_pin
  Path Type:              Hold (Min at Fast Process Corner)
  Requirement:            0.000ns  (sys_clk_pin rise@0.000ns - sys_clk_pin rise@0.000ns)
  Data Path Delay:        0.351ns  (logic 0.183ns (52.101%)  route 0.168ns (47.899%))
  Logic Levels:           1  (LUT4=1)
  Clock Path Skew:        0.000ns (DCD - SCD - CPR)
    Destination Clock Delay (DCD):    1.625ns
    Source Clock Delay      (SCD):    1.294ns
    Clock Pessimism Removal (CPR):    0.331ns

    Location             Delay type                Incr(ns)  Path(ns)    Netlist Resource(s)
  -------------------------------------------------------------------    -------------------
                         (clock sys_clk_pin rise edge)
                                                      0.000     0.000 r  
    W5                                                0.000     0.000 r  clk (IN)
                         net (fo=0)                   0.000     0.000    clk
    W5                   IBUF (Prop_ibuf_I_O)         0.226     0.226 r  clk_IBUF_inst/O
                         net (fo=8, routed)           1.067     1.294    u/clk
    SLICE_X37Y46         FDRE                                         r  u/clk_div_reg[2]/C
  -------------------------------------------------------------------    -------------------
    SLICE_X37Y46         FDRE (Prop_fdre_C_Q)         0.141     1.435 r  u/clk_div_reg[2]/Q
                         net (fo=5, routed)           0.168     1.603    u/clk_div_reg_n_0_[2]
    SLICE_X37Y46         LUT4 (Prop_lut4_I2_O)        0.042     1.645 r  u/clk_div[3]_i_1/O
                         net (fo=1, routed)           0.000     1.645    u/p_0_in__0[3]
    SLICE_X37Y46         FDRE                                         r  u/clk_div_reg[3]/D
  -------------------------------------------------------------------    -------------------

                         (clock sys_clk_pin rise edge)
                                                      0.000     0.000 r  
    W5                                                0.000     0.000 r  clk (IN)
                         net (fo=0)                   0.000     0.000    clk
    W5                   IBUF (Prop_ibuf_I_O)         0.414     0.414 r  clk_IBUF_inst/O
                         net (fo=8, routed)           1.210     1.625    u/clk
    SLICE_X37Y46         FDRE                                         r  u/clk_div_reg[3]/C
                         clock pessimism             -0.331     1.294    
    SLICE_X37Y46         FDRE (Hold_fdre_C_D)         0.107     1.401    u/clk_div_reg[3]
  -------------------------------------------------------------------
                         required time                         -1.401    
                         arrival time                           1.645    
  -------------------------------------------------------------------
                         slack                                  0.244    

Slack (MET) :             0.250ns  (arrival time - required time)
  Source:                 u/clk_div_reg[2]/C
                            (rising edge-triggered cell FDRE clocked by sys_clk_pin  {rise@0.000ns fall@5.000ns period=10.000ns})
  Destination:            u/clk_div_reg[5]/D
                            (rising edge-triggered cell FDRE clocked by sys_clk_pin  {rise@0.000ns fall@5.000ns period=10.000ns})
  Path Group:             sys_clk_pin
  Path Type:              Hold (Min at Fast Process Corner)
  Requirement:            0.000ns  (sys_clk_pin rise@0.000ns - sys_clk_pin rise@0.000ns)
  Data Path Delay:        0.342ns  (logic 0.186ns (54.336%)  route 0.156ns (45.664%))
  Logic Levels:           1  (LUT6=1)
  Clock Path Skew:        0.000ns (DCD - SCD - CPR)
    Destination Clock Delay (DCD):    1.625ns
    Source Clock Delay      (SCD):    1.294ns
    Clock Pessimism Removal (CPR):    0.331ns

    Location             Delay type                Incr(ns)  Path(ns)    Netlist Resource(s)
  -------------------------------------------------------------------    -------------------
                         (clock sys_clk_pin rise edge)
                                                      0.000     0.000 r  
    W5                                                0.000     0.000 r  clk (IN)
                         net (fo=0)                   0.000     0.000    clk
    W5                   IBUF (Prop_ibuf_I_O)         0.226     0.226 r  clk_IBUF_inst/O
                         net (fo=8, routed)           1.067     1.294    u/clk
    SLICE_X37Y46         FDRE                                         r  u/clk_div_reg[2]/C
  -------------------------------------------------------------------    -------------------
    SLICE_X37Y46         FDRE (Prop_fdre_C_Q)         0.141     1.435 r  u/clk_div_reg[2]/Q
                         net (fo=5, routed)           0.156     1.591    u/clk_div_reg_n_0_[2]
    SLICE_X37Y46         LUT6 (Prop_lut6_I3_O)        0.045     1.636 r  u/clk_div[5]_i_1/O
                         net (fo=1, routed)           0.000     1.636    u/p_0_in__0[5]
    SLICE_X37Y46         FDRE                                         r  u/clk_div_reg[5]/D
  -------------------------------------------------------------------    -------------------

                         (clock sys_clk_pin rise edge)
                                                      0.000     0.000 r  
    W5                                                0.000     0.000 r  clk (IN)
                         net (fo=0)                   0.000     0.000    clk
    W5                   IBUF (Prop_ibuf_I_O)         0.414     0.414 r  clk_IBUF_inst/O
                         net (fo=8, routed)           1.210     1.625    u/clk
    SLICE_X37Y46         FDRE                                         r  u/clk_div_reg[5]/C
                         clock pessimism             -0.331     1.294    
    SLICE_X37Y46         FDRE (Hold_fdre_C_D)         0.092     1.386    u/clk_div_reg[5]
  -------------------------------------------------------------------
                         required time                         -1.386    
                         arrival time                           1.636    
  -------------------------------------------------------------------
                         slack                                  0.250    

Slack (MET) :             0.251ns  (arrival time - required time)
  Source:                 u/clk_div_reg[0]/C
                            (rising edge-triggered cell FDRE clocked by sys_clk_pin  {rise@0.000ns fall@5.000ns period=10.000ns})
  Destination:            u/clk_div_reg[1]/D
                            (rising edge-triggered cell FDRE clocked by sys_clk_pin  {rise@0.000ns fall@5.000ns period=10.000ns})
  Path Group:             sys_clk_pin
  Path Type:              Hold (Min at Fast Process Corner)
  Requirement:            0.000ns  (sys_clk_pin rise@0.000ns - sys_clk_pin rise@0.000ns)
  Data Path Delay:        0.382ns  (logic 0.207ns (54.146%)  route 0.175ns (45.854%))
  Logic Levels:           1  (LUT2=1)
  Clock Path Skew:        0.000ns (DCD - SCD - CPR)
    Destination Clock Delay (DCD):    1.690ns
    Source Clock Delay      (SCD):    1.348ns
    Clock Pessimism Removal (CPR):    0.343ns

    Location             Delay type                Incr(ns)  Path(ns)    Netlist Resource(s)
  -------------------------------------------------------------------    -------------------
                         (clock sys_clk_pin rise edge)
                                                      0.000     0.000 r  
    W5                                                0.000     0.000 r  clk (IN)
                         net (fo=0)                   0.000     0.000    clk
    W5                   IBUF (Prop_ibuf_I_O)         0.226     0.226 r  clk_IBUF_inst/O
                         net (fo=8, routed)           1.121     1.348    u/clk
    SLICE_X38Y46         FDRE                                         r  u/clk_div_reg[0]/C
  -------------------------------------------------------------------    -------------------
    SLICE_X38Y46         FDRE (Prop_fdre_C_Q)         0.164     1.512 r  u/clk_div_reg[0]/Q
                         net (fo=7, routed)           0.175     1.687    u/clk_div_reg_n_0_[0]
    SLICE_X38Y46         LUT2 (Prop_lut2_I0_O)        0.043     1.730 r  u/clk_div[1]_i_1/O
                         net (fo=1, routed)           0.000     1.730    u/p_0_in__0[1]
    SLICE_X38Y46         FDRE                                         r  u/clk_div_reg[1]/D
  -------------------------------------------------------------------    -------------------

                         (clock sys_clk_pin rise edge)
                                                      0.000     0.000 r  
    W5                                                0.000     0.000 r  clk (IN)
                         net (fo=0)                   0.000     0.000    clk
    W5                   IBUF (Prop_ibuf_I_O)         0.414     0.414 r  clk_IBUF_inst/O
                         net (fo=8, routed)           1.276     1.690    u/clk
    SLICE_X38Y46         FDRE                                         r  u/clk_div_reg[1]/C
                         clock pessimism             -0.343     1.348    
    SLICE_X38Y46         FDRE (Hold_fdre_C_D)         0.131     1.479    u/clk_div_reg[1]
  -------------------------------------------------------------------
                         required time                         -1.479    
                         arrival time                           1.730    
  -------------------------------------------------------------------
                         slack                                  0.251    

Slack (MET) :             0.263ns  (arrival time - required time)
  Source:                 u/clk_div_reg[2]/C
                            (rising edge-triggered cell FDRE clocked by sys_clk_pin  {rise@0.000ns fall@5.000ns period=10.000ns})
  Destination:            u/clk_div_reg[2]/D
                            (rising edge-triggered cell FDRE clocked by sys_clk_pin  {rise@0.000ns fall@5.000ns period=10.000ns})
  Path Group:             sys_clk_pin
  Path Type:              Hold (Min at Fast Process Corner)
  Requirement:            0.000ns  (sys_clk_pin rise@0.000ns - sys_clk_pin rise@0.000ns)
  Data Path Delay:        0.354ns  (logic 0.186ns (52.507%)  route 0.168ns (47.493%))
  Logic Levels:           1  (LUT3=1)
  Clock Path Skew:        0.000ns (DCD - SCD - CPR)
    Destination Clock Delay (DCD):    1.625ns
    Source Clock Delay      (SCD):    1.294ns
    Clock Pessimism Removal (CPR):    0.331ns

    Location             Delay type                Incr(ns)  Path(ns)    Netlist Resource(s)
  -------------------------------------------------------------------    -------------------
                         (clock sys_clk_pin rise edge)
                                                      0.000     0.000 r  
    W5                                                0.000     0.000 r  clk (IN)
                         net (fo=0)                   0.000     0.000    clk
    W5                   IBUF (Prop_ibuf_I_O)         0.226     0.226 r  clk_IBUF_inst/O
                         net (fo=8, routed)           1.067     1.294    u/clk
    SLICE_X37Y46         FDRE                                         r  u/clk_div_reg[2]/C
  -------------------------------------------------------------------    -------------------
    SLICE_X37Y46         FDRE (Prop_fdre_C_Q)         0.141     1.435 r  u/clk_div_reg[2]/Q
                         net (fo=5, routed)           0.168     1.603    u/clk_div_reg_n_0_[2]
    SLICE_X37Y46         LUT3 (Prop_lut3_I2_O)        0.045     1.648 r  u/clk_div[2]_i_1/O
                         net (fo=1, routed)           0.000     1.648    u/p_0_in__0[2]
    SLICE_X37Y46         FDRE                                         r  u/clk_div_reg[2]/D
  -------------------------------------------------------------------    -------------------

                         (clock sys_clk_pin rise edge)
                                                      0.000     0.000 r  
    W5                                                0.000     0.000 r  clk (IN)
                         net (fo=0)                   0.000     0.000    clk
    W5                   IBUF (Prop_ibuf_I_O)         0.414     0.414 r  clk_IBUF_inst/O
                         net (fo=8, routed)           1.210     1.625    u/clk
    SLICE_X37Y46         FDRE                                         r  u/clk_div_reg[2]/C
                         clock pessimism             -0.331     1.294    
    SLICE_X37Y46         FDRE (Hold_fdre_C_D)         0.091     1.385    u/clk_div_reg[2]
  -------------------------------------------------------------------
                         required time                         -1.385    
                         arrival time                           1.648    
  -------------------------------------------------------------------
                         slack                                  0.263    

Slack (MET) :             0.264ns  (arrival time - required time)
  Source:                 u/clk_div_reg[6]/C
                            (rising edge-triggered cell FDRE clocked by sys_clk_pin  {rise@0.000ns fall@5.000ns period=10.000ns})
  Destination:            u/clk_div_reg[6]/D
                            (rising edge-triggered cell FDRE clocked by sys_clk_pin  {rise@0.000ns fall@5.000ns period=10.000ns})
  Path Group:             sys_clk_pin
  Path Type:              Hold (Min at Fast Process Corner)
  Requirement:            0.000ns  (sys_clk_pin rise@0.000ns - sys_clk_pin rise@0.000ns)
  Data Path Delay:        0.356ns  (logic 0.186ns (52.212%)  route 0.170ns (47.788%))
  Logic Levels:           1  (LUT3=1)
  Clock Path Skew:        0.000ns (DCD - SCD - CPR)
    Destination Clock Delay (DCD):    1.625ns
    Source Clock Delay      (SCD):    1.294ns
    Clock Pessimism Removal (CPR):    0.331ns

    Location             Delay type                Incr(ns)  Path(ns)    Netlist Resource(s)
  -------------------------------------------------------------------    -------------------
                         (clock sys_clk_pin rise edge)
                                                      0.000     0.000 r  
    W5                                                0.000     0.000 r  clk (IN)
                         net (fo=0)                   0.000     0.000    clk
    W5                   IBUF (Prop_ibuf_I_O)         0.226     0.226 r  clk_IBUF_inst/O
                         net (fo=8, routed)           1.067     1.294    u/clk
    SLICE_X37Y46         FDRE                                         r  u/clk_div_reg[6]/C
  -------------------------------------------------------------------    -------------------
    SLICE_X37Y46         FDRE (Prop_fdre_C_Q)         0.141     1.435 r  u/clk_div_reg[6]/Q
                         net (fo=2, routed)           0.170     1.605    u/out[0]
    SLICE_X37Y46         LUT3 (Prop_lut3_I2_O)        0.045     1.650 r  u/clk_div[6]_i_1/O
                         net (fo=1, routed)           0.000     1.650    u/p_0_in__0[6]
    SLICE_X37Y46         FDRE                                         r  u/clk_div_reg[6]/D
  -------------------------------------------------------------------    -------------------

                         (clock sys_clk_pin rise edge)
                                                      0.000     0.000 r  
    W5                                                0.000     0.000 r  clk (IN)
                         net (fo=0)                   0.000     0.000    clk
    W5                   IBUF (Prop_ibuf_I_O)         0.414     0.414 r  clk_IBUF_inst/O
                         net (fo=8, routed)           1.210     1.625    u/clk
    SLICE_X37Y46         FDRE                                         r  u/clk_div_reg[6]/C
                         clock pessimism             -0.331     1.294    
    SLICE_X37Y46         FDRE (Hold_fdre_C_D)         0.092     1.386    u/clk_div_reg[6]
  -------------------------------------------------------------------
                         required time                         -1.386    
                         arrival time                           1.650    
  -------------------------------------------------------------------
                         slack                                  0.264    

Slack (MET) :             0.264ns  (arrival time - required time)
  Source:                 u/clk_div_reg[0]/C
                            (rising edge-triggered cell FDRE clocked by sys_clk_pin  {rise@0.000ns fall@5.000ns period=10.000ns})
  Destination:            u/clk_div_reg[0]/D
                            (rising edge-triggered cell FDRE clocked by sys_clk_pin  {rise@0.000ns fall@5.000ns period=10.000ns})
  Path Group:             sys_clk_pin
  Path Type:              Hold (Min at Fast Process Corner)
  Requirement:            0.000ns  (sys_clk_pin rise@0.000ns - sys_clk_pin rise@0.000ns)
  Data Path Delay:        0.384ns  (logic 0.209ns (54.384%)  route 0.175ns (45.616%))
  Logic Levels:           1  (LUT1=1)
  Clock Path Skew:        0.000ns (DCD - SCD - CPR)
    Destination Clock Delay (DCD):    1.690ns
    Source Clock Delay      (SCD):    1.348ns
    Clock Pessimism Removal (CPR):    0.343ns

    Location             Delay type                Incr(ns)  Path(ns)    Netlist Resource(s)
  -------------------------------------------------------------------    -------------------
                         (clock sys_clk_pin rise edge)
                                                      0.000     0.000 r  
    W5                                                0.000     0.000 r  clk (IN)
                         net (fo=0)                   0.000     0.000    clk
    W5                   IBUF (Prop_ibuf_I_O)         0.226     0.226 r  clk_IBUF_inst/O
                         net (fo=8, routed)           1.121     1.348    u/clk
    SLICE_X38Y46         FDRE                                         r  u/clk_div_reg[0]/C
  -------------------------------------------------------------------    -------------------
    SLICE_X38Y46         FDRE (Prop_fdre_C_Q)         0.164     1.512 f  u/clk_div_reg[0]/Q
                         net (fo=7, routed)           0.175     1.687    u/clk_div_reg_n_0_[0]
    SLICE_X38Y46         LUT1 (Prop_lut1_I0_O)        0.045     1.732 r  u/clk_div[0]_i_1/O
                         net (fo=1, routed)           0.000     1.732    u/p_0_in__0[0]
    SLICE_X38Y46         FDRE                                         r  u/clk_div_reg[0]/D
  -------------------------------------------------------------------    -------------------

                         (clock sys_clk_pin rise edge)
                                                      0.000     0.000 r  
    W5                                                0.000     0.000 r  clk (IN)
                         net (fo=0)                   0.000     0.000    clk
    W5                   IBUF (Prop_ibuf_I_O)         0.414     0.414 r  clk_IBUF_inst/O
                         net (fo=8, routed)           1.276     1.690    u/clk
    SLICE_X38Y46         FDRE                                         r  u/clk_div_reg[0]/C
                         clock pessimism             -0.343     1.348    
    SLICE_X38Y46         FDRE (Hold_fdre_C_D)         0.120     1.468    u/clk_div_reg[0]
  -------------------------------------------------------------------
                         required time                         -1.468    
                         arrival time                           1.732    
  -------------------------------------------------------------------
                         slack                                  0.264    

Slack (MET) :             0.406ns  (arrival time - required time)
  Source:                 u/clk_div_reg[4]/C
                            (rising edge-triggered cell FDRE clocked by sys_clk_pin  {rise@0.000ns fall@5.000ns period=10.000ns})
  Destination:            u/clk_div_reg[4]/D
                            (rising edge-triggered cell FDRE clocked by sys_clk_pin  {rise@0.000ns fall@5.000ns period=10.000ns})
  Path Group:             sys_clk_pin
  Path Type:              Hold (Min at Fast Process Corner)
  Requirement:            0.000ns  (sys_clk_pin rise@0.000ns - sys_clk_pin rise@0.000ns)
  Data Path Delay:        0.409ns  (logic 0.190ns (46.410%)  route 0.219ns (53.590%))
  Logic Levels:           1  (LUT5=1)
  Clock Path Skew:        0.000ns (DCD - SCD - CPR)
    Destination Clock Delay (DCD):    1.625ns
    Source Clock Delay      (SCD):    1.294ns
    Clock Pessimism Removal (CPR):    0.331ns

    Location             Delay type                Incr(ns)  Path(ns)    Netlist Resource(s)
  -------------------------------------------------------------------    -------------------
                         (clock sys_clk_pin rise edge)
                                                      0.000     0.000 r  
    W5                                                0.000     0.000 r  clk (IN)
                         net (fo=0)                   0.000     0.000    clk
    W5                   IBUF (Prop_ibuf_I_O)         0.226     0.226 r  clk_IBUF_inst/O
                         net (fo=8, routed)           1.067     1.294    u/clk
    SLICE_X36Y46         FDRE                                         r  u/clk_div_reg[4]/C
  -------------------------------------------------------------------    -------------------
    SLICE_X36Y46         FDRE (Prop_fdre_C_Q)         0.141     1.435 r  u/clk_div_reg[4]/Q
                         net (fo=3, routed)           0.098     1.533    u/clk_div_reg_n_0_[4]
    SLICE_X37Y46         LUT5 (Prop_lut5_I4_O)        0.049     1.582 r  u/clk_div[4]_i_1/O
                         net (fo=1, routed)           0.122     1.703    u/p_0_in__0[4]
    SLICE_X36Y46         FDRE                                         r  u/clk_div_reg[4]/D
  -------------------------------------------------------------------    -------------------

                         (clock sys_clk_pin rise edge)
                                                      0.000     0.000 r  
    W5                                                0.000     0.000 r  clk (IN)
                         net (fo=0)                   0.000     0.000    clk
    W5                   IBUF (Prop_ibuf_I_O)         0.414     0.414 r  clk_IBUF_inst/O
                         net (fo=8, routed)           1.210     1.625    u/clk
    SLICE_X36Y46         FDRE                                         r  u/clk_div_reg[4]/C
                         clock pessimism             -0.331     1.294    
    SLICE_X36Y46         FDRE (Hold_fdre_C_D)         0.003     1.297    u/clk_div_reg[4]
  -------------------------------------------------------------------
                         required time                         -1.297    
                         arrival time                           1.703    
  -------------------------------------------------------------------
                         slack                                  0.406    





Pulse Width Checks
--------------------------------------------------------------------------------------
Clock Name:         sys_clk_pin
Waveform(ns):       { 0.000 5.000 }
Period(ns):         10.000
Sources:            { clk }

Check Type        Corner  Lib Pin  Reference Pin  Required(ns)  Actual(ns)  Slack(ns)  Location      Pin
Min Period        n/a     FDRE/C   n/a            1.000         10.000      9.000      SLICE_X38Y46  u/clk_div_reg[0]/C
Min Period        n/a     FDRE/C   n/a            1.000         10.000      9.000      SLICE_X38Y46  u/clk_div_reg[1]/C
Min Period        n/a     FDRE/C   n/a            1.000         10.000      9.000      SLICE_X37Y46  u/clk_div_reg[2]/C
Min Period        n/a     FDRE/C   n/a            1.000         10.000      9.000      SLICE_X37Y46  u/clk_div_reg[3]/C
Min Period        n/a     FDRE/C   n/a            1.000         10.000      9.000      SLICE_X36Y46  u/clk_div_reg[4]/C
Min Period        n/a     FDRE/C   n/a            1.000         10.000      9.000      SLICE_X37Y46  u/clk_div_reg[5]/C
Min Period        n/a     FDRE/C   n/a            1.000         10.000      9.000      SLICE_X37Y46  u/clk_div_reg[6]/C
Low Pulse Width   Slow    FDRE/C   n/a            0.500         5.000       4.500      SLICE_X38Y46  u/clk_div_reg[0]/C
Low Pulse Width   Fast    FDRE/C   n/a            0.500         5.000       4.500      SLICE_X38Y46  u/clk_div_reg[0]/C
Low Pulse Width   Slow    FDRE/C   n/a            0.500         5.000       4.500      SLICE_X38Y46  u/clk_div_reg[1]/C
Low Pulse Width   Fast    FDRE/C   n/a            0.500         5.000       4.500      SLICE_X38Y46  u/clk_div_reg[1]/C
Low Pulse Width   Slow    FDRE/C   n/a            0.500         5.000       4.500      SLICE_X37Y46  u/clk_div_reg[2]/C
Low Pulse Width   Fast    FDRE/C   n/a            0.500         5.000       4.500      SLICE_X37Y46  u/clk_div_reg[2]/C
Low Pulse Width   Slow    FDRE/C   n/a            0.500         5.000       4.500      SLICE_X37Y46  u/clk_div_reg[3]/C
Low Pulse Width   Fast    FDRE/C   n/a            0.500         5.000       4.500      SLICE_X37Y46  u/clk_div_reg[3]/C
Low Pulse Width   Slow    FDRE/C   n/a            0.500         5.000       4.500      SLICE_X36Y46  u/clk_div_reg[4]/C
Low Pulse Width   Fast    FDRE/C   n/a            0.500         5.000       4.500      SLICE_X36Y46  u/clk_div_reg[4]/C
High Pulse Width  Slow    FDRE/C   n/a            0.500         5.000       4.500      SLICE_X38Y46  u/clk_div_reg[0]/C
High Pulse Width  Fast    FDRE/C   n/a            0.500         5.000       4.500      SLICE_X38Y46  u/clk_div_reg[0]/C
High Pulse Width  Slow    FDRE/C   n/a            0.500         5.000       4.500      SLICE_X38Y46  u/clk_div_reg[1]/C
High Pulse Width  Fast    FDRE/C   n/a            0.500         5.000       4.500      SLICE_X38Y46  u/clk_div_reg[1]/C
High Pulse Width  Slow    FDRE/C   n/a            0.500         5.000       4.500      SLICE_X37Y46  u/clk_div_reg[2]/C
High Pulse Width  Fast    FDRE/C   n/a            0.500         5.000       4.500      SLICE_X37Y46  u/clk_div_reg[2]/C
High Pulse Width  Slow    FDRE/C   n/a            0.500         5.000       4.500      SLICE_X37Y46  u/clk_div_reg[3]/C
High Pulse Width  Fast    FDRE/C   n/a            0.500         5.000       4.500      SLICE_X37Y46  u/clk_div_reg[3]/C
High Pulse Width  Slow    FDRE/C   n/a            0.500         5.000       4.500      SLICE_X36Y46  u/clk_div_reg[4]/C
High Pulse Width  Fast    FDRE/C   n/a            0.500         5.000       4.500      SLICE_X36Y46  u/clk_div_reg[4]/C



--------------------------------------------------------------------------------------
Path Group:  (none)
From Clock:  
  To Clock:  

Max Delay            92 Endpoints
Min Delay            92 Endpoints
--------------------------------------------------------------------------------------


Max Delay Paths
--------------------------------------------------------------------------------------
Slack:                    inf
  Source:                 u/adc0_reg[5]/C
                            (rising edge-triggered cell FDRE)
  Destination:            led[15]
                            (output port)
  Path Group:             (none)
  Path Type:              Max at Slow Process Corner
  Data Path Delay:        9.835ns  (logic 4.504ns (45.801%)  route 5.330ns (54.199%))
  Logic Levels:           4  (FDRE=1 LUT4=1 LUT5=1 OBUF=1)

    Location             Delay type                Incr(ns)  Path(ns)    Netlist Resource(s)
  -------------------------------------------------------------------    -------------------
    SLICE_X6Y50          FDRE                         0.000     0.000 r  u/adc0_reg[5]/C
    SLICE_X6Y50          FDRE (Prop_fdre_C_Q)         0.518     0.518 f  u/adc0_reg[5]/Q
                         net (fo=2, routed)           0.744     1.262    u/adc0[5]
    SLICE_X6Y50          LUT4 (Prop_lut4_I0_O)        0.117     1.379 f  u/led_OBUF[15]_inst_i_2/O
                         net (fo=2, routed)           0.286     1.665    u/led_OBUF[15]_inst_i_2_n_0
    SLICE_X6Y50          LUT5 (Prop_lut5_I4_O)        0.348     2.013 r  u/led_OBUF[15]_inst_i_1/O
                         net (fo=1, routed)           4.301     6.313    led_OBUF[15]
    L1                   OBUF (Prop_obuf_I_O)         3.521     9.835 r  led_OBUF[15]_inst/O
                         net (fo=0)                   0.000     9.835    led[15]
    L1                                                                r  led[15] (OUT)
  -------------------------------------------------------------------    -------------------

Slack:                    inf
  Source:                 u/adc1_reg[5]/C
                            (rising edge-triggered cell FDRE)
  Destination:            led[5]
                            (output port)
  Path Group:             (none)
  Path Type:              Max at Slow Process Corner
  Data Path Delay:        9.635ns  (logic 4.532ns (47.042%)  route 5.102ns (52.958%))
  Logic Levels:           4  (FDRE=1 LUT4=1 LUT5=1 OBUF=1)

    Location             Delay type                Incr(ns)  Path(ns)    Netlist Resource(s)
  -------------------------------------------------------------------    -------------------
    SLICE_X8Y49          FDRE                         0.000     0.000 r  u/adc1_reg[5]/C
    SLICE_X8Y49          FDRE (Prop_fdre_C_Q)         0.518     0.518 f  u/adc1_reg[5]/Q
                         net (fo=2, routed)           1.270     1.788    u/p_0_in[1]
    SLICE_X8Y49          LUT4 (Prop_lut4_I0_O)        0.152     1.940 f  u/led_OBUF[5]_inst_i_2/O
                         net (fo=2, routed)           0.286     2.225    u/led_OBUF[5]_inst_i_2_n_0
    SLICE_X8Y49          LUT5 (Prop_lut5_I4_O)        0.348     2.573 r  u/led_OBUF[5]_inst_i_1/O
                         net (fo=1, routed)           3.547     6.120    led_OBUF[5]
    U15                  OBUF (Prop_obuf_I_O)         3.514     9.635 r  led_OBUF[5]_inst/O
                         net (fo=0)                   0.000     9.635    led[5]
    U15                                                               r  led[5] (OUT)
  -------------------------------------------------------------------    -------------------

Slack:                    inf
  Source:                 u/adc1_reg[5]/C
                            (rising edge-triggered cell FDRE)
  Destination:            led[10]
                            (output port)
  Path Group:             (none)
  Path Type:              Max at Slow Process Corner
  Data Path Delay:        9.615ns  (logic 4.291ns (44.632%)  route 5.324ns (55.368%))
  Logic Levels:           4  (FDRE=1 LUT4=1 LUT5=1 OBUF=1)

    Location             Delay type                Incr(ns)  Path(ns)    Netlist Resource(s)
  -------------------------------------------------------------------    -------------------
    SLICE_X8Y49          FDRE                         0.000     0.000 r  u/adc1_reg[5]/C
    SLICE_X8Y49          FDRE (Prop_fdre_C_Q)         0.518     0.518 r  u/adc1_reg[5]/Q
                         net (fo=2, routed)           1.270     1.788    u/p_0_in[1]
    SLICE_X8Y49          LUT4 (Prop_lut4_I0_O)        0.124     1.912 f  u/led_OBUF[10]_inst_i_2/O
                         net (fo=2, routed)           0.452     2.364    u/led_OBUF[10]_inst_i_2_n_0
    SLICE_X8Y49          LUT5 (Prop_lut5_I4_O)        0.124     2.488 r  u/led_OBUF[10]_inst_i_1/O
                         net (fo=1, routed)           3.602     6.090    led_OBUF[10]
    W3                   OBUF (Prop_obuf_I_O)         3.525     9.615 r  led_OBUF[10]_inst/O
                         net (fo=0)                   0.000     9.615    led[10]
    W3                                                                r  led[10] (OUT)
  -------------------------------------------------------------------    -------------------

Slack:                    inf
  Source:                 u/adc0_reg[5]/C
                            (rising edge-triggered cell FDRE)
  Destination:            led[0]
                            (output port)
  Path Group:             (none)
  Path Type:              Max at Slow Process Corner
  Data Path Delay:        8.801ns  (logic 4.271ns (48.528%)  route 4.530ns (51.472%))
  Logic Levels:           4  (FDRE=1 LUT4=1 LUT5=1 OBUF=1)

    Location             Delay type                Incr(ns)  Path(ns)    Netlist Resource(s)
  -------------------------------------------------------------------    -------------------
    SLICE_X6Y50          FDRE                         0.000     0.000 r  u/adc0_reg[5]/C
    SLICE_X6Y50          FDRE (Prop_fdre_C_Q)         0.518     0.518 r  u/adc0_reg[5]/Q
                         net (fo=2, routed)           0.744     1.262    u/adc0[5]
    SLICE_X6Y50          LUT4 (Prop_lut4_I0_O)        0.124     1.386 f  u/led_OBUF[0]_inst_i_2/O
                         net (fo=2, routed)           0.452     1.838    u/led_OBUF[0]_inst_i_2_n_0
    SLICE_X6Y50          LUT5 (Prop_lut5_I4_O)        0.124     1.962 r  u/led_OBUF[0]_inst_i_1/O
                         net (fo=1, routed)           3.334     5.296    led_OBUF[0]
    U16                  OBUF (Prop_obuf_I_O)         3.505     8.801 r  led_OBUF[0]_inst/O
                         net (fo=0)                   0.000     8.801    led[0]
    U16                                                               r  led[0] (OUT)
  -------------------------------------------------------------------    -------------------

Slack:                    inf
  Source:                 u/sclk_reg/C
                            (rising edge-triggered cell FDRE)
  Destination:            JB[3]
                            (output port)
  Path Group:             (none)
  Path Type:              Max at Slow Process Corner
  Data Path Delay:        8.092ns  (logic 3.959ns (48.924%)  route 4.133ns (51.076%))
  Logic Levels:           2  (FDRE=1 OBUF=1)

    Location             Delay type                Incr(ns)  Path(ns)    Netlist Resource(s)
  -------------------------------------------------------------------    -------------------
    SLICE_X7Y52          FDRE                         0.000     0.000 r  u/sclk_reg/C
    SLICE_X7Y52          FDRE (Prop_fdre_C_Q)         0.456     0.456 r  u/sclk_reg/Q
                         net (fo=5, routed)           4.133     4.589    JB_IBUF__0[3]
    B16                  OBUF (Prop_obuf_I_O)         3.503     8.092 r  JB_OBUF[3]_inst/O
                         net (fo=0)                   0.000     8.092    JB[3]
    B16                                                               r  JB[3] (INOUT)
  -------------------------------------------------------------------    -------------------

Slack:                    inf
  Source:                 u/cs_reg/C
                            (rising edge-triggered cell FDRE)
  Destination:            JB[0]
                            (output port)
  Path Group:             (none)
  Path Type:              Max at Slow Process Corner
  Data Path Delay:        7.678ns  (logic 3.976ns (51.785%)  route 3.702ns (48.215%))
  Logic Levels:           2  (FDRE=1 OBUF=1)

    Location             Delay type                Incr(ns)  Path(ns)    Netlist Resource(s)
  -------------------------------------------------------------------    -------------------
    SLICE_X7Y53          FDRE                         0.000     0.000 r  u/cs_reg/C
    SLICE_X7Y53          FDRE (Prop_fdre_C_Q)         0.456     0.456 r  u/cs_reg/Q
                         net (fo=1, routed)           3.702     4.158    JB_IBUF__0[0]
    A14                  OBUF (Prop_obuf_I_O)         3.520     7.678 r  JB_OBUF[0]_inst/O
                         net (fo=0)                   0.000     7.678    JB[0]
    A14                                                               r  JB[0] (INOUT)
  -------------------------------------------------------------------    -------------------

Slack:                    inf
  Source:                 JB[1]
                            (input port)
  Destination:            u/shift0_reg[2]_srl3/D
  Path Group:             (none)
  Path Type:              Max at Slow Process Corner
  Data Path Delay:        5.287ns  (logic 1.457ns (27.555%)  route 3.830ns (72.445%))
  Logic Levels:           1  (IBUF=1)

    Location             Delay type                Incr(ns)  Path(ns)    Netlist Resource(s)
  -------------------------------------------------------------------    -------------------
    A16                                               0.000     0.000 r  JB[1] (INOUT)
                         net (fo=0)                   0.000     0.000    JB[1]
    A16                  IBUF (Prop_ibuf_I_O)         1.457     1.457 r  JB_IBUF[1]_inst/O
                         net (fo=1, routed)           3.830     5.287    u/JB_IBUF[0]
    SLICE_X6Y53          SRL16E                                       r  u/shift0_reg[2]_srl3/D
  -------------------------------------------------------------------    -------------------

Slack:                    inf
  Source:                 JB[2]
                            (input port)
  Destination:            u/shift1_reg[2]_srl3/D
  Path Group:             (none)
  Path Type:              Max at Slow Process Corner
  Data Path Delay:        4.664ns  (logic 1.470ns (31.516%)  route 3.194ns (68.484%))
  Logic Levels:           1  (IBUF=1)

    Location             Delay type                Incr(ns)  Path(ns)    Netlist Resource(s)
  -------------------------------------------------------------------    -------------------
    B15                                               0.000     0.000 r  JB[2] (INOUT)
                         net (fo=0)                   0.000     0.000    JB[2]
    B15                  IBUF (Prop_ibuf_I_O)         1.470     1.470 r  JB_IBUF[2]_inst/O
                         net (fo=1, routed)           3.194     4.664    u/JB_IBUF[1]
    SLICE_X6Y51          SRL16E                                       r  u/shift1_reg[2]_srl3/D
  -------------------------------------------------------------------    -------------------

Slack:                    inf
  Source:                 u/sclk_reg/C
                            (rising edge-triggered cell FDRE)
  Destination:            u/shift0_reg[10]/CE
  Path Group:             (none)
  Path Type:              Max at Slow Process Corner
  Data Path Delay:        2.483ns  (logic 0.580ns (23.356%)  route 1.903ns (76.644%))
  Logic Levels:           2  (FDRE=1 LUT2=1)

    Location             Delay type                Incr(ns)  Path(ns)    Netlist Resource(s)
  -------------------------------------------------------------------    -------------------
    SLICE_X7Y52          FDRE                         0.000     0.000 r  u/sclk_reg/C
    SLICE_X7Y52          FDRE (Prop_fdre_C_Q)         0.456     0.456 r  u/sclk_reg/Q
                         net (fo=5, routed)           0.908     1.364    u/JB_IBUF__0[1]
    SLICE_X7Y52          LUT2 (Prop_lut2_I1_O)        0.124     1.488 r  u/shift0[10]_i_1/O
                         net (fo=18, routed)          0.995     2.483    u/shift0_0
    SLICE_X7Y49          FDRE                                         r  u/shift0_reg[10]/CE
  -------------------------------------------------------------------    -------------------

Slack:                    inf
  Source:                 u/sclk_reg/C
                            (rising edge-triggered cell FDRE)
  Destination:            u/shift0_reg[7]/CE
  Path Group:             (none)
  Path Type:              Max at Slow Process Corner
  Data Path Delay:        2.483ns  (logic 0.580ns (23.356%)  route 1.903ns (76.644%))
  Logic Levels:           2  (FDRE=1 LUT2=1)

    Location             Delay type                Incr(ns)  Path(ns)    Netlist Resource(s)
  -------------------------------------------------------------------    -------------------
    SLICE_X7Y52          FDRE                         0.000     0.000 r  u/sclk_reg/C
    SLICE_X7Y52          FDRE (Prop_fdre_C_Q)         0.456     0.456 r  u/sclk_reg/Q
                         net (fo=5, routed)           0.908     1.364    u/JB_IBUF__0[1]
    SLICE_X7Y52          LUT2 (Prop_lut2_I1_O)        0.124     1.488 r  u/shift0[10]_i_1/O
                         net (fo=18, routed)          0.995     2.483    u/shift0_0
    SLICE_X7Y49          FDRE                                         r  u/shift0_reg[7]/CE
  -------------------------------------------------------------------    -------------------





Min Delay Paths
--------------------------------------------------------------------------------------
Slack:                    inf
  Source:                 u/shift0_reg[5]/C
                            (rising edge-triggered cell FDRE)
  Destination:            u/adc0_reg[6]/D
  Path Group:             (none)
  Path Type:              Min at Fast Process Corner
  Data Path Delay:        0.205ns  (logic 0.141ns (68.679%)  route 0.064ns (31.321%))
  Logic Levels:           1  (FDRE=1)

    Location             Delay type                Incr(ns)  Path(ns)    Netlist Resource(s)
  -------------------------------------------------------------------    -------------------
    SLICE_X7Y50          FDRE                         0.000     0.000 r  u/shift0_reg[5]/C
    SLICE_X7Y50          FDRE (Prop_fdre_C_Q)         0.141     0.141 r  u/shift0_reg[5]/Q
                         net (fo=2, routed)           0.064     0.205    u/shift0[5]
    SLICE_X6Y50          FDRE                                         r  u/adc0_reg[6]/D
  -------------------------------------------------------------------    -------------------

Slack:                    inf
  Source:                 u/shift1_reg[9]/C
                            (rising edge-triggered cell FDRE)
  Destination:            u/shift1_reg[10]/D
  Path Group:             (none)
  Path Type:              Min at Fast Process Corner
  Data Path Delay:        0.252ns  (logic 0.128ns (50.760%)  route 0.124ns (49.240%))
  Logic Levels:           1  (FDRE=1)

    Location             Delay type                Incr(ns)  Path(ns)    Netlist Resource(s)
  -------------------------------------------------------------------    -------------------
    SLICE_X9Y49          FDRE                         0.000     0.000 r  u/shift1_reg[9]/C
    SLICE_X9Y49          FDRE (Prop_fdre_C_Q)         0.128     0.128 r  u/shift1_reg[9]/Q
                         net (fo=2, routed)           0.124     0.252    u/shift1[9]
    SLICE_X9Y49          FDRE                                         r  u/shift1_reg[10]/D
  -------------------------------------------------------------------    -------------------

Slack:                    inf
  Source:                 u/shift1_reg[10]/C
                            (rising edge-triggered cell FDRE)
  Destination:            u/adc1_reg[11]/D
  Path Group:             (none)
  Path Type:              Min at Fast Process Corner
  Data Path Delay:        0.258ns  (logic 0.141ns (54.686%)  route 0.117ns (45.314%))
  Logic Levels:           1  (FDRE=1)

    Location             Delay type                Incr(ns)  Path(ns)    Netlist Resource(s)
  -------------------------------------------------------------------    -------------------
    SLICE_X9Y49          FDRE                         0.000     0.000 r  u/shift1_reg[10]/C
    SLICE_X9Y49          FDRE (Prop_fdre_C_Q)         0.141     0.141 r  u/shift1_reg[10]/Q
                         net (fo=1, routed)           0.117     0.258    u/shift1[10]
    SLICE_X10Y49         FDRE                                         r  u/adc1_reg[11]/D
  -------------------------------------------------------------------    -------------------

Slack:                    inf
  Source:                 u/shift1_reg[8]/C
                            (rising edge-triggered cell FDRE)
  Destination:            u/shift1_reg[9]/D
  Path Group:             (none)
  Path Type:              Min at Fast Process Corner
  Data Path Delay:        0.263ns  (logic 0.128ns (48.591%)  route 0.135ns (51.409%))
  Logic Levels:           1  (FDRE=1)

    Location             Delay type                Incr(ns)  Path(ns)    Netlist Resource(s)
  -------------------------------------------------------------------    -------------------
    SLICE_X9Y49          FDRE                         0.000     0.000 r  u/shift1_reg[8]/C
    SLICE_X9Y49          FDRE (Prop_fdre_C_Q)         0.128     0.128 r  u/shift1_reg[8]/Q
                         net (fo=2, routed)           0.135     0.263    u/shift1[8]
    SLICE_X9Y49          FDRE                                         r  u/shift1_reg[9]/D
  -------------------------------------------------------------------    -------------------

Slack:                    inf
  Source:                 u/shift0_reg[4]/C
                            (rising edge-triggered cell FDRE)
  Destination:            u/adc0_reg[5]/D
  Path Group:             (none)
  Path Type:              Min at Fast Process Corner
  Data Path Delay:        0.285ns  (logic 0.141ns (49.450%)  route 0.144ns (50.550%))
  Logic Levels:           1  (FDRE=1)

    Location             Delay type                Incr(ns)  Path(ns)    Netlist Resource(s)
  -------------------------------------------------------------------    -------------------
    SLICE_X7Y50          FDRE                         0.000     0.000 r  u/shift0_reg[4]/C
    SLICE_X7Y50          FDRE (Prop_fdre_C_Q)         0.141     0.141 r  u/shift0_reg[4]/Q
                         net (fo=2, routed)           0.144     0.285    u/shift0[4]
    SLICE_X6Y50          FDRE                                         r  u/adc0_reg[5]/D
  -------------------------------------------------------------------    -------------------

Slack:                    inf
  Source:                 u/shift0_reg[9]/C
                            (rising edge-triggered cell FDRE)
  Destination:            u/shift0_reg[10]/D
  Path Group:             (none)
  Path Type:              Min at Fast Process Corner
  Data Path Delay:        0.296ns  (logic 0.141ns (47.633%)  route 0.155ns (52.367%))
  Logic Levels:           1  (FDRE=1)

    Location             Delay type                Incr(ns)  Path(ns)    Netlist Resource(s)
  -------------------------------------------------------------------    -------------------
    SLICE_X7Y49          FDRE                         0.000     0.000 r  u/shift0_reg[9]/C
    SLICE_X7Y49          FDRE (Prop_fdre_C_Q)         0.141     0.141 r  u/shift0_reg[9]/Q
                         net (fo=2, routed)           0.155     0.296    u/shift0[9]
    SLICE_X7Y49          FDRE                                         r  u/shift0_reg[10]/D
  -------------------------------------------------------------------    -------------------

Slack:                    inf
  Source:                 u/shift1_reg[6]/C
                            (rising edge-triggered cell FDRE)
  Destination:            u/shift1_reg[7]/D
  Path Group:             (none)
  Path Type:              Min at Fast Process Corner
  Data Path Delay:        0.298ns  (logic 0.141ns (47.272%)  route 0.157ns (52.728%))
  Logic Levels:           1  (FDRE=1)

    Location             Delay type                Incr(ns)  Path(ns)    Netlist Resource(s)
  -------------------------------------------------------------------    -------------------
    SLICE_X9Y49          FDRE                         0.000     0.000 r  u/shift1_reg[6]/C
    SLICE_X9Y49          FDRE (Prop_fdre_C_Q)         0.141     0.141 r  u/shift1_reg[6]/Q
                         net (fo=2, routed)           0.157     0.298    u/shift1[6]
    SLICE_X9Y49          FDRE                                         r  u/shift1_reg[7]/D
  -------------------------------------------------------------------    -------------------

Slack:                    inf
  Source:                 u/shift1_reg[9]/C
                            (rising edge-triggered cell FDRE)
  Destination:            u/adc1_reg[10]/D
  Path Group:             (none)
  Path Type:              Min at Fast Process Corner
  Data Path Delay:        0.308ns  (logic 0.128ns (41.549%)  route 0.180ns (58.451%))
  Logic Levels:           1  (FDRE=1)

    Location             Delay type                Incr(ns)  Path(ns)    Netlist Resource(s)
  -------------------------------------------------------------------    -------------------
    SLICE_X9Y49          FDRE                         0.000     0.000 r  u/shift1_reg[9]/C
    SLICE_X9Y49          FDRE (Prop_fdre_C_Q)         0.128     0.128 r  u/shift1_reg[9]/Q
                         net (fo=2, routed)           0.180     0.308    u/shift1[9]
    SLICE_X10Y49         FDRE                                         r  u/adc1_reg[10]/D
  -------------------------------------------------------------------    -------------------

Slack:                    inf
  Source:                 u/shift0_reg[10]/C
                            (rising edge-triggered cell FDRE)
  Destination:            u/adc0_reg[11]/D
  Path Group:             (none)
  Path Type:              Min at Fast Process Corner
  Data Path Delay:        0.311ns  (logic 0.141ns (45.298%)  route 0.170ns (54.702%))
  Logic Levels:           1  (FDRE=1)

    Location             Delay type                Incr(ns)  Path(ns)    Netlist Resource(s)
  -------------------------------------------------------------------    -------------------
    SLICE_X7Y49          FDRE                         0.000     0.000 r  u/shift0_reg[10]/C
    SLICE_X7Y49          FDRE (Prop_fdre_C_Q)         0.141     0.141 r  u/shift0_reg[10]/Q
                         net (fo=1, routed)           0.170     0.311    u/shift0[10]
    SLICE_X6Y49          FDRE                                         r  u/adc0_reg[11]/D
  -------------------------------------------------------------------    -------------------

Slack:                    inf
  Source:                 u/shift1_reg[8]/C
                            (rising edge-triggered cell FDRE)
  Destination:            u/adc1_reg[9]/D
  Path Group:             (none)
  Path Type:              Min at Fast Process Corner
  Data Path Delay:        0.321ns  (logic 0.128ns (39.909%)  route 0.193ns (60.091%))
  Logic Levels:           1  (FDRE=1)

    Location             Delay type                Incr(ns)  Path(ns)    Netlist Resource(s)
  -------------------------------------------------------------------    -------------------
    SLICE_X9Y49          FDRE                         0.000     0.000 r  u/shift1_reg[8]/C
    SLICE_X9Y49          FDRE (Prop_fdre_C_Q)         0.128     0.128 r  u/shift1_reg[8]/Q
                         net (fo=2, routed)           0.193     0.321    u/shift1[8]
    SLICE_X10Y49         FDRE                                         r  u/adc1_reg[9]/D
  -------------------------------------------------------------------    -------------------





--------------------------------------------------------------------------------------
Path Group:  (none)
From Clock:  clk_out1_clk_wiz_0
  To Clock:  

Max Delay            14 Endpoints
Min Delay            14 Endpoints
--------------------------------------------------------------------------------------


Max Delay Paths
--------------------------------------------------------------------------------------
Slack:                    inf
  Source:                 top_square/Vsync_reg/C
                            (rising edge-triggered cell FDRE clocked by clk_out1_clk_wiz_0  {rise@0.000ns fall@3.367ns period=6.734ns})
  Destination:            Vsync
                            (output port)
  Path Group:             (none)
  Path Type:              Max at Slow Process Corner
  Data Path Delay:        6.244ns  (logic 3.959ns (63.407%)  route 2.285ns (36.593%))
  Logic Levels:           1  (OBUF=1)
  Clock Uncertainty:      0.357ns  ((TSJ^2 + DJ^2)^1/2) / 2 + PE
    Total System Jitter     (TSJ):    0.050ns
    Discrete Jitter          (DJ):    0.218ns
    Phase Error              (PE):    0.245ns

    Location             Delay type                Incr(ns)  Path(ns)    Netlist Resource(s)
  -------------------------------------------------------------------    -------------------
                         (clock clk_out1_clk_wiz_0 rise edge)
                                                      0.000     0.000 r  
    W5                   IBUF                         0.000     0.000 r  clk_IBUF_inst/O
                         net (fo=8, routed)           1.233     1.233    clk_wiz_inst/inst/clk_in1
    MMCME2_ADV_X1Y0      MMCME2_ADV (Prop_mmcme2_adv_CLKIN1_CLKOUT0)
                                                     -6.961    -5.728 r  clk_wiz_inst/inst/mmcm_adv_inst/CLKOUT0
                         net (fo=1, routed)           1.661    -4.066    clk_wiz_inst/inst/clk_out1_clk_wiz_0
    BUFGCTRL_X0Y0        BUFG (Prop_bufg_I_O)         0.096    -3.970 r  clk_wiz_inst/inst/clkout1_buf/O
                         net (fo=86, routed)          1.639    -2.331    top_square/clk_out1
    SLICE_X1Y48          FDRE                                         r  top_square/Vsync_reg/C
  -------------------------------------------------------------------    -------------------
    SLICE_X1Y48          FDRE (Prop_fdre_C_Q)         0.456    -1.875 r  top_square/Vsync_reg/Q
                         net (fo=1, routed)           2.285     0.410    Vsync_OBUF
    R19                  OBUF (Prop_obuf_I_O)         3.503     3.913 r  Vsync_OBUF_inst/O
                         net (fo=0)                   0.000     3.913    Vsync
    R19                                                               r  Vsync (OUT)
  -------------------------------------------------------------------    -------------------

Slack:                    inf
  Source:                 top_square/Hsync_reg/C
                            (rising edge-triggered cell FDRE clocked by clk_out1_clk_wiz_0  {rise@0.000ns fall@3.367ns period=6.734ns})
  Destination:            Hsync
                            (output port)
  Path Group:             (none)
  Path Type:              Max at Slow Process Corner
  Data Path Delay:        6.039ns  (logic 3.953ns (65.446%)  route 2.087ns (34.554%))
  Logic Levels:           1  (OBUF=1)
  Clock Uncertainty:      0.357ns  ((TSJ^2 + DJ^2)^1/2) / 2 + PE
    Total System Jitter     (TSJ):    0.050ns
    Discrete Jitter          (DJ):    0.218ns
    Phase Error              (PE):    0.245ns

    Location             Delay type                Incr(ns)  Path(ns)    Netlist Resource(s)
  -------------------------------------------------------------------    -------------------
                         (clock clk_out1_clk_wiz_0 rise edge)
                                                      0.000     0.000 r  
    W5                   IBUF                         0.000     0.000 r  clk_IBUF_inst/O
                         net (fo=8, routed)           1.233     1.233    clk_wiz_inst/inst/clk_in1
    MMCME2_ADV_X1Y0      MMCME2_ADV (Prop_mmcme2_adv_CLKIN1_CLKOUT0)
                                                     -6.961    -5.728 r  clk_wiz_inst/inst/mmcm_adv_inst/CLKOUT0
                         net (fo=1, routed)           1.661    -4.066    clk_wiz_inst/inst/clk_out1_clk_wiz_0
    BUFGCTRL_X0Y0        BUFG (Prop_bufg_I_O)         0.096    -3.970 r  clk_wiz_inst/inst/clkout1_buf/O
                         net (fo=86, routed)          1.638    -2.332    top_square/clk_out1
    SLICE_X0Y44          FDRE                                         r  top_square/Hsync_reg/C
  -------------------------------------------------------------------    -------------------
    SLICE_X0Y44          FDRE (Prop_fdre_C_Q)         0.456    -1.876 r  top_square/Hsync_reg/Q
                         net (fo=1, routed)           2.087     0.211    Hsync_OBUF
    P19                  OBUF (Prop_obuf_I_O)         3.497     3.708 r  Hsync_OBUF_inst/O
                         net (fo=0)                   0.000     3.708    Hsync
    P19                                                               r  Hsync (OUT)
  -------------------------------------------------------------------    -------------------

Slack:                    inf
  Source:                 top_square/vgaGreen_reg[0]/C
                            (rising edge-triggered cell FDRE clocked by clk_out1_clk_wiz_0  {rise@0.000ns fall@3.367ns period=6.734ns})
  Destination:            vgaGreen[3]
                            (output port)
  Path Group:             (none)
  Path Type:              Max at Slow Process Corner
  Data Path Delay:        6.038ns  (logic 3.986ns (66.020%)  route 2.052ns (33.980%))
  Logic Levels:           1  (OBUF=1)
  Clock Uncertainty:      0.357ns  ((TSJ^2 + DJ^2)^1/2) / 2 + PE
    Total System Jitter     (TSJ):    0.050ns
    Discrete Jitter          (DJ):    0.218ns
    Phase Error              (PE):    0.245ns

    Location             Delay type                Incr(ns)  Path(ns)    Netlist Resource(s)
  -------------------------------------------------------------------    -------------------
                         (clock clk_out1_clk_wiz_0 rise edge)
                                                      0.000     0.000 r  
    W5                   IBUF                         0.000     0.000 r  clk_IBUF_inst/O
                         net (fo=8, routed)           1.233     1.233    clk_wiz_inst/inst/clk_in1
    MMCME2_ADV_X1Y0      MMCME2_ADV (Prop_mmcme2_adv_CLKIN1_CLKOUT0)
                                                     -6.961    -5.728 r  clk_wiz_inst/inst/mmcm_adv_inst/CLKOUT0
                         net (fo=1, routed)           1.661    -4.066    clk_wiz_inst/inst/clk_out1_clk_wiz_0
    BUFGCTRL_X0Y0        BUFG (Prop_bufg_I_O)         0.096    -3.970 r  clk_wiz_inst/inst/clkout1_buf/O
                         net (fo=86, routed)          1.634    -2.336    top_square/clk_out1
    SLICE_X0Y37          FDRE                                         r  top_square/vgaGreen_reg[0]/C
  -------------------------------------------------------------------    -------------------
    SLICE_X0Y37          FDRE (Prop_fdre_C_Q)         0.456    -1.880 r  top_square/vgaGreen_reg[0]/Q
                         net (fo=1, routed)           2.052     0.172    vgaGreen_OBUF[0]
    D17                  OBUF (Prop_obuf_I_O)         3.530     3.702 r  vgaGreen_OBUF[3]_inst/O
                         net (fo=0)                   0.000     3.702    vgaGreen[3]
    D17                                                               r  vgaGreen[3] (OUT)
  -------------------------------------------------------------------    -------------------

Slack:                    inf
  Source:                 top_square/vgaRed_reg[3]_lopt_replica_2/C
                            (rising edge-triggered cell FDRE clocked by clk_out1_clk_wiz_0  {rise@0.000ns fall@3.367ns period=6.734ns})
  Destination:            vgaRed[1]
                            (output port)
  Path Group:             (none)
  Path Type:              Max at Slow Process Corner
  Data Path Delay:        6.043ns  (logic 3.975ns (65.788%)  route 2.067ns (34.212%))
  Logic Levels:           1  (OBUF=1)
  Clock Uncertainty:      0.357ns  ((TSJ^2 + DJ^2)^1/2) / 2 + PE
    Total System Jitter     (TSJ):    0.050ns
    Discrete Jitter          (DJ):    0.218ns
    Phase Error              (PE):    0.245ns

    Location             Delay type                Incr(ns)  Path(ns)    Netlist Resource(s)
  -------------------------------------------------------------------    -------------------
                         (clock clk_out1_clk_wiz_0 rise edge)
                                                      0.000     0.000 r  
    W5                   IBUF                         0.000     0.000 r  clk_IBUF_inst/O
                         net (fo=8, routed)           1.233     1.233    clk_wiz_inst/inst/clk_in1
    MMCME2_ADV_X1Y0      MMCME2_ADV (Prop_mmcme2_adv_CLKIN1_CLKOUT0)
                                                     -6.961    -5.728 r  clk_wiz_inst/inst/mmcm_adv_inst/CLKOUT0
                         net (fo=1, routed)           1.661    -4.066    clk_wiz_inst/inst/clk_out1_clk_wiz_0
    BUFGCTRL_X0Y0        BUFG (Prop_bufg_I_O)         0.096    -3.970 r  clk_wiz_inst/inst/clkout1_buf/O
                         net (fo=86, routed)          1.629    -2.341    top_square/clk_out1
    SLICE_X0Y32          FDRE                                         r  top_square/vgaRed_reg[3]_lopt_replica_2/C
  -------------------------------------------------------------------    -------------------
    SLICE_X0Y32          FDRE (Prop_fdre_C_Q)         0.456    -1.885 r  top_square/vgaRed_reg[3]_lopt_replica_2/Q
                         net (fo=1, routed)           2.067     0.182    lopt_9
    H19                  OBUF (Prop_obuf_I_O)         3.519     3.702 r  vgaRed_OBUF[1]_inst/O
                         net (fo=0)                   0.000     3.702    vgaRed[1]
    H19                                                               r  vgaRed[1] (OUT)
  -------------------------------------------------------------------    -------------------

Slack:                    inf
  Source:                 top_square/vgaRed_reg[3]_lopt_replica/C
                            (rising edge-triggered cell FDRE clocked by clk_out1_clk_wiz_0  {rise@0.000ns fall@3.367ns period=6.734ns})
  Destination:            vgaRed[0]
                            (output port)
  Path Group:             (none)
  Path Type:              Max at Slow Process Corner
  Data Path Delay:        5.898ns  (logic 3.980ns (67.471%)  route 1.919ns (32.529%))
  Logic Levels:           1  (OBUF=1)
  Clock Uncertainty:      0.357ns  ((TSJ^2 + DJ^2)^1/2) / 2 + PE
    Total System Jitter     (TSJ):    0.050ns
    Discrete Jitter          (DJ):    0.218ns
    Phase Error              (PE):    0.245ns

    Location             Delay type                Incr(ns)  Path(ns)    Netlist Resource(s)
  -------------------------------------------------------------------    -------------------
                         (clock clk_out1_clk_wiz_0 rise edge)
                                                      0.000     0.000 r  
    W5                   IBUF                         0.000     0.000 r  clk_IBUF_inst/O
                         net (fo=8, routed)           1.233     1.233    clk_wiz_inst/inst/clk_in1
    MMCME2_ADV_X1Y0      MMCME2_ADV (Prop_mmcme2_adv_CLKIN1_CLKOUT0)
                                                     -6.961    -5.728 r  clk_wiz_inst/inst/mmcm_adv_inst/CLKOUT0
                         net (fo=1, routed)           1.661    -4.066    clk_wiz_inst/inst/clk_out1_clk_wiz_0
    BUFGCTRL_X0Y0        BUFG (Prop_bufg_I_O)         0.096    -3.970 r  clk_wiz_inst/inst/clkout1_buf/O
                         net (fo=86, routed)          1.629    -2.341    top_square/clk_out1
    SLICE_X0Y32          FDRE                                         r  top_square/vgaRed_reg[3]_lopt_replica/C
  -------------------------------------------------------------------    -------------------
    SLICE_X0Y32          FDRE (Prop_fdre_C_Q)         0.456    -1.885 r  top_square/vgaRed_reg[3]_lopt_replica/Q
                         net (fo=1, routed)           1.919     0.034    lopt_8
    G19                  OBUF (Prop_obuf_I_O)         3.524     3.558 r  vgaRed_OBUF[0]_inst/O
                         net (fo=0)                   0.000     3.558    vgaRed[0]
    G19                                                               r  vgaRed[0] (OUT)
  -------------------------------------------------------------------    -------------------

Slack:                    inf
  Source:                 top_square/vgaGreen_reg[0]_lopt_replica/C
                            (rising edge-triggered cell FDRE clocked by clk_out1_clk_wiz_0  {rise@0.000ns fall@3.367ns period=6.734ns})
  Destination:            vgaGreen[0]
                            (output port)
  Path Group:             (none)
  Path Type:              Max at Slow Process Corner
  Data Path Delay:        5.845ns  (logic 3.977ns (68.037%)  route 1.868ns (31.963%))
  Logic Levels:           1  (OBUF=1)
  Clock Uncertainty:      0.357ns  ((TSJ^2 + DJ^2)^1/2) / 2 + PE
    Total System Jitter     (TSJ):    0.050ns
    Discrete Jitter          (DJ):    0.218ns
    Phase Error              (PE):    0.245ns

    Location             Delay type                Incr(ns)  Path(ns)    Netlist Resource(s)
  -------------------------------------------------------------------    -------------------
                         (clock clk_out1_clk_wiz_0 rise edge)
                                                      0.000     0.000 r  
    W5                   IBUF                         0.000     0.000 r  clk_IBUF_inst/O
                         net (fo=8, routed)           1.233     1.233    clk_wiz_inst/inst/clk_in1
    MMCME2_ADV_X1Y0      MMCME2_ADV (Prop_mmcme2_adv_CLKIN1_CLKOUT0)
                                                     -6.961    -5.728 r  clk_wiz_inst/inst/mmcm_adv_inst/CLKOUT0
                         net (fo=1, routed)           1.661    -4.066    clk_wiz_inst/inst/clk_out1_clk_wiz_0
    BUFGCTRL_X0Y0        BUFG (Prop_bufg_I_O)         0.096    -3.970 r  clk_wiz_inst/inst/clkout1_buf/O
                         net (fo=86, routed)          1.630    -2.340    top_square/clk_out1
    SLICE_X0Y33          FDRE                                         r  top_square/vgaGreen_reg[0]_lopt_replica/C
  -------------------------------------------------------------------    -------------------
    SLICE_X0Y33          FDRE (Prop_fdre_C_Q)         0.456    -1.884 r  top_square/vgaGreen_reg[0]_lopt_replica/Q
                         net (fo=1, routed)           1.868    -0.016    lopt_4
    J17                  OBUF (Prop_obuf_I_O)         3.521     3.505 r  vgaGreen_OBUF[0]_inst/O
                         net (fo=0)                   0.000     3.505    vgaGreen[0]
    J17                                                               r  vgaGreen[0] (OUT)
  -------------------------------------------------------------------    -------------------

Slack:                    inf
  Source:                 top_square/vgaRed_reg[3]_lopt_replica_3/C
                            (rising edge-triggered cell FDRE clocked by clk_out1_clk_wiz_0  {rise@0.000ns fall@3.367ns period=6.734ns})
  Destination:            vgaRed[2]
                            (output port)
  Path Group:             (none)
  Path Type:              Max at Slow Process Corner
  Data Path Delay:        5.837ns  (logic 3.980ns (68.186%)  route 1.857ns (31.814%))
  Logic Levels:           1  (OBUF=1)
  Clock Uncertainty:      0.357ns  ((TSJ^2 + DJ^2)^1/2) / 2 + PE
    Total System Jitter     (TSJ):    0.050ns
    Discrete Jitter          (DJ):    0.218ns
    Phase Error              (PE):    0.245ns

    Location             Delay type                Incr(ns)  Path(ns)    Netlist Resource(s)
  -------------------------------------------------------------------    -------------------
                         (clock clk_out1_clk_wiz_0 rise edge)
                                                      0.000     0.000 r  
    W5                   IBUF                         0.000     0.000 r  clk_IBUF_inst/O
                         net (fo=8, routed)           1.233     1.233    clk_wiz_inst/inst/clk_in1
    MMCME2_ADV_X1Y0      MMCME2_ADV (Prop_mmcme2_adv_CLKIN1_CLKOUT0)
                                                     -6.961    -5.728 r  clk_wiz_inst/inst/mmcm_adv_inst/CLKOUT0
                         net (fo=1, routed)           1.661    -4.066    clk_wiz_inst/inst/clk_out1_clk_wiz_0
    BUFGCTRL_X0Y0        BUFG (Prop_bufg_I_O)         0.096    -3.970 r  clk_wiz_inst/inst/clkout1_buf/O
                         net (fo=86, routed)          1.629    -2.341    top_square/clk_out1
    SLICE_X0Y32          FDRE                                         r  top_square/vgaRed_reg[3]_lopt_replica_3/C
  -------------------------------------------------------------------    -------------------
    SLICE_X0Y32          FDRE (Prop_fdre_C_Q)         0.456    -1.885 r  top_square/vgaRed_reg[3]_lopt_replica_3/Q
                         net (fo=1, routed)           1.857    -0.028    lopt_10
    J19                  OBUF (Prop_obuf_I_O)         3.524     3.496 r  vgaRed_OBUF[2]_inst/O
                         net (fo=0)                   0.000     3.496    vgaRed[2]
    J19                                                               r  vgaRed[2] (OUT)
  -------------------------------------------------------------------    -------------------

Slack:                    inf
  Source:                 top_square/vgaRed_reg[3]/C
                            (rising edge-triggered cell FDRE clocked by clk_out1_clk_wiz_0  {rise@0.000ns fall@3.367ns period=6.734ns})
  Destination:            vgaRed[3]
                            (output port)
  Path Group:             (none)
  Path Type:              Max at Slow Process Corner
  Data Path Delay:        5.770ns  (logic 3.958ns (68.603%)  route 1.812ns (31.397%))
  Logic Levels:           1  (OBUF=1)
  Clock Uncertainty:      0.357ns  ((TSJ^2 + DJ^2)^1/2) / 2 + PE
    Total System Jitter     (TSJ):    0.050ns
    Discrete Jitter          (DJ):    0.218ns
    Phase Error              (PE):    0.245ns

    Location             Delay type                Incr(ns)  Path(ns)    Netlist Resource(s)
  -------------------------------------------------------------------    -------------------
                         (clock clk_out1_clk_wiz_0 rise edge)
                                                      0.000     0.000 r  
    W5                   IBUF                         0.000     0.000 r  clk_IBUF_inst/O
                         net (fo=8, routed)           1.233     1.233    clk_wiz_inst/inst/clk_in1
    MMCME2_ADV_X1Y0      MMCME2_ADV (Prop_mmcme2_adv_CLKIN1_CLKOUT0)
                                                     -6.961    -5.728 r  clk_wiz_inst/inst/mmcm_adv_inst/CLKOUT0
                         net (fo=1, routed)           1.661    -4.066    clk_wiz_inst/inst/clk_out1_clk_wiz_0
    BUFGCTRL_X0Y0        BUFG (Prop_bufg_I_O)         0.096    -3.970 r  clk_wiz_inst/inst/clkout1_buf/O
                         net (fo=86, routed)          1.629    -2.341    top_square/clk_out1
    SLICE_X1Y32          FDRE                                         r  top_square/vgaRed_reg[3]/C
  -------------------------------------------------------------------    -------------------
    SLICE_X1Y32          FDRE (Prop_fdre_C_Q)         0.456    -1.885 r  top_square/vgaRed_reg[3]/Q
                         net (fo=1, routed)           1.812    -0.073    vgaRed_OBUF[0]
    N19                  OBUF (Prop_obuf_I_O)         3.502     3.429 r  vgaRed_OBUF[3]_inst/O
                         net (fo=0)                   0.000     3.429    vgaRed[3]
    N19                                                               r  vgaRed[3] (OUT)
  -------------------------------------------------------------------    -------------------

Slack:                    inf
  Source:                 top_square/vgaGreen_reg[0]_lopt_replica_2/C
                            (rising edge-triggered cell FDRE clocked by clk_out1_clk_wiz_0  {rise@0.000ns fall@3.367ns period=6.734ns})
  Destination:            vgaGreen[1]
                            (output port)
  Path Group:             (none)
  Path Type:              Max at Slow Process Corner
  Data Path Delay:        5.672ns  (logic 3.961ns (69.847%)  route 1.710ns (30.153%))
  Logic Levels:           1  (OBUF=1)
  Clock Uncertainty:      0.357ns  ((TSJ^2 + DJ^2)^1/2) / 2 + PE
    Total System Jitter     (TSJ):    0.050ns
    Discrete Jitter          (DJ):    0.218ns
    Phase Error              (PE):    0.245ns

    Location             Delay type                Incr(ns)  Path(ns)    Netlist Resource(s)
  -------------------------------------------------------------------    -------------------
                         (clock clk_out1_clk_wiz_0 rise edge)
                                                      0.000     0.000 r  
    W5                   IBUF                         0.000     0.000 r  clk_IBUF_inst/O
                         net (fo=8, routed)           1.233     1.233    clk_wiz_inst/inst/clk_in1
    MMCME2_ADV_X1Y0      MMCME2_ADV (Prop_mmcme2_adv_CLKIN1_CLKOUT0)
                                                     -6.961    -5.728 r  clk_wiz_inst/inst/mmcm_adv_inst/CLKOUT0
                         net (fo=1, routed)           1.661    -4.066    clk_wiz_inst/inst/clk_out1_clk_wiz_0
    BUFGCTRL_X0Y0        BUFG (Prop_bufg_I_O)         0.096    -3.970 r  clk_wiz_inst/inst/clkout1_buf/O
                         net (fo=86, routed)          1.633    -2.337    top_square/clk_out1
    SLICE_X1Y36          FDRE                                         r  top_square/vgaGreen_reg[0]_lopt_replica_2/C
  -------------------------------------------------------------------    -------------------
    SLICE_X1Y36          FDRE (Prop_fdre_C_Q)         0.456    -1.881 r  top_square/vgaGreen_reg[0]_lopt_replica_2/Q
                         net (fo=1, routed)           1.710    -0.171    lopt_5
    H17                  OBUF (Prop_obuf_I_O)         3.505     3.335 r  vgaGreen_OBUF[1]_inst/O
                         net (fo=0)                   0.000     3.335    vgaGreen[1]
    H17                                                               r  vgaGreen[1] (OUT)
  -------------------------------------------------------------------    -------------------

Slack:                    inf
  Source:                 top_square/vgaGreen_reg[0]_lopt_replica_3/C
                            (rising edge-triggered cell FDRE clocked by clk_out1_clk_wiz_0  {rise@0.000ns fall@3.367ns period=6.734ns})
  Destination:            vgaGreen[2]
                            (output port)
  Path Group:             (none)
  Path Type:              Max at Slow Process Corner
  Data Path Delay:        5.659ns  (logic 3.985ns (70.426%)  route 1.673ns (29.574%))
  Logic Levels:           1  (OBUF=1)
  Clock Uncertainty:      0.357ns  ((TSJ^2 + DJ^2)^1/2) / 2 + PE
    Total System Jitter     (TSJ):    0.050ns
    Discrete Jitter          (DJ):    0.218ns
    Phase Error              (PE):    0.245ns

    Location             Delay type                Incr(ns)  Path(ns)    Netlist Resource(s)
  -------------------------------------------------------------------    -------------------
                         (clock clk_out1_clk_wiz_0 rise edge)
                                                      0.000     0.000 r  
    W5                   IBUF                         0.000     0.000 r  clk_IBUF_inst/O
                         net (fo=8, routed)           1.233     1.233    clk_wiz_inst/inst/clk_in1
    MMCME2_ADV_X1Y0      MMCME2_ADV (Prop_mmcme2_adv_CLKIN1_CLKOUT0)
                                                     -6.961    -5.728 r  clk_wiz_inst/inst/mmcm_adv_inst/CLKOUT0
                         net (fo=1, routed)           1.661    -4.066    clk_wiz_inst/inst/clk_out1_clk_wiz_0
    BUFGCTRL_X0Y0        BUFG (Prop_bufg_I_O)         0.096    -3.970 r  clk_wiz_inst/inst/clkout1_buf/O
                         net (fo=86, routed)          1.634    -2.336    top_square/clk_out1
    SLICE_X0Y37          FDRE                                         r  top_square/vgaGreen_reg[0]_lopt_replica_3/C
  -------------------------------------------------------------------    -------------------
    SLICE_X0Y37          FDRE (Prop_fdre_C_Q)         0.456    -1.880 r  top_square/vgaGreen_reg[0]_lopt_replica_3/Q
                         net (fo=1, routed)           1.673    -0.206    lopt_6
    G17                  OBUF (Prop_obuf_I_O)         3.529     3.323 r  vgaGreen_OBUF[2]_inst/O
                         net (fo=0)                   0.000     3.323    vgaGreen[2]
    G17                                                               r  vgaGreen[2] (OUT)
  -------------------------------------------------------------------    -------------------





Min Delay Paths
--------------------------------------------------------------------------------------
Slack:                    inf
  Source:                 top_square/vgaBlue_reg[3]_lopt_replica/C
                            (rising edge-triggered cell FDSE clocked by clk_out1_clk_wiz_0  {rise@0.000ns fall@3.367ns period=6.734ns})
  Destination:            vgaBlue[0]
                            (output port)
  Path Group:             (none)
  Path Type:              Min at Fast Process Corner
  Data Path Delay:        1.661ns  (logic 1.338ns (80.549%)  route 0.323ns (19.451%))
  Logic Levels:           1  (OBUF=1)
  Clock Uncertainty:      0.357ns  ((TSJ^2 + DJ^2)^1/2) / 2 + PE
    Total System Jitter     (TSJ):    0.050ns
    Discrete Jitter          (DJ):    0.218ns
    Phase Error              (PE):    0.245ns

    Location             Delay type                Incr(ns)  Path(ns)    Netlist Resource(s)
  -------------------------------------------------------------------    -------------------
                         (clock clk_out1_clk_wiz_0 rise edge)
                                                      0.000     0.000 r  
    W5                   IBUF                         0.000     0.000 r  clk_IBUF_inst/O
                         net (fo=8, routed)           0.440     0.440    clk_wiz_inst/inst/clk_in1
    MMCME2_ADV_X1Y0      MMCME2_ADV (Prop_mmcme2_adv_CLKIN1_CLKOUT0)
                                                     -2.360    -1.919 r  clk_wiz_inst/inst/mmcm_adv_inst/CLKOUT0
                         net (fo=1, routed)           0.486    -1.433    clk_wiz_inst/inst/clk_out1_clk_wiz_0
    BUFGCTRL_X0Y0        BUFG (Prop_bufg_I_O)         0.026    -1.407 r  clk_wiz_inst/inst/clkout1_buf/O
                         net (fo=86, routed)          0.588    -0.820    top_square/clk_out1
    SLICE_X0Y31          FDSE                                         r  top_square/vgaBlue_reg[3]_lopt_replica/C
  -------------------------------------------------------------------    -------------------
    SLICE_X0Y31          FDSE (Prop_fdse_C_Q)         0.141    -0.679 r  top_square/vgaBlue_reg[3]_lopt_replica/Q
                         net (fo=1, routed)           0.323    -0.356    lopt
    N18                  OBUF (Prop_obuf_I_O)         1.197     0.841 r  vgaBlue_OBUF[0]_inst/O
                         net (fo=0)                   0.000     0.841    vgaBlue[0]
    N18                                                               r  vgaBlue[0] (OUT)
  -------------------------------------------------------------------    -------------------

Slack:                    inf
  Source:                 top_square/vgaBlue_reg[3]_lopt_replica_2/C
                            (rising edge-triggered cell FDSE clocked by clk_out1_clk_wiz_0  {rise@0.000ns fall@3.367ns period=6.734ns})
  Destination:            vgaBlue[1]
                            (output port)
  Path Group:             (none)
  Path Type:              Min at Fast Process Corner
  Data Path Delay:        1.672ns  (logic 1.346ns (80.457%)  route 0.327ns (19.543%))
  Logic Levels:           1  (OBUF=1)
  Clock Uncertainty:      0.357ns  ((TSJ^2 + DJ^2)^1/2) / 2 + PE
    Total System Jitter     (TSJ):    0.050ns
    Discrete Jitter          (DJ):    0.218ns
    Phase Error              (PE):    0.245ns

    Location             Delay type                Incr(ns)  Path(ns)    Netlist Resource(s)
  -------------------------------------------------------------------    -------------------
                         (clock clk_out1_clk_wiz_0 rise edge)
                                                      0.000     0.000 r  
    W5                   IBUF                         0.000     0.000 r  clk_IBUF_inst/O
                         net (fo=8, routed)           0.440     0.440    clk_wiz_inst/inst/clk_in1
    MMCME2_ADV_X1Y0      MMCME2_ADV (Prop_mmcme2_adv_CLKIN1_CLKOUT0)
                                                     -2.360    -1.919 r  clk_wiz_inst/inst/mmcm_adv_inst/CLKOUT0
                         net (fo=1, routed)           0.486    -1.433    clk_wiz_inst/inst/clk_out1_clk_wiz_0
    BUFGCTRL_X0Y0        BUFG (Prop_bufg_I_O)         0.026    -1.407 r  clk_wiz_inst/inst/clkout1_buf/O
                         net (fo=86, routed)          0.590    -0.818    top_square/clk_out1
    SLICE_X0Y33          FDSE                                         r  top_square/vgaBlue_reg[3]_lopt_replica_2/C
  -------------------------------------------------------------------    -------------------
    SLICE_X0Y33          FDSE (Prop_fdse_C_Q)         0.141    -0.677 r  top_square/vgaBlue_reg[3]_lopt_replica_2/Q
                         net (fo=1, routed)           0.327    -0.350    lopt_1
    L18                  OBUF (Prop_obuf_I_O)         1.205     0.855 r  vgaBlue_OBUF[1]_inst/O
                         net (fo=0)                   0.000     0.855    vgaBlue[1]
    L18                                                               r  vgaBlue[1] (OUT)
  -------------------------------------------------------------------    -------------------

Slack:                    inf
  Source:                 top_square/vgaBlue_reg[3]_lopt_replica_3/C
                            (rising edge-triggered cell FDSE clocked by clk_out1_clk_wiz_0  {rise@0.000ns fall@3.367ns period=6.734ns})
  Destination:            vgaBlue[2]
                            (output port)
  Path Group:             (none)
  Path Type:              Min at Fast Process Corner
  Data Path Delay:        1.696ns  (logic 1.361ns (80.238%)  route 0.335ns (19.762%))
  Logic Levels:           1  (OBUF=1)
  Clock Uncertainty:      0.357ns  ((TSJ^2 + DJ^2)^1/2) / 2 + PE
    Total System Jitter     (TSJ):    0.050ns
    Discrete Jitter          (DJ):    0.218ns
    Phase Error              (PE):    0.245ns

    Location             Delay type                Incr(ns)  Path(ns)    Netlist Resource(s)
  -------------------------------------------------------------------    -------------------
                         (clock clk_out1_clk_wiz_0 rise edge)
                                                      0.000     0.000 r  
    W5                   IBUF                         0.000     0.000 r  clk_IBUF_inst/O
                         net (fo=8, routed)           0.440     0.440    clk_wiz_inst/inst/clk_in1
    MMCME2_ADV_X1Y0      MMCME2_ADV (Prop_mmcme2_adv_CLKIN1_CLKOUT0)
                                                     -2.360    -1.919 r  clk_wiz_inst/inst/mmcm_adv_inst/CLKOUT0
                         net (fo=1, routed)           0.486    -1.433    clk_wiz_inst/inst/clk_out1_clk_wiz_0
    BUFGCTRL_X0Y0        BUFG (Prop_bufg_I_O)         0.026    -1.407 r  clk_wiz_inst/inst/clkout1_buf/O
                         net (fo=86, routed)          0.590    -0.818    top_square/clk_out1
    SLICE_X0Y33          FDSE                                         r  top_square/vgaBlue_reg[3]_lopt_replica_3/C
  -------------------------------------------------------------------    -------------------
    SLICE_X0Y33          FDSE (Prop_fdse_C_Q)         0.141    -0.677 r  top_square/vgaBlue_reg[3]_lopt_replica_3/Q
                         net (fo=1, routed)           0.335    -0.342    lopt_2
    K18                  OBUF (Prop_obuf_I_O)         1.220     0.878 r  vgaBlue_OBUF[2]_inst/O
                         net (fo=0)                   0.000     0.878    vgaBlue[2]
    K18                                                               r  vgaBlue[2] (OUT)
  -------------------------------------------------------------------    -------------------

Slack:                    inf
  Source:                 top_square/vgaGreen_reg[0]_lopt_replica_2/C
                            (rising edge-triggered cell FDRE clocked by clk_out1_clk_wiz_0  {rise@0.000ns fall@3.367ns period=6.734ns})
  Destination:            vgaGreen[1]
                            (output port)
  Path Group:             (none)
  Path Type:              Min at Fast Process Corner
  Data Path Delay:        1.700ns  (logic 1.348ns (79.281%)  route 0.352ns (20.719%))
  Logic Levels:           1  (OBUF=1)
  Clock Uncertainty:      0.357ns  ((TSJ^2 + DJ^2)^1/2) / 2 + PE
    Total System Jitter     (TSJ):    0.050ns
    Discrete Jitter          (DJ):    0.218ns
    Phase Error              (PE):    0.245ns

    Location             Delay type                Incr(ns)  Path(ns)    Netlist Resource(s)
  -------------------------------------------------------------------    -------------------
                         (clock clk_out1_clk_wiz_0 rise edge)
                                                      0.000     0.000 r  
    W5                   IBUF                         0.000     0.000 r  clk_IBUF_inst/O
                         net (fo=8, routed)           0.440     0.440    clk_wiz_inst/inst/clk_in1
    MMCME2_ADV_X1Y0      MMCME2_ADV (Prop_mmcme2_adv_CLKIN1_CLKOUT0)
                                                     -2.360    -1.919 r  clk_wiz_inst/inst/mmcm_adv_inst/CLKOUT0
                         net (fo=1, routed)           0.486    -1.433    clk_wiz_inst/inst/clk_out1_clk_wiz_0
    BUFGCTRL_X0Y0        BUFG (Prop_bufg_I_O)         0.026    -1.407 r  clk_wiz_inst/inst/clkout1_buf/O
                         net (fo=86, routed)          0.591    -0.817    top_square/clk_out1
    SLICE_X1Y36          FDRE                                         r  top_square/vgaGreen_reg[0]_lopt_replica_2/C
  -------------------------------------------------------------------    -------------------
    SLICE_X1Y36          FDRE (Prop_fdre_C_Q)         0.141    -0.676 r  top_square/vgaGreen_reg[0]_lopt_replica_2/Q
                         net (fo=1, routed)           0.352    -0.324    lopt_5
    H17                  OBUF (Prop_obuf_I_O)         1.207     0.883 r  vgaGreen_OBUF[1]_inst/O
                         net (fo=0)                   0.000     0.883    vgaGreen[1]
    H17                                                               r  vgaGreen[1] (OUT)
  -------------------------------------------------------------------    -------------------

Slack:                    inf
  Source:                 top_square/vgaBlue_reg[3]/C
                            (rising edge-triggered cell FDSE clocked by clk_out1_clk_wiz_0  {rise@0.000ns fall@3.367ns period=6.734ns})
  Destination:            vgaBlue[3]
                            (output port)
  Path Group:             (none)
  Path Type:              Min at Fast Process Corner
  Data Path Delay:        1.713ns  (logic 1.367ns (79.771%)  route 0.347ns (20.229%))
  Logic Levels:           1  (OBUF=1)
  Clock Uncertainty:      0.357ns  ((TSJ^2 + DJ^2)^1/2) / 2 + PE
    Total System Jitter     (TSJ):    0.050ns
    Discrete Jitter          (DJ):    0.218ns
    Phase Error              (PE):    0.245ns

    Location             Delay type                Incr(ns)  Path(ns)    Netlist Resource(s)
  -------------------------------------------------------------------    -------------------
                         (clock clk_out1_clk_wiz_0 rise edge)
                                                      0.000     0.000 r  
    W5                   IBUF                         0.000     0.000 r  clk_IBUF_inst/O
                         net (fo=8, routed)           0.440     0.440    clk_wiz_inst/inst/clk_in1
    MMCME2_ADV_X1Y0      MMCME2_ADV (Prop_mmcme2_adv_CLKIN1_CLKOUT0)
                                                     -2.360    -1.919 r  clk_wiz_inst/inst/mmcm_adv_inst/CLKOUT0
                         net (fo=1, routed)           0.486    -1.433    clk_wiz_inst/inst/clk_out1_clk_wiz_0
    BUFGCTRL_X0Y0        BUFG (Prop_bufg_I_O)         0.026    -1.407 r  clk_wiz_inst/inst/clkout1_buf/O
                         net (fo=86, routed)          0.590    -0.818    top_square/clk_out1
    SLICE_X0Y33          FDSE                                         r  top_square/vgaBlue_reg[3]/C
  -------------------------------------------------------------------    -------------------
    SLICE_X0Y33          FDSE (Prop_fdse_C_Q)         0.141    -0.677 r  top_square/vgaBlue_reg[3]/Q
                         net (fo=1, routed)           0.347    -0.330    vgaBlue_OBUF[0]
    J18                  OBUF (Prop_obuf_I_O)         1.226     0.895 r  vgaBlue_OBUF[3]_inst/O
                         net (fo=0)                   0.000     0.895    vgaBlue[3]
    J18                                                               r  vgaBlue[3] (OUT)
  -------------------------------------------------------------------    -------------------

Slack:                    inf
  Source:                 top_square/vgaGreen_reg[0]_lopt_replica_3/C
                            (rising edge-triggered cell FDRE clocked by clk_out1_clk_wiz_0  {rise@0.000ns fall@3.367ns period=6.734ns})
  Destination:            vgaGreen[2]
                            (output port)
  Path Group:             (none)
  Path Type:              Min at Fast Process Corner
  Data Path Delay:        1.715ns  (logic 1.371ns (79.919%)  route 0.344ns (20.081%))
  Logic Levels:           1  (OBUF=1)
  Clock Uncertainty:      0.357ns  ((TSJ^2 + DJ^2)^1/2) / 2 + PE
    Total System Jitter     (TSJ):    0.050ns
    Discrete Jitter          (DJ):    0.218ns
    Phase Error              (PE):    0.245ns

    Location             Delay type                Incr(ns)  Path(ns)    Netlist Resource(s)
  -------------------------------------------------------------------    -------------------
                         (clock clk_out1_clk_wiz_0 rise edge)
                                                      0.000     0.000 r  
    W5                   IBUF                         0.000     0.000 r  clk_IBUF_inst/O
                         net (fo=8, routed)           0.440     0.440    clk_wiz_inst/inst/clk_in1
    MMCME2_ADV_X1Y0      MMCME2_ADV (Prop_mmcme2_adv_CLKIN1_CLKOUT0)
                                                     -2.360    -1.919 r  clk_wiz_inst/inst/mmcm_adv_inst/CLKOUT0
                         net (fo=1, routed)           0.486    -1.433    clk_wiz_inst/inst/clk_out1_clk_wiz_0
    BUFGCTRL_X0Y0        BUFG (Prop_bufg_I_O)         0.026    -1.407 r  clk_wiz_inst/inst/clkout1_buf/O
                         net (fo=86, routed)          0.592    -0.816    top_square/clk_out1
    SLICE_X0Y37          FDRE                                         r  top_square/vgaGreen_reg[0]_lopt_replica_3/C
  -------------------------------------------------------------------    -------------------
    SLICE_X0Y37          FDRE (Prop_fdre_C_Q)         0.141    -0.675 r  top_square/vgaGreen_reg[0]_lopt_replica_3/Q
                         net (fo=1, routed)           0.344    -0.330    lopt_6
    G17                  OBUF (Prop_obuf_I_O)         1.230     0.900 r  vgaGreen_OBUF[2]_inst/O
                         net (fo=0)                   0.000     0.900    vgaGreen[2]
    G17                                                               r  vgaGreen[2] (OUT)
  -------------------------------------------------------------------    -------------------

Slack:                    inf
  Source:                 top_square/vgaRed_reg[3]/C
                            (rising edge-triggered cell FDRE clocked by clk_out1_clk_wiz_0  {rise@0.000ns fall@3.367ns period=6.734ns})
  Destination:            vgaRed[3]
                            (output port)
  Path Group:             (none)
  Path Type:              Min at Fast Process Corner
  Data Path Delay:        1.737ns  (logic 1.345ns (77.400%)  route 0.393ns (22.600%))
  Logic Levels:           1  (OBUF=1)
  Clock Uncertainty:      0.357ns  ((TSJ^2 + DJ^2)^1/2) / 2 + PE
    Total System Jitter     (TSJ):    0.050ns
    Discrete Jitter          (DJ):    0.218ns
    Phase Error              (PE):    0.245ns

    Location             Delay type                Incr(ns)  Path(ns)    Netlist Resource(s)
  -------------------------------------------------------------------    -------------------
                         (clock clk_out1_clk_wiz_0 rise edge)
                                                      0.000     0.000 r  
    W5                   IBUF                         0.000     0.000 r  clk_IBUF_inst/O
                         net (fo=8, routed)           0.440     0.440    clk_wiz_inst/inst/clk_in1
    MMCME2_ADV_X1Y0      MMCME2_ADV (Prop_mmcme2_adv_CLKIN1_CLKOUT0)
                                                     -2.360    -1.919 r  clk_wiz_inst/inst/mmcm_adv_inst/CLKOUT0
                         net (fo=1, routed)           0.486    -1.433    clk_wiz_inst/inst/clk_out1_clk_wiz_0
    BUFGCTRL_X0Y0        BUFG (Prop_bufg_I_O)         0.026    -1.407 r  clk_wiz_inst/inst/clkout1_buf/O
                         net (fo=86, routed)          0.589    -0.819    top_square/clk_out1
    SLICE_X1Y32          FDRE                                         r  top_square/vgaRed_reg[3]/C
  -------------------------------------------------------------------    -------------------
    SLICE_X1Y32          FDRE (Prop_fdre_C_Q)         0.141    -0.678 r  top_square/vgaRed_reg[3]/Q
                         net (fo=1, routed)           0.393    -0.285    vgaRed_OBUF[0]
    N19                  OBUF (Prop_obuf_I_O)         1.204     0.918 r  vgaRed_OBUF[3]_inst/O
                         net (fo=0)                   0.000     0.918    vgaRed[3]
    N19                                                               r  vgaRed[3] (OUT)
  -------------------------------------------------------------------    -------------------

Slack:                    inf
  Source:                 top_square/vgaRed_reg[3]_lopt_replica_3/C
                            (rising edge-triggered cell FDRE clocked by clk_out1_clk_wiz_0  {rise@0.000ns fall@3.367ns period=6.734ns})
  Destination:            vgaRed[2]
                            (output port)
  Path Group:             (none)
  Path Type:              Min at Fast Process Corner
  Data Path Delay:        1.778ns  (logic 1.366ns (76.830%)  route 0.412ns (23.170%))
  Logic Levels:           1  (OBUF=1)
  Clock Uncertainty:      0.357ns  ((TSJ^2 + DJ^2)^1/2) / 2 + PE
    Total System Jitter     (TSJ):    0.050ns
    Discrete Jitter          (DJ):    0.218ns
    Phase Error              (PE):    0.245ns

    Location             Delay type                Incr(ns)  Path(ns)    Netlist Resource(s)
  -------------------------------------------------------------------    -------------------
                         (clock clk_out1_clk_wiz_0 rise edge)
                                                      0.000     0.000 r  
    W5                   IBUF                         0.000     0.000 r  clk_IBUF_inst/O
                         net (fo=8, routed)           0.440     0.440    clk_wiz_inst/inst/clk_in1
    MMCME2_ADV_X1Y0      MMCME2_ADV (Prop_mmcme2_adv_CLKIN1_CLKOUT0)
                                                     -2.360    -1.919 r  clk_wiz_inst/inst/mmcm_adv_inst/CLKOUT0
                         net (fo=1, routed)           0.486    -1.433    clk_wiz_inst/inst/clk_out1_clk_wiz_0
    BUFGCTRL_X0Y0        BUFG (Prop_bufg_I_O)         0.026    -1.407 r  clk_wiz_inst/inst/clkout1_buf/O
                         net (fo=86, routed)          0.589    -0.819    top_square/clk_out1
    SLICE_X0Y32          FDRE                                         r  top_square/vgaRed_reg[3]_lopt_replica_3/C
  -------------------------------------------------------------------    -------------------
    SLICE_X0Y32          FDRE (Prop_fdre_C_Q)         0.141    -0.678 r  top_square/vgaRed_reg[3]_lopt_replica_3/Q
                         net (fo=1, routed)           0.412    -0.266    lopt_10
    J19                  OBUF (Prop_obuf_I_O)         1.225     0.959 r  vgaRed_OBUF[2]_inst/O
                         net (fo=0)                   0.000     0.959    vgaRed[2]
    J19                                                               r  vgaRed[2] (OUT)
  -------------------------------------------------------------------    -------------------

Slack:                    inf
  Source:                 top_square/vgaGreen_reg[0]_lopt_replica/C
                            (rising edge-triggered cell FDRE clocked by clk_out1_clk_wiz_0  {rise@0.000ns fall@3.367ns period=6.734ns})
  Destination:            vgaGreen[0]
                            (output port)
  Path Group:             (none)
  Path Type:              Min at Fast Process Corner
  Data Path Delay:        1.782ns  (logic 1.363ns (76.471%)  route 0.419ns (23.529%))
  Logic Levels:           1  (OBUF=1)
  Clock Uncertainty:      0.357ns  ((TSJ^2 + DJ^2)^1/2) / 2 + PE
    Total System Jitter     (TSJ):    0.050ns
    Discrete Jitter          (DJ):    0.218ns
    Phase Error              (PE):    0.245ns

    Location             Delay type                Incr(ns)  Path(ns)    Netlist Resource(s)
  -------------------------------------------------------------------    -------------------
                         (clock clk_out1_clk_wiz_0 rise edge)
                                                      0.000     0.000 r  
    W5                   IBUF                         0.000     0.000 r  clk_IBUF_inst/O
                         net (fo=8, routed)           0.440     0.440    clk_wiz_inst/inst/clk_in1
    MMCME2_ADV_X1Y0      MMCME2_ADV (Prop_mmcme2_adv_CLKIN1_CLKOUT0)
                                                     -2.360    -1.919 r  clk_wiz_inst/inst/mmcm_adv_inst/CLKOUT0
                         net (fo=1, routed)           0.486    -1.433    clk_wiz_inst/inst/clk_out1_clk_wiz_0
    BUFGCTRL_X0Y0        BUFG (Prop_bufg_I_O)         0.026    -1.407 r  clk_wiz_inst/inst/clkout1_buf/O
                         net (fo=86, routed)          0.590    -0.818    top_square/clk_out1
    SLICE_X0Y33          FDRE                                         r  top_square/vgaGreen_reg[0]_lopt_replica/C
  -------------------------------------------------------------------    -------------------
    SLICE_X0Y33          FDRE (Prop_fdre_C_Q)         0.141    -0.677 r  top_square/vgaGreen_reg[0]_lopt_replica/Q
                         net (fo=1, routed)           0.419    -0.257    lopt_4
    J17                  OBUF (Prop_obuf_I_O)         1.222     0.964 r  vgaGreen_OBUF[0]_inst/O
                         net (fo=0)                   0.000     0.964    vgaGreen[0]
    J17                                                               r  vgaGreen[0] (OUT)
  -------------------------------------------------------------------    -------------------

Slack:                    inf
  Source:                 top_square/vgaRed_reg[3]_lopt_replica/C
                            (rising edge-triggered cell FDRE clocked by clk_out1_clk_wiz_0  {rise@0.000ns fall@3.367ns period=6.734ns})
  Destination:            vgaRed[0]
                            (output port)
  Path Group:             (none)
  Path Type:              Min at Fast Process Corner
  Data Path Delay:        1.798ns  (logic 1.366ns (75.939%)  route 0.433ns (24.061%))
  Logic Levels:           1  (OBUF=1)
  Clock Uncertainty:      0.357ns  ((TSJ^2 + DJ^2)^1/2) / 2 + PE
    Total System Jitter     (TSJ):    0.050ns
    Discrete Jitter          (DJ):    0.218ns
    Phase Error              (PE):    0.245ns

    Location             Delay type                Incr(ns)  Path(ns)    Netlist Resource(s)
  -------------------------------------------------------------------    -------------------
                         (clock clk_out1_clk_wiz_0 rise edge)
                                                      0.000     0.000 r  
    W5                   IBUF                         0.000     0.000 r  clk_IBUF_inst/O
                         net (fo=8, routed)           0.440     0.440    clk_wiz_inst/inst/clk_in1
    MMCME2_ADV_X1Y0      MMCME2_ADV (Prop_mmcme2_adv_CLKIN1_CLKOUT0)
                                                     -2.360    -1.919 r  clk_wiz_inst/inst/mmcm_adv_inst/CLKOUT0
                         net (fo=1, routed)           0.486    -1.433    clk_wiz_inst/inst/clk_out1_clk_wiz_0
    BUFGCTRL_X0Y0        BUFG (Prop_bufg_I_O)         0.026    -1.407 r  clk_wiz_inst/inst/clkout1_buf/O
                         net (fo=86, routed)          0.589    -0.819    top_square/clk_out1
    SLICE_X0Y32          FDRE                                         r  top_square/vgaRed_reg[3]_lopt_replica/C
  -------------------------------------------------------------------    -------------------
    SLICE_X0Y32          FDRE (Prop_fdre_C_Q)         0.141    -0.678 r  top_square/vgaRed_reg[3]_lopt_replica/Q
                         net (fo=1, routed)           0.433    -0.245    lopt_8
    G19                  OBUF (Prop_obuf_I_O)         1.225     0.980 r  vgaRed_OBUF[0]_inst/O
                         net (fo=0)                   0.000     0.980    vgaRed[0]
    G19                                                               r  vgaRed[0] (OUT)
  -------------------------------------------------------------------    -------------------





--------------------------------------------------------------------------------------
Path Group:  (none)
From Clock:  clkfbout_clk_wiz_0
  To Clock:  

Max Delay             1 Endpoint
Min Delay             1 Endpoint
--------------------------------------------------------------------------------------


Max Delay Paths
--------------------------------------------------------------------------------------
Slack:                    inf
  Source:                 clk_wiz_inst/inst/mmcm_adv_inst/CLKFBOUT
                            (clock source 'clkfbout_clk_wiz_0'  {rise@0.000ns fall@20.000ns period=40.000ns})
  Destination:            clk_wiz_inst/inst/mmcm_adv_inst/CLKFBIN
  Path Group:             (none)
  Path Type:              Max at Fast Process Corner
  Data Path Delay:        1.375ns  (logic 0.029ns (2.109%)  route 1.346ns (97.891%))
  Logic Levels:           1  (BUFG=1)
  Clock Uncertainty:      0.331ns  ((TSJ^2 + DJ^2)^1/2) / 2 + PE
    Total System Jitter     (TSJ):    0.050ns
    Discrete Jitter          (DJ):    0.165ns
    Phase Error              (PE):    0.245ns

    Location             Delay type                Incr(ns)  Path(ns)    Netlist Resource(s)
  -------------------------------------------------------------------    -------------------
                         (clock clkfbout_clk_wiz_0 fall edge)
                                                     20.000    20.000 f  
    W5                   IBUF                         0.000    20.000 f  clk_IBUF_inst/O
                         net (fo=8, routed)           0.480    20.480    clk_wiz_inst/inst/clk_in1
  -------------------------------------------------------------------    -------------------
    MMCME2_ADV_X1Y0      MMCME2_ADV (Prop_mmcme2_adv_CLKIN1_CLKFBOUT)
                                                     -3.142    17.338 f  clk_wiz_inst/inst/mmcm_adv_inst/CLKFBOUT
                         net (fo=1, routed)           0.530    17.868    clk_wiz_inst/inst/clkfbout_clk_wiz_0
    BUFGCTRL_X0Y2        BUFG (Prop_bufg_I_O)         0.029    17.896 f  clk_wiz_inst/inst/clkf_buf/O
                         net (fo=1, routed)           0.817    18.713    clk_wiz_inst/inst/clkfbout_buf_clk_wiz_0
    MMCME2_ADV_X1Y0      MMCME2_ADV                                   f  clk_wiz_inst/inst/mmcm_adv_inst/CLKFBIN
  -------------------------------------------------------------------    -------------------





Min Delay Paths
--------------------------------------------------------------------------------------
Slack:                    inf
  Source:                 clk_wiz_inst/inst/mmcm_adv_inst/CLKFBOUT
                            (clock source 'clkfbout_clk_wiz_0'  {rise@0.000ns fall@20.000ns period=40.000ns})
  Destination:            clk_wiz_inst/inst/mmcm_adv_inst/CLKFBIN
  Path Group:             (none)
  Path Type:              Min at Slow Process Corner
  Data Path Delay:        3.130ns  (logic 0.091ns (2.908%)  route 3.038ns (97.092%))
  Logic Levels:           1  (BUFG=1)
  Clock Uncertainty:      0.331ns  ((TSJ^2 + DJ^2)^1/2) / 2 + PE
    Total System Jitter     (TSJ):    0.050ns
    Discrete Jitter          (DJ):    0.165ns
    Phase Error              (PE):    0.245ns

    Location             Delay type                Incr(ns)  Path(ns)    Netlist Resource(s)
  -------------------------------------------------------------------    -------------------
                         (clock clkfbout_clk_wiz_0 rise edge)
                                                      0.000     0.000 r  
    W5                   IBUF                         0.000     0.000 r  clk_IBUF_inst/O
                         net (fo=8, routed)           1.162     1.162    clk_wiz_inst/inst/clk_in1
  -------------------------------------------------------------------    -------------------
    MMCME2_ADV_X1Y0      MMCME2_ADV (Prop_mmcme2_adv_CLKIN1_CLKFBOUT)
                                                     -7.217    -6.056 r  clk_wiz_inst/inst/mmcm_adv_inst/CLKFBOUT
                         net (fo=1, routed)           1.581    -4.474    clk_wiz_inst/inst/clkfbout_clk_wiz_0
    BUFGCTRL_X0Y2        BUFG (Prop_bufg_I_O)         0.091    -4.383 r  clk_wiz_inst/inst/clkf_buf/O
                         net (fo=1, routed)           1.457    -2.926    clk_wiz_inst/inst/clkfbout_buf_clk_wiz_0
    MMCME2_ADV_X1Y0      MMCME2_ADV                                   r  clk_wiz_inst/inst/mmcm_adv_inst/CLKFBIN
  -------------------------------------------------------------------    -------------------





--------------------------------------------------------------------------------------
Path Group:  (none)
From Clock:  
  To Clock:  clk_out1_clk_wiz_0

Max Delay           140 Endpoints
Min Delay           140 Endpoints
--------------------------------------------------------------------------------------


Max Delay Paths
--------------------------------------------------------------------------------------
Slack:                    inf
  Source:                 u/adc1_reg[5]/C
                            (rising edge-triggered cell FDRE)
  Destination:            top_square/next_sq_y_reg[5]/D
                            (rising edge-triggered cell FDRE clocked by clk_out1_clk_wiz_0  {rise@0.000ns fall@3.367ns period=6.734ns})
  Path Group:             (none)
  Path Type:              Setup (Max at Slow Process Corner)
  Data Path Delay:        5.642ns  (logic 1.466ns (25.982%)  route 4.176ns (74.018%))
  Logic Levels:           5  (FDRE=1 LUT4=2 LUT5=2)
  Clock Uncertainty:      0.357ns  ((TSJ^2 + DJ^2)^1/2) / 2 + PE
    Total System Jitter     (TSJ):    0.050ns
    Discrete Jitter          (DJ):    0.218ns
    Phase Error              (PE):    0.245ns

    Location             Delay type                Incr(ns)  Path(ns)    Netlist Resource(s)
  -------------------------------------------------------------------    -------------------
    SLICE_X8Y49          FDRE                         0.000     0.000 r  u/adc1_reg[5]/C
    SLICE_X8Y49          FDRE (Prop_fdre_C_Q)         0.518     0.518 f  u/adc1_reg[5]/Q
                         net (fo=2, routed)           1.270     1.788    u/p_0_in[1]
    SLICE_X8Y49          LUT4 (Prop_lut4_I0_O)        0.152     1.940 f  u/led_OBUF[5]_inst_i_2/O
                         net (fo=2, routed)           0.286     2.225    u/led_OBUF[5]_inst_i_2_n_0
    SLICE_X8Y49          LUT5 (Prop_lut5_I0_O)        0.341     2.566 r  u/next_sq_y[11]_i_5/O
                         net (fo=12, routed)          1.579     4.146    top_square/next_sq_y1__16
    SLICE_X5Y47          LUT5 (Prop_lut5_I3_O)        0.331     4.477 r  top_square/next_sq_y[5]_i_2/O
                         net (fo=1, routed)           0.402     4.879    top_square/next_sq_y[5]_i_2_n_0
    SLICE_X5Y47          LUT4 (Prop_lut4_I3_O)        0.124     5.003 r  top_square/next_sq_y[5]_i_1/O
                         net (fo=2, routed)           0.639     5.642    top_square/next_sq_y[5]_i_1_n_0
    SLICE_X5Y46          FDRE                                         r  top_square/next_sq_y_reg[5]/D
  -------------------------------------------------------------------    -------------------

                         (clock clk_out1_clk_wiz_0 rise edge)
                                                      0.000     0.000 r  
    W5                   IBUF                         0.000     0.000 r  clk_IBUF_inst/O
                         net (fo=8, routed)           1.162     1.162    clk_wiz_inst/inst/clk_in1
    MMCME2_ADV_X1Y0      MMCME2_ADV (Prop_mmcme2_adv_CLKIN1_CLKOUT0)
                                                     -7.217    -6.056 r  clk_wiz_inst/inst/mmcm_adv_inst/CLKOUT0
                         net (fo=1, routed)           1.581    -4.474    clk_wiz_inst/inst/clk_out1_clk_wiz_0
    BUFGCTRL_X0Y0        BUFG (Prop_bufg_I_O)         0.091    -4.383 r  clk_wiz_inst/inst/clkout1_buf/O
                         net (fo=86, routed)          1.517    -2.866    top_square/clk_out1
    SLICE_X5Y46          FDRE                                         r  top_square/next_sq_y_reg[5]/C

Slack:                    inf
  Source:                 u/adc1_reg[5]/C
                            (rising edge-triggered cell FDRE)
  Destination:            top_square/sq_y_reg[1]/D
                            (rising edge-triggered cell FDRE clocked by clk_out1_clk_wiz_0  {rise@0.000ns fall@3.367ns period=6.734ns})
  Path Group:             (none)
  Path Type:              Setup (Max at Slow Process Corner)
  Data Path Delay:        5.546ns  (logic 1.466ns (26.433%)  route 4.080ns (73.567%))
  Logic Levels:           5  (FDRE=1 LUT4=2 LUT5=2)
  Clock Uncertainty:      0.357ns  ((TSJ^2 + DJ^2)^1/2) / 2 + PE
    Total System Jitter     (TSJ):    0.050ns
    Discrete Jitter          (DJ):    0.218ns
    Phase Error              (PE):    0.245ns

    Location             Delay type                Incr(ns)  Path(ns)    Netlist Resource(s)
  -------------------------------------------------------------------    -------------------
    SLICE_X8Y49          FDRE                         0.000     0.000 r  u/adc1_reg[5]/C
    SLICE_X8Y49          FDRE (Prop_fdre_C_Q)         0.518     0.518 f  u/adc1_reg[5]/Q
                         net (fo=2, routed)           1.270     1.788    u/p_0_in[1]
    SLICE_X8Y49          LUT4 (Prop_lut4_I0_O)        0.152     1.940 f  u/led_OBUF[5]_inst_i_2/O
                         net (fo=2, routed)           0.286     2.225    u/led_OBUF[5]_inst_i_2_n_0
    SLICE_X8Y49          LUT5 (Prop_lut5_I0_O)        0.341     2.566 r  u/next_sq_y[11]_i_5/O
                         net (fo=12, routed)          1.225     3.792    top_square/next_sq_y1__16
    SLICE_X6Y46          LUT5 (Prop_lut5_I3_O)        0.331     4.123 r  top_square/next_sq_y[1]_i_2/O
                         net (fo=1, routed)           0.466     4.589    top_square/next_sq_y[1]_i_2_n_0
    SLICE_X6Y46          LUT4 (Prop_lut4_I3_O)        0.124     4.713 r  top_square/next_sq_y[1]_i_1/O
                         net (fo=2, routed)           0.833     5.546    top_square/next_sq_y[1]_i_1_n_0
    SLICE_X4Y46          FDRE                                         r  top_square/sq_y_reg[1]/D
  -------------------------------------------------------------------    -------------------

                         (clock clk_out1_clk_wiz_0 rise edge)
                                                      0.000     0.000 r  
    W5                   IBUF                         0.000     0.000 r  clk_IBUF_inst/O
                         net (fo=8, routed)           1.162     1.162    clk_wiz_inst/inst/clk_in1
    MMCME2_ADV_X1Y0      MMCME2_ADV (Prop_mmcme2_adv_CLKIN1_CLKOUT0)
                                                     -7.217    -6.056 r  clk_wiz_inst/inst/mmcm_adv_inst/CLKOUT0
                         net (fo=1, routed)           1.581    -4.474    clk_wiz_inst/inst/clk_out1_clk_wiz_0
    BUFGCTRL_X0Y0        BUFG (Prop_bufg_I_O)         0.091    -4.383 r  clk_wiz_inst/inst/clkout1_buf/O
                         net (fo=86, routed)          1.517    -2.866    top_square/clk_out1
    SLICE_X4Y46          FDRE                                         r  top_square/sq_y_reg[1]/C

Slack:                    inf
  Source:                 btnC
                            (input port)
  Destination:            top_square/x_reg[0]/R
                            (rising edge-triggered cell FDRE clocked by clk_out1_clk_wiz_0  {rise@0.000ns fall@3.367ns period=6.734ns})
  Path Group:             (none)
  Path Type:              Setup (Max at Slow Process Corner)
  Data Path Delay:        5.381ns  (logic 1.593ns (29.607%)  route 3.788ns (70.393%))
  Logic Levels:           2  (IBUF=1 LUT2=1)
  Clock Path Skew:        -2.864ns (DCD - SCD + CPR)
    Destination Clock Delay (DCD):    -2.864ns
    Source Clock Delay      (SCD):    0.000ns
    Clock Pessimism Removal (CPR):    0.000ns
  Clock Uncertainty:      0.357ns  ((TSJ^2 + DJ^2)^1/2) / 2 + PE
    Total System Jitter     (TSJ):    0.050ns
    Discrete Jitter          (DJ):    0.218ns
    Phase Error              (PE):    0.245ns

    Location             Delay type                Incr(ns)  Path(ns)    Netlist Resource(s)
  -------------------------------------------------------------------    -------------------
    U18                                               0.000     0.000 r  btnC (IN)
                         net (fo=0)                   0.000     0.000    btnC
    U18                  IBUF (Prop_ibuf_I_O)         1.441     1.441 r  btnC_IBUF_inst/O
                         net (fo=38, routed)          2.922     4.363    top_square/SR[0]
    SLICE_X6Y45          LUT2 (Prop_lut2_I0_O)        0.152     4.515 r  top_square/x[0]_i_1/O
                         net (fo=12, routed)          0.866     5.381    top_square/x[0]_i_1_n_0
    SLICE_X3Y43          FDRE                                         r  top_square/x_reg[0]/R
  -------------------------------------------------------------------    -------------------

                         (clock clk_out1_clk_wiz_0 rise edge)
                                                      0.000     0.000 r  
    W5                   IBUF                         0.000     0.000 r  clk_IBUF_inst/O
                         net (fo=8, routed)           1.162     1.162    clk_wiz_inst/inst/clk_in1
    MMCME2_ADV_X1Y0      MMCME2_ADV (Prop_mmcme2_adv_CLKIN1_CLKOUT0)
                                                     -7.217    -6.056 r  clk_wiz_inst/inst/mmcm_adv_inst/CLKOUT0
                         net (fo=1, routed)           1.581    -4.474    clk_wiz_inst/inst/clk_out1_clk_wiz_0
    BUFGCTRL_X0Y0        BUFG (Prop_bufg_I_O)         0.091    -4.383 r  clk_wiz_inst/inst/clkout1_buf/O
                         net (fo=86, routed)          1.519    -2.864    top_square/clk_out1
    SLICE_X3Y43          FDRE                                         r  top_square/x_reg[0]/C

Slack:                    inf
  Source:                 btnC
                            (input port)
  Destination:            top_square/x_reg[1]/R
                            (rising edge-triggered cell FDRE clocked by clk_out1_clk_wiz_0  {rise@0.000ns fall@3.367ns period=6.734ns})
  Path Group:             (none)
  Path Type:              Setup (Max at Slow Process Corner)
  Data Path Delay:        5.381ns  (logic 1.593ns (29.607%)  route 3.788ns (70.393%))
  Logic Levels:           2  (IBUF=1 LUT2=1)
  Clock Path Skew:        -2.864ns (DCD - SCD + CPR)
    Destination Clock Delay (DCD):    -2.864ns
    Source Clock Delay      (SCD):    0.000ns
    Clock Pessimism Removal (CPR):    0.000ns
  Clock Uncertainty:      0.357ns  ((TSJ^2 + DJ^2)^1/2) / 2 + PE
    Total System Jitter     (TSJ):    0.050ns
    Discrete Jitter          (DJ):    0.218ns
    Phase Error              (PE):    0.245ns

    Location             Delay type                Incr(ns)  Path(ns)    Netlist Resource(s)
  -------------------------------------------------------------------    -------------------
    U18                                               0.000     0.000 r  btnC (IN)
                         net (fo=0)                   0.000     0.000    btnC
    U18                  IBUF (Prop_ibuf_I_O)         1.441     1.441 r  btnC_IBUF_inst/O
                         net (fo=38, routed)          2.922     4.363    top_square/SR[0]
    SLICE_X6Y45          LUT2 (Prop_lut2_I0_O)        0.152     4.515 r  top_square/x[0]_i_1/O
                         net (fo=12, routed)          0.866     5.381    top_square/x[0]_i_1_n_0
    SLICE_X3Y43          FDRE                                         r  top_square/x_reg[1]/R
  -------------------------------------------------------------------    -------------------

                         (clock clk_out1_clk_wiz_0 rise edge)
                                                      0.000     0.000 r  
    W5                   IBUF                         0.000     0.000 r  clk_IBUF_inst/O
                         net (fo=8, routed)           1.162     1.162    clk_wiz_inst/inst/clk_in1
    MMCME2_ADV_X1Y0      MMCME2_ADV (Prop_mmcme2_adv_CLKIN1_CLKOUT0)
                                                     -7.217    -6.056 r  clk_wiz_inst/inst/mmcm_adv_inst/CLKOUT0
                         net (fo=1, routed)           1.581    -4.474    clk_wiz_inst/inst/clk_out1_clk_wiz_0
    BUFGCTRL_X0Y0        BUFG (Prop_bufg_I_O)         0.091    -4.383 r  clk_wiz_inst/inst/clkout1_buf/O
                         net (fo=86, routed)          1.519    -2.864    top_square/clk_out1
    SLICE_X3Y43          FDRE                                         r  top_square/x_reg[1]/C

Slack:                    inf
  Source:                 btnC
                            (input port)
  Destination:            top_square/x_reg[2]/R
                            (rising edge-triggered cell FDRE clocked by clk_out1_clk_wiz_0  {rise@0.000ns fall@3.367ns period=6.734ns})
  Path Group:             (none)
  Path Type:              Setup (Max at Slow Process Corner)
  Data Path Delay:        5.381ns  (logic 1.593ns (29.607%)  route 3.788ns (70.393%))
  Logic Levels:           2  (IBUF=1 LUT2=1)
  Clock Path Skew:        -2.864ns (DCD - SCD + CPR)
    Destination Clock Delay (DCD):    -2.864ns
    Source Clock Delay      (SCD):    0.000ns
    Clock Pessimism Removal (CPR):    0.000ns
  Clock Uncertainty:      0.357ns  ((TSJ^2 + DJ^2)^1/2) / 2 + PE
    Total System Jitter     (TSJ):    0.050ns
    Discrete Jitter          (DJ):    0.218ns
    Phase Error              (PE):    0.245ns

    Location             Delay type                Incr(ns)  Path(ns)    Netlist Resource(s)
  -------------------------------------------------------------------    -------------------
    U18                                               0.000     0.000 r  btnC (IN)
                         net (fo=0)                   0.000     0.000    btnC
    U18                  IBUF (Prop_ibuf_I_O)         1.441     1.441 r  btnC_IBUF_inst/O
                         net (fo=38, routed)          2.922     4.363    top_square/SR[0]
    SLICE_X6Y45          LUT2 (Prop_lut2_I0_O)        0.152     4.515 r  top_square/x[0]_i_1/O
                         net (fo=12, routed)          0.866     5.381    top_square/x[0]_i_1_n_0
    SLICE_X3Y43          FDRE                                         r  top_square/x_reg[2]/R
  -------------------------------------------------------------------    -------------------

                         (clock clk_out1_clk_wiz_0 rise edge)
                                                      0.000     0.000 r  
    W5                   IBUF                         0.000     0.000 r  clk_IBUF_inst/O
                         net (fo=8, routed)           1.162     1.162    clk_wiz_inst/inst/clk_in1
    MMCME2_ADV_X1Y0      MMCME2_ADV (Prop_mmcme2_adv_CLKIN1_CLKOUT0)
                                                     -7.217    -6.056 r  clk_wiz_inst/inst/mmcm_adv_inst/CLKOUT0
                         net (fo=1, routed)           1.581    -4.474    clk_wiz_inst/inst/clk_out1_clk_wiz_0
    BUFGCTRL_X0Y0        BUFG (Prop_bufg_I_O)         0.091    -4.383 r  clk_wiz_inst/inst/clkout1_buf/O
                         net (fo=86, routed)          1.519    -2.864    top_square/clk_out1
    SLICE_X3Y43          FDRE                                         r  top_square/x_reg[2]/C

Slack:                    inf
  Source:                 btnC
                            (input port)
  Destination:            top_square/x_reg[3]/R
                            (rising edge-triggered cell FDRE clocked by clk_out1_clk_wiz_0  {rise@0.000ns fall@3.367ns period=6.734ns})
  Path Group:             (none)
  Path Type:              Setup (Max at Slow Process Corner)
  Data Path Delay:        5.381ns  (logic 1.593ns (29.607%)  route 3.788ns (70.393%))
  Logic Levels:           2  (IBUF=1 LUT2=1)
  Clock Path Skew:        -2.864ns (DCD - SCD + CPR)
    Destination Clock Delay (DCD):    -2.864ns
    Source Clock Delay      (SCD):    0.000ns
    Clock Pessimism Removal (CPR):    0.000ns
  Clock Uncertainty:      0.357ns  ((TSJ^2 + DJ^2)^1/2) / 2 + PE
    Total System Jitter     (TSJ):    0.050ns
    Discrete Jitter          (DJ):    0.218ns
    Phase Error              (PE):    0.245ns

    Location             Delay type                Incr(ns)  Path(ns)    Netlist Resource(s)
  -------------------------------------------------------------------    -------------------
    U18                                               0.000     0.000 r  btnC (IN)
                         net (fo=0)                   0.000     0.000    btnC
    U18                  IBUF (Prop_ibuf_I_O)         1.441     1.441 r  btnC_IBUF_inst/O
                         net (fo=38, routed)          2.922     4.363    top_square/SR[0]
    SLICE_X6Y45          LUT2 (Prop_lut2_I0_O)        0.152     4.515 r  top_square/x[0]_i_1/O
                         net (fo=12, routed)          0.866     5.381    top_square/x[0]_i_1_n_0
    SLICE_X3Y43          FDRE                                         r  top_square/x_reg[3]/R
  -------------------------------------------------------------------    -------------------

                         (clock clk_out1_clk_wiz_0 rise edge)
                                                      0.000     0.000 r  
    W5                   IBUF                         0.000     0.000 r  clk_IBUF_inst/O
                         net (fo=8, routed)           1.162     1.162    clk_wiz_inst/inst/clk_in1
    MMCME2_ADV_X1Y0      MMCME2_ADV (Prop_mmcme2_adv_CLKIN1_CLKOUT0)
                                                     -7.217    -6.056 r  clk_wiz_inst/inst/mmcm_adv_inst/CLKOUT0
                         net (fo=1, routed)           1.581    -4.474    clk_wiz_inst/inst/clk_out1_clk_wiz_0
    BUFGCTRL_X0Y0        BUFG (Prop_bufg_I_O)         0.091    -4.383 r  clk_wiz_inst/inst/clkout1_buf/O
                         net (fo=86, routed)          1.519    -2.864    top_square/clk_out1
    SLICE_X3Y43          FDRE                                         r  top_square/x_reg[3]/C

Slack:                    inf
  Source:                 btnC
                            (input port)
  Destination:            top_square/x_reg[4]/R
                            (rising edge-triggered cell FDRE clocked by clk_out1_clk_wiz_0  {rise@0.000ns fall@3.367ns period=6.734ns})
  Path Group:             (none)
  Path Type:              Setup (Max at Slow Process Corner)
  Data Path Delay:        5.332ns  (logic 1.593ns (29.879%)  route 3.739ns (70.121%))
  Logic Levels:           2  (IBUF=1 LUT2=1)
  Clock Path Skew:        -2.864ns (DCD - SCD + CPR)
    Destination Clock Delay (DCD):    -2.864ns
    Source Clock Delay      (SCD):    0.000ns
    Clock Pessimism Removal (CPR):    0.000ns
  Clock Uncertainty:      0.357ns  ((TSJ^2 + DJ^2)^1/2) / 2 + PE
    Total System Jitter     (TSJ):    0.050ns
    Discrete Jitter          (DJ):    0.218ns
    Phase Error              (PE):    0.245ns

    Location             Delay type                Incr(ns)  Path(ns)    Netlist Resource(s)
  -------------------------------------------------------------------    -------------------
    U18                                               0.000     0.000 r  btnC (IN)
                         net (fo=0)                   0.000     0.000    btnC
    U18                  IBUF (Prop_ibuf_I_O)         1.441     1.441 r  btnC_IBUF_inst/O
                         net (fo=38, routed)          2.922     4.363    top_square/SR[0]
    SLICE_X6Y45          LUT2 (Prop_lut2_I0_O)        0.152     4.515 r  top_square/x[0]_i_1/O
                         net (fo=12, routed)          0.817     5.332    top_square/x[0]_i_1_n_0
    SLICE_X3Y44          FDRE                                         r  top_square/x_reg[4]/R
  -------------------------------------------------------------------    -------------------

                         (clock clk_out1_clk_wiz_0 rise edge)
                                                      0.000     0.000 r  
    W5                   IBUF                         0.000     0.000 r  clk_IBUF_inst/O
                         net (fo=8, routed)           1.162     1.162    clk_wiz_inst/inst/clk_in1
    MMCME2_ADV_X1Y0      MMCME2_ADV (Prop_mmcme2_adv_CLKIN1_CLKOUT0)
                                                     -7.217    -6.056 r  clk_wiz_inst/inst/mmcm_adv_inst/CLKOUT0
                         net (fo=1, routed)           1.581    -4.474    clk_wiz_inst/inst/clk_out1_clk_wiz_0
    BUFGCTRL_X0Y0        BUFG (Prop_bufg_I_O)         0.091    -4.383 r  clk_wiz_inst/inst/clkout1_buf/O
                         net (fo=86, routed)          1.519    -2.864    top_square/clk_out1
    SLICE_X3Y44          FDRE                                         r  top_square/x_reg[4]/C

Slack:                    inf
  Source:                 btnC
                            (input port)
  Destination:            top_square/x_reg[5]/R
                            (rising edge-triggered cell FDRE clocked by clk_out1_clk_wiz_0  {rise@0.000ns fall@3.367ns period=6.734ns})
  Path Group:             (none)
  Path Type:              Setup (Max at Slow Process Corner)
  Data Path Delay:        5.332ns  (logic 1.593ns (29.879%)  route 3.739ns (70.121%))
  Logic Levels:           2  (IBUF=1 LUT2=1)
  Clock Path Skew:        -2.864ns (DCD - SCD + CPR)
    Destination Clock Delay (DCD):    -2.864ns
    Source Clock Delay      (SCD):    0.000ns
    Clock Pessimism Removal (CPR):    0.000ns
  Clock Uncertainty:      0.357ns  ((TSJ^2 + DJ^2)^1/2) / 2 + PE
    Total System Jitter     (TSJ):    0.050ns
    Discrete Jitter          (DJ):    0.218ns
    Phase Error              (PE):    0.245ns

    Location             Delay type                Incr(ns)  Path(ns)    Netlist Resource(s)
  -------------------------------------------------------------------    -------------------
    U18                                               0.000     0.000 r  btnC (IN)
                         net (fo=0)                   0.000     0.000    btnC
    U18                  IBUF (Prop_ibuf_I_O)         1.441     1.441 r  btnC_IBUF_inst/O
                         net (fo=38, routed)          2.922     4.363    top_square/SR[0]
    SLICE_X6Y45          LUT2 (Prop_lut2_I0_O)        0.152     4.515 r  top_square/x[0]_i_1/O
                         net (fo=12, routed)          0.817     5.332    top_square/x[0]_i_1_n_0
    SLICE_X3Y44          FDRE                                         r  top_square/x_reg[5]/R
  -------------------------------------------------------------------    -------------------

                         (clock clk_out1_clk_wiz_0 rise edge)
                                                      0.000     0.000 r  
    W5                   IBUF                         0.000     0.000 r  clk_IBUF_inst/O
                         net (fo=8, routed)           1.162     1.162    clk_wiz_inst/inst/clk_in1
    MMCME2_ADV_X1Y0      MMCME2_ADV (Prop_mmcme2_adv_CLKIN1_CLKOUT0)
                                                     -7.217    -6.056 r  clk_wiz_inst/inst/mmcm_adv_inst/CLKOUT0
                         net (fo=1, routed)           1.581    -4.474    clk_wiz_inst/inst/clk_out1_clk_wiz_0
    BUFGCTRL_X0Y0        BUFG (Prop_bufg_I_O)         0.091    -4.383 r  clk_wiz_inst/inst/clkout1_buf/O
                         net (fo=86, routed)          1.519    -2.864    top_square/clk_out1
    SLICE_X3Y44          FDRE                                         r  top_square/x_reg[5]/C

Slack:                    inf
  Source:                 btnC
                            (input port)
  Destination:            top_square/x_reg[6]/R
                            (rising edge-triggered cell FDRE clocked by clk_out1_clk_wiz_0  {rise@0.000ns fall@3.367ns period=6.734ns})
  Path Group:             (none)
  Path Type:              Setup (Max at Slow Process Corner)
  Data Path Delay:        5.332ns  (logic 1.593ns (29.879%)  route 3.739ns (70.121%))
  Logic Levels:           2  (IBUF=1 LUT2=1)
  Clock Path Skew:        -2.864ns (DCD - SCD + CPR)
    Destination Clock Delay (DCD):    -2.864ns
    Source Clock Delay      (SCD):    0.000ns
    Clock Pessimism Removal (CPR):    0.000ns
  Clock Uncertainty:      0.357ns  ((TSJ^2 + DJ^2)^1/2) / 2 + PE
    Total System Jitter     (TSJ):    0.050ns
    Discrete Jitter          (DJ):    0.218ns
    Phase Error              (PE):    0.245ns

    Location             Delay type                Incr(ns)  Path(ns)    Netlist Resource(s)
  -------------------------------------------------------------------    -------------------
    U18                                               0.000     0.000 r  btnC (IN)
                         net (fo=0)                   0.000     0.000    btnC
    U18                  IBUF (Prop_ibuf_I_O)         1.441     1.441 r  btnC_IBUF_inst/O
                         net (fo=38, routed)          2.922     4.363    top_square/SR[0]
    SLICE_X6Y45          LUT2 (Prop_lut2_I0_O)        0.152     4.515 r  top_square/x[0]_i_1/O
                         net (fo=12, routed)          0.817     5.332    top_square/x[0]_i_1_n_0
    SLICE_X3Y44          FDRE                                         r  top_square/x_reg[6]/R
  -------------------------------------------------------------------    -------------------

                         (clock clk_out1_clk_wiz_0 rise edge)
                                                      0.000     0.000 r  
    W5                   IBUF                         0.000     0.000 r  clk_IBUF_inst/O
                         net (fo=8, routed)           1.162     1.162    clk_wiz_inst/inst/clk_in1
    MMCME2_ADV_X1Y0      MMCME2_ADV (Prop_mmcme2_adv_CLKIN1_CLKOUT0)
                                                     -7.217    -6.056 r  clk_wiz_inst/inst/mmcm_adv_inst/CLKOUT0
                         net (fo=1, routed)           1.581    -4.474    clk_wiz_inst/inst/clk_out1_clk_wiz_0
    BUFGCTRL_X0Y0        BUFG (Prop_bufg_I_O)         0.091    -4.383 r  clk_wiz_inst/inst/clkout1_buf/O
                         net (fo=86, routed)          1.519    -2.864    top_square/clk_out1
    SLICE_X3Y44          FDRE                                         r  top_square/x_reg[6]/C

Slack:                    inf
  Source:                 btnC
                            (input port)
  Destination:            top_square/x_reg[7]/R
                            (rising edge-triggered cell FDRE clocked by clk_out1_clk_wiz_0  {rise@0.000ns fall@3.367ns period=6.734ns})
  Path Group:             (none)
  Path Type:              Setup (Max at Slow Process Corner)
  Data Path Delay:        5.332ns  (logic 1.593ns (29.879%)  route 3.739ns (70.121%))
  Logic Levels:           2  (IBUF=1 LUT2=1)
  Clock Path Skew:        -2.864ns (DCD - SCD + CPR)
    Destination Clock Delay (DCD):    -2.864ns
    Source Clock Delay      (SCD):    0.000ns
    Clock Pessimism Removal (CPR):    0.000ns
  Clock Uncertainty:      0.357ns  ((TSJ^2 + DJ^2)^1/2) / 2 + PE
    Total System Jitter     (TSJ):    0.050ns
    Discrete Jitter          (DJ):    0.218ns
    Phase Error              (PE):    0.245ns

    Location             Delay type                Incr(ns)  Path(ns)    Netlist Resource(s)
  -------------------------------------------------------------------    -------------------
    U18                                               0.000     0.000 r  btnC (IN)
                         net (fo=0)                   0.000     0.000    btnC
    U18                  IBUF (Prop_ibuf_I_O)         1.441     1.441 r  btnC_IBUF_inst/O
                         net (fo=38, routed)          2.922     4.363    top_square/SR[0]
    SLICE_X6Y45          LUT2 (Prop_lut2_I0_O)        0.152     4.515 r  top_square/x[0]_i_1/O
                         net (fo=12, routed)          0.817     5.332    top_square/x[0]_i_1_n_0
    SLICE_X3Y44          FDRE                                         r  top_square/x_reg[7]/R
  -------------------------------------------------------------------    -------------------

                         (clock clk_out1_clk_wiz_0 rise edge)
                                                      0.000     0.000 r  
    W5                   IBUF                         0.000     0.000 r  clk_IBUF_inst/O
                         net (fo=8, routed)           1.162     1.162    clk_wiz_inst/inst/clk_in1
    MMCME2_ADV_X1Y0      MMCME2_ADV (Prop_mmcme2_adv_CLKIN1_CLKOUT0)
                                                     -7.217    -6.056 r  clk_wiz_inst/inst/mmcm_adv_inst/CLKOUT0
                         net (fo=1, routed)           1.581    -4.474    clk_wiz_inst/inst/clk_out1_clk_wiz_0
    BUFGCTRL_X0Y0        BUFG (Prop_bufg_I_O)         0.091    -4.383 r  clk_wiz_inst/inst/clkout1_buf/O
                         net (fo=86, routed)          1.519    -2.864    top_square/clk_out1
    SLICE_X3Y44          FDRE                                         r  top_square/x_reg[7]/C





Min Delay Paths
--------------------------------------------------------------------------------------
Slack:                    inf
  Source:                 u/adc1_reg[11]/C
                            (rising edge-triggered cell FDRE)
  Destination:            top_square/sq_y_reg[5]/D
                            (rising edge-triggered cell FDRE clocked by clk_out1_clk_wiz_0  {rise@0.000ns fall@3.367ns period=6.734ns})
  Path Group:             (none)
  Path Type:              Hold (Min at Fast Process Corner)
  Data Path Delay:        0.908ns  (logic 0.318ns (35.003%)  route 0.590ns (64.997%))
  Logic Levels:           3  (FDRE=1 LUT4=1 LUT5=1)
  Clock Uncertainty:      0.357ns  ((TSJ^2 + DJ^2)^1/2) / 2 + PE
    Total System Jitter     (TSJ):    0.050ns
    Discrete Jitter          (DJ):    0.218ns
    Phase Error              (PE):    0.245ns

    Location             Delay type                Incr(ns)  Path(ns)    Netlist Resource(s)
  -------------------------------------------------------------------    -------------------
    SLICE_X10Y49         FDRE                         0.000     0.000 r  u/adc1_reg[11]/C
    SLICE_X10Y49         FDRE (Prop_fdre_C_Q)         0.164     0.164 f  u/adc1_reg[11]/Q
                         net (fo=4, routed)           0.232     0.396    u/p_0_in[7]
    SLICE_X8Y49          LUT5 (Prop_lut5_I2_O)        0.043     0.439 r  u/next_sq_y[11]_i_4/O
                         net (fo=12, routed)          0.358     0.797    top_square/next_sq_y15_out
    SLICE_X5Y47          LUT4 (Prop_lut4_I2_O)        0.111     0.908 r  top_square/next_sq_y[5]_i_1/O
                         net (fo=2, routed)           0.000     0.908    top_square/next_sq_y[5]_i_1_n_0
    SLICE_X5Y47          FDRE                                         r  top_square/sq_y_reg[5]/D
  -------------------------------------------------------------------    -------------------

                         (clock clk_out1_clk_wiz_0 rise edge)
                                                      0.000     0.000 r  
    W5                   IBUF                         0.000     0.000 r  clk_IBUF_inst/O
                         net (fo=8, routed)           0.480     0.480    clk_wiz_inst/inst/clk_in1
    MMCME2_ADV_X1Y0      MMCME2_ADV (Prop_mmcme2_adv_CLKIN1_CLKOUT0)
                                                     -3.142    -2.662 r  clk_wiz_inst/inst/mmcm_adv_inst/CLKOUT0
                         net (fo=1, routed)           0.530    -2.133    clk_wiz_inst/inst/clk_out1_clk_wiz_0
    BUFGCTRL_X0Y0        BUFG (Prop_bufg_I_O)         0.029    -2.104 r  clk_wiz_inst/inst/clkout1_buf/O
                         net (fo=86, routed)          0.865    -1.239    top_square/clk_out1
    SLICE_X5Y47          FDRE                                         r  top_square/sq_y_reg[5]/C

Slack:                    inf
  Source:                 btnC
                            (input port)
  Destination:            top_square/sq_x_reg[0]/R
                            (rising edge-triggered cell FDRE clocked by clk_out1_clk_wiz_0  {rise@0.000ns fall@3.367ns period=6.734ns})
  Path Group:             (none)
  Path Type:              Hold (Min at Fast Process Corner)
  Data Path Delay:        0.933ns  (logic 0.210ns (22.463%)  route 0.723ns (77.537%))
  Logic Levels:           1  (IBUF=1)
  Clock Path Skew:        -1.240ns (DCD - SCD - CPR)
    Destination Clock Delay (DCD):    -1.240ns
    Source Clock Delay      (SCD):    0.000ns
    Clock Pessimism Removal (CPR):    -0.000ns

    Location             Delay type                Incr(ns)  Path(ns)    Netlist Resource(s)
  -------------------------------------------------------------------    -------------------
    U18                                               0.000     0.000 r  btnC (IN)
                         net (fo=0)                   0.000     0.000    btnC
    U18                  IBUF (Prop_ibuf_I_O)         0.210     0.210 r  btnC_IBUF_inst/O
                         net (fo=38, routed)          0.723     0.933    top_square/SR[0]
    SLICE_X4Y43          FDRE                                         r  top_square/sq_x_reg[0]/R
  -------------------------------------------------------------------    -------------------

                         (clock clk_out1_clk_wiz_0 rise edge)
                                                      0.000     0.000 r  
    W5                   IBUF                         0.000     0.000 r  clk_IBUF_inst/O
                         net (fo=8, routed)           0.480     0.480    clk_wiz_inst/inst/clk_in1
    MMCME2_ADV_X1Y0      MMCME2_ADV (Prop_mmcme2_adv_CLKIN1_CLKOUT0)
                                                     -3.142    -2.662 r  clk_wiz_inst/inst/mmcm_adv_inst/CLKOUT0
                         net (fo=1, routed)           0.530    -2.133    clk_wiz_inst/inst/clk_out1_clk_wiz_0
    BUFGCTRL_X0Y0        BUFG (Prop_bufg_I_O)         0.029    -2.104 r  clk_wiz_inst/inst/clkout1_buf/O
                         net (fo=86, routed)          0.864    -1.240    top_square/clk_out1
    SLICE_X4Y43          FDRE                                         r  top_square/sq_x_reg[0]/C

Slack:                    inf
  Source:                 btnC
                            (input port)
  Destination:            top_square/sq_x_reg[2]/R
                            (rising edge-triggered cell FDRE clocked by clk_out1_clk_wiz_0  {rise@0.000ns fall@3.367ns period=6.734ns})
  Path Group:             (none)
  Path Type:              Hold (Min at Fast Process Corner)
  Data Path Delay:        0.933ns  (logic 0.210ns (22.463%)  route 0.723ns (77.537%))
  Logic Levels:           1  (IBUF=1)
  Clock Path Skew:        -1.240ns (DCD - SCD - CPR)
    Destination Clock Delay (DCD):    -1.240ns
    Source Clock Delay      (SCD):    0.000ns
    Clock Pessimism Removal (CPR):    -0.000ns

    Location             Delay type                Incr(ns)  Path(ns)    Netlist Resource(s)
  -------------------------------------------------------------------    -------------------
    U18                                               0.000     0.000 r  btnC (IN)
                         net (fo=0)                   0.000     0.000    btnC
    U18                  IBUF (Prop_ibuf_I_O)         0.210     0.210 r  btnC_IBUF_inst/O
                         net (fo=38, routed)          0.723     0.933    top_square/SR[0]
    SLICE_X4Y43          FDRE                                         r  top_square/sq_x_reg[2]/R
  -------------------------------------------------------------------    -------------------

                         (clock clk_out1_clk_wiz_0 rise edge)
                                                      0.000     0.000 r  
    W5                   IBUF                         0.000     0.000 r  clk_IBUF_inst/O
                         net (fo=8, routed)           0.480     0.480    clk_wiz_inst/inst/clk_in1
    MMCME2_ADV_X1Y0      MMCME2_ADV (Prop_mmcme2_adv_CLKIN1_CLKOUT0)
                                                     -3.142    -2.662 r  clk_wiz_inst/inst/mmcm_adv_inst/CLKOUT0
                         net (fo=1, routed)           0.530    -2.133    clk_wiz_inst/inst/clk_out1_clk_wiz_0
    BUFGCTRL_X0Y0        BUFG (Prop_bufg_I_O)         0.029    -2.104 r  clk_wiz_inst/inst/clkout1_buf/O
                         net (fo=86, routed)          0.864    -1.240    top_square/clk_out1
    SLICE_X4Y43          FDRE                                         r  top_square/sq_x_reg[2]/C

Slack:                    inf
  Source:                 btnC
                            (input port)
  Destination:            top_square/sq_x_reg[4]/R
                            (rising edge-triggered cell FDRE clocked by clk_out1_clk_wiz_0  {rise@0.000ns fall@3.367ns period=6.734ns})
  Path Group:             (none)
  Path Type:              Hold (Min at Fast Process Corner)
  Data Path Delay:        0.933ns  (logic 0.210ns (22.463%)  route 0.723ns (77.537%))
  Logic Levels:           1  (IBUF=1)
  Clock Path Skew:        -1.240ns (DCD - SCD - CPR)
    Destination Clock Delay (DCD):    -1.240ns
    Source Clock Delay      (SCD):    0.000ns
    Clock Pessimism Removal (CPR):    -0.000ns

    Location             Delay type                Incr(ns)  Path(ns)    Netlist Resource(s)
  -------------------------------------------------------------------    -------------------
    U18                                               0.000     0.000 r  btnC (IN)
                         net (fo=0)                   0.000     0.000    btnC
    U18                  IBUF (Prop_ibuf_I_O)         0.210     0.210 r  btnC_IBUF_inst/O
                         net (fo=38, routed)          0.723     0.933    top_square/SR[0]
    SLICE_X4Y43          FDRE                                         r  top_square/sq_x_reg[4]/R
  -------------------------------------------------------------------    -------------------

                         (clock clk_out1_clk_wiz_0 rise edge)
                                                      0.000     0.000 r  
    W5                   IBUF                         0.000     0.000 r  clk_IBUF_inst/O
                         net (fo=8, routed)           0.480     0.480    clk_wiz_inst/inst/clk_in1
    MMCME2_ADV_X1Y0      MMCME2_ADV (Prop_mmcme2_adv_CLKIN1_CLKOUT0)
                                                     -3.142    -2.662 r  clk_wiz_inst/inst/mmcm_adv_inst/CLKOUT0
                         net (fo=1, routed)           0.530    -2.133    clk_wiz_inst/inst/clk_out1_clk_wiz_0
    BUFGCTRL_X0Y0        BUFG (Prop_bufg_I_O)         0.029    -2.104 r  clk_wiz_inst/inst/clkout1_buf/O
                         net (fo=86, routed)          0.864    -1.240    top_square/clk_out1
    SLICE_X4Y43          FDRE                                         r  top_square/sq_x_reg[4]/C

Slack:                    inf
  Source:                 btnC
                            (input port)
  Destination:            top_square/sq_x_reg[5]/R
                            (rising edge-triggered cell FDRE clocked by clk_out1_clk_wiz_0  {rise@0.000ns fall@3.367ns period=6.734ns})
  Path Group:             (none)
  Path Type:              Hold (Min at Fast Process Corner)
  Data Path Delay:        0.933ns  (logic 0.210ns (22.463%)  route 0.723ns (77.537%))
  Logic Levels:           1  (IBUF=1)
  Clock Path Skew:        -1.240ns (DCD - SCD - CPR)
    Destination Clock Delay (DCD):    -1.240ns
    Source Clock Delay      (SCD):    0.000ns
    Clock Pessimism Removal (CPR):    -0.000ns

    Location             Delay type                Incr(ns)  Path(ns)    Netlist Resource(s)
  -------------------------------------------------------------------    -------------------
    U18                                               0.000     0.000 r  btnC (IN)
                         net (fo=0)                   0.000     0.000    btnC
    U18                  IBUF (Prop_ibuf_I_O)         0.210     0.210 r  btnC_IBUF_inst/O
                         net (fo=38, routed)          0.723     0.933    top_square/SR[0]
    SLICE_X4Y43          FDRE                                         r  top_square/sq_x_reg[5]/R
  -------------------------------------------------------------------    -------------------

                         (clock clk_out1_clk_wiz_0 rise edge)
                                                      0.000     0.000 r  
    W5                   IBUF                         0.000     0.000 r  clk_IBUF_inst/O
                         net (fo=8, routed)           0.480     0.480    clk_wiz_inst/inst/clk_in1
    MMCME2_ADV_X1Y0      MMCME2_ADV (Prop_mmcme2_adv_CLKIN1_CLKOUT0)
                                                     -3.142    -2.662 r  clk_wiz_inst/inst/mmcm_adv_inst/CLKOUT0
                         net (fo=1, routed)           0.530    -2.133    clk_wiz_inst/inst/clk_out1_clk_wiz_0
    BUFGCTRL_X0Y0        BUFG (Prop_bufg_I_O)         0.029    -2.104 r  clk_wiz_inst/inst/clkout1_buf/O
                         net (fo=86, routed)          0.864    -1.240    top_square/clk_out1
    SLICE_X4Y43          FDRE                                         r  top_square/sq_x_reg[5]/C

Slack:                    inf
  Source:                 u/adc0_reg[10]/C
                            (rising edge-triggered cell FDRE)
  Destination:            top_square/next_sq_x_reg[5]/D
                            (rising edge-triggered cell FDRE clocked by clk_out1_clk_wiz_0  {rise@0.000ns fall@3.367ns period=6.734ns})
  Path Group:             (none)
  Path Type:              Hold (Min at Fast Process Corner)
  Data Path Delay:        0.954ns  (logic 0.322ns (33.764%)  route 0.632ns (66.236%))
  Logic Levels:           3  (FDRE=1 LUT4=1 LUT5=1)
  Clock Uncertainty:      0.357ns  ((TSJ^2 + DJ^2)^1/2) / 2 + PE
    Total System Jitter     (TSJ):    0.050ns
    Discrete Jitter          (DJ):    0.218ns
    Phase Error              (PE):    0.245ns

    Location             Delay type                Incr(ns)  Path(ns)    Netlist Resource(s)
  -------------------------------------------------------------------    -------------------
    SLICE_X6Y50          FDRE                         0.000     0.000 r  u/adc0_reg[10]/C
    SLICE_X6Y50          FDRE (Prop_fdre_C_Q)         0.164     0.164 f  u/adc0_reg[10]/Q
                         net (fo=4, routed)           0.286     0.450    u/adc0[10]
    SLICE_X6Y50          LUT5 (Prop_lut5_I3_O)        0.045     0.495 r  u/next_sq_x[11]_i_5/O
                         net (fo=12, routed)          0.345     0.841    top_square/next_sq_x17_out
    SLICE_X6Y44          LUT4 (Prop_lut4_I2_O)        0.113     0.954 r  top_square/next_sq_x[5]_i_1/O
                         net (fo=2, routed)           0.000     0.954    top_square/next_sq_x[5]_i_1_n_0
    SLICE_X6Y44          FDRE                                         r  top_square/next_sq_x_reg[5]/D
  -------------------------------------------------------------------    -------------------

                         (clock clk_out1_clk_wiz_0 rise edge)
                                                      0.000     0.000 r  
    W5                   IBUF                         0.000     0.000 r  clk_IBUF_inst/O
                         net (fo=8, routed)           0.480     0.480    clk_wiz_inst/inst/clk_in1
    MMCME2_ADV_X1Y0      MMCME2_ADV (Prop_mmcme2_adv_CLKIN1_CLKOUT0)
                                                     -3.142    -2.662 r  clk_wiz_inst/inst/mmcm_adv_inst/CLKOUT0
                         net (fo=1, routed)           0.530    -2.133    clk_wiz_inst/inst/clk_out1_clk_wiz_0
    BUFGCTRL_X0Y0        BUFG (Prop_bufg_I_O)         0.029    -2.104 r  clk_wiz_inst/inst/clkout1_buf/O
                         net (fo=86, routed)          0.864    -1.240    top_square/clk_out1
    SLICE_X6Y44          FDRE                                         r  top_square/next_sq_x_reg[5]/C

Slack:                    inf
  Source:                 u/adc1_reg[11]/C
                            (rising edge-triggered cell FDRE)
  Destination:            top_square/next_sq_y_reg[0]/D
                            (rising edge-triggered cell FDRE clocked by clk_out1_clk_wiz_0  {rise@0.000ns fall@3.367ns period=6.734ns})
  Path Group:             (none)
  Path Type:              Hold (Min at Fast Process Corner)
  Data Path Delay:        0.966ns  (logic 0.318ns (32.920%)  route 0.648ns (67.080%))
  Logic Levels:           3  (FDRE=1 LUT5=1 LUT6=1)
  Clock Uncertainty:      0.357ns  ((TSJ^2 + DJ^2)^1/2) / 2 + PE
    Total System Jitter     (TSJ):    0.050ns
    Discrete Jitter          (DJ):    0.218ns
    Phase Error              (PE):    0.245ns

    Location             Delay type                Incr(ns)  Path(ns)    Netlist Resource(s)
  -------------------------------------------------------------------    -------------------
    SLICE_X10Y49         FDRE                         0.000     0.000 r  u/adc1_reg[11]/C
    SLICE_X10Y49         FDRE (Prop_fdre_C_Q)         0.164     0.164 f  u/adc1_reg[11]/Q
                         net (fo=4, routed)           0.232     0.396    u/p_0_in[7]
    SLICE_X8Y49          LUT5 (Prop_lut5_I2_O)        0.043     0.439 r  u/next_sq_y[11]_i_4/O
                         net (fo=12, routed)          0.416     0.855    top_square/next_sq_y15_out
    SLICE_X7Y48          LUT6 (Prop_lut6_I1_O)        0.111     0.966 r  top_square/next_sq_y[0]_i_1/O
                         net (fo=2, routed)           0.000     0.966    top_square/next_sq_y[0]_i_1_n_0
    SLICE_X7Y48          FDRE                                         r  top_square/next_sq_y_reg[0]/D
  -------------------------------------------------------------------    -------------------

                         (clock clk_out1_clk_wiz_0 rise edge)
                                                      0.000     0.000 r  
    W5                   IBUF                         0.000     0.000 r  clk_IBUF_inst/O
                         net (fo=8, routed)           0.480     0.480    clk_wiz_inst/inst/clk_in1
    MMCME2_ADV_X1Y0      MMCME2_ADV (Prop_mmcme2_adv_CLKIN1_CLKOUT0)
                                                     -3.142    -2.662 r  clk_wiz_inst/inst/mmcm_adv_inst/CLKOUT0
                         net (fo=1, routed)           0.530    -2.133    clk_wiz_inst/inst/clk_out1_clk_wiz_0
    BUFGCTRL_X0Y0        BUFG (Prop_bufg_I_O)         0.029    -2.104 r  clk_wiz_inst/inst/clkout1_buf/O
                         net (fo=86, routed)          0.865    -1.239    top_square/clk_out1
    SLICE_X7Y48          FDRE                                         r  top_square/next_sq_y_reg[0]/C

Slack:                    inf
  Source:                 u/adc1_reg[11]/C
                            (rising edge-triggered cell FDRE)
  Destination:            top_square/next_sq_y_reg[3]/D
                            (rising edge-triggered cell FDRE clocked by clk_out1_clk_wiz_0  {rise@0.000ns fall@3.367ns period=6.734ns})
  Path Group:             (none)
  Path Type:              Hold (Min at Fast Process Corner)
  Data Path Delay:        0.966ns  (logic 0.318ns (32.908%)  route 0.648ns (67.092%))
  Logic Levels:           3  (FDRE=1 LUT5=1 LUT6=1)
  Clock Uncertainty:      0.357ns  ((TSJ^2 + DJ^2)^1/2) / 2 + PE
    Total System Jitter     (TSJ):    0.050ns
    Discrete Jitter          (DJ):    0.218ns
    Phase Error              (PE):    0.245ns

    Location             Delay type                Incr(ns)  Path(ns)    Netlist Resource(s)
  -------------------------------------------------------------------    -------------------
    SLICE_X10Y49         FDRE                         0.000     0.000 r  u/adc1_reg[11]/C
    SLICE_X10Y49         FDRE (Prop_fdre_C_Q)         0.164     0.164 f  u/adc1_reg[11]/Q
                         net (fo=4, routed)           0.232     0.396    u/p_0_in[7]
    SLICE_X8Y49          LUT5 (Prop_lut5_I2_O)        0.043     0.439 r  u/next_sq_y[11]_i_4/O
                         net (fo=12, routed)          0.416     0.855    top_square/next_sq_y15_out
    SLICE_X7Y47          LUT6 (Prop_lut6_I2_O)        0.111     0.966 r  top_square/next_sq_y[3]_i_1/O
                         net (fo=2, routed)           0.000     0.966    top_square/next_sq_y[3]_i_1_n_0
    SLICE_X7Y47          FDRE                                         r  top_square/next_sq_y_reg[3]/D
  -------------------------------------------------------------------    -------------------

                         (clock clk_out1_clk_wiz_0 rise edge)
                                                      0.000     0.000 r  
    W5                   IBUF                         0.000     0.000 r  clk_IBUF_inst/O
                         net (fo=8, routed)           0.480     0.480    clk_wiz_inst/inst/clk_in1
    MMCME2_ADV_X1Y0      MMCME2_ADV (Prop_mmcme2_adv_CLKIN1_CLKOUT0)
                                                     -3.142    -2.662 r  clk_wiz_inst/inst/mmcm_adv_inst/CLKOUT0
                         net (fo=1, routed)           0.530    -2.133    clk_wiz_inst/inst/clk_out1_clk_wiz_0
    BUFGCTRL_X0Y0        BUFG (Prop_bufg_I_O)         0.029    -2.104 r  clk_wiz_inst/inst/clkout1_buf/O
                         net (fo=86, routed)          0.865    -1.239    top_square/clk_out1
    SLICE_X7Y47          FDRE                                         r  top_square/next_sq_y_reg[3]/C

Slack:                    inf
  Source:                 u/adc0_reg[10]/C
                            (rising edge-triggered cell FDRE)
  Destination:            top_square/sq_x_reg[8]/D
                            (rising edge-triggered cell FDRE clocked by clk_out1_clk_wiz_0  {rise@0.000ns fall@3.367ns period=6.734ns})
  Path Group:             (none)
  Path Type:              Hold (Min at Fast Process Corner)
  Data Path Delay:        1.011ns  (logic 0.322ns (31.852%)  route 0.689ns (68.148%))
  Logic Levels:           3  (FDRE=1 LUT5=1 LUT6=1)
  Clock Uncertainty:      0.357ns  ((TSJ^2 + DJ^2)^1/2) / 2 + PE
    Total System Jitter     (TSJ):    0.050ns
    Discrete Jitter          (DJ):    0.218ns
    Phase Error              (PE):    0.245ns

    Location             Delay type                Incr(ns)  Path(ns)    Netlist Resource(s)
  -------------------------------------------------------------------    -------------------
    SLICE_X6Y50          FDRE                         0.000     0.000 r  u/adc0_reg[10]/C
    SLICE_X6Y50          FDRE (Prop_fdre_C_Q)         0.164     0.164 f  u/adc0_reg[10]/Q
                         net (fo=4, routed)           0.286     0.450    u/adc0[10]
    SLICE_X6Y50          LUT5 (Prop_lut5_I3_O)        0.045     0.495 r  u/next_sq_x[11]_i_5/O
                         net (fo=12, routed)          0.291     0.786    top_square/next_sq_x17_out
    SLICE_X6Y45          LUT6 (Prop_lut6_I2_O)        0.113     0.899 r  top_square/next_sq_x[8]_i_1/O
                         net (fo=2, routed)           0.112     1.011    top_square/next_sq_x[8]_i_1_n_0
    SLICE_X4Y45          FDRE                                         r  top_square/sq_x_reg[8]/D
  -------------------------------------------------------------------    -------------------

                         (clock clk_out1_clk_wiz_0 rise edge)
                                                      0.000     0.000 r  
    W5                   IBUF                         0.000     0.000 r  clk_IBUF_inst/O
                         net (fo=8, routed)           0.480     0.480    clk_wiz_inst/inst/clk_in1
    MMCME2_ADV_X1Y0      MMCME2_ADV (Prop_mmcme2_adv_CLKIN1_CLKOUT0)
                                                     -3.142    -2.662 r  clk_wiz_inst/inst/mmcm_adv_inst/CLKOUT0
                         net (fo=1, routed)           0.530    -2.133    clk_wiz_inst/inst/clk_out1_clk_wiz_0
    BUFGCTRL_X0Y0        BUFG (Prop_bufg_I_O)         0.029    -2.104 r  clk_wiz_inst/inst/clkout1_buf/O
                         net (fo=86, routed)          0.864    -1.240    top_square/clk_out1
    SLICE_X4Y45          FDRE                                         r  top_square/sq_x_reg[8]/C

Slack:                    inf
  Source:                 btnC
                            (input port)
  Destination:            top_square/sq_x_reg[10]/R
                            (rising edge-triggered cell FDRE clocked by clk_out1_clk_wiz_0  {rise@0.000ns fall@3.367ns period=6.734ns})
  Path Group:             (none)
  Path Type:              Hold (Min at Fast Process Corner)
  Data Path Delay:        1.013ns  (logic 0.210ns (20.691%)  route 0.803ns (79.309%))
  Logic Levels:           1  (IBUF=1)
  Clock Path Skew:        -1.240ns (DCD - SCD - CPR)
    Destination Clock Delay (DCD):    -1.240ns
    Source Clock Delay      (SCD):    0.000ns
    Clock Pessimism Removal (CPR):    -0.000ns

    Location             Delay type                Incr(ns)  Path(ns)    Netlist Resource(s)
  -------------------------------------------------------------------    -------------------
    U18                                               0.000     0.000 r  btnC (IN)
                         net (fo=0)                   0.000     0.000    btnC
    U18                  IBUF (Prop_ibuf_I_O)         0.210     0.210 r  btnC_IBUF_inst/O
                         net (fo=38, routed)          0.803     1.013    top_square/SR[0]
    SLICE_X4Y45          FDRE                                         r  top_square/sq_x_reg[10]/R
  -------------------------------------------------------------------    -------------------

                         (clock clk_out1_clk_wiz_0 rise edge)
                                                      0.000     0.000 r  
    W5                   IBUF                         0.000     0.000 r  clk_IBUF_inst/O
                         net (fo=8, routed)           0.480     0.480    clk_wiz_inst/inst/clk_in1
    MMCME2_ADV_X1Y0      MMCME2_ADV (Prop_mmcme2_adv_CLKIN1_CLKOUT0)
                                                     -3.142    -2.662 r  clk_wiz_inst/inst/mmcm_adv_inst/CLKOUT0
                         net (fo=1, routed)           0.530    -2.133    clk_wiz_inst/inst/clk_out1_clk_wiz_0
    BUFGCTRL_X0Y0        BUFG (Prop_bufg_I_O)         0.029    -2.104 r  clk_wiz_inst/inst/clkout1_buf/O
                         net (fo=86, routed)          0.864    -1.240    top_square/clk_out1
    SLICE_X4Y45          FDRE                                         r  top_square/sq_x_reg[10]/C





