[Format]      =  4.0
[Frequency]   =  0
[Precision]   =  1e-008
[MinAngle]    =  30
[DoSmartMesh] =  1
[Depth]       =  10
[LengthUnits] =  millimeters
[ProblemType] =  planar
[Coordinates] =  cartesian
[ACSolver]    =  0
[PrevType]    =  0
[PrevSoln]    =  ""
[Comment]     =  "Add comments here."
[PointProps]   = 0
[BdryProps]   = 1
  <BeginBdry>
    <BdryName> = "A=0"
    <BdryType> = 0
    <A_0> = 0
    <A_1> = 0
    <A_2> = 0
    <Phi> = 0
    <c0> = 0
    <c0i> = 0
    <c1> = 0
    <c1i> = 0
    <Mu_ssd> = 0
    <Sigma_ssd> = 0
    <innerangle> = 0
    <outerangle> = 0
  <EndBdry>
[BlockProps]  = 6
  <BeginBlock>
    <BlockName> = "Air"
    <Mu_x> = 1
    <Mu_y> = 1
    <H_c> = 0
    <H_cAngle> = 0
    <J_re> = 0
    <J_im> = 0
    <Sigma> = 0
    <d_lam> = 0
    <Phi_h> = 0
    <Phi_hx> = 0
    <Phi_hy> = 0
    <LamType> = 0
    <LamFill> = 1
    <NStrands> = 0
    <WireD> = 0
    <BHPoints> = 0
  <EndBlock>
  <BeginBlock>
    <BlockName> = "N30"
    <Mu_x> = 1.05
    <Mu_y> = 1.05
    <H_c> = 836420
    <H_cAngle> = 0
    <J_re> = 0
    <J_im> = 0
    <Sigma> = 0.66700000000000004
    <d_lam> = 0
    <Phi_h> = 0
    <Phi_hx> = 0
    <Phi_hy> = 0
    <LamType> = 0
    <LamFill> = 1
    <NStrands> = 0
    <WireD> = 0
    <BHPoints> = 0
  <EndBlock>
  <BeginBlock>
    <BlockName> = "416 Stainless Steel"
    <Mu_x> = 440
    <Mu_y> = 440
    <H_c> = 0
    <H_cAngle> = 0
    <J_re> = 0
    <J_im> = 0
    <Sigma> = 0
    <d_lam> = 0
    <Phi_h> = 0
    <Phi_hx> = 0
    <Phi_hy> = 0
    <LamType> = 0
    <LamFill> = 1
    <NStrands> = 0
    <WireD> = 0
    <BHPoints> = 12
      0	0
      0.20039999999999999	318.31
      0.42559999999999998	477.46499999999997
      0.76100000000000001	795.77499999999998
      1.097	1591.55
      1.2330000000000001	2387.3249999999998
      1.335	3978.875
      1.46	7957.75
      1.5900000000000001	15915.5
      1.6899999999999999	31831
      1.724232	44456.279999999999
      1.74	55704.25
  <EndBlock>
  <BeginBlock>
    <BlockName> = "u1"
    <Mu_x> = 5.1493969850724302
    <Mu_y> = 5.1493969850724302
    <H_c> = 0
    <H_cAngle> = 0
    <J_re> = 0
    <J_im> = 0
    <Sigma> = 0
    <d_lam> = 0
    <Phi_h> = 0
    <Phi_hx> = 0
    <Phi_hy> = 0
    <LamType> = 0
    <LamFill> = 1
    <NStrands> = 0
    <WireD> = 0
    <BHPoints> = 0
  <EndBlock>
  <BeginBlock>
    <BlockName> = "u2"
    <Mu_x> = 0.053268993904189134
    <Mu_y> = 0.053268993904189134
    <H_c> = 0
    <H_cAngle> = 0
    <J_re> = 0
    <J_im> = 0
    <Sigma> = 0
    <d_lam> = 0
    <Phi_h> = 0
    <Phi_hx> = 0
    <Phi_hy> = 0
    <LamType> = 0
    <LamFill> = 1
    <NStrands> = 0
    <WireD> = 0
    <BHPoints> = 0
  <EndBlock>
  <BeginBlock>
    <BlockName> = "u3"
    <Mu_x> = 54.106364684835192
    <Mu_y> = 54.106364684835192
    <H_c> = 0
    <H_cAngle> = 0
    <J_re> = 0
    <J_im> = 0
    <Sigma> = 0
    <d_lam> = 0
    <Phi_h> = 0
    <Phi_hx> = 0
    <Phi_hy> = 0
    <LamType> = 0
    <LamFill> = 1
    <NStrands> = 0
    <WireD> = 0
    <BHPoints> = 0
  <EndBlock>
[CircuitProps]  = 0
[NumPoints] = 24
-50	60	0	0
50	60	0	0
-50	30	0	0
-10	30	0	0
10	30	0	0
50	30	0	0
-50	-30	0	0
-10	-30	0	0
10	-30	0	0
50	-30	0	0
-50	-60	0	0
50	-60	0	0
-70	-70	0	0
70	-70	0	0
-70	-90	0	0
70	-90	0	0
0	200	0	0
0	-200	0	0
0	-206.66666666666666	0	0
0	206.66666666666666	0	0
0	-213.33333333333334	0	0
0	213.33333333333334	0	0
0	-220	0	0
0	220	0	0
[NumSegments] = 20
0	1	-1	0	0	0
1	5	-1	0	0	0
5	4	-1	0	0	0
4	3	-1	0	0	0
3	2	-1	0	0	0
0	2	-1	0	0	0
3	7	-1	0	0	0
8	4	-1	0	0	0
7	8	-1	0	0	0
8	9	-1	0	0	0
9	5	-1	0	0	0
7	6	-1	0	0	0
6	2	-1	0	0	0
6	10	-1	0	0	0
11	9	-1	0	0	0
10	11	-1	0	0	0
13	15	-1	0	0	0
15	14	-1	0	0	0
14	12	-1	0	0	0
12	13	-1	0	0	0
[NumArcSegments] = 8
16	17	180	1	0	0	0	1
17	16	180	1	0	0	0	1
18	19	180	1	0	0	0	1
19	18	180	1	0	0	0	1
20	21	180	1	0	0	0	1
21	20	180	1	0	0	0	1
22	23	180	1	1	0	0	1
23	22	180	1	1	0	0	1
[NumHoles] = 0
[NumBlockLabels] = 10
-118	108	1	-1	0	0	0	1	0
6	50	3	-1	0	0	0	1	0
-42	0	2	-1	0	-90	0	1	0
-22	-49	3	-1	0	0	0	1	0
-27	-81	3	-1	0	0	0	1	0
187.85550494396162	77.812297914234918	4	-1	0	0	0	1	0
148.49242404917499	148.49242404917496	5	-1	0	0	0	1	0
82.914743679102799	200.17389871077879	6	-1	0	0	0	1	0
1	3	1	-1	0	0	0	1	0
28	-6	2	-1	0	-90	0	1	0
[Solution]
7670
0	-220	0	-1	
-3.8395294162024287	-219.9664929344074	0	-1	
3.8395294162023728	-219.96649293440612	0	-1	
-1.8913234934230405	-216.72420606906488	-1.8919602302952653e-005	-1	
1.8908213546643906	-216.66666666666671	1.8883332803894447e-005	-1	
-7.6778892745502922	-219.86598194420239	0	-1	
-5.671888101491831	-216.6006679011042	-5.738531506643384e-005	-1	
7.6778892745502141	-219.86598194420111	0	-1	
5.6733943648078711	-216.6581897764398	5.6075042076208465e-005	-1	
-3.7231800399539274	-213.30084163336468	-7.7423659176476987e-005	-1	
0	-213.33333333333334	-3.9848427520440869e-007	-1	
3.723180039953816	-213.30084163336352	7.6657479686770985e-005	-1	
-11.513910373447743	-219.69849764600755	0	-1	
-9.4537370653110262	-216.52617730039697	-9.386410082313533e-005	-1	
-7.4452259632003397	-213.20337643074163	-0.00015445932409337135	-1	
11.513910373447644	-219.69849764600627	0	-1	
9.4486922338559154	-216.41063166351861	9.6865511501954712e-005	-1	
7.4452259632002082	-213.20337643074043	0.00015366844457229492	-1	
-5.4973684675998369	-209.93603196568543	-0.00011601805109290245	-1	
-1.8339911058077178	-210.15456516354263	-3.8932158613009052e-005	-1	
1.8326422360593322	-210	3.8150715413433944e-005	-1	
5.5014146659627601	-210.09055004717908	0.0001152304909163768	-1	
-15.346424223707688	-219.46409105716262	0	-1	
-13.227687235683787	-216.27077458647798	-0.00013374625859793136	-1	
-11.165003998494837	-213.04096741431027	-0.00023150671039448288	-1	
-9.1536128424390313	-209.65220246433361	-0.0001930873565845582	-1	
15.346424223707569	-219.46409105716137	0	-1	
13.227687235683705	-216.27077458647676	0.00013324363987088654	-1	
11.165003998494685	-213.04096741430911	0.00023071532859456108	-1	
9.1536128424390402	-209.65220246433282	0.00019230875620924212	-1	
-7.2125626518501917	-206.5407709172807	-0.00015463714398788987	-1	
-3.6068306637052339	-206.63519033232177	-7.7510743460333466e-005	-1	
0	-206.66666666666666	-3.9963115343784143e-007	-1	
3.6068306637052587	-206.63519033232086	7.6745639139517906e-005	-1	
7.2125626518502006	-206.54077091727979	0.00015384635717834698	-1	
-19.17426340448494	-219.16283358018532	0	-1	
-16.995558471969478	-215.94904555047151	-0.00017476710827946421	-1	
-14.881381065413573	-212.81366405543034	-0.00030848528199424132	-1	
-12.830117811389806	-209.7705719575543	-0.00027013002210994863	-1	
-10.816097623541731	-206.38343718261285	-0.00023177388457957921	-1	
19.174263404484801	-219.16283358018407	0	-1	
16.995558471969268	-215.94904555047037	0.00017433112078337317	-1	
14.881381065413397	-212.8136640554292	0.00030771663212102364	-1	
12.820681474585744	-209.61628921458515	0.00026935059608487727	-1	
10.816097623541726	-206.38343718261197	0.0002309814762018592	-1	
-8.8804568323013466	-203.39590124999489	-0.00020454848656120759	-1	
-5.3228488337076563	-203.27139603026671	-0.00012340324862737345	-1	
-1.7766325129654215	-203.58192143646272	-4.1197673309191115e-005	-1	
1.7744631174542775	-203.33333333333331	4.0705232839312532e-005	-1	
5.3162805623993474	-203.02056386875634	0.00012328436114439134	-1	
8.8696131586427267	-203.14754029083318	0.00020475923029179623	-1	
-22.996261918883924	-218.7948169810214	0	-1	
-20.767370470548148	-215.67738864697716	-0.00020981232180592154	-1	
-18.593225119500602	-212.5215355929069	-0.000385462040982108	-1	
-16.477037497947066	-209.36061189454213	-0.00034717682121094672	-1	
-14.416337907119249	-206.16323705369794	-0.00030884121239252449	-1	
-12.413675713487798	-202.96180384269451	-0.0002876965146233455	-1	
22.996261918883764	-218.79481698102018	0	-1	
20.767370470547927	-215.67738864697603	0.00020929629296407025	-1	
18.59322511950041	-212.52153559290576	0.00038466704645340205	-1	
16.489165002687574	-209.51470645271485	0.00034637905283813351	-1	
14.41633790711923	-206.16323705369703	0.00030807403996555336	-1	
12.398357527199373	-202.71135371072248	0.00028810846072970588	-1	
-10.467191248588893	-199.72590695091569	-0.00026141476744180093	-1	
-6.9798993405003058	-199.87816540382008	-0.00017436392584292167	-1	
-3.4904812874567979	-199.96953903127917	-8.7357869310105126e-005	-1	
0	-200	-4.4681338701737092e-007	-1	
3.4904812874567024	-199.96953903127826	8.6511070003497884e-005	-1	
6.9798993405001939	-199.87816540381917	0.00017406135865992111	-1	
10.467191248588765	-199.72590695091483	0.00026067650838565849	-1	
-26.811255549132628	-218.36015336109213	0	-1	
-24.521718240049886	-215.22435878982037	-0.00025222747601357735	-1	
-22.299405497099613	-212.16467101189949	-0.00046242981413683048	-1	
-20.113416628578531	-208.88581832604245	-0.00042418397497386858	-1	
-18.012186834516058	-205.88023760562834	-0.00038590967239973234	-1	
-15.934270131706839	-202.46409861497932	-0.00037143805577602288	-1	
-13.951294748825202	-199.51281005196577	-0.00034913380221528542	-1	
26.811255549132451	-218.36015336109088	0	-1	
24.534810838733868	-215.33927105367937	0.00024315456452781605	-1	
22.299405497099411	-212.16467101189835	0.00046163300999248983	-1	
20.113416628578531	-208.88581832604163	0.00042340021981793208	-1	
18.012186834516022	-205.88023760562743	0.00038511304936846165	-1	
15.953956942456516	-202.71424326296838	0.00036877825348921746	-1	
13.95129474882506	-199.51281005196492	0.00034823796597048702	-1	
-8.5680153701658721	-196.23981525363271	-0.00022081358371342537	-1	
-11.867526538374383	-194.03234376119701	-0.00031130324884368852	-1	
-5.1564389954352237	-196.91646069477031	-0.00013210229130362959	-1	
-1.7193853616131578	-197.02204763925195	-4.4389780024897617e-005	-1	
1.7141251813587843	-196.4192906845598	4.3935128445270891e-005	-1	
5.0886660205845065	-194.32831520324814	0.00013279496425861652	-1	
8.5680153701657833	-196.23981525363192	0.00022004002013589037	-1	
11.86752653837425	-194.03234376119616	0.00031026779363382985	-1	
-30.618082211214602	-217.85897512314671	0	-1	
-28.281751863462183	-214.82123303196494	-0.00028580730076815995	-1	
-25.998793259765023	-211.7431790168165	-0.00053930814384546089	-1	
-23.791078055862432	-208.81161219480455	-0.00050112356476119421	-1	
-21.602549075315103	-205.53452504277743	-0.00046296751822828288	-1	
-19.489378441591317	-202.40493396100908	-0.00045183394692800298	-1	
-17.431148549531791	-199.23893961835	-0.00043594629301818273	-1	
-15.411466752045948	-195.82125183624456	-0.00039737278403607288	-1	
30.618082211214404	-217.85897512314551	0	-1	
28.281751863462024	-214.82123303196377	0.00028553465370624511	-1	
25.998793259764799	-211.74317901681542	0.0005385323430717779	-1	
23.773580116344935	-208.65803475068276	0.00050034478436262791	-1	
21.602549075315054	-205.53452504277649	0.00046216927557519533	-1	
19.513205462662967	-202.65238703607608	0.00044892385681669479	-1	
17.431148549531635	-199.23893961834915	0.00043498070079281745	-1	
15.411466752045824	-195.82125183624365	0.00039631089761963512	-1	
-3.3400816676509382	-193.78468703566517	-8.8102892565520861e-005	-1	
-5.7771767377440568	-191.10742578330519	-0.00015569300338998739	-1	
-10.731098614195577	-188.59543596601662	-0.00029467961573700202	-1	
-15.111558080185979	-192.01055084943732	-0.0004025956145996122	-1	
1.5410217669297677	-192.37142078528427	4.0566141551263438e-005	-1	
8.4012809410887375	-192.42096898119948	0.00022304412851280802	-1	
3.6864043376951408	-188.06262182980822	0.00010155604689569824	-1	
11.622467636873269	-190.02566613852343	0.00031442396257653322	-1	
15.111558080185855	-192.01055084943638	0.00040131565136576153	-1	
-34.415582308851015	-217.29143493093153	0	-1	
-32.035097074936374	-214.35183963806412	-0.00031829809042117733	-1	
-29.690261538147542	-211.2571879982028	-0.00061617504645425814	-1	
-27.41154411381725	-208.21134893867361	-0.00057805951436084625	-1	
-25.186330970397215	-205.12620467254084	-0.00053993719530337156	-1	
-22.990458546860435	-201.78466494858156	-0.00053641719142968306	-1	
-20.905692653530867	-198.90437907365555	-0.00052364831602839934	-1	
-18.631928303129428	-193.49997379666334	-0.00048899880643762158	-1	
34.415582308850794	-217.29143493093034	0	-1	
32.035097074936168	-214.35183963806296	0.00031793293127411874	-1	
29.690261538147301	-211.25718799820172	0.00061535863280192673	-1	
27.431719684287785	-208.36459761105246	0.00057725432835161437	-1	
25.186330970397147	-205.1262046725399	0.00053916007488344938	-1	
23.0188632872546	-202.03397015542299	0.00053325254398870424	-1	
20.905692653530696	-198.90437907365472	0.00052274359499266114	-1	
18.63192830312931	-193.49997379666249	0.00048781712415213869	-1	
-1.1292632378336291	-189.32432487165053	-3.0950121152361398e-005	-1	
-5.6006118106163623	-184.61838425017513	-0.0001592889579533369	-1	
-14.597606692140161	-188.15288437935558	-0.00040173833555322519	-1	
-11.954688822048682	-182.17393172847298	-0.00034716269827634287	-1	
-18.24718765240948	-189.50428936606633	-0.00049566684976793567	-1	
7.8383967140191224	-188.30043994985056	0.00021518599146694352	-1	
6.0939529366480816	-182.39306076942543	0.00017570339160109658	-1	
-0.0082371457039456253	-183.78198634443629	-1.0838170613643847e-008	-1	
15.015709883240453	-188.11997894458617	0.00041251421685141313	-1	
11.36108274731996	-185.58642207551978	0.00031926816639956946	-1	
18.903845151355348	-187.95222686409653	0.00051921661593517393	-1	
-38.202599086724923	-216.65770566268699	0	-1	
-35.761676298200584	-213.70335083517747	-0.00036205649975229839	-1	
-33.372685875249516	-210.70684599363051	-0.00069295478673680989	-1	
-31.064005345160723	-207.85411315239693	-0.00065490877090045496	-1	
-28.762440865080276	-204.65540087325883	-0.00061689533731847633	-1	
-26.541336364172128	-201.60146484538231	-0.00061608611229288415	-1	
-24.373868681029684	-198.50923032826529	-0.00061057139211627887	-1	
-22.236141635643147	-195.16411038744525	-0.00057403435329822885	-1	
-21.803424113519476	-191.36619743842203	-0.00058133720314359778	-1	
38.202599086724682	-216.65770566268583	0	-1	
35.761676298200378	-213.70335083517634	0.00036167044285258574	-1	
33.37268587524926	-210.70684599362943	0.00069217695031967947	-1	
31.018090937805507	-207.54689267919406	0.00065415292893235809	-1	
28.762440865080194	-204.65540087325792	0.00061607762829374009	-1	
26.508584974160513	-201.35269334000387	0.00061813039975968374	-1	
24.373868681029499	-198.50923032826447	0.00061001083696107599	-1	
22.236141635642969	-195.16411038744445	0.00057300630426054117	-1	
24.189737812199585	-189.65832579973213	0.00065238657097031652	-1	
-4.145649682220462	-175.23240357563415	-0.00012787220498090918	-1	
-18.589473890942774	-182.97621692464412	-0.00053367802672651791	-1	
-14.574458851419649	-176.44584631464809	-0.00044340965754385348	-1	
-21.714785546999206	-187.20834446413357	-0.00060045728717342001	-1	
1.8008085800854958	-177.63062856521424	5.3491327480662339e-005	-1	
11.264366924785971	-179.80546280554907	0.00033277286859079717	-1	
16.690774789239331	-181.80119367918601	0.00048431894283575318	-1	
23.403222123613727	-183.05362096182697	0.00066856791533388509	-1	
-41.977978982840121	-215.9579803584873	0	-1	
-39.47527689989267	-212.98953447437398	-0.0004069528559139662	-1	
-37.044944568945418	-210.0923206426055	-0.00076969800226466185	-1	
-34.661317027486753	-207.12786311717196	-0.00073173145199688329	-1	
-32.329789441647812	-204.12225705632943	-0.00069376823970913556	-1	
-30.018636629683428	-200.85938775048916	-0.00070152140324104665	-1	
-27.83462019201329	-198.05361374831494	-0.00069849113734390044	-1	
-25.373629933275716	-192.73185392044439	-0.00066716736217068968	-1	
-25.778457056948774	-186.32393957354427	-0.00071548882772636143	-1	
41.977978982839858	-215.95798035848617	0	-1	
39.475276899892386	-212.9895344743729	0.00040655608528715134	-1	
37.044944568945148	-210.09232064260445	0.0007689047005866906	-1	
34.661317027486518	-207.1278631171709	0.00073093184691076427	-1	
32.329789441647712	-204.12225705632849	0.00069298757882674733	-1	
30.055724692921252	-201.10754977619067	0.00069733509373605385	-1	
27.834620192013094	-198.05361374831412	0.00069734982333230012	-1	
25.711566511620532	-195.29873707524794	0.0006605174287836748	-1	
27.015644129638385	-191.92137985987296	0.00071315898596006162	-1	
29.231663643836939	-186.25830540332467	0.00080882092102507622	-1	
-6.7330110136534493	-169.7551914603489	-0.00021814090044371018	-1	
-12.754466259486819	-170.4157729751129	-0.00040924361478563993	-1	
-0.80616698337062864	-171.00691469490317	-2.5672739430251509e-005	-1	
-22.935057958622938	-183.0371635023389	-0.00065631861569932337	-1	
-20.859998218879465	-176.0382283869555	-0.00063595135976937645	-1	
4.3860429417255276	-172.4379482622353	0.0001383513811784073	-1	
9.7029927583103444	-170.11902392507631	0.00031182014142973563	-1	
17.177871252168234	-172.10168642167565	0.00054086683601010791	-1	
21.030340367148483	-177.15713663981211	0.00063366908538174617	-1	
29.490646545297736	-178.58145299100877	0.00087219494846200096	-1	
-45.740571979907337	-215.19247216143845	0	-1	
-43.198030639033597	-212.32510402387496	-0.00043779352645355844	-1	
-40.705919013663184	-209.41379913550279	-0.00084633504597454181	-1	
-38.299085928989115	-206.64337589058476	-0.00080844374315508331	-1	
-35.887290051165721	-203.52693562252398	-0.00077060365875294935	-1	
-33.601988190352685	-200.79756360201051	-0.00077677084964192396	-1	
-31.286893008046388	-197.53766811902841	-0.00078597851175730689	-1	
-29.033725205872315	-194.26919153286556	-0.00075103850350199226	-1	
-28.571471067775658	-190.24407828907189	-0.00076553183660333127	-1	
-30.732209613870751	-186.81677257627507	-0.00084631169833254835	-1	
-28.828183037395888	-180.81230890635226	-0.00083778865815015288	-1	
45.740571979907067	-215.19247216143734	0	-1	
43.198030639033291	-212.32510402387391	0.00043741211945985122	-1	
40.705919013662907	-209.4137991355017	0.00084553991976824916	-1	
38.299085928988845	-206.64337589058371	0.00080764834690817916	-1	
35.887290051165607	-203.52693562252304	0.0007698107941865491	-1	
33.519544317691391	-200.30489844569516	0.00078318344812069454	-1	
31.286893008046182	-197.53766811902759	0.00078456479634544495	-1	
29.122821748922608	-194.86535042270953	0.00074868918643028817	-1	
32.084417703856147	-191.72891996828884	0.00084500651642534794	-1	
33.640708607401805	-185.045052606116	0.00093681803472025062	-1	
35.099343195341412	-189.37910901778599	0.00094048307287762103	-1	
-14.779260454499399	-164.86950485504784	-0.00049758936825863886	-1	
-5.658685101224421	-163.37183152751982	-0.00019345301463269456	-1	
-22.610988366189847	-170.01499228325218	-0.0007242561361625431	-1	
2.6733085916792714	-166.89593540771023	8.8207756071985948e-005	-1	
-27.624529478002568	-173.78457384850537	-0.00085343607897741982	-1	
15.269384502570382	-164.75059379860596	0.00051365513675407292	-1	
6.8018112669606099	-161.37369319580989	0.00023575263311939224	-1	
25.854223060819123	-174.34259638377804	0.00079636344832357479	-1	
22.825501452407185	-163.98509979684678	0.00076954404273228607	-1	
26.720649832076376	-168.82527948648274	0.00086251182483916729	-1	
30.718486124608106	-172.27977979765075	0.00095942218430720213	-1	
37.345036147716314	-181.39272450666149	0.0010698851273824429	-1	
35.970701402998337	-172.85467291048812	0.0011111942662568818	-1	
-49.489231955650602	-214.36141425275295	0	-1	
-46.884457183847154	-211.48211970875869	-0.00048398490105795093	-1	
-44.354494041122301	-208.6714881565463	-0.00092290203729988082	-1	
-41.868860465524861	-205.79202390006338	-0.00088512477533841927	-1	
-39.433859044486056	-202.86961791251821	-0.00084733277213535263	-1	
-37.055967827779163	-199.93611082580017	-0.00086268754667414248	-1	
-34.7296355333863	-196.96155060244251	-0.00087347397262747036	-1	
-32.519255498231736	-194.32740816422668	-0.00083835576370711214	-1	
-33.613563569187214	-190.87637208213445	-0.00089133536721108873	-1	
-35.601838023054306	-187.85082669490919	-0.00096684354765179349	-1	
-34.026984119897961	-183.28402405888289	-0.00096289907601459428	-1	
-33.312008345484095	-178.08462339081083	-0.00098691364790305376	-1	
49.489231955650311	-214.36141425275184	0	-1	
46.884457183846834	-211.48211970875766	0.00048365180939860368	-1	
44.354494041122003	-208.67148815654531	0.00092210601059038936	-1	
41.868860465524605	-205.79202390006239	0.00088432868295339228	-1	
39.433859044485928	-202.86961791251727	0.0008465381973718582	-1	
37.055967827779043	-199.93611082579923	0.00086166055786691736	-1	
34.72963553338608	-196.96155060244166	0.00087282110250381996	-1	
35.795935654240452	-193.13758559327715	0.00092801812240507291	-1	
37.955819799278352	-186.55881455649435	0.0010382732363971158	-1	
38.7561155536903	-190.49239386072878	0.0010242531870194172	-1	
-20.628363995901061	-164.06398058243443	-0.00069724446982020625	-1	
-13.722212880060432	-159.06058653773783	-0.00048547352534951144	-1	
0.32513539750116521	-160.83602627597693	1.0543985186166266e-005	-1	
-8.0361767807527915	-158.12214456869398	-0.00028689319417271163	-1	
-2.8459968344170599	-156.36880095456914	-0.00010397459557295558	-1	
-30.868543506392136	-163.95815662227002	-0.0010375956685073399	-1	
-33.545805553183563	-172.11611151569892	-0.0010482944229119626	-1	
13.046108717027524	-158.44992119002919	0.00046266235614609701	-1	
19.725831073846408	-158.60071832151681	0.00069937939553655108	-1	
7.6358327465570897	-154.5294181021078	0.00027971586984375382	-1	
2.4820681877501576	-155.94574016463656	8.9650371224584462e-005	-1	
28.978462634165897	-163.1245249753616	0.00098308700458881078	-1	
29.909878042847236	-157.06409710417802	0.0010686246906232502	-1	
33.991744232280752	-166.65486890525716	0.0011130432155760381	-1	
41.994536379203836	-179.05955270214412	0.0012210256530289254	-1	
44.443506872825417	-185.12052895939138	0.0012216886323570967	-1	
42.530716884244079	-172.51254054903549	0.0013092338172870255	-1	
43.258125820522565	-166.3609690458683	0.0014049034829962796	-1	
-53.222817031927221	-213.4650597807204	0	-1	
-50.595187651888359	-210.74412349409209	-0.00050448628640738561	-1	
-47.989558260024857	-207.86561382085128	-0.00099939092676678328	-1	
-45.420271797095943	-204.87760623380282	-0.00096171089931737302	-1	
-42.968416102337073	-202.15050415165413	-0.00092399780973523088	-1	
-40.489665259761388	-199.01306288723532	-0.0009493144425966253	-1	
-38.161799075309204	-196.32543668953366	-0.00096115544694440282	-1	
-35.897475861183487	-193.68544752372179	-0.00092691997947593082	-1	
-39.161199401948551	-192.48344458566854	-0.001018086140961493	-1	
-39.686665140678805	-185.98268775253155	-0.0010899435773137648	-1	
-37.972889933658067	-180.49732736895811	-0.0010955306850633105	-1	
-39.511396399271945	-171.816910922875	-0.0012289192833647919	-1	
53.222817031926915	-213.46505978071932	0	-1	
50.581754833679092	-210.68817177949342	0.0005130987798653132	-1	
47.989558260024552	-207.86561382085029	0.00099859414350522376	-1	
45.420271797095793	-204.87760623380197	0.00096091395015537743	-1	
42.968416102336931	-202.15050415165322	0.00092319924892126672	-1	
40.589252675840903	-199.50255067558518	0.00093952663667713169	-1	
38.16179907530897	-196.32543668953284	0.00096018577153431171	-1	
41.687197214508146	-188.03879496931893	0.001121170778662116	-1	
42.514534268955288	-191.77067125620857	0.0011062542841518989	-1	
41.582338163551874	-195.62952014676119	0.0010485683370298664	-1	
-23.96241387694694	-158.6624453267242	-0.00084713650770377872	-1	
-20.219037038716447	-153.53608193978195	-0.00074818687473724485	-1	
-13.665792380541047	-150.53265056655664	-0.00052056035594638401	-1	
-6.7331240053228854	-152.5084351607947	-0.00025279130088265862	-1	
-1.5722388354907375	-151.19899289875246	-6.0126439246366859e-005	-1	
-36.20726724549943	-166.76873675811791	-0.001182407640168921	-1	
-30.073639449173928	-156.94623038291866	-0.0010767277988814694	-1	
-35.792789996174896	-161.08027187606132	-0.0012292652946530916	-1	
16.627784122927814	-147.81389649703476	0.0006458658550243119	-1	
22.567010533596765	-151.94641193527519	0.0008454731865978341	-1	
10.647347933449264	-145.19873087579148	0.00042276716029980191	-1	
3.5428476200393586	-149.7207286036184	0.00013501430409038349	-1	
35.105306141626144	-158.23611931221743	0.0012363277633720415	-1	
28.558334454143761	-151.17667029420878	0.001073910744054556	-1	
33.816172634227463	-153.06850438985518	0.0012483808243534235	-1	
38.702074883352942	-162.16414219965787	0.0013121104188382779	-1	
47.454279036466026	-182.65456310352207	0.0013269663059374596	-1	
48.006650396286176	-176.14090241613633	0.001419825636283507	-1	
48.224261805289416	-186.46938461433768	0.0013027348307141256	-1	
45.38059504664421	-189.02378211435334	0.0012042796911174972	-1	
48.98914734383613	-168.71178763063264	0.0015468836467503436	-1	
44.39872754866736	-160.55131372162114	0.001518183170115199	-1	
-56.940189922554907	-212.50368178359622	0	-1	
-54.251066592843927	-209.77330960677295	-0.00055135479300284784	-1	
-51.610004394596132	-206.99642160554703	-0.001075738559179462	-1	
-49.025393146489264	-204.20545880166378	-0.0010381461272380554	-1	
-46.489884564398928	-201.36981338894955	-0.0010005815289390011	-1	
-44.011063973873071	-198.52108052216443	-0.001027139579204663	-1	
-41.582338163552123	-195.62952014676199	-0.0010490549916972718	-1	
-42.074763490440716	-189.78699346590065	-0.0011153890838140243	-1	
-42.500572168156538	-184.03657836052156	-0.0011830521013510079	-1	
-44.039165370504229	-187.09241629513906	-0.0011915932667584943	-1	
-44.483737835265032	-180.96073339847237	-0.0012686847933599608	-1	
-45.676895946881544	-170.65485208608735	-0.0014238154514883219	-1	
-41.082193652803781	-163.21396188677974	-0.0013777567755453703	-1	
-48.740292508674422	-176.13019380299653	-0.0014421214381193062	-1	
56.940189922554588	-212.50368178359514	0	-1	
54.236515978719808	-209.71704655660054	0.00056056419324642455	-1	
51.610004394595812	-206.99642160554603	0.001074941694418887	-1	
49.025393146488959	-204.20545880166287	0.0010373485601939591	-1	
46.489884564398771	-201.3698133889487	0.00099978497433113669	-1	
44.011063973872936	-198.52108052216354	0.0010262587428639387	-1	
44.990210868773012	-194.87401295704714	0.001136177694688605	-1	
-30.265428002045098	-150.74102743505929	-0.0011429362339543728	-1	
-26.896493357266358	-145.52647032708313	-0.0010625374739101606	-1	
-19.157446980973099	-145.86281702422005	-0.00075801808244946355	-1	
-12.805303396461083	-143.956759629239	-0.00051478603316520619	-1	
-5.1794025551852201	-147.80711340320835	-0.00020242419284120783	-1	
-0.29244710703528876	-146.03858817552666	-1.1920726359130298e-005	-1	
-36.001040760540874	-153.11675316790715	-0.0013274244869170247	-1	
-42.253321467135535	-153.46114648653895	-0.0015442969493735317	-1	
23.72202123311931	-144.80372025156998	0.000944263913009062	-1	
18.512964085362935	-139.12436422858755	0.00077250548281319322	-1	
4.3563497688841935	-143.45860147359281	0.00017578686156122662	-1	
10.632520025350663	-138.67151949756121	0.00044519049357656567	-1	
40.008729087024832	-155.91240580628627	0.0014335561278617916	-1	
33.351137043357582	-147.500053934601	0.0012931122778740757	-1	
38.227502443832677	-149.89645952869219	0.0014473967183253251	-1	
51.254214950188697	-181.81419195024085	0.0014351872757094942	-1	
55.394945885069731	-176.78907794667995	0.001609986952251148	-1	
49.181335472525348	-190.17011389622164	0.0012851468301248498	-1	
51.949785274878515	-187.32487400635301	0.0013848654131282015	-1	
48.384379119933563	-194.05914525519938	0.001224836027495119	-1	
56.481764356555772	-168.57860711840056	0.0017627078027484305	-1	
52.649490911969075	-163.80888650695044	0.0017283881040096524	-1	
49.893346088176052	-158.34626624047982	0.0017279392489189282	-1	
48.536736154667679	-153.00286404969341	0.0017693357621218213	-1	
-60.640218279740182	-211.47757310643129	0	-1	
-57.888322627968641	-208.73854791402081	-0.00059928235943672282	-1	
-55.214729621871456	-206.0641762750023	-0.0011519983337882986	-1	
-52.542728337904705	-203.16765570588333	-0.0011145261260607502	-1	
-49.997191757264837	-200.52778343037355	-0.0010770297596053408	-1	
-47.410455781667039	-197.47876056725929	-0.001114801538190519	-1	
-44.990210868773261	-194.87401295704788	-0.0011377139518635761	-1	
-45.854918796976634	-190.99948272256123	-0.0011966826175660228	-1	
-45.90915633092694	-184.33148263358112	-0.0012688984355878272	-1	
-47.322099028922672	-187.67719614261145	-0.0012680157898657749	-1	
-48.05909137572408	-181.74215220710715	-0.0013544291642415655	-1	
-51.888175789108693	-171.54015888786466	-0.0015915563452639423	-1	
-49.787900490489015	-164.04390440625667	-0.0016380802488641204	-1	
-45.920504354815272	-158.53671448039765	-0.0015975556118876814	-1	
-51.369374010424451	-181.13479594204384	-0.0014477820932417545	-1	
-54.053350406671903	-176.66749821200023	-0.0015769396456917278	-1	
60.640218279739848	-211.4775731064303	0	-1	
57.903852951582095	-208.79454845182454	0.00058856099586600513	-1	
55.214729621871122	-206.06417627500136	0.0011512020724722748	-1	
52.542728337904542	-203.16765570588259	0.0011137287794870301	-1	
49.997191757264673	-200.52778343037266	0.0010762285751131546	-1	
47.527065409238801	-197.96447462217463	0.001103268408969949	-1	
-33.225932174782685	-145.13280267031692	-0.0013172978066483317	-1	
-22.846690034607121	-139.05139620281238	-0.00095450005029592134	-1	
-29.429937891164791	-135.17991850997325	-0.0012688306777237763	-1	
-14.391881778042164	-137.51738450813303	-0.00060888295695020217	-1	
-8.2836065574528899	-135.21555631140762	-0.00035657759311903171	-1	
-5.338939611963152	-142.85827267628176	-0.00021731986797140818	-1	
2.8150567165099751	-137.57893799106819	0.00011806056290768611	-1	
-39.562666292573027	-145.38294400856009	-0.0015589227752378337	-1	
-48.403033098936255	-152.28188076683495	-0.0017767487077259133	-1	
-46.152186188592367	-146.05260283224499	-0.0017994663292206414	-1	
29.888480840813315	-140.18158469416181	0.0012351882099216199	-1	
26.301481153460227	-134.83473995423563	0.0011354312976757986	-1	
10.650085975518438	-132.99203184216682	0.00046550740186597066	-1	
22.165575453938779	-131.01755815434953	0.00098556987783509861	-1	
15.646265087377069	-130.29109073347709	0.00069779437953978866	-1	
5.0699283710509402	-131.93433164849844	0.00022319660530676724	-1	
43.610081936702997	-150.6377673549519	0.0016334129785277505	-1	
36.321393384106074	-140.45168030740678	0.0014954380479952714	-1	
42.885166981791322	-144.37836716487499	0.001700525457774879	-1	
56.756063995271198	-182.57648578156216	0.001563716978646017	-1	
59.804135895590207	-180.77728248109153	0.0016644226748669712	-1	
61.581973151397875	-175.1040094708234	0.0017954721154958195	-1	
51.763809020504162	-193.18516525781376	0.0013127664743548182	-1	
55.127471163399846	-192.25233918766384	0.0014018708206606173	-1	
55.788216794626116	-188.33786354591254	0.0014648366672036857	-1	
50.849714531764292	-196.62125705183561	0.0011966691135093029	-1	
60.708362175576148	-161.25831340315651	0.0020112139390687247	-1	
64.763291950233992	-168.67507642510768	0.0019865632728642327	-1	
55.536961850375206	-158.92541227441609	0.0018974819964862565	-1	
53.522785441768796	-150.76569694250969	0.0019790690817137538	-1	
48.334867040726024	-147.54165053805494	0.0018539741617205445	-1	
-64.321775039002461	-210.38704631186894	0	-1	
-61.555343931270023	-207.80735847011289	-0.00061561414825726715	-1	
-58.802635907626879	-205.06916180017575	-0.001228094168563388	-1	
-56.122195937687586	-202.37010080715393	-0.0011907171588650938	-1	
-53.489269321187813	-199.62467076640837	-0.0011533855275674108	-1	
-50.974783278224116	-197.10486201153466	-0.0011858687751038883	-1	
-48.384379119933826	-194.05914525520012	-0.0012257665895047815	-1	
-49.320845248994125	-190.7095581757595	-0.0012836689500378572	-1	
-49.43145803479856	-184.81517392967461	-0.0013532877085330327	-1	
-51.949785274878799	-187.32487400635378	-0.0013861185278458835	-1	
-56.356659139048489	-168.22198978116165	-0.0017676781745414696	-1	
-56.227444738706303	-161.17241732420496	-0.001882135375817858	-1	
-54.97873560269047	-154.38305042770605	-0.0019619736485503103	-1	
-53.770471737535438	-184.5311808091173	-0.0014653182056354758	-1	
-55.493403837036638	-181.67616314610802	-0.0015455148698278577	-1	
-59.261545321961314	-176.47992414977529	-0.0017154151383445696	-1	
64.321775039002105	-210.38704631186795	0	-1	
61.522495933367495	-207.69646548764874	0.00063722101757418147	-1	
58.802635907626524	-205.06916180017478	0.0012272974410529357	-1	
56.122195937687259	-202.37010080715299	0.0011899210378960592	-1	
53.489269321187635	-199.62467076640752	0.0011525895503505291	-1	
-36.676201536431734	-138.11655094830448	-0.0015417874011069996	-1	
-23.013824109855261	-131.4159814748547	-0.0010205570301165137	-1	
-17.232328679482293	-132.38867317365219	-0.00075790768228466935	-1	
-34.9603353106843	-131.94197691621443	-0.0015492553906557619	-1	
-27.438219566719642	-125.43614344190391	-0.0012749043561586268	-1	
-1.9189118576092623	-133.76638392846365	-8.4033110366641011e-005	-1	
-8.6712590504081888	-128.69948657863077	-0.00039230569892892729	-1	
-45.666841101404515	-139.44694953022281	-0.001892307246094023	-1	
-55.060263551587255	-142.78784577944924	-0.0021922061347777089	-1	
31.875731830594706	-134.05735829946016	0.0013860412785794334	-1	
28.590087214604473	-129.69286528193862	0.0012853380251189204	-1	
8.9722552075643272	-125.85385892351295	0.00041109748600320662	-1	
25.359095878980526	-125.28775974044444	0.0011757366243161224	-1	
20.794195823345092	-120.65411962478132	0.00099176187421279012	-1	
14.107229159120349	-118.36078973090015	0.00068040544977097798	-1	
-0.36767569824114554	-127.17694105239609	-1.7645954525290858e-005	-1	
43.450185366224744	-137.67998075767846	0.0018292496282944169	-1	
39.038667718020115	-131.47321251721289	0.0017355206779946001	-1	
48.679982264071292	-141.90335034156971	0.0019656148975616037	-1	
59.932013659476283	-184.31444548319396	0.0016169010605608688	-1	
63.343606095710072	-180.78233504502998	0.001750214007160415	-1	
66.138201607094032	-176.73752158685375	0.0018820941394275983	-1	
54.34053892379243	-195.94565316248145	0.0012730466057291972	-1	
57.822591299361861	-195.2057967742625	0.001348835341939032	-1	
58.474340944547357	-191.26095119260717	0.0014904456309389935	-1	
59.234219836502724	-187.86694375549197	0.0015520692877798467	-1	
66.382686908072955	-157.63886970497117	0.0022470508093913686	-1	
61.863639568011003	-151.79914425489835	0.0022354752559613105	-1	
69.895526484900614	-173.68627768701074	0.0020265470306822814	-1	
71.87399794932395	-169.61838422250443	0.0021510424239053229	-1	
72.153726316945281	-161.10202404681056	0.0023331877276161765	-1	
53.414532404674553	-145.07051043410053	0.0020858295130986686	-1	
58.719828895349359	-142.99669818810534	0.0023207834396348345	-1	
-67.983738762488827	-209.23243358493494	0	-1	
-65.155404144068697	-206.64654112920275	-0.00066425139203321159	-1	
-62.372630340850897	-204.01168127211528	-0.001304081297819641	-1	
-59.601169657820549	-201.21017668506454	-0.0012668340216160556	-1	
-56.965053535513363	-198.66075049392015	-0.0012295834306459391	-1	
-54.340538923792586	-195.9456531624823	-0.0012739980215584186	-1	
-51.763809020504446	-193.18516525781448	-0.0013137006706207745	-1	
-55.127471163400145	-192.25233918766457	-0.0014028285380498834	-1	
-55.788216794626422	-188.33786354591325	-0.0014658515130337084	-1	
-63.074914086186823	-165.81061347596082	-0.0019947466667443771	-1	
-66.064387811916433	-172.29233639993751	-0.0019589027188325146	-1	
-61.538138943138634	-156.53456272815012	-0.0021288276900957308	-1	
-60.500288093905702	-148.62398450372442	-0.0022606515792969219	-1	
-57.079511261981054	-184.94334376383699	-0.0015408028931713793	-1	
-60.278060407642059	-181.94416864432321	-0.0016601468145547638	-1	
-63.203530478554846	-180.39809002691862	-0.0017541218681649355	-1	
-64.801063686736285	-177.58197043785304	-0.0018375987176589129	-1	
67.983738762488471	-209.23243358493394	0	-1	
65.15540414406837	-206.64654112920178	0.00066374246483983529	-1	
62.372630340850534	-204.01168127211434	0.0013032781030605143	-1	
59.601169657820392	-201.21017668506383	0.0012660407402576583	-1	
56.965053535513178	-198.66075049391932	0.0012287860381313671	-1	
-41.887943664604926	-131.29206182799561	-0.0018664211182546323	-1	
-20.914642421238209	-124.27965368689388	-0.00097486646392833034	-1	
-14.881649454509978	-127.01781423549187	-0.0006796979169539076	-1	
-37.367328159973617	-126.00262115940953	-0.0017365789763000882	-1	
-32.596735573687141	-122.31966007789315	-0.0015535791031403953	-1	
-20.916445598030158	-118.30460932133022	-0.0010146445892174462	-1	
-26.620134497741599	-115.89291243692853	-0.0013156699364890983	-1	
-9.9344033050778506	-122.90421163218089	-0.00046602747263202351	-1	
-4.1558763847906137	-121.56653762683788	-0.00019666902671778709	-1	
-55.294420092532626	-136.85702755354455	-0.0023294449063492526	-1	
-48.814122523951127	-131.95703817009442	-0.0021618128415908312	-1	
-62.004681049678041	-141.76823147830822	-0.0024695547242491382	-1	
33.925759388351878	-128.52032006026167	0.0015422268264739314	-1	
31.498148628558305	-123.13811684514197	0.0014890626166822985	-1	
2.5450930215531962	-121.06605982101246	0.0001201452535182216	-1	
7.904404507069116	-117.91086648409518	0.00038130793980457482	-1	
27.658822810240515	-119.20333788778987	0.0013391364815993475	-1	
24.102869830688647	-115.01071262554206	0.0011926350620903663	-1	
17.599544599733029	-112.21435840582376	0.00087935237903707323	-1	
10.52071227271918	-112.26884572309925	0.00052326658712974693	-1	
46.647814945569927	-131.76704651923475	0.0020691563135072887	-1	
45.122193660444999	-126.23248827661871	0.0021021448794547805	-1	
40.89923459605663	-122.34334029961455	0.0019614459633960318	-1	
54.080835793847946	-138.95206984961661	0.0022360161107785885	-1	
62.518393639262847	-186.84778296450583	0.0016415288138567231	-1	
65.568603167833174	-185.16002337648965	0.0017360665739509962	-1	
68.078539186973856	-182.08432418461973	0.0018406959117320844	-1	
70.775784042024696	-178.12330971385441	0.0019686304773152128	-1	
60.423485642698942	-197.6363162323608	0.0013048662796553657	-1	
61.145840812125677	-193.92983090586625	0.001437897890185641	-1	
61.803398874989497	-190.21130325903079	0.0015791219201858244	-1	
72.299097990347789	-154.43037881988295	0.0024905905673513217	-1	
67.49825405144918	-146.20697139814445	0.0025457723971174869	-1	
74.268773006588987	-174.84248763103088	0.0021077801586325945	-1	
76.813511536043265	-172.55562944966741	0.0022100853830378819	-1	
78.299504929295267	-167.00423074005488	0.0023588350352809844	-1	
80.574991510292662	-162.40161288375555	0.0025148964062244633	-1	
78.953621471627045	-153.93107911577999	0.0026809485983874792	-1	
59.531324392423393	-137.38328755827942	0.0024835059845744935	-1	
67.54667615363465	-139.22326040154704	0.0027301719655646642	-1	
-71.624993980574885	-208.0140866318508	0	-1	
-68.733520203534795	-205.42283826868911	-0.00071398254492900475	-1	
-65.923625466655864	-202.8920568096338	-0.0013798591439105961	-1	
-63.197102889007084	-200.43560304718781	-0.0013426895715397541	-1	
-60.423485642699148	-197.63631623236159	-0.001305671653261126	-1	
-57.82259129936206	-195.20579677426335	-0.0013496810903595735	-1	
-58.47434094454767	-191.26095119260791	-0.0014912991297047734	-1	
-59.234219836503044	-187.86694375549268	-0.0015527286773279751	-1	
-69.612628209109943	-168.67557059029329	-0.0021149735240951302	-1	
-68.074632058094394	-163.29333873230843	-0.0021804939456425516	-1	
-68.031313198813336	-177.36258497596583	-0.0019190864232199473	-1	
-69.861020534591589	-173.73613440183931	-0.0020267112293603996	-1	
-65.436154785919157	-151.99978042146694	-0.0023441362184548646	-1	
-69.120074521992478	-157.09410682758323	-0.0023397586171768916	-1	
-65.786589667200005	-146.19104986552315	-0.0024912592459716571	-1	
-62.327128768078992	-186.27615252009741	-0.0016466832235802087	-1	
-64.890360864182085	-183.24472619564952	-0.0017505673905653266	-1	
-66.511734039960871	-180.3308336272024	-0.0018339792190575639	-1	
71.624993980574516	-208.01408663184986	0	-1	
68.733520203534425	-205.4228382686882	0.00071354835503244457	-1	
65.923625466655494	-202.89205680963292	0.0013790652476414784	-1	
63.150622478097063	-200.288186017534	0.0013419345717573846	-1	
-45.487494660242781	-123.63921871273014	-0.0021667997544088887	-1	
-15.401908464873809	-120.60483509914867	-0.00073384857992714163	-1	
-38.547638369105456	-119.69533940673594	-0.0018826818455788109	-1	
-32.799590533734886	-116.29623864008227	-0.0016283412754798062	-1	
-16.088492548851733	-114.78437811062406	-0.00079245542355058649	-1	
-23.677010859161474	-110.4443922548098	-0.0012007544995660806	-1	
-27.86412698916779	-106.99720771495741	-0.0014450709189356699	-1	
-32.573217552451126	-110.09836884484983	-0.0016757778009995493	-1	
-10.792957947970217	-117.29563885983022	-0.00052329945574573419	-1	
-5.6022462953309509	-115.00441273464305	-0.00027498064796300137	-1	
-0.14481725841922488	-116.17535281238084	-7.1508918370040305e-006	-1	
-61.107688131177156	-135.65896711046804	-0.0025862205629826399	-1	
-56.897446208712083	-131.14215735508535	-0.0025300073295424822	-1	
-52.76242933695363	-125.00320282788206	-0.0024903006304363502	-1	
-67.138951039031227	-136.98243798220875	-0.0027782966594890003	-1	
32.856199520107019	-117.41163938688084	0.0016197307886035427	-1	
4.3146569414332374	-112.81861001326291	0.00021292917055193506	-1	
30.032638404706137	-112.24788601054641	0.0015213733152734572	-1	
23.617762250276407	-108.486907226746	0.001207645159352287	-1	
17.009018847046061	-105.6911672003837	0.00087264170223581242	-1	
5.5735914544704332	-102.98147958586028	0.00028665405468738175	-1	
11.728777986057457	-101.8156284485115	0.00060640218396459337	-1	
49.950677996796088	-123.126913569717	0.0023968127369748196	-1	
54.705278695014748	-130.86877296568304	0.0024405471842195952	-1	
44.727287622185571	-115.69328674959515	0.0022695965119399119	-1	
37.343998053122448	-113.60421103810346	0.0018986471303728478	-1	
65.113630891431342	-189.10371511986344	0.001667953757993271	-1	
68.404028665133765	-187.93852415718172	0.0017569193889774223	-1	
71.673589909060084	-186.71608529944044	0.0018467747145230098	-1	
71.990652171650524	-182.75891764306175	0.001917251036188362	-1	
75.153847447204811	-178.36482338829421	0.0020631462486989365	-1	
63.863512170822489	-196.55168003433184	0.0013807566212185906	-1	
64.441452737935876	-192.59520077517587	0.0015277449822496771	-1	
75.131363540644131	-148.38800719857241	0.0027222560371244213	-1	
74.061143766898738	-141.74045640100934	0.0028763778391206665	-1	
77.423785546501776	-175.92207864089502	0.002158313667764616	-1	
80.231995478967519	-172.41640999367385	0.0022891536864339248	-1	
83.126451782233147	-166.85716905466555	0.0024709037392890766	-1	
85.101901402536456	-159.97900743941889	0.00267724927698726	-1	
85.345489250212353	-153.58226532155751	0.00284801677694199	-1	
81.863364805073161	-148.5123492510852	0.0029044202406519242	-1	
63.617315494094342	-133.44964032474664	0.0027436442225621843	-1	
69.761147825392982	-133.49223906302512	0.0029777640544423989	-1	
75.13870277408256	-135.93374392353198	0.0030881616417965238	-1	
-75.244431531647564	-206.73237657290093	0	-1	
-72.327573513026095	-204.24676682767347	-0.00073897897880114338	-1	
-69.454539617527189	-201.71062946118866	-0.0014554836721272447	-1	
-66.636515159381332	-199.15555082643158	-0.0014184944683219855	-1	
-63.863512170822695	-196.55168003433263	-0.0013815525951664997	-1	
-61.145840812125861	-193.92983090586711	-0.0014386351448117927	-1	
-61.803398874989824	-190.21130325903152	-0.0015800291801032829	-1	
-73.232777462466984	-165.46759444886882	-0.0022702110796844048	-1	
-74.46121850338092	-170.14600487865459	-0.0022039205325199663	-1	
-75.898951996269602	-161.43174201154756	-0.0024248163391539456	-1	
-71.586307340576397	-177.41341031456031	-0.0020007494584834643	-1	
-69.841463944765863	-180.51116564497443	-0.0019079577293426844	-1	
-76.966675236975817	-175.41606540025961	-0.0021594467715885411	-1	
-71.365208852195167	-151.22190127998618	-0.0025406492195035979	-1	
-75.28554235475066	-156.15604241661597	-0.0025313257744912351	-1	
-73.998519206030608	-142.69343142309364	-0.0028480112588348001	-1	
-65.113630891431683	-189.10371511986418	-0.0016689221166266862	-1	
-68.404028665134106	-187.93852415718248	-0.0017586699600367062	-1	
-68.790104735885819	-183.98749269607742	-0.001827750080748906	-1	
75.244431531647166	-206.73237657290002	0	-1	
72.327573513025726	-204.24676682767256	0.00073848596770714476	-1	
69.454539617526805	-201.71062946118772	0.0014547074010079904	-1	
66.586996133364579	-199.00755405800595	0.0014177367975501147	-1	
-43.362350297808291	-115.45346666689605	-0.0021977327943450411	-1	
-50.322270369821602	-118.01530246855225	-0.0025262559015996862	-1	
-37.876627484290509	-113.31375028725716	-0.0019308236633949806	-1	
-18.089342223612014	-109.47858678797675	-0.00091672805858825774	-1	
-12.462367376814711	-110.1799961220879	-0.00062624454856556426	-1	
-22.952535679960402	-104.69692652578182	-0.0011923732756601454	-1	
-26.209499999999998	-99.906267906174435	-0.0013892387531615573	-1	
-32.317495049579648	-103.90164061724171	-0.001710887000013539	-1	
-38.678576687693976	-107.48036203965995	-0.002045060806906225	-1	
-5.5387342938186483	-108.24584566933915	-0.00027985067931119025	-1	
1.1718035237754663	-107.43903419868062	5.9022412558953463e-005	-1	
-66.245601907715141	-126.64913143308641	-0.0030593707930556611	-1	
-61.179613473151065	-122.38723545658272	-0.0029617752608423532	-1	
-57.08624438800657	-117.18412814782397	-0.0029026952829705492	-1	
-73.751322889911194	-136.01527618206626	-0.0030412858681489116	-1	
31.203241281225466	-104.90450215878212	0.0016406827189926242	-1	
36.683309408626812	-107.55345846457882	0.0019310592805553588	-1	
26.94020024126327	-100.78401660075446	0.0014257636123104882	-1	
21.017575571581133	-100.51118484968968	0.0011021226335506562	-1	
6.6618634791463043	-96.812104081532837	0.00034727471425024679	-1	
-1.8660901919419226	-98.488453922989592	-9.731792052751789e-005	-1	
18.63008785977155	-95.463049781992353	0.00098396632488941677	-1	
13.104749999999997	-93.779268446240678	0.00068979872232468134	-1	
53.490967817711685	-113.63724522246682	0.0027985199921484647	-1	
56.748287194455784	-120.25766450504413	0.00280464900819005	-1	
60.64710201568677	-127.02854850159436	0.0028010609638981616	-1	
46.325749308971183	-108.18848012817847	0.0024850560380830704	-1	
67.876645912224106	-191.67773502289259	0.001602237699752617	-1	
71.123672320448463	-190.22890271527984	0.0016932536231371725	-1	
74.921318683182449	-185.43677091335755	0.0019360268706428698	-1	
74.52475377487427	-189.19210934548525	0.0017666661324414424	-1	
75.382498767467368	-181.98945088999281	0.0020041847885067881	-1	
78.324991655106558	-180.13514832033883	0.0020994953887527134	-1	
67.284085254479066	-195.40717229052561	0.0014565039231211982	-1	
79.479621667036241	-139.74263198943331	0.0031000279890554976	-1	
80.614263666331013	-176.89185709109759	0.0022082400639420077	-1	
84.618557548364862	-171.45006176439358	0.0024028415574120616	-1	
84.563904201270901	-177.29191206708009	0.0022817609883403795	-1	
87.880032495319981	-167.70835262156825	0.0025527625308569358	-1	
91.003753853039314	-163.5888843720175	0.0027141024017014021	-1	
92.009541182316397	-159.59483756967893	0.0028348349463131451	-1	
91.249301274290289	-151.10786673880861	0.0030520487787875938	-1	
90.697508051807844	-144.35185558274753	0.0032451984294945791	-1	
84.329516192608693	-142.87787172900508	0.0031357802227563588	-1	
67.091921291545503	-124.11017689911006	0.0031785094934593393	-1	
74.840417817201612	-130.03543320820398	0.0032793232103766382	-1	
80.621464770138331	-132.69977610609587	0.0033732862553254783	-1	
-78.84094889996652	-205.38769382938548	0	-1	
-75.860803266920911	-202.89893496426069	-0.00078987182908990886	-1	
-72.964297242809792	-200.46775910099484	-0.0015309379830649806	-1	
-70.050015328842306	-197.81514092365157	-0.0014941054612181523	-1	
-67.284085254479294	-195.40717229052635	-0.0014572805751013164	-1	
-64.599951399889051	-193.06890334277034	-0.001513277289559127	-1	
-80.312107495184534	-168.23230039838833	-0.0023792351482784559	-1	
-79.551834029284052	-172.99845731694867	-0.0022635007242302867	-1	
-83.395140998943091	-164.51892296941682	-0.0025308700043328914	-1	
-80.454399794235513	-154.93448997216194	-0.0026950697316019102	-1	
-74.391718851780311	-179.59749658021408	-0.0020253085209148139	-1	
-72.194863783551867	-183.27733902188513	-0.0019143875777944714	-1	
-78.324991655106928	-180.13514832033954	-0.0021003523702091327	-1	
-81.870649520018802	-175.67258699702543	-0.002259906843538041	-1	
-76.739221775163784	-151.04760882627374	-0.0026986510907121776	-1	
-79.417113124994316	-144.79742125070365	-0.0029464204557497621	-1	
-79.578900354789909	-139.14321725049672	-0.0031268121897648719	-1	
-67.876645912224348	-191.67773502289342	-0.0016033739785843262	-1	
-71.12367232044889	-190.2289027152807	-0.0016942702418272599	-1	
-71.673589909060425	-186.71608529944115	-0.0018477107121290227	-1	
78.840948899966108	-205.38769382938457	0	-1	
75.901306752170285	-203.00726645648786	0.00076239048476155452	-1	
72.96429724280938	-200.46775910099393	0.0015301238146186523	-1	
70.102109712624909	-197.9622509252826	0.0014932721794590818	-1	
-44.348158235370825	-109.51207122168833	-0.0023504719710419537	-1	
-53.568792273892022	-111.34720036901508	-0.0028585871352076247	-1	
-17.319953561752641	-103.3433219774459	-0.00089648465675100223	-1	
-9.0957781852883812	-102.49869843747663	-0.00046890232007574639	-1	
-21.841249999999999	-94.953133953087217	-0.0011605561271791894	-1	
-32.449849535677629	-96.604169211608095	-0.0017579471040318133	-1	
-26.209499999999998	-90	-0.0014107897607946805	-1	
-39.314250000000001	-98.25517629260429	-0.0021654408884880516	-1	
-45.388250002310933	-101.11731114887068	-0.0025262359767054677	-1	
-72.847289015916857	-126.32687159723713	-0.0033370251576441369	-1	
-67.724847725351324	-120.92516627770721	-0.0033203265751913127	-1	
-63.847125748123673	-116.32816173227916	-0.0032924239657276242	-1	
-59.115143478893309	-107.88871469256335	-0.0033021297501792586	-1	
-79.453490457568492	-132.53043063709273	-0.0033457016056384395	-1	
31.564011431842136	-97.072912962186251	0.0017050294018573337	-1	
39.314249999999994	-98.255176292604318	0.0021633696246211721	-1	
41.656018760308129	-104.04343312354759	0.0022589421166311721	-1	
24.213621968799384	-95.551999706557069	0.0012901555165672452	-1	
8.7364999999999995	-90	0.00045891219135913293	-1	
0	-90	-2.2893846300592581e-007	-1	
-7.8176546097444621	-96.280925427537809	-0.00040854046680262226	-1	
17.472999999999999	-90	0.00092567360357043355	-1	
52.104386423691714	-108.02504879485534	0.0028436565499861876	-1	
58.703098716050249	-111.10111838246513	0.0031711404950566912	-1	
62.425170212965511	-115.54458905546878	0.0032419882744164621	-1	
47.401516173317887	-101.59863097514895	0.00265160093893572	-1	
70.684162953971551	-194.20314162908784	0.0015320249051591775	-1	
74.062709572695411	-192.93995480942181	0.0016073705138994481	-1	
78.146225697854788	-184.10097069048811	0.0020252198070416848	-1	
77.910395051897893	-188.09233238413762	0.0018391044965179175	-1	
77.418695972621848	-191.6179966104695	0.0016824538178649105	-1	
81.34732861516008	-182.70909152852022	0.0021144815579480832	-1	
86.93215511892312	-133.53309133538207	0.0035244277707021576	-1	
84.523652348139933	-181.26155740733006	0.0022046625623719277	-1	
88.027282798203515	-172.66979631140481	0.0024461103651832643	-1	
87.893813141896516	-176.28771643834321	0.0023679911464885811	-1	
87.674229357815534	-179.75880925983347	0.002294178592198277	-1	
92.825392404883345	-167.28288640199005	0.0026608578273514191	-1	
92.757243556423276	-170.83759065093491	0.0025778460590494866	-1	
95.023124001729215	-164.48815163975624	0.0027695555750244082	-1	
97.270196531048981	-161.90821373877205	0.0028763191269499579	-1	
98.068568239165089	-156.21709727417951	0.0030434682156224272	-1	
99.766175672153565	-151.37147457788052	0.0032139439747199913	-1	
97.124592691294922	-143.16167418615731	0.0034214183700276451	-1	
93.576512811089543	-138.4836974120816	0.0035093868834337968	-1	
73.922716578545291	-123.20650912489293	0.0034981433993832708	-1	
69.778413724609834	-116.96786644261347	0.0035634700673333494	-1	
79.970849758986617	-126.50748848421976	0.0035893174666574794	-1	
-82.413450551501128	-203.98044800469435	0	-1	
-79.432711939436643	-201.65168701195984	-0.00079919090757059265	-1	
-76.451829236331207	-199.16382431940409	-0.0016061317472731769	-1	
-73.600482406491778	-196.85343220778572	-0.0015693885962813675	-1	
-70.684162953971793	-194.20314162908861	-0.0015328424822156066	-1	
-83.008106396723804	-172.23553127334321	-0.002353586313155969	-1	
-86.470236468378232	-169.37381656781187	-0.0024873101755723812	-1	
-88.684571764490173	-166.76572651542651	-0.002592161108492877	-1	
-89.740951883414056	-162.92542140544768	-0.0027059965596302618	-1	
-88.252491091429803	-156.40287712271711	-0.0028409757282029735	-1	
-81.978835523473137	-149.84061233738805	-0.0028704418977747357	-1	
-87.212916149815754	-150.77650423689934	-0.002972022321807394	-1	
-78.146225697855144	-184.10097069048882	-0.0020265897011912189	-1	
-74.92131868318279	-185.43677091335826	-0.0019365294751810026	-1	
-81.706822955747683	-179.28925964614641	-0.0021865907745495443	-1	
-81.34732861516045	-182.70909152852093	-0.0021160606430442488	-1	
-84.803781611249619	-177.79482551553662	-0.0022775360420989269	-1	
-87.645195216504803	-175.7890660240962	-0.0023742941758208391	-1	
-85.031430134479152	-145.48708964978402	-0.0030743949050105663	-1	
-84.767879404569086	-135.73722702815519	-0.0033891660573571484	-1	
-74.062709572695667	-192.93995480942257	-0.0016081445655885299	-1	
-74.615865088859692	-189.42340889100566	-0.0017583944723185726	-1	
82.413450551500702	-203.98044800469341	0	-1	
79.390323977831073	-201.54407890242845	0.00082741208143621468	-1	
76.451829236330767	-199.1638243194032	0.0016053597592967212	-1	
73.491696611060718	-196.56247138109222	0.0015686918717933999	-1	
-49.426265327613628	-106.27404319744123	-0.0027081539705736367	-1	
-14.932378821407241	-96.643398055637277	-0.0007841517134131921	-1	
-17.472999999999999	-90	-0.00092586962484583497	-1	
-34.945999999999998	-90	-0.0019213236538626879	-1	
-21.841249999999999	-84.941349335924315	-0.0018833149141120897	-1	
-27.868964768308988	-81.599510223861415	-0.0030235411543649221	-1	
-48.050749999999994	-94.953190309218527	-0.0027644308554476468	-1	
-43.682499999999997	-90	-0.002478827066973542	-1	
-52.049474273689114	-100.27269101536064	-0.0029928749929461771	-1	
-73.519207625179988	-119.75156556185564	-0.003621100065593452	-1	
-78.451413058195115	-122.82260023286518	-0.0036873767320870342	-1	
-69.641450729687904	-115.33244080502773	-0.003635115990015674	-1	
-65.426963300648296	-106.19046105981533	-0.0037780460869688451	-1	
-58.612931284477909	-101.37174317388833	-0.0034530276188443499	-1	
-84.700152494401877	-129.84249376827503	-0.0036093628482013647	-1	
34.945999999999998	-90	0.0019212300163105986	-1	
26.209499999999998	-90	0.0014091855767316488	-1	
43.682499999999997	-90	0.0024790028424846807	-1	
48.050750000000001	-94.953190309218513	0.0027597500381262839	-1	
12.995872430151779	-81.552991721073454	0.0013938875015210776	-1	
4.987246819488834	-82.812062589816776	0.00050201501176338397	-1	
-4.3682499999999997	-85.954080403125005	-0.00035622924544168364	-1	
-8.7364999999999995	-90	-0.00045923842876652835	-1	
21.841249999999999	-84.907615099310831	0.0018726174543813544	-1	
57.294246846244796	-105.47854030306614	0.0032464868449911511	-1	
53.810277008300247	-99.724819147321355	0.0031259244611337835	-1	
67.218504822345409	-110.48682424487488	0.0037072091154263854	-1	
63.924571099317994	-104.34621823365221	0.0037531224130269306	-1	
76.968188324870155	-195.39512932402579	0.0016437992194073246	-1	
81.08206470470806	-186.47598222565074	0.0019307863902970365	-1	
80.751099887783269	-190.23766971350443	0.0017573175909405792	-1	
80.306858776964361	-193.87790761092819	0.0017187618232747471	-1	
84.427261878106663	-185.25871804212971	0.0020019396522848263	-1	
90.852812621471301	-125.31188132701638	0.0039650545625220341	-1	
85.113091851476312	-122.99678027261869	0.0039036079553254662	-1	
94.036285956082821	-132.63041233528475	0.0037357932888533551	-1	
87.54058962843375	-183.53266284589739	0.0020947352082843389	-1	
90.978121442242795	-174.76734523596056	0.0024584051438406953	-1	
90.798099947909392	-178.20130483767363	0.0023836427241802414	-1	
90.618384271604597	-181.7523607126183	0.0021882843279297736	-1	
96.330865977668708	-167.87636899947404	0.0027117745545910425	-1	
96.99954393938323	-171.44611349114913	0.002640777683518987	-1	
96.961924049267481	-174.92394142787921	0.002562850414034082	-1	
93.89431255717821	-176.58951857178545	0.002472735119690869	-1	
98.28618860411801	-165.17519623526925	0.0028119392138275319	-1	
100.64623302935497	-161.35342360992686	0.0029504342227420215	-1	
102.8416134511873	-155.48287492067342	0.003147242478198249	-1	
103.96410132969616	-148.41523533093667	0.0033764159339329369	-1	
103.42630674865745	-142.03648766775359	0.0035744430200686157	-1	
99.352270188470513	-137.42872620264538	0.0036661296340319816	-1	
77.267900156367375	-117.02704119074447	0.0039028496611848134	-1	
74.807691080689963	-107.48072311817755	0.0042825532666999162	-1	
-85.960848267640728	-202.51106775953795	0	-1	
-82.917900938696363	-200.18152100970946	-0.00085057292582238996	-1	
-79.91607326206173	-197.79922230758234	-0.0016811164074084625	-1	
-76.968188324870582	-195.39512932402664	-0.0016445905183151963	-1	
-89.761589112143866	-172.4304083729578	-0.0024866077980873545	-1	
-90.961647731016413	-169.31922207399467	-0.0025788755997272622	-1	
-92.05333808074009	-166.16837567089812	-0.0026732029656562559	-1	
-93.184272676128401	-160.92356621292043	-0.0028244462796323823	-1	
-95.00395344885932	-150.97147006937374	-0.0031347453949084566	-1	
-90.983509425599081	-146.47308533350233	-0.0031862821407403559	-1	
-77.815260880930268	-187.86265817834257	-0.0018498444558778257	-1	
-80.982011328056771	-186.24587521303334	-0.0019421688859745159	-1	
-84.523652348140317	-181.26155740733074	-0.0022053683631520367	-1	
-84.427261878106847	-185.25871804213028	-0.0020027867180882801	-1	
-87.674229357815932	-179.75880925983412	-0.0022947396683965855	-1	
-90.798099947909819	-178.20130483767431	-0.0023841983996967689	-1	
-91.168086105399382	-140.44271496134741	-0.0033874019101817077	-1	
-90.106068022559356	-132.57020709571199	-0.0036469127130524387	-1	
-77.418695972622103	-191.61799661047027	-0.0016832362132459314	-1	
85.960848267640287	-202.51106775953704	0	-1	
82.917900938695908	-200.18152100970855	0.00084999542762170658	-1	
79.916073262061275	-197.79922230758146	0.0016803337683084368	-1	
-15.370228508732241	-83.768850438239014	-0.0014127788158851296	-1	
-34.754683920716367	-81.896336323074095	-0.0036823358248783433	-1	
-41.380185273048873	-83.566738193156041	-0.0039519817282333176	-1	
-21.841249999999999	-78.257671111798516	-0.0028527353317473652	-1	
-30.577749999999998	-74.949452859758338	-0.0047379648414993883	-1	
-52.418999999999997	-90	-0.0031104324539281683	-1	
-54.603125000000006	-94.127306442557327	-0.003267620919688958	-1	
-48.050749999999994	-85.046966824445363	-0.004186683649417728	-1	
-78.466599116858333	-117.01246479833107	-0.003954692294148735	-1	
-84.14645392105335	-123.97343208608341	-0.0038326630134319123	-1	
-71.821516022468558	-109.87231466397944	-0.0039964230893928991	-1	
-63.888699544969896	-97.98772864923933	-0.0039987322202396482	-1	
-75.120011015168089	-103.27183882827097	-0.0045683397385456667	-1	
-69.294684529322552	-98.795070138517787	-0.004445132203353251	-1	
-61.030450023467871	-95.588933459909981	-0.0037977691212551924	-1	
-90.10931948618169	-122.10973242995095	-0.0040910005404666992	-1	
-94.11590562585485	-127.34121564846355	-0.0039548413114641953	-1	
41.147106311873905	-85.538806285612708	0.0034254586797252285	-1	
32.617862384625205	-82.565465263546869	0.0033194335270844864	-1	
45.331091953372407	-86.368097655483169	0.0035753145930383381	-1	
48.050749999999994	-90	0.0027800459159652768	-1	
52.418999999999997	-90	0.0031089082771741374	-1	
54.603125000000006	-94.127306442557341	0.0032620018619630865	-1	
15.972398386180346	-76.062478129158123	0.0023470760323812314	-1	
9.6915405631951295	-76.209565789574441	0.0013824770463987856	-1	
21.841249999999999	-78.198368342836062	0.0028571003816366398	-1	
-0.98698283327049419	-75.52294162698162	-0.0001238488687818268	-1	
4.3682499999999989	-73.85006965648337	0.00070345987584492287	-1	
-4.3682500000000015	-80	-0.00050090803438030882	-1	
-9.4949518066912866	-82.977040201562502	-0.00094339351878629447	-1	
59.525638787489221	-99.133129128498965	0.0035836346155096242	-1	
57.643975191111643	-95.569880560405124	0.0034983774822603662	-1	
70.375383793968567	-101.67773848839013	0.004353003812405584	-1	
67.091448666772692	-98.829253204050289	0.0042516079997302674	-1	
63.394658866128118	-98.007037711675096	0.0039504400218250621	-1	
84.058906235665418	-188.79939457947097	0.0018318981079310098	-1	
83.740493055682109	-192.58994885600003	0.0017933575098145534	-1	
83.355974077711792	-196.37436873652072	0.0017550887412006542	-1	
87.341107426411256	-187.30360932090778	0.0019061651383501135	-1	
90.213744564292966	-119.15593465506741	0.0042336359150190357	-1	
95.994585988917734	-121.86713836891286	0.0042379013580082512	-1	
86.257065770687873	-114.14460288807547	0.0043778163676151845	-1	
101.11336918148879	-131.5356989712586	0.0039225773641195227	-1	
101.5945553076659	-125.09165908108635	0.0042027717990455226	-1	
90.596703669742709	-185.75076956849463	0.001980149500475631	-1	
93.89245982829128	-180.36573718750577	0.0022573476584072049	-1	
93.824703279506394	-184.14134833226279	0.0020537557230599027	-1	
99.694121294603264	-169.24703293546958	0.0027379981885576397	-1	
100.00000000000007	-173.20508075688781	0.002651692820057415	-1	
97.14459621244707	-178.91808903956118	0.0023254788432798415	-1	
100.12993652887276	-176.97906366156312	0.0024197615043747797	-1	
101.57107164682498	-165.74892463035044	0.0028536942544614466	-1	
104.88233010606798	-159.85969095460595	0.0030595655690302246	-1	
105.54002659739511	-165.66465755852735	0.0029192244037913521	-1	
107.66349487689372	-155.74839813401582	0.0032156442392136738	-1	
110.26189559854674	-151.27894990526966	0.0033843947152173157	-1	
110.77343408026006	-147.19209948070895	0.0035171386191277703	-1	
108.98455932256816	-138.86103918185853	0.0037712657380143421	-1	
107.63345975169447	-132.42128911688675	0.0039901831540142818	-1	
80.470763713332488	-110.91852474621675	0.0043454199133166624	-1	
74.458985146649226	-100.18700097725133	0.0047410599918404038	-1	
82.527568644870868	-100.88809461555351	0.0050945594495615748	-1	
-89.482061476676563	-200.98000068137327	0	-1	
-86.375748454582933	-198.65062134522603	-0.00090297544556732867	-1	
-83.355974077712247	-196.37436873652163	-0.0017558675152357737	-1	
-80.30685877696456	-193.87790761092882	-0.0017195452202935202	-1	
-93.726754061716491	-172.62320687328747	-0.0025567121309576211	-1	
-93.894312557178623	-176.58951857178613	-0.00247433238790257	-1	
-94.284070299394401	-169.03439027675495	-0.0026482341881785719	-1	
-95.58080878387085	-165.72394682218723	-0.0027506264266932059	-1	
-100.21122150135942	-157.19107142597818	-0.0030559312284095209	-1	
-98.492553162405272	-161.70407732017674	-0.0029041654420066333	-1	
-98.179037163727116	-143.67531504286902	-0.0034254931703862346	-1	
-102.82333938409131	-153.12931278874888	-0.0032150749577005188	-1	
-80.751099887783539	-190.2376697135052	-0.001758098071118299	-1	
-84.058906235665674	-188.79939457947168	-0.0018326602615999386	-1	
-87.54058962843412	-183.53266284589802	-0.0020954573986837945	-1	
-87.34110742641154	-187.30360932090849	-0.0019069609325995062	-1	
-90.618384271605024	-181.75236071261907	-0.0021889367447647974	-1	
-94.007249411013277	-180.58624592427728	-0.0022456778255193696	-1	
-100.09687269900564	-135.66945905741878	-0.003744473077585029	-1	
89.482061476676094	-200.98000068137239	0	-1	
86.421866063450381	-198.7566845842764	0.00087159636227960669	-1	
-13.104749999999999	-77.594995894115499	-0.0017705931802886278	-1	
-37.130125	-74.14628816130292	-0.0059635183371474594	-1	
-43.877491287210638	-76.38458909698717	-0.0062718110976686834	-1	
-17.472999999999999	-70	-0.0033758759569655298	-1	
-26.209499999999998	-70	-0.0050645763682046112	-1	
-34.945999999999998	-70	-0.0067538486837178799	-1	
-56.78725	-90	-0.0034742691247401981	-1	
-54.603125000000006	-85.871907767798135	-0.0045477871569141702	-1	
-58.971374999999995	-92.477017854491521	-0.0036618480683223813	-1	
-54.079027362101648	-80.816212466801872	-0.0060211869243927615	-1	
-49.892413494613166	-77.769181243620324	-0.0065581645725564406	-1	
-79.043175423933974	-111.38690568595909	-0.0042627337118011982	-1	
-83.590213846363298	-114.61915586125835	-0.0042616447461241861	-1	
-89.00530307184124	-115.96072520008626	-0.004363054896608631	-1	
-68.379523722267734	-94.956928309922844	-0.0045912492161466817	-1	
-65.861127083040941	-92.941662647365916	-0.004387423793976046	-1	
-76.31949745121662	-99.027622258282435	-0.0049540301222893027	-1	
-80.427460190678531	-102.4802068155855	-0.004891322334610127	-1	
-72.871391810415759	-96.277584168890385	-0.004934421268950078	-1	
-70.723116223792175	-95.116968060894862	-0.0048355773403472016	-1	
-62.247562500000001	-92.061548322589985	-0.0039941723484245416	-1	
-94.296961877098099	-117.4737003591105	-0.0044175860335271518	-1	
-100.09598989668797	-124.57359188900227	-0.0041964497393466721	-1	
38.899068557474443	-80.926128455341768	0.0043778628201941614	-1	
42.880130878742165	-80.708993001260041	0.004879723991957627	-1	
46.4255891181108	-82.532651654662558	0.0047435173175407836	-1	
36.854231278133966	-77.646709856466046	0.0049586571652396223	-1	
30.577749999999998	-75.041087978770079	0.0046847283061323755	-1	
49.261226050880254	-85.687938817830201	0.0041094340142525101	-1	
56.78725	-90	0.0034703083496061982	-1	
54.603125000000006	-85.859763059158894	0.0045524716741812948	-1	
58.971375000000002	-92.477017854491521	0.0036576803552366482	-1	
17.472999999999999	-70	0.0033684576936553138	-1	
8.7364999999999995	-70	0.0016817908789408793	-1	
26.209499999999998	-70	0.0050570972663915139	-1	
-6.4140325353989667	-74.939568552900653	-0.001000172254589619	-1	
0	-70	-3.722119478538829e-006	-1	
61.004559099999383	-95.384770426720252	0.0038012671004864938	-1	
70.571302790586927	-97.334961256998255	0.0046573740015516257	-1	
68.302947106275411	-95.241138841723753	0.0045681128794710923	-1	
65.861127083040941	-92.941662647365916	0.0043881501882834014	-1	
87.152996605739773	-191.2397970222022	0.0018676750262820075	-1	
86.77048385617077	-194.88969763042167	0.0018295540862108134	-1	
90.410772894939797	-189.5501272015006	0.0019417939893568979	-1	
95.180806396220078	-113.95335952614921	0.004624592923334587	-1	
101.88464011182913	-117.53720811418835	0.0045594307086849681	-1	
85.451886784543049	-106.55076964481881	0.0048087552625181787	-1	
91.797192816585394	-107.14626643642002	0.0049482451465895725	-1	
107.01192935802389	-121.56898274161598	0.0044401395158247502	-1	
93.774078020566023	-188.08170318732755	0.0020154693259565194	-1	
97.024122975750814	-182.47583585751167	0.0021270419341752494	-1	
96.898839974206766	-186.14093971469035	0.0020889734842015556	-1	
103.00761498201092	-171.43346014042254	0.0027404512224281454	-1	
103.07604621996562	-174.98840215358689	0.0025147134459905596	-1	
100.19398818424304	-180.75473947547525	0.0021998952329304205	-1	
103.33333333333339	-178.97858344878409	0.0022723588282864008	-1	
105.98385284664107	-169.60961923128528	0.0028299596791076546	-1	
108.41429548317076	-160.65491467721958	0.0030919095663382158	-1	
108.72273423980459	-164.26213323553657	0.003002403565321176	-1	
108.92780700300551	-167.7341135890849	0.002918405338013224	-1	
112.52014153479098	-154.72341551003942	0.0033135329623129525	-1	
112.88571013033159	-158.25992878796833	0.003219039172754368	-1	
114.36089908311595	-151.68167617023764	0.003425786443368762	-1	
116.27680693653225	-148.84711948141035	0.0035347655806860783	-1	
116.37565507622014	-143.10112670007518	0.0037190669007337619	-1	
117.47007594444337	-138.08473623733977	0.0039009628698047001	-1	
113.84765993932415	-130.25805843621902	0.0041517283348635799	-1	
112.8151375403656	-124.03696180122608	0.0043961092086778437	-1	
73.09798545234473	-95.561432417642422	0.0050251391377524757	-1	
76.287319007757731	-95.725454164781084	0.0052403112081049093	-1	
88.148634703583696	-100.77625012106357	0.0052906666127545037	-1	
83.691597485342768	-91.810733429696086	0.0059617865165979972	-1	
-92.976017582954398	-199.38771314806405	0	-1	
-89.877486036147417	-197.2181434469077	-0.00090798931364078435	-1	
-86.770483856171239	-194.88969763042252	-0.001830314609913414	-1	
-83.740493055682535	-192.58994885600083	-0.0017941409984525232	-1	
-96.999543939383599	-171.44611349114976	-0.0026414817403496546	-1	
-96.961924049267878	-174.92394142787987	-0.0025634826256324167	-1	
-97.025975704638057	-178.69961724179211	-0.0023395643339067088	-1	
-98.662884281451468	-167.49633989095773	-0.0027625476908330255	-1	
-103.3796076664207	-160.83557031738189	-0.0030105353294630219	-1	
-106.46717625334703	-157.5732588806957	-0.0031473397651200301	-1	
-102.66950094508115	-164.38562787161524	-0.0029072265002050958	-1	
-105.8800816749681	-144.22033932233271	-0.0035419920398924889	-1	
-108.34716000772076	-154.71474954745062	-0.0032565257128413989	-1	
-108.86495118499631	-150.56995301810767	-0.0033871980465810156	-1	
-87.024179405771747	-190.95713347494305	-0.001868558319616545	-1	
-90.596703669742993	-185.75076956849534	-0.0019808988502414528	-1	
-90.477317446837233	-189.68964075583523	-0.0019425011300342806	-1	
-93.824703279506679	-184.1413483322635	-0.002054524519369823	-1	
-97.024122975751126	-182.47583585751238	-0.0021277966223769789	-1	
-106.40306751675469	-133.70261379131671	-0.0039252906950926958	-1	
-105.32934186612742	-127.70119720317282	-0.0041507667175949125	-1	
-109.71512028809801	-139.41810850481528	-0.0037639933897533587	-1	
92.976017582953943	-199.38771314806317	0	-1	
89.829524392458254	-197.1129012250544	0.00094012878276860789	-1	
-8.7364999999999995	-70	-0.001689239527926112	-1	
-39.314250000000001	-70	-0.0075940982195706391	-1	
-41.498374999999989	-72.449084735167503	-0.0071797458374393951	-1	
-44.774562500000002	-72.26196573426374	-0.0077725556195172227	-1	
-46.958687499999996	-73.502404153236867	-0.0076548571559161447	-1	
-21.827750000000002	-65.462018224999994	-0.0042185336680267528	-1	
-13.104749999999999	-65.934124999999995	-0.0025329438127838751	-1	
-32.188716415566653	-65.329507064501485	-0.0062232483112622874	-1	
-37.503547625027167	-66.410564991012166	-0.0072510595170019567	-1	
-58.971375000000002	-87.524160602775368	-0.0044615481070680698	-1	
-61.155499999999996	-90	-0.0038898154702773058	-1	
-57.640262338792787	-84.442827796742151	-0.0052672067154273684	-1	
-59.112725114691074	-80.111499584740997	-0.006672281868258443	-1	
-54.603125000000006	-74.140236940841092	-0.0082639666649846084	-1	
-50.234874999999995	-72.60247483936061	-0.0084155314141471892	-1	
-83.393436834035157	-107.50210342154094	-0.0046708519834851399	-1	
-87.636175241452221	-110.77816692607243	-0.0046140467467863993	-1	
-92.586812277368111	-112.24243520719743	-0.0046599183503422412	-1	
-68.200296474187866	-92.614725046190472	-0.0047139568880636609	-1	
-69.711213476625275	-93.021820836620151	-0.0048983190955551184	-1	
-66.069781250000005	-91.015795821546817	-0.0044644191959637364	-1	
-64.431687499999995	-91.241682495362852	-0.0042521436507968269	-1	
-67.127373841973423	-91.475675356263821	-0.0046066426330531943	-1	
-77.162244678344521	-94.698428440214457	-0.0053989371558123885	-1	
-83.683049927514475	-98.21443215445494	-0.0053591153761151956	-1	
-88.895736666109045	-105.56789569541547	-0.0049784556494977704	-1	
-71.763458584684926	-94.101670173911899	-0.0050397894339250879	-1	
-74.162158466248428	-93.929159826598891	-0.0052740523670822331	-1	
-71.081316644467194	-92.817994046309622	-0.0050942379729731679	-1	
-63.339624999999998	-90	-0.0041288528857070994	-1	
-99.227259169802565	-115.02770049226102	-0.0046436380255163315	-1	
-105.77968074617222	-121.0054272194902	-0.0044525642974880724	-1	
40.718746208001001	-77.68505307578036	0.0054658798599823491	-1	
46.061616287210597	-78.306045726154053	0.0059502027288890931	-1	
50.098145608607055	-80.409210409737099	0.0057491815322307229	-1	
37.130125	-73.791865047674449	0.0060507730860960996	-1	
34.945999999999998	-70	0.0067461414717445633	-1	
58.971374999999995	-87.542129214141298	0.0044552671010213889	-1	
61.155499999999996	-90	0.0038878396474919591	-1	
54.642527578848018	-80.153352720165216	0.0062737178859470343	-1	
60.878539084304002	-84.52807121464258	0.0055568277088147581	-1	
59.112725114691074	-79.888500415259003	0.0067429018656302705	-1	
62.247562500000001	-92.061548322589985	0.0039934077709649577	-1	
21.841249999999999	-65.472106775	0.0042136691437567901	-1	
13.104749999999999	-65.934124999999995	0.0025255070119925018	-1	
3.1182500000000011	-65	0.00059794981392796199	-1	
31.178699979607131	-66.483487683433822	0.006019753869183758	-1	
-3.1182500000000002	-65	-0.00060539741135934083	-1	
70.802155916676156	-94.256611593391284	0.0049253332737122929	-1	
68.200296474187866	-92.614725046190472	0.0047158709271588745	-1	
69.711213476625275	-93.021820836620151	0.0048996669519049693	-1	
66.069781250000005	-91.015795821546817	0.0044650915355375466	-1	
64.431687499999995	-91.241682495362852	0.0042521857825171686	-1	
67.127373841973423	-91.475675356263821	0.004607742792003577	-1	
90.158562504682621	-193.34566123448548	0.0019037107042044221	-1	
93.519177981669941	-191.74272987715577	0.001977578781770995	-1	
102.19453144270886	-111.02197450183343	0.0049067685364158923	-1	
98.111521399807515	-106.09114808125571	0.0051407591051506043	-1	
107.95530562423349	-115.15155895787512	0.0047557328752377151	-1	
93.733840225692688	-101.41996753046335	0.0053753198177399495	-1	
96.851306611103425	-190.08139182685198	0.0020510683527783583	-1	
100.20715523593736	-184.55862108578458	0.0021619044691406817	-1	
100.15393339432347	-188.36215314323789	0.0021242356942698555	-1	
106.24542032562819	-173.37676840808371	0.0025802863228452095	-1	
106.44120214807793	-177.14790881176998	0.0023443460368306897	-1	
103.33603693078676	-182.64582693742	0.0022345643868498214	-1	
106.58711473247578	-180.94901367670255	0.0023066498317411569	-1	
109.38865183898112	-171.70578909197525	0.0026446305692496364	-1	
111.59876593362222	-162.37721202212313	0.003091278527875929	-1	
111.83858069414946	-165.80751451100843	0.0030064543460103822	-1	
112.23146044356919	-169.56324026894293	0.0027399540277667366	-1	
116.07181317361723	-154.8852646155988	0.0033535256827312938	-1	
117.17054932852889	-158.34690942901008	0.0032698779375110645	-1	
117.55705045849474	-161.8033988749896	0.0031818061707944521	-1	
114.71528727020932	-163.83040885779843	0.0030937788207161167	-1	
117.68337097051919	-151.9659320989384	0.0034568172542061566	-1	
119.56006706199645	-147.88502932269614	0.003600249243483828	-1	
121.0236435368875	-141.79068924262143	0.0038086583071158149	-1	
121.27643596473999	-134.63893390590621	0.0040568619002623258	-1	
119.96442318901809	-128.37471966495966	0.0042800444989901376	-1	
117.97188967061686	-120.40707842659538	0.0045937960812583618	-1	
114.1253282386506	-113.15053228705041	0.0049040705622952277	-1	
73.75640214249519	-93.77783729220387	0.0052665921926600204	-1	
71.950605857482799	-93.183006319244129	0.0051584233360658927	-1	
79.084962489886763	-90.135771715421399	0.0059939374463267641	-1	
74.711290246102664	-90.941995929142095	0.0056809523777452808	-1	
91.089080763107376	-95.984312120797625	0.0057469508407384075	-1	
80.853289698177178	-87.814411166544488	0.0063386633941849629	-1	
89.566072089614948	-87.628358404070227	0.0064747890265238342	-1	
-96.441652293597585	-197.73469018581778	0	-1	
-93.280956161446269	-195.56759155710472	-0.00096078646324251904	-1	
-90.158562504683076	-193.3456612344863	-0.0019045037092267464	-1	
-100.0000000000005	-173.20508075688844	-0.0026521265998849641	-1	
-100.25235182881431	-177.19543197170645	-0.0024065362257077189	-1	
-100.19398818424337	-180.75473947547593	-0.0022006619503914973	-1	
-102.94765704023706	-167.99530782706677	-0.002822157994683851	-1	
-103.00761498201133	-171.43346014042314	-0.0027419005767678781	-1	
-108.41519927615496	-163.79749858918751	-0.0030106533466152355	-1	
-110.91845582240197	-156.97170598441642	-0.0032292774771765262	-1	
-110.10650048996173	-160.2059523284212	-0.0031294444416660669	-1	
-105.83940572928807	-166.13458866394964	-0.0029127564128314507	-1	
-111.94480199771931	-147.74825761564355	-0.0035164396427500256	-1	
-114.06791651906057	-143.75655372869787	-0.0036722609299052215	-1	
-111.61801729548824	-153.71130192648741	-0.0033316534259783407	-1	
-93.705108756473308	-187.94337224415054	-0.0020162941000301943	-1	
-93.51917798167041	-191.74272987715659	-0.0019783288100937851	-1	
-96.898839974207007	-186.14093971469092	-0.0020897269891482517	-1	
-100.20715523593782	-184.55862108578529	-0.0021626501464472379	-1	
-112.93264519952524	-134.70320794723492	-0.0039737150063848302	-1	
-111.00525347773818	-125.4754579519474	-0.0043156177470500962	-1	
-115.85792855140433	-139.6047863802242	-0.0038321442200905994	-1	
96.441652293597102	-197.73469018581693	0	-1	
93.2809561614458	-195.56759155710387	0.00096042595081310793	-1	
-41.498374999999989	-70	-0.008008322939982571	-1	
-40.406312499999991	-68.054652994087547	-0.0078056844889939064	-1	
-43.682499999999997	-70	-0.0084162503467904697	-1	
-45.866624999999999	-70	-0.0088091440940817473	-1	
-48.050749999999994	-70	-0.0091785898443422931	-1	
-18.709500000000002	-60	-0.0036162688662010629	-1	
-24.946000000000002	-60	-0.0048228126464373413	-1	
-6.2365000000000004	-60	-0.0012072006165956947	-1	
-12.473000000000001	-60	-0.0024111807041893693	-1	
-31.182500000000005	-60	-0.0060306415798545062	-1	
-37.419000000000004	-60	-0.0072432172010959521	-1	
-40.460762854399505	-63.912747620880396	-0.0078306900746457856	-1	
-41.356340690670137	-66.036133260656442	-0.0079946608935233913	-1	
-60.947702117075643	-85.014942200856368	-0.0054220919540068843	-1	
-62.247562500000001	-87.932545471885717	-0.0046902405672411473	-1	
-61.855447039835845	-82.070327471938228	-0.0063457644500827491	-1	
-60.878539084304002	-75.471928785357406	-0.0081811862754787718	-1	
-63.870670570729907	-77.413312219081931	-0.0077075581743746612	-1	
-58.971374999999995	-72.457870785858702	-0.0091820102532118152	-1	
-52.418999999999997	-70	-0.0097897459793150482	-1	
-56.78725	-70	-0.010137262122258673	-1	
-96.885499095729656	-109.38338286452593	-0.0049206784080446288	-1	
-69.412637142371878	-91.625368045352474	-0.0049774327132279875	-1	
-68.443704145170756	-90.591439027877001	-0.0048582781151919954	-1	
-70.259224914404385	-91.703142828280463	-0.0051122259652907898	-1	
-66.615812500000004	-90	-0.0045539136625673618	-1	
-65.523749999999993	-90	-0.0043980746335510511	-1	
-67.707875000000001	-90	-0.0047314690788779852	-1	
-75.131030752196423	-92.360381933806764	-0.0055342130439227921	-1	
-80.797345857546887	-90.551584504991354	-0.0060149606244888354	-1	
-76.493997071758855	-89.760535672268176	-0.0059378326407810616	-1	
-88.282447126667279	-92.107595323446404	-0.0060316944447290476	-1	
-90.734717285268545	-98.739984718795	-0.005517883615865497	-1	
-95.034465329826233	-103.5596524685711	-0.0052510160050078473	-1	
-72.356535796815564	-92.774492172424786	-0.0052450641528915248	-1	
-73.332774435733498	-91.952887389435276	-0.0054417340666713084	-1	
-71.793092258442783	-91.629674423342607	-0.0053341328271846299	-1	
-64.431687499999995	-88.767151195626852	-0.0046829442247418585	-1	
-106.60234071378244	-108.90504519787599	-0.005073056155593475	-1	
-108.81259482142084	-115.01897810558103	-0.0047731656123192511	-1	
41.498374999999989	-74.050775250061591	0.0066635275657809141	-1	
45.866624999999992	-72.60247483936061	0.0078144519153493935	-1	
49.142812499999991	-73.502404153236881	0.0079368224498194348	-1	
52.224008712789356	-76.384589096987213	0.0072689761491282357	-1	
39.314250000000001	-70	0.007585608453072633	-1	
36.327938074947298	-66.274309879374087	0.0070163104311992243	-1	
62.247562500000001	-87.821640001851591	0.0047184546277051365	-1	
63.339624999999998	-90	0.0041283437801101202	-1	
56.792274075053193	-76.225070302247047	0.007709411164203997	-1	
63.870670570729907	-82.586687780918069	0.0063838648899225605	-1	
65.059257010379923	-86.018702616663631	0.0056140641969634267	-1	
61.855447039835845	-77.929672528061772	0.0074736578135523981	-1	
24.946000000000002	-60	0.0048151758635739273	-1	
18.709500000000002	-60	0.0036088355687375383	-1	
12.473000000000001	-60	0.0024037424306047406	-1	
6.2365000000000004	-60	0.0011997733777317355	-1	
0	-60	-3.7423202256634345e-006	-1	
34.300750000000008	-62.383339882880961	0.0066272227691719105	-1	
31.182500000000005	-60	0.0060228248144751527	-1	
70.606338814705921	-92.620604477548696	0.005061542274332617	-1	
69.412637142371878	-91.625368045352474	0.0049784119824989098	-1	
68.443704145170756	-90.591439027877001	0.0048593614092630744	-1	
70.259224914404385	-91.703142828280463	0.0051122949143047299	-1	
66.615812500000004	-90	0.0045546993048551192	-1	
65.523749999999993	-90	0.0043985162438636817	-1	
67.707875000000001	-90	0.0047324683507693989	-1	
96.653943719635095	-193.85782018111868	0.0010144371243158787	-1	
110.70212729788096	-109.2754839504445	0.005082474257163694	-1	
108.20184151675996	-104.74968288271711	0.0053176756174703015	-1	
99.135002977461554	-98.705461447127519	0.0056398033589335752	-1	
96.433773648321903	-93.436776717591314	0.0060130887106639311	-1	
100.04934243998257	-192.19299864242424	0.0010331606735660877	-1	
103.42605231921867	-186.58553752307128	0.0021969712932417653	-1	
103.36060510478823	-190.36655324480017	0.0010880790806172573	-1	
109.51664794152911	-175.26327320566148	0.002415882575802537	-1	
109.64733484406285	-178.92818835445931	0.0023784163791599928	-1	
106.66666666666679	-184.75208614068043	0.0022693151508237199	-1	
109.87478931414502	-182.86235748311748	0.0023411786680186493	-1	
112.55873390310569	-173.32525070872109	0.0024868784152464567	-1	
115.03153203231088	-167.37191768903585	0.0028359497105070268	-1	
115.56653338395444	-171.33443166137539	0.002557364684006714	-1	
119.57704120933673	-155.83583411328604	0.0033666164065729114	-1	
120.36300463040976	-159.72710200945869	0.0032681685167793742	-1	
118.0807638148909	-165.54312544074932	0.0028971791688065579	-1	
120.80265362052454	-163.25541666617229	0.0029936766125762187	-1	
121.01368889595129	-152.13505746998618	0.0034872795527182429	-1	
123.5825486955401	-145.88618035473681	0.0037000888366333028	-1	
124.94279028546366	-151.56772457830752	0.0035410796317990978	-1	
125.84194252931188	-141.46659376286726	0.0038580151697527902	-1	
127.87628644499017	-136.7137947336139	0.0040292109630958306	-1	
127.8859502185948	-132.59506621348959	0.0041709609872864007	-1	
125.07766829303662	-124.52550129152776	0.0044589341571502992	-1	
119.49923934750387	-114.94968975141767	0.0048431057386799613	-1	
123.52319751136017	-119.01829043512691	0.0046771984988561643	-1	
115.71867898385104	-108.02308087079753	0.0051661171328189854	-1	
120.77344118658006	-109.83385520713172	0.0050833675045421052	-1	
72.902076761188425	-92.079352010486133	0.0053914123429928476	-1	
71.267429192431877	-91.89590905867351	0.005235609695709611	-1	
75.028147770795044	-88.313339079136099	0.0060732410211441377	-1	
78.042715803215799	-87.029318627779872	0.0063638476924887831	-1	
73.451347227174494	-89.456697386184317	0.0058204758541321256	-1	
72.830455372468506	-90.436003487716448	0.005620072920843956	-1	
79.675615664824917	-85.144433678880958	0.0066499335257520619	-1	
83.575160755362432	-83.614545489104884	0.0068783164168409426	-1	
96.776565835323908	-87.525924648356053	0.0065001153133578725	-1	
93.154928515708917	-80.728561620021267	0.0071496662528086272	-1	
-99.877909942700867	-196.02143532144197	0	-1	
-96.705549046961323	-193.96132445502815	-0.00097986189640980473	-1	
-103.20339680446111	-175.20460054410938	-0.0025010751863049768	-1	
-103.33333333333373	-178.97858344878478	-0.0022730842082733737	-1	
-103.48899969382782	-182.91618770580288	-0.0022351702371427814	-1	
-105.98385284664148	-169.60961923128585	-0.0028304329311720205	-1	
-106.11431595506193	-173.16282551978506	-0.0025965125422696116	-1	
-108.92780700300592	-167.73411358908541	-0.0029187895125780882	-1	
-111.83858069414988	-165.80751451100897	-0.0030069009615475047	-1	
-114.06560592792781	-159.9140816890681	-0.0031901556356175391	-1	
-114.18140129266135	-156.28409582327831	-0.0032916659893884267	-1	
-114.71528727020974	-163.83040885779897	-0.0030954221111264514	-1	
-115.06503251492558	-152.84029524454951	-0.0034015424452936284	-1	
-117.46517433561908	-148.49553686465356	-0.0035602484770521901	-1	
-118.58879175251383	-143.70176034099057	-0.0037240094866786981	-1	
-96.851306611103894	-190.08139182685275	-0.0020518344458573127	-1	
-100.15393339432396	-188.36215314323866	-0.0021249906884663657	-1	
-103.42605231921917	-186.58553752307199	-0.0021977341239281176	-1	
-117.90461831387323	-131.89923983512534	-0.004129947653216298	-1	
-116.55963816869239	-122.3762222999846	-0.0044992484471657107	-1	
-115.16024911140727	-116.09238388546297	-0.0047723473336730524	-1	
-120.60008863195065	-139.40249421618185	-0.0038849922705690267	-1	
99.87790994270037	-196.02143532144112	0	-1	
-43.541436043426373	-67.240871484507366	-0.0084015225224445805	-1	
-44.862430673795195	-68.486947837550233	-0.0086365566356608452	-1	
-46.531719475372775	-67.707465740584155	-0.0089397825504531642	-1	
-50.836190787105977	-67.990785256558809	-0.0096021160340709275	-1	
-48.336791000869148	-67.447434910793831	-0.0092495043318040412	-1	
-14.087354280878065	-54.176507819818099	-0.0026006410729225056	-1	
-19.645387765128017	-51.804280026206072	-0.0037732706187914712	-1	
-29.908505459011963	-54.24573854242292	-0.0061897000023461938	-1	
-7.2672655934830059	-53.793525240006446	-0.001268518742828077	-1	
-35.311615771739419	-56.599668439663411	-0.0072193326554344127	-1	
-40.53725	-60	-0.007855595142085	-1	
-38.978125000000006	-58.199678778637036	-0.0078259193739569355	-1	
-42.503586897820298	-64.979376030237773	-0.0082219645780072671	-1	
-42.003189538058066	-62.200513360749973	-0.0081414773034807694	-1	
-43.838921068479308	-65.785473019770038	-0.0084707807105724002	-1	
-64.045747082977954	-84.23766280999051	-0.005982150639926161	-1	
-64.904688359895189	-87.103329458675489	-0.0052734803320596008	-1	
-64.56101427692623	-80.595653720852354	-0.0069325062630047878	-1	
-62.247562500000001	-72.178359998148409	-0.0093261403467203696	-1	
-65.059257010379923	-73.981297383336369	-0.0086474355209373837	-1	
-66.799213117594007	-75.265033347867984	-0.008260852504986994	-1	
-67.65743870451216	-78.763499999999993	-0.0074938327060009363	-1	
-61.155499999999996	-70	-0.010252571520010358	-1	
-53.592995930158878	-67.447099153666201	-0.0099537181907282824	-1	
-58.971375000000002	-67.522982145508479	-0.010273724075469609	-1	
-55.30180271521818	-65.21650538819101	-0.010220999368767992	-1	
-101.29404383113261	-105.15172892744248	-0.0052403908327005597	-1	
-69.42203574805373	-90.774767303065616	-0.0050498583559975786	-1	
-69.903810276951191	-90.930847413236151	-0.0051418681854232921	-1	
-69.072953124999998	-90.307277017444818	-0.0049982569832136515	-1	
-68.799937499999999	-90	-0.0049393533069783391	-1	
-70.750344859685853	-91.009196885168777	-0.0052877818914071435	-1	
-66.069781250000005	-88.59637196808012	-0.004970823903848713	-1	
-67.51654227932967	-89.01494609769253	-0.0050737031508268629	-1	
-68.440067149646836	-89.407426943538454	-0.0051127604411606411	-1	
-74.301814429180112	-90.713512821510747	-0.0056900324528034963	-1	
-77.706204609778624	-87.454906476160829	-0.0062969133755305549	-1	
-80.442172743015476	-85.402588967027143	-0.0066251709925743392	-1	
-87.50186147450475	-84.502426244735858	-0.0067941059210606686	-1	
-74.148674122110606	-89.298701884791242	-0.0058893771960525964	-1	
-75.123453878242771	-87.116126659870659	-0.0062649264158725002	-1	
-92.354381992726616	-87.847012956939878	-0.0064692770240109216	-1	
-95.942750565818315	-93.947462785743113	-0.0059686463910264874	-1	
-99.492877763279068	-99.13193334323411	-0.0056170761463517861	-1	
-72.405926412367094	-90.681651545817388	-0.0055423356871150617	-1	
-71.287783602486172	-90.526507312154123	-0.0054492035925477493	-1	
-113.10336579230928	-108.95056166320629	-0.0051092800819574997	-1	
-109.92533809875952	-98.574938892879061	-0.0056898405966342453	-1	
43.682499999999997	-70	0.0084087192115472574	-1	
48.050749999999994	-70	0.0091709679074567854	-1	
51.3269375	-72.261965734263754	0.0086904728240954372	-1	
50.234874999999995	-70	0.0094968510582559233	-1	
54.603125000000006	-72.449084735167503	0.0089303395981834375	-1	
41.752651517335053	-67.368830072921241	0.0080551931052757972	-1	
40.07908697592346	-64.963050316730616	0.0077440203588788007	-1	
38.20617623751999	-62.772490192043776	0.0073859037570710336	-1	
64.489349898129916	-88.776753632277462	0.0046898697097317995	-1	
60.947702117075643	-74.985057799143632	0.0083340260535703353	-1	
58.971375000000002	-72.475839397224618	0.0091672051117254686	-1	
66.799213117594007	-84.734966652132016	0.0061679036745116017	-1	
64.56101427692623	-79.404346279147632	0.0072266351196618684	-1	
67.65743870451216	-81.236500000000007	0.00700550040418593	-1	
66.819573797616783	-87.152962393394247	0.0055446328176082405	-1	
66.882587178652727	-85.943348196642916	0.005881834171554085	-1	
65.862962842452063	-87.952434078896715	0.0051438794596536698	-1	
64.045747082977954	-75.76233719000949	0.0081330316583387435	-1	
29.405717681870023	-55.290654475852982	0.0059892347174213606	-1	
21.827750000000002	-54.271376564538514	0.0042692833134606858	-1	
15.460145534285004	-51.21667176677186	0.0027851981220645646	-1	
8.2542939301711211	-53.770368298512302	0.0014540147380079317	-1	
0.80510492205370776	-52.714255065409795	0.00012415210510041994	-1	
37.419000000000004	-60	0.0072350293162762244	-1	
34.300750000000001	-56.462639661888176	0.0070100411110949152	-1	
69.42203574805373	-90.774767303065616	0.0050509345195615474	-1	
69.903810276951191	-90.930847413236151	0.005142789199591968	-1	
69.072953124999998	-90.307277017444818	0.0049993652913660662	-1	
68.799937499999999	-90	0.0049404488418597218	-1	
70.750344859685853	-91.009196885168777	0.0052889184600779437	-1	
66.069781249999991	-89.038577979734541	0.004818895082506925	-1	
67.51654227932967	-89.01494609769253	0.0050734508808009471	-1	
68.440067149646836	-89.407426943538454	0.0051132500055593262	-1	
114.02620080515895	-102.87180963242882	0.0054397364082094113	-1	
110.2083432979619	-98.089181367630545	0.0057237400929962511	-1	
104.17701563677331	-94.623432318172647	0.0059434167359487438	-1	
103.54841903694766	-88.166674634862559	0.0064165824958745859	-1	
103.28374381289606	-194.24847042896411	0	-1	
106.69583400617597	-188.58424816396075	0.0011050473028715231	-1	
106.65811645419424	-192.41633557066729	0	-1	
112.83721424819912	-177.11894776751436	0.0024495365495715298	-1	
113.04944303641719	-180.91692718003773	0.0024125929554347958	-1	
110.00003722660925	-186.74300632411138	0.0011209299130295193	-1	
113.21233313386614	-184.745736828286	0.0011762957864703979	-1	
115.82504436970862	-174.9925533357632	0.0025202883402237553	-1	
118.5391301792163	-169.29142248639175	0.0026272525087568453	-1	
118.94983899960143	-173.07308970355373	0.0025903214584750895	-1	
123.13229506513177	-157.60215072134451	0.0033538634423317787	-1	
123.7862039644515	-161.32132181416981	0.0030521164700367223	-1	
121.47561880711123	-167.19684550415593	0.0026965617146129418	-1	
124.37510478475676	-165.05133874310732	0.0027652219494618342	-1	
125.86407820996762	-155.42919229139432	0.0034398676447041387	-1	
127.18510073124907	-146.24503829887351	0.0037181341362751232	-1	
127.93084978938397	-149.7877799683086	0.0036179637213179434	-1	
128.557521937308	-153.20888862379573	0.0035245201104313465	-1	
130.53747452010393	-139.85737486459163	0.0039399974549836903	-1	
131.33131077389353	-143.32297590412037	0.0038353003283480729	-1	
131.99381656464737	-136.61397627479289	0.0040521820317924138	-1	
133.54999796894305	-133.56705750956752	0.0041594101495321858	-1	
132.94784894211503	-127.85184792921385	0.0043559993207819437	-1	
132.18061082042053	-119.77655058049113	0.004655614389830743	-1	
124.87270011438113	-113.14918771746272	0.0049309294659563773	-1	
130.31921823385099	-114.48623245306457	0.0048679885052938547	-1	
119.8856936408433	-104.63700445824036	0.0053392284744934806	-1	
125.54973645780146	-108.12012232843658	0.0051544313483890946	-1	
71.694461412943184	-90.962486234623185	0.005424500571656837	-1	
75.038182446923102	-85.721989957353529	0.0064751453467263229	-1	
73.08094917688129	-88.357901490634447	0.0059864093565681316	-1	
77.197404680383059	-84.865823655334665	0.006647724939917261	-1	
72.320039133693001	-89.711037971544883	0.0057011090642641888	-1	
71.596548311296971	-90.223542377723376	0.0055420115395083108	-1	
79.497155788615174	-82.657004222351176	0.0069785871737481232	-1	
81.181640039726275	-78.769316246265362	0.0074950289802178842	-1	
87.50186147450529	-75.497573755242968	0.0077841948489379498	-1	
101.12196283999822	-80.847209346799829	0.0070201318929589071	-1	
93.554518928065278	-73.036960452763992	0.0078941614679224319	-1	
100.08759905179879	-72.946715390018696	0.0077239223890854195	-1	
-103.28374381289656	-194.24847042896491	0	-1	
-100.04934243998302	-192.19299864242507	-0.0010335469044993027	-1	
-106.44120214807828	-177.14790881177061	-0.0023450789386022936	-1	
-106.58711473247615	-180.94901367670326	-0.002307392580685793	-1	
-106.66666666666728	-184.75208614068112	-0.0022700403180385634	-1	
-109.25508046254241	-171.49612402886356	-0.0026610323583198085	-1	
-109.51664794152944	-175.2632732056621	-0.002416620875613213	-1	
-112.09296943911842	-169.35400318541954	-0.0027569972395809625	-1	
-115.17365363453514	-167.57870590344135	-0.0028195122618029484	-1	
-117.17054932852932	-158.34690942901057	-0.0032706673426271204	-1	
-117.55705045849517	-161.80339887499008	-0.0031825146517596918	-1	
-118.34013506866413	-154.22386664693838	-0.0033993036924098792	-1	
-117.93505490651161	-165.33884908515682	-0.0029159497281192547	-1	
-121.93778658793208	-150.64805766120298	-0.0035418125369879598	-1	
-122.20995709826724	-147.03792145776629	-0.0036533687066156984	-1	
-124.56716545252378	-142.00850761768834	-0.0038320404562829855	-1	
-103.41579124260934	-190.46819346675167	-0.0010510082607522459	-1	
-106.69583400617647	-188.58424816396146	-0.0011056496172053298	-1	
-122.17333785145325	-125.36667825071761	-0.00441234038496252	-1	
-125.35452491432186	-136.4874240973117	-0.0040213536072687076	-1	
-127.64046386908068	-130.22665461297771	-0.0042561209866084967	-1	
-121.27463791535632	-118.10712071880118	-0.0047070202552406404	-1	
-120.41187959740465	-107.60073959958707	-0.0051902100060805369	-1	
-45.026107521860446	-66.678372989642824	-0.0086833455431221292	-1	
-46.403216440951859	-65.888293891982755	-0.0089510033156833917	-1	
-49.505397188313353	-65.806473628815127	-0.0094965041327622415	-1	
-51.366333810320718	-63.778753528760213	-0.0099056347431292439	-1	
-47.632012941508115	-65.065645839036662	-0.0091970340465873518	-1	
-16.637115539263515	-48.69764676645439	-0.0029808410875849932	-1	
-11.936485450853175	-48.807678142078821	-0.0019697801205613374	-1	
-18.875352163088813	-44.997488822356559	-0.0034210217047746464	-1	
-22.880462367493362	-45.766097051308599	-0.0046511108456416912	-1	
-35.143280340826699	-51.538023832682264	-0.0078378636184937029	-1	
-30.597907421552154	-44.664587106064836	-0.007203967509528595	-1	
-7.6080481078937261	-46.971197731139313	-0.0010823235301309379	-1	
-2.0365193209944978	-45.957373769372197	-0.00024862548773435799	-1	
-39.956991369220916	-53.111799254970272	-0.0089223899213148467	-1	
-41.316812500000005	-58.649754375685553	-0.0082604182942601738	-1	
-42.096375000000002	-60	-0.0081662691888380289	-1	
-42.091659521356959	-56.342959602019398	-0.0088771486676702434	-1	
-43.802369101040675	-64.115619992655056	-0.0084828532163196847	-1	
-43.876582533459349	-61.235064155247976	-0.0085238243847544255	-1	
-44.093305354210841	-62.470900784072647	-0.0085585043738909058	-1	
-45.154676858111195	-65.095930611110035	-0.008731539613605498	-1	
-66.765751649849349	-82.992110476775892	-0.0065589476672299396	-1	
-66.95638130925731	-84.929062737231462	-0.0061443135123899302	-1	
-66.794390437578997	-87.228403177176162	-0.0055179799981656379	-1	
-67.738835520140213	-81.306515179051758	-0.0069894659752438503	-1	
-63.339624999999998	-70	-0.010204760293258364	-1	
-64.489349898129916	-71.223246367722538	-0.0096285888134241566	-1	
-66.819573797616783	-72.847037606605753	-0.0089118546542649082	-1	
-66.882587178652727	-74.056651803357084	-0.0085613807572522561	-1	
-65.862962842452063	-72.047565921103285	-0.0092531927866755063	-1	
-68.606541793284777	-76.290500000000009	-0.0080065670658342244	-1	
-68.781357299925318	-74.435749999999999	-0.0083729771269433224	-1	
-70	-77.527000000000001	-0.0077662745840049773	-1	
-70	-80	-0.007359082204738277	-1	
-62.247562500000001	-67.938451677410015	-0.010267248832843247	-1	
-60.026790496192731	-62.998491460877695	-0.010585582975049718	-1	
-55.58288819898771	-61.643260780214625	-0.010577051669213175	-1	
-53.502217448711264	-62.116734598892307	-0.010350284348871315	-1	
-69.482476562499997	-90.271960575351784	-0.0051039298404283954	-1	
-69.798322487150813	-90.435833699737614	-0.0051796890805374165	-1	
-70.566514549262038	-90.566514549262038	-0.0053339313719887264	-1	
-70.098358125556572	-90.46360295371673	-0.0052559200087743136	-1	
-69.345968749999997	-90	-0.005072492097168195	-1	
-69.072953124999998	-89.690454925386121	-0.0051474128893886327	-1	
-68.445713655852501	-88.636026642529657	-0.0053947995013288782	-1	
-68.2137756062085	-87.846256582674314	-0.005596548012696905	-1	
-68.879494204714703	-89.273933173972623	-0.0052708673013693169	-1	
-68.813132595340178	-88.852619446758396	-0.0054095101727708794	-1	
-72.760012799761	-89.609767267180132	-0.0057508802156376014	-1	
-76.467493870007644	-85.163407227120885	-0.00659156840852559	-1	
-77.307802066623978	-82.946779424082806	-0.006923614237522701	-1	
-81.18164003972241	-81.230683753732407	-0.0071719229367051378	-1	
-94.468793956309028	-79.586848804502694	-0.0072370972808131076	-1	
-83.575160755359661	-76.385454510894135	-0.007761537303839273	-1	
-73.08094917688129	-88.357901490634447	-0.0059869901361658323	-1	
-74.147006509781477	-85.648066998024717	-0.0064702420643739265	-1	
-72.516530067497584	-86.319032872918143	-0.0063192613926782671	-1	
-98.217071235339645	-87.245273395529964	-0.0065144895768821454	-1	
-103.26846035675929	-92.738827793950279	-0.0060798069412001075	-1	
-71.481024087801003	-89.424413671789125	-0.0056881970916924339	-1	
-70.923813538707762	-89.902523803691778	-0.0055332428606917079	-1	
-115.6880203025771	-102.48436594237589	-0.0054632539129276609	-1	
-115.63646184334412	-96.358417638424072	-0.0058016831347618581	-1	
-109.22654605479657	-88.308473711112413	-0.0063572714801738038	-1	
44.980231957910348	-66.889148041963637	0.008662983159529708	-1	
47.980873949729727	-67.365110163838651	0.0091883390325906544	-1	
52.418999999999997	-70	0.0097804807115565457	-1	
51.3269375	-67.945343569357902	0.0096728934735964001	-1	
56.78725	-70	0.01014292550755049	-1	
42.940454438165098	-64.32966989739981	0.0083043234250178202	-1	
42.096375000000002	-61.748208338845821	0.0081545585295292166	-1	
40.53725	-60	0.0078481462379313173	-1	
62.247562500000001	-72.067454528114268	0.0093532340082023713	-1	
61.155499999999996	-70	0.010249798720830705	-1	
68.606541793284777	-83.709499999999977	0.0065919262043276665	-1	
68.781357299925318	-85.564250000000001	0.0062472869141352834	-1	
66.765751649849349	-77.007889523224108	0.0078523048212425263	-1	
67.738835520140213	-78.693484820948228	0.0075144447655029079	-1	
70	-82.472999999999999	0.0069532439666694559	-1	
70	-80	0.0073582546456198265	-1	
67.920438320529456	-86.567849756670697	0.00588455613509682	-1	
67.827384932867673	-87.886839911189725	0.0055086495523710127	-1	
64.904688359895189	-72.896670541324511	0.0090020732249654119	-1	
66.95638130925731	-75.070937262768538	0.008296580216022335	-1	
24.571648497818099	-48.354313901232487	0.0050891683849634767	-1	
32.491331360022272	-51.313987667956873	0.007121913890780698	-1	
19.156893222340063	-47.051098331372948	0.0035354834542631543	-1	
5.239093591382165	-46.87730229297032	0.00065861136670857065	-1	
11.197089914319056	-42.976753680000726	0.0013609194121104735	-1	
38.978125000000006	-57.061442077983493	0.0079885550058131204	-1	
36.930526099611384	-54.488284949768392	0.0078936162515997072	-1	
69.798322487150813	-90.435833699737614	0.0051811082513336737	-1	
69.482476562499997	-90.271960575351784	0.0051050976767669873	-1	
70.098358125556572	-90.46360295371673	0.0052582565572170514	-1	
69.345968749999997	-90	0.0050736247574088575	-1	
69.072953124999998	-89.690454925386121	0.0051479638050284035	-1	
70.891107512737577	-90.46432916899694	0.0054089185779723787	-1	
68.445713655852501	-88.636026642529657	0.0053962118305271398	-1	
68.879494204714703	-89.273933173972623	0.0052709699148785882	-1	
68.813132595340178	-88.852619446758396	0.0054098972423500301	-1	
120.50327068990512	-98.82531543825074	0.0056360419033991364	-1	
117.13115117566775	-94.051853313304576	0.0059254199206151669	-1	
109.65907270964395	-91.154728854904974	0.0061616703897216111	-1	
108.45885848349613	-83.459643641621639	0.0067071759337401825	-1	
110.0000000000001	-190.52558883257669	0	-1	
116.18966080320591	-178.91638782835733	0.0024834669349659368	-1	
116.45026510945578	-182.79030159382089	0.0011903760953667179	-1	
113.30837648021203	-188.57680615446492	0	-1	
116.5822381313052	-186.57058115441393	0	-1	
119.29448607375946	-176.86134881174243	0.0025538302891061019	-1	
121.86163892027027	-170.84371684636395	0.0026599340310792807	-1	
122.36297308822331	-174.75243611498507	0.0026235916093762862	-1	
126.73755162662768	-159.33093913780723	0.0031091732015993689	-1	
127.23670490063618	-162.85555574538935	0.0028331924328596574	-1	
124.91754169500079	-168.81636873965513	0.0027287472417828139	-1	
127.9388649216132	-166.73317493835003	0.0027969098248400155	-1	
129.18122612524675	-156.70935839758849	0.0032255305706734307	-1	
130.55572986843202	-147.56640857765009	0.0037020965233966149	-1	
131.21180579810161	-150.94191604455452	0.003608197591415143	-1	
132.05946491357523	-154.62176719511362	0.0032797383209758786	-1	
134.08239698133983	-139.58517768084673	0.0039655905094613244	-1	
135.59481170407886	-142.88711766497266	0.003870126377919704	-1	
136.39967201249985	-146.27074032383419	0.0037732493025860372	-1	
133.8261212717718	-148.62896509547895	0.0036905500635484689	-1	
135.32616533381574	-136.49120593550614	0.0040686580687277303	-1	
136.6915358753709	-132.21200986928505	0.0042121483115014537	-1	
137.40148984911045	-125.98473097199518	0.0044247387244183726	-1	
138.7018817312732	-114.07081204370478	0.0048570455530965373	-1	
142.29749651142873	-119.71267820679159	0.0046368214334653896	-1	
133.02190931388313	-109.57220058741406	0.0050625840620485175	-1	
128.44660245770879	-103.95382369823811	0.0053331444787795496	-1	
75.460725703893559	-83.32335565800058	0.0068518173626720743	-1	
72.516530067497584	-86.319032872918143	0.0063181082746569302	-1	
73.1163703560767	-83.983649008872803	0.0067206805727091723	-1	
71.821116457519864	-88.721712235567978	0.0058543190579608368	-1	
71.837604178200962	-87.941212214123397	0.0060081669817667839	-1	
71.481024087801003	-89.424413671789125	0.0056910708576736156	-1	
70.923813538707762	-89.902523803691778	0.0055340994925050409	-1	
75.797316065301402	-80.911158270834491	0.0072187904041128414	-1	
77.307802066623353	-77.053220575916683	0.0077785795306170372	-1	
80.442172743007987	-74.597411032969177	0.0080671810889202701	-1	
88.282447126654958	-67.892404676557845	0.0086194959302127502	-1	
80.797345857559094	-69.448415495000248	0.0087334331876505137	-1	
105.49791641285253	-76.256333799428788	0.0073009590616772996	-1	
95.705786310225108	-66.867574038790011	0.0084255118522729624	-1	
102.29699187070878	-66.735432470494658	0.0081662694083692432	-1	
-106.65811645419474	-192.41633557066805	0	-1	
-109.64733484406324	-178.92818835445993	-0.0023791464513934582	-1	
-109.87478931414552	-182.86235748311813	-0.0023419132708719374	-1	
-109.94133751410234	-186.64335398707314	-0.0011613299786132232	-1	
-112.55873390310602	-173.32525070872168	-0.0024876021513985914	-1	
-112.92026521236055	-177.24931166812402	-0.0024501832438721142	-1	
-115.56653338395478	-171.33443166137599	-0.0025580857641217922	-1	
-118.53913017921663	-169.29142248639232	-0.0026279624248428403	-1	
-120.36300463041019	-159.72710200945914	-0.0032686097143278677	-1	
-120.9519054507154	-163.45711893839677	-0.0029756601799753898	-1	
-122.65377867580821	-154.19693290896234	-0.0034453751846364104	-1	
-123.13229506513218	-157.60215072134494	-0.0033553684741683318	-1	
-121.47561880711156	-167.19684550415644	-0.0026972559124187469	-1	
-125.29720808596915	-151.99766775029786	-0.0035323937296688332	-1	
-127.56898242544442	-149.36408772224968	-0.0036282189039856371	-1	
-128.80997755186584	-145.59319453425735	-0.003750454231686328	-1	
-130.12156928499579	-142.00277473319008	-0.0038697896900608598	-1	
-110.00000000000058	-190.52558883257748	0	-1	
-129.03624436649159	-122.83500858423466	-0.0045346064365137705	-1	
-130.85836437467154	-137.38745151675801	-0.0040222931398192305	-1	
-134.35795590601964	-134.28955957060754	-0.0041385163187221902	-1	
-135.73270416071327	-128.85968980840875	-0.0043259170759537809	-1	
-127.40088065621535	-115.49265066962052	-0.0048286961385288676	-1	
-126.29412253304413	-105.16980172546951	-0.0052907013199044997	-1	
-124.53823324584236	-99.052033038048435	-0.0055967103763940734	-1	
-46.604003930569021	-64.423242683728063	-0.0090233718738692639	-1	
-49.209912368046503	-63.813715973886183	-0.0095452067202301313	-1	
-51.768004213047618	-61.659782859580865	-0.010204790872749107	-1	
-49.878091377655529	-62.21782102833491	-0.009797681898678556	-1	
-48.218750376089332	-63.138774237090409	-0.0093892727299410891	-1	
-46.946738762792336	-63.260479949846697	-0.0091273196064099674	-1	
-14.559154024555475	-44.905161046125905	-0.0022459488634966884	-1	
-17.026451496530459	-41.362487765377573	-0.0026256205920456703	-1	
-20.201025265924663	-41.140772967713403	-0.0036453937134422452	-1	
-27.380975483069399	-41.809705781088219	-0.0063019254866302681	-1	
-23.304668419319913	-40.437583629617485	-0.0047890689998541262	-1	
-39.731639437863713	-49.394301896115032	-0.0095623507109100399	-1	
-37.600811574262835	-45.752782263146237	-0.0095597692385761095	-1	
-36.978275793735165	-41.579828654063341	-0.010179281423721771	-1	
-31.39241209631621	-40.529435638119175	-0.0080609664077329109	-1	
-12.153085642752828	-41.320621224693888	-0.0013055290423108995	-1	
-3.8521143420462631	-40.593290737927582	-0.00015997105217531245	-1	
0.98397776555045091	-41.167136885994346	3.7237366815864233e-005	-1	
-43.549800736624213	-54.5571110405673	-0.0096441014292742138	-1	
-42.569180621006453	-51.806547766674456	-0.0099446440330850875	-1	
-42.875937500000006	-58.646565055766807	-0.0085975715741089982	-1	
-43.655500000000004	-60	-0.0084822581296612465	-1	
-44.504962063790416	-56.655466998737332	-0.009436180771129437	-1	
-45.714699726479608	-63.599457291097607	-0.0088691904820889303	-1	
-45.084247299942298	-61.575368087013246	-0.0087726143803746118	-1	
-45.214625000000005	-60	-0.0088092919955639823	-1	
-46.068782500670359	-62.477939519000692	-0.008964411886751256	-1	
-68.575026642297487	-83.709499999999977	-0.0065958144667850648	-1	
-68.920546189735759	-85.564250000000001	-0.0062669793828552117	-1	
-68.198941508404545	-86.577531932571034	-0.0059240625838235935	-1	
-70	-82.472999999999999	-0.0069548712011958391	-1	
-64.431687499999995	-68.758317504637148	-0.010168866028370993	-1	
-65.523749999999993	-70	-0.010092606010336321	-1	
-66.069781249999991	-70.961422020265459	-0.0096405993514256418	-1	
-67.920438320529456	-73.432150243329303	-0.0086616044402732743	-1	
-67.827384932867673	-72.113160088810275	-0.0090388806357264203	-1	
-67.51654227932967	-70.98505390230747	-0.0094807584992968857	-1	
-70	-75.054000000000002	-0.0081897533180133059	-1	
-70	-73.817499999999995	-0.0084160168885641703	-1	
-69.209592649930684	-73.138083795634984	-0.0086191972360652007	-1	
-71.348677665283489	-76.213621310182532	-0.0079839724463411782	-1	
-72.528510569683405	-78.767251729322155	-0.0075567384512928732	-1	
-72.944955585249218	-80.717506577443572	-0.0072440385543784498	-1	
-64.843187162184563	-63.531158424562712	-0.010468840819445066	-1	
-65.861127083040941	-67.058337352634084	-0.0101634709815607	-1	
-62.705682263082139	-60.817203743367223	-0.010787087622236079	-1	
-57.594820363867193	-59.039900916202598	-0.01100828079548349	-1	
-53.60184204088911	-60.850276324180363	-0.010544149641538646	-1	
-54.304656649144206	-59.02662130982312	-0.010890340951846348	-1	
-52.335040303894587	-60.755118665000403	-0.010426528429973004	-1	
-69.755492187499996	-90.137575286257075	-0.0052002554892360388	-1	
-69.618984374999997	-90	-0.0051554350469435696	-1	
-69.945999999999998	-90.173185897578932	-0.0052674605937041803	-1	
-70.46360295371673	-90.098358125556572	-0.0054210967094076076	-1	
-70.138058930581224	-90.138058930581224	-0.0053401274405548583	-1	
-69.482476562499997	-89.74189653160164	-0.0052476202891926834	-1	
-69.31492746135288	-89.419928387085903	-0.0053380312052619013	-1	
-68.853477867844262	-88.364245986788575	-0.0055810691369780792	-1	
-68.932228183737578	-87.612989773343102	-0.0058132673048181425	-1	
-69.215959494766352	-88.992760836207097	-0.0054710817628259856	-1	
-71.821116457519864	-88.721712235567978	-0.0058534558457031434	-1	
-74.426079181220032	-83.868581303315366	-0.0067556293506528557	-1	
-74.412853598343162	-82.067393923397177	-0.0070355805907356883	-1	
-75.797316065301075	-79.088841729165196	-0.0074881280376277969	-1	
-79.497155788614663	-77.342995777648866	-0.0077069559763465094	-1	
-99.54091347829285	-81.850867248714977	-0.0069637925412520951	-1	
-99.42512127573147	-75.296690922395712	-0.007531243415889937	-1	
-90.667358104691871	-72.387286691348493	-0.0080507171686999991	-1	
-79.675615664823411	-74.855566321120207	-0.0080468412321049072	-1	
-80.853289698180106	-72.185588833456535	-0.0083720654208281984	-1	
-83.691597485346463	-68.189266570301541	-0.0087653036416688156	-1	
-71.837604178200962	-87.941212214123397	-0.0060080714865734406	-1	
-72.761732633704966	-84.557349379952029	-0.0066229958829560082	-1	
-71.295511583108919	-85.564250000000001	-0.0064333931821319284	-1	
-71.035951537994691	-87.267870791724789	-0.0061157361352579811	-1	
-104.2854036434391	-85.227147831873538	-0.0066311713708821366	-1	
-70.75082452846776	-89.501104595621754	-0.0056142680724877202	-1	
-71.052375042932709	-88.857685637036028	-0.0057863986889009154	-1	
-70.433856029533047	-89.802092218215208	-0.0055008676626300363	-1	
-119.07573135424664	-91.288770103458219	-0.006063655198954813	-1	
-115.92616713634492	-83.932566443231565	-0.0065490976898724181	-1	
-109.3999973089101	-82.527917938123323	-0.0067551230581350047	-1	
45.71469972647958	-63.599457291097607	0.0088592728891181208	-1	
47.591824515271654	-64.758164125145953	0.0091907900544594412	-1	
49.709651392975871	-65.375422835932312	0.009539777398642299	-1	
53.359764860009108	-66.813165811104582	0.009952769334998026	-1	
58.971374999999995	-67.522982145508479	0.010277267658899103	-1	
57.023479078068505	-65.419894558897425	0.010303764769031649	-1	
44.435062500000001	-61.881038828488876	0.0086260380102749327	-1	
43.655500000000004	-60	0.0084746030864004847	-1	
42.096375000000002	-58.220109573070417	0.0084993236309333919	-1	
64.431687499999995	-71.232848804373148	0.0096287064553883667	-1	
63.339624999999998	-70	0.010198372660539365	-1	
62.247562500000001	-67.938451677410015	0.010260546969004844	-1	
70	-84.945999999999998	0.0065349789617391418	-1	
70	-86.182500000000005	0.0063119360130604258	-1	
69.209592649930684	-86.861916204365002	0.0060432460629263459	-1	
68.575026642297487	-76.290500000000009	0.0079966071692220749	-1	
70	-77.527000000000001	0.007764147485655788	-1	
71.348677665283489	-83.786378689817454	0.0067377821902846538	-1	
72.528510569683405	-81.232748270677845	0.0071597204858454061	-1	
72.944955585249048	-79.282493422556257	0.0074713551774327385	-1	
68.761938422756614	-88.151832255645672	0.0056242264424062969	-1	
66.069781250000005	-71.40362803191988	0.00945969243288944	-1	
66.794390437578997	-72.771596822823824	0.0089298476253935142	-1	
68.920546189735759	-74.435749999999999	0.0083627501424749662	-1	
68.198941508404545	-73.422468067428966	0.0086464788415446126	-1	
27.592707816239024	-44.575235023621751	0.0062475128137021128	-1	
22.907600601474165	-43.367755435893741	0.0046139223908040049	-1	
32.833455551346624	-45.6401916555089	0.0078815669027126646	-1	
37.427734672618804	-48.987072219407523	0.0089037642274608468	-1	
16.748836241333514	-42.029225464496776	0.0025815772730294279	-1	
6.5003488950801795	-39.868648019490841	0.00030796786286437921	-1	
10.009790412688739	-37.471300302473765	0.00028500139013684444	-1	
14.695900501377512	-36.16510660605018	0.0010771855544386122	-1	
40.145260213214172	-53.795981950933829	0.0088448671830226311	-1	
69.755492187499996	-90.137575286257075	0.005201338921927476	-1	
69.945999999999998	-90.173185897578932	0.0052684524905560418	-1	
69.618984374999997	-90	0.0051565449667378199	-1	
70.138058930581224	-90.138058930581224	0.0053406055070890392	-1	
70.46360295371673	-90.098358125556572	0.0054195504368824586	-1	
69.482476562499997	-89.74189653160164	0.0052481306928226822	-1	
69.31492746135288	-89.419928387085903	0.0053376994937133267	-1	
69.215959494766352	-88.992760836207097	0.0054686615495599137	-1	
69.126560586132143	-88.600711956087636	0.0055731929327616503	-1	
125.53937444884198	-95.859714385206388	0.0057455463829481721	-1	
125.07442759235374	-89.986632940703259	0.0060569004835959511	-1	
114.62894255093299	-86.438428411975551	0.0064104499762928646	-1	
121.39859744479999	-85.382554970092826	0.0063660041980565327	-1	
111.15254182731351	-73.383996878843448	0.0073564585246559512	-1	
116.91106788017397	-78.84059818731663	0.0068472638803863482	-1	
119.59090047265573	-180.68214127018516	0.0012464524672710319	-1	
119.82058770330607	-184.50752494799349	0	-1	
122.75861628205469	-178.61489503772577	0.0012587800073372158	-1	
125.39418715572775	-172.59029213332232	0.0026927785763352636	-1	
125.82376472078543	-176.39841235489689	0.0013155038401704	-1	
130.0595474836332	-160.6101653677741	0.0029004860392142407	-1	
130.73305160791702	-164.35397103461534	0.0028645637534325751	-1	
128.38720493910378	-170.37557547675598	0.0027613113581060741	-1	
131.34111473614058	-168.10896076943422	0.0028291597895742414	-1	
132.84277266855159	-158.31585157792227	0.0029670169460310849	-1	
134.90259927569642	-152.47965066692873	0.0033322207324233519	-1	
135.58553265803829	-155.97331324603971	0.0030327867420915024	-1	
137.6773428593626	-140.10148193844535	0.003962871168262677	-1	
138.93167409179961	-143.86796006773031	0.0038537462378561743	-1	
137.37523971003799	-149.9187669319933	0.0034274120189730223	-1	
140.14188332281296	-147.67873136502388	0.0034767744734369799	-1	
138.65227077236821	-136.25320701278173	0.0040848728422380014	-1	
140.44043612950142	-129.73784282288565	0.0042973398233409699	-1	
142.48294474893629	-135.21126592793439	0.004123254545984863	-1	
142.14437666818054	-125.0758483162646	0.0044512670964942033	-1	
144.86686540621497	-116.66928770015386	0.0047314955071661689	-1	
141.65846421697182	-108.55634353680958	0.0050487471186575874	-1	
146.60879442502193	-122.90638289097701	0.0045123752557066094	-1	
147.65901026026683	-119.50967665369164	0.0046209028165784044	-1	
137.02437917663403	-103.53234738598994	0.0052860074129773456	-1	
134.00016510504975	-97.402958286433233	0.0055805388785675333	-1	
71.295511583108919	-85.564250000000001	0.006432382350512981	-1	
71.035951537994691	-87.267870791724789	0.0061154905369796191	-1	
71.052375042932709	-88.857685637036028	0.0057875968431531904	-1	
70.670649753831924	-88.24898762123847	0.0059075122205163554	-1	
70.75082452846776	-89.501104595621754	0.0056150214670845321	-1	
70.433856029533047	-89.802092218215208	0.0055006769916441942	-1	
74.412853598342892	-77.932606076602397	0.0076775409057151366	-1	
74.426079181219649	-76.131418696684378	0.0079620008449154539	-1	
76.467493870004006	-74.836592772881943	0.0081256365114244326	-1	
77.706204609785829	-72.545093523840706	0.0084324565762688222	-1	
90.734717285263756	-61.260015281228455	0.0092097863018363486	-1	
83.683049927524891	-61.785567845565481	0.0095344595229248461	-1	
77.162244678341082	-65.301571559793103	0.0094643325211865824	-1	
76.493997071761299	-70.239464327728754	0.0088210638306217056	-1	
99.636734920562034	-57.407454272311085	0.009077333292906024	-1	
107.64504037936135	-62.880587560031856	0.0082468135118192558	-1	
-113.0494430364177	-180.91692718003836	-0.0024133292603354291	-1	
-113.21233313386661	-184.74573682828671	-0.0011766621915374927	-1	
-113.30837648021253	-188.57680615446563	0	-1	
-115.91118045811281	-175.12269076956466	-0.0025209285077888695	-1	
-116.18966080320644	-178.91638782835793	-0.0024841915883429032	-1	
-119.03738900587882	-173.20047575314749	-0.0025909549198265074	-1	
-121.95226426783869	-170.97076889782366	-0.0026605627023923118	-1	
-123.93754057578107	-161.51854752589438	-0.0030339424569383777	-1	
-124.3751047847571	-165.05133874310781	-0.0027659308515940429	-1	
-125.86407820996804	-155.42919229139471	-0.0034404481096957018	-1	
-126.58279600131679	-159.13638465256457	-0.0031296725946753181	-1	
-124.82471278607183	-168.69091766923853	-0.00272954557104032	-1	
-128.55752193730839	-153.20888862379616	-0.0035247698901971765	-1	
-131.21180579810198	-150.94191604455494	-0.0036083223812594153	-1	
-132.70400233508408	-144.82100587419367	-0.0037980222977569197	-1	
-133.82612127177217	-148.62896509547937	-0.0036919439352859325	-1	
-133.81263920642525	-141.00909970712297	-0.0039200015823807497	-1	
-134.78818460861302	-123.17561452964235	-0.0045272228351352171	-1	
-133.87156639215419	-117.07269176551257	-0.0047580825674575153	-1	
-136.49807283634382	-137.22385769398682	-0.0040499428242231376	-1	
-137.68765450447017	-134.10865042472781	-0.0041523963845600869	-1	
-139.05000537456672	-130.61271306831591	-0.004269329607636538	-1	
-141.13727249758131	-127.14565048343239	-0.0043843437363655525	-1	
-130.73687216770534	-109.72745644971283	-0.0050687455729433398	-1	
-134.60616997977735	-99.72402671220344	-0.0054732999661804083	-1	
-125.13636120930416	-92.827734738146589	-0.0059092246854056179	-1	
-130.64138625206763	-95.218371068622517	-0.0057227958800972912	-1	
-48.852651598961756	-62.120875577100009	-0.009583850157727317	-1	
-50.736375796363305	-61.007493327370383	-0.010131781300428204	-1	
-51.28992448962132	-60.536760775207377	-0.010324700122395421	-1	
-49.161875218822573	-61.138375748518428	-0.0097306572754192033	-1	
-49.902302982110989	-60.922606182642802	-0.009952426049122557	-1	
-47.557792697222276	-62.138232689169435	-0.0092941562475667549	-1	
-18.383763600271696	-38.528372518437457	-0.0027573172400160296	-1	
-13.787621579524007	-36.729353445158679	-0.00091335362540947605	-1	
-20.340919800531385	-36.069908569609666	-0.0033220477592620693	-1	
-26.825383428632037	-37.544695119251998	-0.0063467880985688709	-1	
-23.783750000000001	-33.987284577129735	-0.0048746616330273725	-1	
-41.785891523846907	-46.287757437509008	-0.010898841587508975	-1	
-41.948964026144274	-41.345735900585069	-0.012143083440231656	-1	
-40.01778721767819	-37.639789158733215	-0.012421783815591395	-1	
-37.098124189377899	-36.605074661843894	-0.011390974129813523	-1	
-31.21516578152719	-36.322382146069344	-0.0085993716524878777	-1	
-9.4354953060585682	-37.2751113292789	-0.00018890400080265703	-1	
-1.5499590154134324	-36.301768033004961	0.00010900109851407549	-1	
-5.5044515236174103	-36.012148073350566	0.00031770420869520812	-1	
4.5172684477536649	-37.288773245846144	-9.2563488511370815e-005	-1	
1.6643292099490603	-35.723813305895	-0.00012160179077087286	-1	
-45.456788052697945	-52.241217129848771	-0.010743468261396516	-1	
-45.756085341678045	-55.226244158567006	-0.010149434725915223	-1	
-45.322966007116086	-49.428360004908839	-0.011329849844207065	-1	
-44.435062500000001	-58.553650718591314	-0.0089835235674462395	-1	
-45.941644340977462	-57.898017367033709	-0.0095275528575131732	-1	
-46.400681734543333	-61.349657806544812	-0.0090583838224883497	-1	
-46.77375	-60	-0.0091544421604548443	-1	
-70	-84.945999999999998	-0.0065361941599640103	-1	
-70	-86.182500000000005	-0.0063128046535377794	-1	
-71.268628446563028	-83.954117776062773	-0.006710112297111691	-1	
-72.647961681868452	-82.689489093838048	-0.0069261605509190194	-1	
-66.069781250000005	-68.984204178453169	-0.010064429613493599	-1	
-66.615812500000004	-70	-0.010001725883976603	-1	
-68.445713655852501	-71.363973357470343	-0.0092099526825757186	-1	
-68.761938422756614	-71.848167744354328	-0.0090009500266750482	-1	
-67.707875000000001	-70	-0.0098799439554339615	-1	
-68.440067149646836	-70.592573056461546	-0.0095101859491851497	-1	
-71.295511583108919	-74.435749999999999	-0.0082942694626625992	-1	
-71.035951537994691	-72.732129208275197	-0.0086157552833492235	-1	
-70	-72.581000000000003	-0.0086555998522492086	-1	
-69.54330937858056	-72.23049397670691	-0.0087942934331118432	-1	
-73.1163703560767	-76.016350991127197	-0.0079999405212184405	-1	
-75.460725703893402	-76.676644341999278	-0.0078613355549368488	-1	
-66.07952759324553	-60.074475735679073	-0.010770839444400502	-1	
-68.302947106275482	-64.758861158276304	-0.010162006127204056	-1	
-67.127373841973423	-68.524324643736179	-0.0099848261974911055	-1	
-68.20029647418788	-67.385274953809542	-0.0099427653104358256	-1	
-63.306266221663506	-55.511141257759753	-0.011467077103374275	-1	
-55.352464637227676	-56.632164549232101	-0.011350995494022766	-1	
-58.379259145090593	-53.45211200593338	-0.011897304058403757	-1	
-52.810946449407318	-59.856130568102515	-0.01064297040090704	-1	
-52.604200158622966	-58.86017764303638	-0.010825589493076633	-1	
-52.745359746931157	-56.817445010219032	-0.011249086657497459	-1	
-51.793987208758274	-59.834679214779825	-0.01054611146432506	-1	
-69.891999999999996	-90	-0.0052685794516332991	-1	
-69.772814102421066	-89.772814102421066	-0.0053480600753118184	-1	
-70	-90	-0.005341451666392636	-1	
-70.173185897578932	-89.945999999999998	-0.0054146996395596555	-1	
-69.677785414316247	-89.428312500000004	-0.0054605759909834772	-1	
-69.653538230144321	-88.964624999999984	-0.0056147394200268402	-1	
-69.33106457258063	-88.254485716766268	-0.0057351733301464116	-1	
-70	-87.418999999999983	-0.0060758885644481104	-1	
-77.19740468038259	-75.134176344665235	-0.0080634466225825985	-1	
-104.52989619311028	-79.409099972278526	-0.0070782082557451489	-1	
-102.72723616355756	-70.334691419847218	-0.007856846935673293	-1	
-97.266430089340332	-67.946177485308354	-0.0082633317999861282	-1	
-89.635898389281934	-67.26428203774428	-0.0086331881379862561	-1	
-78.042715803216637	-72.97068137222081	-0.0083589371139104265	-1	
-79.0849624898879	-69.864228284578587	-0.0087591775070087006	-1	
-86.300387926365588	-63.241415425844302	-0.0092253822806468763	-1	
-76.287319007757105	-64.27454583521839	-0.0096554167444962511	-1	
-82.527568644867316	-59.1119053844454	-0.0099143879361729258	-1	
-70.670649753831924	-88.24898762123847	-0.0059061213743686865	-1	
-70.349890422680787	-88.964624999999984	-0.0057319980382515567	-1	
-70.319454673366323	-89.430516874443413	-0.0056047403600712363	-1	
-70.143204804241108	-89.737437499999999	-0.0054924271320455978	-1	
-123.77981228929816	-85.466758368941328	-0.0063204224121454948	-1	
-120.70960085415842	-80.314604822750596	-0.0066720630378820757	-1	
-115.40292908603185	-78.269621699339822	-0.0069219868895313268	-1	
-110.29647126939409	-75.766261997545911	-0.0072163828194790301	-1	
46.400681734543333	-61.349657806544812	0.0090497065451069138	-1	
47.557792697222268	-62.138232689169449	0.0092841027376559006	-1	
49.257369849814062	-63.311734818697808	0.0095757466431130641	-1	
50.510420396096215	-63.420394490765993	0.0097922549545959251	-1	
52.20650068285893	-63.69692891268965	0.010018501824437169	-1	
54.682759436698305	-63.765111346467904	0.010275630932268119	-1	
60.247778533070679	-64.492958377541314	0.010472932252112949	-1	
57.557075947573942	-62.603416208103866	0.010564337192515242	-1	
45.214625000000005	-60	0.0088018257425671702	-1	
44.435062500000001	-57.860357610123259	0.0091393374881474452	-1	
43.689813293080419	-55.451994299656974	0.0094899794128083075	-1	
65.523749999999993	-70	0.010085436038743352	-1	
64.431687499999995	-68.758317504637148	0.010161442300251173	-1	
65.861127083040941	-67.058337352634084	0.010153759477625857	-1	
63.88869954496986	-62.012271350760606	0.010626871880073429	-1	
70	-87.418999999999983	0.0060749985991365224	-1	
69.54330937858056	-87.76950602329309	0.0058979900019249989	-1	
70	-75.054000000000002	0.008187325067869098	-1	
71.268628446562957	-76.04588222393707	0.0080112720951988868	-1	
72.647961681868296	-77.310510906161682	0.0077916878162074795	-1	
69.331064572580601	-88.254485716766283	0.0057273361249512095	-1	
66.615812500000004	-70	0.0099949960289547404	-1	
67.51654227932967	-70.98505390230747	0.0094732180600456597	-1	
68.2137756062085	-72.153743417325686	0.0089781699172127808	-1	
70	-73.817499999999995	0.0084134343667876203	-1	
68.932228183737578	-72.387010226656884	0.0088240538134274713	-1	
29.779966568965257	-40.259666032486976	0.0074078705728878418	-1	
23.340556940932402	-38.128731715992195	0.0047418529609745772	-1	
38.189731557432204	-43.737741261992227	0.010205871253116948	-1	
43.597170251254589	-49.09151750323236	0.010863596851655137	-1	
43.269420247807567	-45.265117300110056	0.011619913548575778	-1	
18.392589515672853	-36.037522007926484	0.002463026810977403	-1	
8.0253322293057696	-35.901548112488769	-0.00032972980387337505	-1	
11.784826015004551	-34.780372736544081	-0.00025682466364940074	-1	
9.94087241457175	-34.248398990906118	-0.00082230313638979478	-1	
15.550778991730514	-33.669843726550226	0.0006813217859474043	-1	
13.087724691764262	-33.371253868351985	-0.00047171378355665919	-1	
43.964113613260331	-52.945927750268552	0.010136571572650016	-1	
69.891999999999996	-90	0.0052694370859269167	-1	
70	-90	0.0053419816547715365	-1	
69.772814102421066	-89.772814102421066	0.005348534027916965	-1	
70.173185897578932	-89.945999999999998	0.0054147699274241998	-1	
69.677785414316247	-89.428312500000004	0.005460448175281022	-1	
69.653538230144321	-88.964624999999998	0.0056136486724116322	-1	
69.517496251000452	-88.598114398128772	0.0056812858342297559	-1	
130.61792467807379	-91.981351290179816	0.0058744788541490291	-1	
126.89963303085517	-84.760010814298468	0.0062981591481125346	-1	
123.89013415773243	-78.863342730190382	0.0066809317929731014	-1	
117.08373187959958	-72.891501235844714	0.0072159902671269449	-1	
113.92947415758258	-66.41041654354342	0.0077436589446829782	-1	
122.53364926723374	-73.544678531917413	0.0070170408725987333	-1	
123.02243876356442	-182.38826596210936	0	-1	
126.18681599723027	-180.21344974357839	0	-1	
128.91740499022913	-174.22187374554258	0.0013260408524779696	-1	
129.31275550434424	-177.98373876248866	0	-1	
133.67983191085386	-162.16660359870369	0.0029313068789389978	-1	
134.25501675729882	-165.79113844415397	0.0028963306292890123	-1	
131.90333209326801	-171.89976914624657	0.0013833271943157162	-1	
134.91912769862691	-169.61658993702281	0.0013920405540202685	-1	
136.38928343533181	-159.69133333265839	0.0029974932897947428	-1	
138.28699198083083	-153.58326393199499	0.0030977614877054473	-1	
139.05209929255585	-157.16980724219303	0.0030628876191018985	-1	
141.42135623730965	-141.4213562373096	0.0039330633692042198	-1	
142.5236439379475	-145.03311374458212	0.0035712212965240018	-1	
140.94632774624984	-151.1464316679621	0.0031618708598473606	-1	
143.56272989485959	-148.66355873665475	0.0032251278403056033	-1	
143.86796006773039	-138.93167409179955	0.0040121211773190835	-1	
144.05986907065957	-129.65498524314984	0.0042986641084493439	-1	
145.2318110295096	-133.08043590534703	0.0041901983695303065	-1	
146.27074032383427	-136.39967201249979	0.0040894144239868651	-1	
147.81906406694551	-126.24940756286482	0.0044004564257599972	-1	
148.8322661350293	-116.29581835294249	0.0047216015437233222	-1	
147.53809659675633	-110.6965925846702	0.0049241717376362062	-1	
143.80579349472009	-102.67929326637596	0.0052523732528229157	-1	
150.09412107972864	-122.20419725099039	0.0045215519607137104	-1	
150.95155826639302	-118.98171026940128	0.0046206993164505574	-1	
139.52931864887594	-96.749176498966776	0.0055398545673605668	-1	
136.66128697460894	-91.977031923178046	0.0057843265629331526	-1	
70.349890422680787	-88.964624999999984	0.0057320196228714338	-1	
70	-88.03725	0.0059457201668633303	-1	
70	-88.655499999999989	0.0058042488074194747	-1	
70.319454673366323	-89.430516874443413	0.0056049175351558659	-1	
70.143204804241108	-89.737437499999999	0.005492505503476631	-1	
74.147006509780496	-74.351933001975311	0.0082550814760978409	-1	
72.761732633704739	-75.442650620047843	0.0080992194812593826	-1	
75.123453878243708	-72.883873340131473	0.0084682072532533802	-1	
88.895736666173349	-54.432104304605289	0.010017235061700618	-1	
80.427460190698696	-57.519793184404371	0.010226811219406965	-1	
76.319497451222944	-60.972377741719527	0.010064797733691363	-1	
75.131030752192473	-67.639618066193677	0.0092682565398805872	-1	
74.162158466248599	-66.07084017340253	0.0095525614245019347	-1	
72.871391810415844	-63.722415831109579	0.0099444663757121323	-1	
74.14867412211197	-70.7012981152089	0.0088613818749620731	-1	
74.301814429179842	-69.286487178488201	0.0090784540024047827	-1	
103.71286641133402	-52.804007296671756	0.0092091806981804188	-1	
108.41680278295381	-56.773909164778885	0.0086510067102770673	-1	
96.037746405296076	-49.725305041592449	0.0099684618502868007	-1	
115.5110064070747	-56.235437772428142	0.0083231244550226405	-1	
-116.38812333881991	-182.69275855271695	-0.0012332101166406813	-1	
-116.5822381313057	-186.57058115441467	0	-1	
-119.29448607376	-176.86134881174303	-0.0025545478578978707	-1	
-119.59090047265627	-180.68214127018581	-0.0012468046269988764	-1	
-122.36297308822387	-174.7524361149857	-0.0026243041859977619	-1	
-125.39418715572829	-172.59029213332289	-0.0026934702143970048	-1	
-127.2367049006365	-162.85555574538984	-0.002833886619306945	-1	
-127.9388649216137	-166.73317493835057	-0.0027976072842647295	-1	
-129.49895719151525	-157.09479700218614	-0.0031850037877599476	-1	
-130.05954748363354	-160.61016536777458	-0.0029011641868697787	-1	
-128.38720493910432	-170.37557547675655	-0.0027620199782695115	-1	
-132.05946491357557	-154.6217671951141	-0.0032805397594368149	-1	
-134.57161014929932	-152.10553551541523	-0.0033766419371722982	-1	
-136.39967201250022	-146.27074032383462	-0.0037732637347459149	-1	
-137.5431897932659	-150.1020522855753	-0.0034055916950144344	-1	
-138.06788400962955	-140.49889950021688	-0.0039527269243504479	-1	
-138.93167409179998	-143.86796006773073	-0.0038547848425663487	-1	
-140.2171295449364	-121.24497063773691	-0.004589176373594208	-1	
-137.59532755477625	-113.81895732699768	-0.0048717571515179631	-1	
-141.4639270156905	-116.89907472794914	-0.0047411844409357279	-1	
-140.10148193844577	-137.67734285936294	-0.0040447365111006195	-1	
-141.00909970712297	-133.81263920642522	-0.004166708254265716	-1	
-144.17955433338298	-129.12926515969355	-0.0043166993595685349	-1	
-144.32786969221155	-125.57700262472399	-0.0044317426633343543	-1	
-138.59180793105577	-108.28566108319826	-0.005082574376717418	-1	
-140.32891643212844	-99.301296873649363	-0.0054267415568125532	-1	
-137.82368606185844	-91.742048563618368	-0.0057780396105886339	-1	
-130.25024689137786	-89.229426855611052	-0.0060150268057795218	-1	
-48.406992402447599	-61.192267456951882	-0.0095317088272134816	-1	
-50.563787557269784	-60.563787557269784	-0.010184756561062771	-1	
-50.932490253086556	-59.904110747129948	-0.01042212823472858	-1	
-48.722656250000007	-60.504438467998597	-0.0096422705723167978	-1	
-49.349860624443437	-60.390410999696662	-0.0098399445339061552	-1	
-49.802739287998072	-60.433516564831699	-0.0099901913434515734	-1	
-50.098358125556558	-60.463602953716737	-0.010085656311636673	-1	
-47.718861654132617	-60.877261971413077	-0.0093720324977986554	-1	
-16.994835956174757	-35.709616519886993	-0.0018092358891504598	-1	
-12.523167148002385	-33.539428591386041	0.00059339062908747098	-1	
-14.560244383117197	-33.386073680394915	-0.00011621079566798849	-1	
-9.8677600716822322	-34.338703145971728	0.00077927507969766249	-1	
-21.297249999999998	-32.161477295298901	-0.0033770402725736537	-1	
-18.810750000000002	-32.348486414308297	-0.0019940721293228037	-1	
-28.902574272253645	-33.488894790170832	-0.007739503254749475	-1	
-22.540500000000002	-30	-0.0039667416073603246	-1	
-25.027000000000001	-30	-0.0055861454606755912	-1	
-46.481112483348021	-46.861499999999999	-0.012284552879861113	-1	
-46.763449243964295	-43.138500000000001	-0.013279431778480009	-1	
-43.099682141605044	-37.328357036481009	-0.013786351689142811	-1	
-45.501466958698806	-39.145006922907186	-0.01401788145733893	-1	
-41.378660676947781	-34.857148377613193	-0.013958625714249741	-1	
-39.626653191902825	-32.734056707879851	-0.01385817393059886	-1	
-36.216250000000009	-33.211390129570681	-0.011846515484747081	-1	
-32.495572991395733	-32.805454749608295	-0.0098896531488575877	-1	
-8.1222450809824185	-34.613397653292985	0.00074598201839337706	-1	
-4.4523945673641281	-33.600331640038384	0.00071508810355771103	-1	
-1.2364999999999999	-32.349093727660836	0.00029736512019728389	-1	
-6.863353578862144	-33.373449331386141	0.00114440137210877	-1	
4.4597931557919859	-34.035304558572371	-0.00062165053608806875	-1	
1.8277784465475602	-32.462070702722869	-0.00035807380037478862	-1	
-47.890730376554934	-50.584500000000006	-0.011877552257136093	-1	
-48.233572223312471	-53.376749999999994	-0.01137011183353699	-1	
-47.548520954400509	-55.717623404424899	-0.010601023328573525	-1	
-47.427266632600443	-57.319078913766859	-0.010138130694232665	-1	
-47.820953889627425	-59.154570763202095	-0.0096997697365658053	-1	
-48.332875000000008	-60	-0.0095404589289457952	-1	
-68.813132595340178	-71.147380553241604	-0.0092247274730044865	-1	
-69.126560586132143	-71.399288043912364	-0.0090832605575731484	-1	
-69.331064572580601	-71.745514283233717	-0.0089455177193611384	-1	
-68.799937499999999	-70	-0.009721393560604915	-1	
-68.443704145170756	-69.408560972122984	-0.0097880806806328775	-1	
-68.879494204714703	-70.726066826027377	-0.0093751871679725058	-1	
-69.072953124999998	-70.309545074613879	-0.0095178441220198796	-1	
-72.516530067497584	-73.680967127081857	-0.0084112854512701542	-1	
-71.837604178200962	-72.058787785876603	-0.008726787500477718	-1	
-70.670649753831924	-71.75101237876153	-0.0088244030134451788	-1	
-70	-71.96275	-0.0087853738695427529	-1	
-69.706821697164713	-71.726989376502956	-0.0088881461572299023	-1	
-75.038182446922846	-74.278010042646542	-0.0082493314281644504	-1	
-70.211696506843481	-58.099135524429478	-0.01080755126368713	-1	
-70.571302790586799	-62.665038743002697	-0.010235971304691669	-1	
-70.802155916676142	-65.743388406608901	-0.0098604145097282454	-1	
-69.711213476625289	-66.97817916337992	-0.0098240527041512215	-1	
-69.412637142371878	-68.374631954647526	-0.0097155007809917298	-1	
-68.84932005459595	-52.014075530022197	-0.01170029079858966	-1	
-63.445868514043809	-48.901723335607279	-0.012510516009771239	-1	
-54.081467933835761	-54.348331775538199	-0.01175931815114367	-1	
-56.672524588748033	-48.155568448461082	-0.012935161661670094	-1	
-54.088338600123414	-51.724913551466614	-0.012271286645664122	-1	
-51.594976013293724	-58.09364978187061	-0.010935705700306126	-1	
-51.357640537983656	-59.088623368867452	-0.010682876539922972	-1	
-51.578813005886559	-55.620504548553384	-0.011476834433133271	-1	
-51.073507444826838	-57.213666203181148	-0.011122295817746465	-1	
-70	-89.891999999999996	-0.0054157966954659839	-1	
-70	-89.582875000000001	-0.0055455840013448297	-1	
-70	-89.273749999999993	-0.0056433097889544773	-1	
-70	-88.655499999999989	-0.005805565739022754	-1	
-108.57205736882527	-69.167015576923589	-0.0077481108523226854	-1	
-101.95950171954468	-64.653229073588932	-0.008356773360238795	-1	
-98.699135602127939	-60.460460677602093	-0.0088734209409602593	-1	
-91.848437780796814	-62.529965269047992	-0.009022026295060017	-1	
-75.028147770795215	-71.686660920864213	-0.0086699510722560262	-1	
-74.71129024610282	-69.058004070857606	-0.0090949325972874782	-1	
-88.389493587904624	-57.54453440569258	-0.0097252173039669883	-1	
-73.756402142495062	-66.222162707796059	-0.0095618127207397294	-1	
-73.097985452344247	-64.43856758235772	-0.0098445316630869691	-1	
-74.458985146647763	-59.812999022749693	-0.010333304520074553	-1	
-83.418731592488385	-50.699425008586267	-0.010814252639623446	-1	
-75.083646273822964	-52.145229353577534	-0.011259236103418687	-1	
-129.73130527534633	-82.656620010009291	-0.0063494368631201795	-1	
-125.96736878531802	-78.608409529250466	-0.0066449362650532898	-1	
-122.24929643035347	-74.518034979072866	-0.0069703865437983322	-1	
-115.81924898003798	-70.798212484828966	-0.0073931393127655521	-1	
46.77375	-60	0.0091456862347219208	-1	
47.718861654132617	-60.877261971413077	0.0093625864811799162	-1	
48.852651598961785	-62.120875577099945	0.0095690978165020348	-1	
48.406992402447607	-61.192267456951889	0.0095214432899218757	-1	
49.878091377655501	-62.217821028334903	0.0097861732378857827	-1	
51.241359296787337	-62.275077397746699	0.010035456662708782	-1	
52.846706482451722	-62.102157405601091	0.010280122471325757	-1	
54.749400190593363	-61.288810623582584	0.010566099892725654	-1	
60.621921930577813	-61.226420955165288	0.010766930437835175	-1	
57.734458519148362	-59.508296432959021	0.01094021094089667	-1	
46.853444327089662	-58.598177245994314	0.0095849273852071024	-1	
46.071960774238768	-56.277211600508899	0.0099885614162986362	-1	
66.069781250000005	-68.984204178453169	0.010057211134373481	-1	
68.379523722267763	-65.043071690077127	0.01012982608726682	-1	
68.200296474187866	-67.3852749538095	0.0099382461180401848	-1	
67.127373841973423	-68.524324643736179	0.0099783789188028094	-1	
60.622518844771065	-57.940034021046394	0.01117408742532754	-1	
63.51547931299546	-56.380829362784745	0.011326696745714238	-1	
69.294684529322623	-61.204929861482192	0.010471995624164182	-1	
69.706821697164713	-88.273010623497044	0.0058173899835659544	-1	
71.295511583108791	-74.435749999999999	0.0082918821538578002	-1	
67.707875000000001	-70	0.0098739585640382731	-1	
68.445713655852501	-71.363973357470343	0.0092073704022723381	-1	
68.440067149646836	-70.592573056461546	0.0095046594203628924	-1	
68.853477867844262	-71.635754013211411	0.0090496815608469144	-1	
70	-72.581000000000003	0.0086523985083427606	-1	
71.035951537994634	-72.732129208275154	0.00861330619869893	-1	
69.33106457258063	-71.745514283233732	0.0089358729972078051	-1	
27.36060515441816	-34.565762161563214	0.0067804726589479032	-1	
32.486500000000007	-34.696525936083582	0.0095402569343681666	-1	
22.540500000000002	-32.816910128645368	0.0041421349531263396	-1	
42.584826169247272	-40.768017687964161	0.012553811594808071	-1	
39.854081607156282	-36.591899335329188	0.012657786463837264	-1	
46.856603935203552	-51.181306450307297	0.011422715853379629	-1	
46.76231601703774	-46.861499999999999	0.012362472262842388	-1	
46.467272251588632	-43.138500000000001	0.013182146278650251	-1	
18.810750000000002	-32.362344555416527	0.002008076098996934	-1	
7.6976281053440232	-33.392602870619832	-0.0012765497943557594	-1	
11.347816813074155	-32.911634150217644	-0.0013294022891414958	-1	
9.2925585431982949	-32.579847826920663	-0.0018411836589908694	-1	
10.355772201353526	-32.507068456636162	-0.0018095571633113552	-1	
16.324250000000003	-31.390922859649901	0.0003470833507340626	-1	
14.459375000000003	-31.441698822187902	-0.00070918739026475228	-1	
12.904909496317561	-31.221357876414565	-0.0016742994986044227	-1	
11.917378424065793	-32.004206200818018	-0.001692986360279036	-1	
47.591760375702336	-54.488863494835066	0.010910285810118688	-1	
70	-89.891999999999996	0.0054160351090535514	-1	
70	-89.582875000000001	0.0055456741389182098	-1	
70	-89.273749999999993	0.00564336285026934	-1	
132.33228070540588	-85.825512099683976	0.0061405226737120079	-1	
133.06831029174492	-79.858359672242869	0.0064097014635217517	-1	
129.64533874903947	-74.915494767947848	0.0067419208085768784	-1	
120.88256660618882	-68.309970693027196	0.0073735075189654423	-1	
118.87878746091278	-61.96930457281006	0.0078187135048152535	-1	
127.05094824526047	-69.242135817666949	0.0071068643769262403	-1	
132.39930509345078	-175.69981221040464	0	-1	
137.12802339979521	-163.42281453204885	0.002962736401767539	-1	
137.82219557374563	-167.19169254802114	0.0014498853811019605	-1	
135.44552457164497	-173.36236579347906	0	-1	
138.45048603096438	-170.97211152053382	0	-1	
139.95925951797506	-161.0047104475249	0.0030283833359005061	-1	
141.87934593003919	-154.83413633959975	0.0031272527009144273	-1	
142.74786268988993	-158.53756276851098	0.0030932378598679464	-1	
145.21042607230282	-142.69788827711523	0.0036172280292331559	-1	
146.13540144522	-146.13540144522	0.0032874644980760417	-1	
144.45253968031051	-152.2212153614708	0.003190974612243228	-1	
147.19655029656872	-149.78829780178162	0.0032535808728211984	-1	
147.49840505980293	-139.97076004871175	0.0037110290316029731	-1	
147.56640857765018	-130.55572986843194	0.0042660400458621114	-1	
148.62896509547903	-133.82612127177174	0.0041652383111768498	-1	
150.10205228557496	-137.54318979326558	0.0037535783172201929	-1	
151.9976677502975	-125.29720808596871	0.0044165665494870169	-1	
153.20888862379581	-128.55752193730797	0.0043133477166867069	-1	
150.9419160445546	-131.21180579810155	0.0042394208182693358	-1	
151.78524872808586	-114.56801387035085	0.0047590448871755774	-1	
151.43332307959673	-107.15455496111761	0.0050113145576138069	-1	
145.06691059951015	-96.171210301772163	0.0054868236675069317	-1	
150.70730331398656	-99.654244934479948	0.0052818110806192023	-1	
153.72519243718975	-122.27853936121429	0.0045018047407655937	-1	
154.22386664693801	-118.34013506866374	0.0046210652486119354	-1	
142.40566219528796	-90.09969342728472	0.0057685776498921822	-1	
139.20144526056845	-83.643832373145983	0.0061007914950214365	-1	
72.516530067497357	-73.680967127081885	0.0084088478088397822	-1	
73.080949176881433	-71.642098509365809	0.0087520619711107753	-1	
83.393436834080632	-52.497896578420317	0.010610662317356216	-1	
84.321202446038725	-47.080824359001106	0.011136272583250676	-1	
89.246230279418171	-44.641660301055595	0.010963920183244982	-1	
75.12001101516816	-56.728161171728971	0.010672634450335812	-1	
79.043175423927906	-48.61309431400359	0.011398017031877398	-1	
73.332774435732645	-68.047112610565335	0.0093356884514429767	-1	
72.356535796815351	-67.225507827575385	0.0095324982708819943	-1	
71.763458584684997	-65.898329826088116	0.0097561403331749147	-1	
70.723116223792218	-64.883031939105123	0.0099634822918006558	-1	
72.760012799761441	-70.39023273281957	0.0089941264580031596	-1	
72.405926412366981	-69.318348454182598	0.0092076762535863062	-1	
109.49542862328524	-50.713900540427147	0.0090024917329265056	-1	
102.32099996527336	-46.814910554765156	0.0097479652681750593	-1	
97.934726175385933	-41.456713693127028	0.010492697295807592	-1	
115.61403468432788	-50.085511053191361	0.0086828540615301909	-1	
121.37545419560442	-53.257857124357066	0.008196493031298881	-1	
-119.82058770330657	-184.50752494799423	0	-1	
-122.69310816346504	-178.51958013372627	-0.0013040434583561733	-1	
-123.02243876356494	-182.38826596211007	0	-1	
-125.82376472078593	-176.39841235489757	-0.0013158361282812751	-1	
-128.84861033523762	-174.12890310517616	-0.0013736370830658502	-1	
-130.7330516079175	-164.35397103461585	-0.0028652611258123467	-1	
-131.34111473614112	-168.10896076943473	-0.0028298546623097848	-1	
-132.84277266855193	-158.3158515779227	-0.0029677150932939191	-1	
-133.48224534114755	-161.9269119229439	-0.0029321895687532368	-1	
-131.9383611958965	-171.94541996157986	-0.0013594736156796333	-1	
-135.58553265803863	-155.97331324604011	-0.0030334791027998563	-1	
-138.28699198083117	-153.58326393199533	-0.0030984230986122073	-1	
-139.97076004871209	-147.4984050598033	-0.0035006793022990838	-1	
-140.94632774625018	-151.14643166796242	-0.0031625367381738741	-1	
-141.42135623731002	-141.42135623730999	-0.0039342762049096652	-1	
-142.34777308561283	-144.85414626503808	-0.0035960536658595187	-1	
-145.77223659458491	-120.82817009551775	-0.0045858378865181867	-1	
-142.35162202110899	-112.46586902900576	-0.0048979948252137282	-1	
-145.87461809262598	-115.90553589346366	-0.0047540026394229402	-1	
-143.86796006773073	-138.93167409179995	-0.0040124287785489781	-1	
-144.82100587419367	-132.70400233508406	-0.0042028515934816549	-1	
-146.27074032383462	-136.39967201250019	-0.0040903780636945396	-1	
-147.53226537751505	-130.52552251665972	-0.0042679564799539974	-1	
-147.8190640669458	-126.2494075628652	-0.0044009980834311055	-1	
-142.75151349084774	-104.50317643447978	-0.0051955116226929127	-1	
-144.77045522755336	-95.667942968091012	-0.0055110663381761037	-1	
-144.75592557930091	-87.584640928780573	-0.0058277349624945764	-1	
-136.14640196442795	-84.127565566124716	-0.0061441824497396481	-1	
-50.463602953716737	-60.098358125556558	-0.010286498711445571	-1	
-50.436295606672388	-59.797442024413954	-0.010384680481273835	-1	
-50.456913655021367	-59.274266874443441	-0.010562938137333396	-1	
-49.112437500000006	-60	-0.0097709527553985938	-1	
-49.697109375000004	-60.155779261979532	-0.0099852712824887377	-1	
-49.502218750000004	-60	-0.0099079502227628641	-1	
-49.945999999999998	-60.173185897578925	-0.010096516359423243	-1	
-50.138058930581231	-60.138058930581231	-0.010186454574844607	-1	
-16.324250000000003	-31.411268856485865	-0.00035693872615746722	-1	
-13.216125	-31.617707798475958	0.0013045661155570154	-1	
-11.423766602846186	-31.817650489580132	0.0020118114801300937	-1	
-14.459375000000003	-31.167154985184133	0.00081976482400699247	-1	
-9.6762997384259837	-32.495663300788678	0.0019148336821877543	-1	
-8.6627349851918662	-32.931092592206291	0.0016112427410531062	-1	
-20.054000000000002	-30	-0.0023434174992844679	-1	
-17.567500000000003	-30	-0.00071744174513125127	-1	
-30.000000000000004	-30	-0.0088049932337523115	-1	
-20.22282738599522	-27.439044190039272	-0.0024547985335519134	-1	
-23.545951745134452	-26.760834979941212	-0.0046261009410101363	-1	
-27.513500000000004	-26.904920433554324	-0.0072054215729835799	-1	
-50	-48.722999999999999	-0.012915610790174325	-1	
-50	-45	-0.013751775915554831	-1	
-50	-41.276999999999994	-0.014680376422785687	-1	
-44.242955124300693	-34.54237175214935	-0.015310516365167486	-1	
-50	-37.554000000000002	-0.015772191407284395	-1	
-48.070886668477577	-35.124287471438642	-0.016241703680868358	-1	
-43.556458188837922	-32.97022892986768	-0.015734239400741885	-1	
-42.20947236890094	-31.782167237050675	-0.015617232902336412	-1	
-39.946000000000005	-30	-0.015075315379147778	-1	
-37.459500000000006	-30	-0.013542165139185202	-1	
-34.973000000000006	-30	-0.011981136573127125	-1	
-3.7094999999999998	-31.383979956473475	0.0011310015817019958	-1	
-5.5642499999999995	-31.449058427724115	0.0017020237318062347	-1	
-2.4729999999999999	-30	0.0010462795058047744	-1	
0	-30	-2.7250527095026576e-006	-1	
-7.1212096554860294	-31.208475758674375	0.0023182225240183253	-1	
-8.0924452673578511	-31.986803539767482	0.0021068993137634013	-1	
6.758557888596342	-31.666270721023277	-0.0019790211055765259	-1	
4.9459999999999997	-30	-0.0021010494861927092	-1	
2.4729999999999999	-30	-0.0010517697855686287	-1	
-50	-52.445999999999998	-0.012130685378446455	-1	
-48.955638981135621	-55.238250000000001	-0.011188557768653374	-1	
-50	-54.307499999999997	-0.011744846895528042	-1	
-48.867205477312424	-56.634375000000006	-0.010823223172877233	-1	
-48.928039386570106	-57.857525259265152	-0.010514161144634299	-1	
-48.722656250000007	-59.559227001231747	-0.0098443026758124625	-1	
-48.98795565224944	-58.829101383976813	-0.010225265887847657	-1	
-69.215959494766352	-71.007239163792889	-0.0091957015222269636	-1	
-69.517496251000452	-71.401885601871214	-0.009006467269514493	-1	
-69.072953124999998	-69.692722982555182	-0.0096738383672572217	-1	
-69.345968749999997	-70	-0.0096105006167509204	-1	
-69.42203574805373	-69.225232696934398	-0.0096373480941691261	-1	
-69.31492746135288	-70.580071612914097	-0.0093370334774882328	-1	
-69.482476562499997	-70.258103468398346	-0.009439815535176534	-1	
-73.08094917688129	-71.642098509365553	-0.0087546554281969155	-1	
-71.821116457519864	-71.278287764432022	-0.0088828860939968047	-1	
-71.052375042932709	-71.142314362963972	-0.0089458121033447156	-1	
-70.349890422680787	-71.035375000000016	-0.0089978792205442984	-1	
-70	-71.344500000000011	-0.0089261305098418536	-1	
-70.606338814705865	-67.379395522451375	-0.0096821536927582594	-1	
-71.950605857482728	-66.816993680755772	-0.0096267080423236336	-1	
-70.259224914404356	-68.296857171719566	-0.0096093107969930387	-1	
-69.903810276951191	-69.069152586763863	-0.0095628217311622948	-1	
-70.97571088806707	-44.384533974290953	-0.012669223675707397	-1	
-58.642860901769552	-44.359145659205502	-0.013629599164398208	-1	
-62.429187154192931	-42.369476166199192	-0.01376684228461488	-1	
-52.050249609980277	-53.376750000000008	-0.011942416576616691	-1	
-54.365792445549701	-44.400818216116406	-0.013824289536141825	-1	
-53.757676219288349	-48.765375140148265	-0.012874631206303824	-1	
-51.863943393496484	-51.063631262230096	-0.012415628883228795	-1	
-50.654489202879681	-58.495875000000005	-0.010798156572203522	-1	
-50	-56.168999999999997	-0.011347022731484125	-1	
-50	-57.09975	-0.011136773843009325	-1	
-50	-58.030500000000004	-0.010909051943778858	-1	
-107.53619447604656	-63.584035663248443	-0.0082019897831190174	-1	
-113.37637163735093	-64.73683843002577	-0.0078746164212017671	-1	
-103.87010148809581	-59.247857754901688	-0.008703747244114015	-1	
-96.431099043778033	-55.657825545513312	-0.0094243162108281868	-1	
-73.451347227174708	-70.543302613815627	-0.0089306072151307363	-1	
-72.902076761188411	-67.920647989513796	-0.0093891885598730868	-1	
-72.830455372468563	-69.563996512283481	-0.0091363635747616617	-1	
-91.091948682600261	-50.982066320090773	-0.010211069950218069	-1	
-80.447927412900199	-44.003422351224316	-0.011834866175564498	-1	
-89.110451618196734	-44.16716204364279	-0.011025316086663243	-1	
-133.04874365659592	-76.972277572582257	-0.0065478952533047797	-1	
-128.33653642988878	-72.719865723095751	-0.0068868945087893164	-1	
-124.12047090425209	-63.86617309122839	-0.0075011148297299875	-1	
48.332875000000008	-60	0.0095315034461829172	-1	
47.820953889627425	-59.154570763202095	0.0096921680306304853	-1	
48.722656250000007	-60.504438467998597	0.0096334570887276171	-1	
49.16187521882258	-61.138375748518406	0.0097212503122053491	-1	
49.902302982110989	-60.922606182642809	0.0099460185099337437	-1	
50.736375796363312	-61.007493327370391	0.010128689313348741	-1	
51.682132825264034	-60.983761631651326	0.0102983470919679	-1	
52.841592778758226	-60.487532136308324	0.010527457463688107	-1	
54.266436784553854	-59.276716519608236	0.01084322560030491	-1	
55.587712345449887	-56.759463850248935	0.01133188064634952	-1	
47.965724620254811	-58.506084634839524	0.0099569947194543644	-1	
47.720131365565777	-57.417354892045601	0.0102037831629983	-1	
48.076054382423351	-56.27856547829591	0.010632431514698988	-1	
69.711213476625289	-66.978179163379849	0.0098193690792373681	-1	
69.412637142371878	-68.374631954647512	0.0097104585512965743	-1	
68.443704145170756	-69.408560972122984	0.0097826158555259172	-1	
58.701016737236607	-53.13852475364687	0.011955957194826864	-1	
69.440827588768641	-52.442249102414337	0.011605324278805404	-1	
64.026343850447134	-47.82645745806559	0.012651740721161332	-1	
68.799937499999999	-70	0.0097162027863824194	-1	
68.813132595340178	-71.147380553241604	0.0092207903349866838	-1	
68.879494204714703	-70.726066826027377	0.0093701303987107978	-1	
69.072953124999998	-70.309545074613879	0.0095127966550714455	-1	
69.215959494766352	-71.007239163792889	0.0091890469877748213	-1	
70	-71.344500000000011	0.0089216826486265225	-1	
70.670649753831924	-71.75101237876153	0.0088227429575605844	-1	
71.83760417820092	-72.058787785876675	0.0087244599073819044	-1	
69.653538230144321	-71.035375000000016	0.0090798611300278963	-1	
25.027000000000001	-30	0.0055806672703445689	-1	
30.000000000000004	-30	0.0088016625715782344	-1	
37.459500000000006	-32.823210928321735	0.012639018745059693	-1	
34.973000000000006	-30	0.011981612366829571	-1	
20.054000000000002	-30	0.0023385764453021231	-1	
44.319076458588626	-36.562669913061121	0.014520150887795106	-1	
47.911093083408026	-39.415500000000002	0.014681860557827624	-1	
44.277520319935498	-33.290974268971027	0.015882800739310643	-1	
41.189249999999994	-32.331106129223706	0.014848909691843782	-1	
50	-52.445999999999998	0.012130458173652643	-1	
50	-48.722999999999999	0.01291102534858842	-1	
50	-45	0.013747060203819291	-1	
50	-41.276999999999994	0.014678145723998524	-1	
17.567500000000003	-30	0.000712399038108206	-1	
8.5479840265121858	-31.817398544195257	-0.0023078378364299415	-1	
11.03497875080436	-31.886959441413783	-0.0021089275219931315	-1	
9.672418876282185	-31.584143931690644	-0.0026014199174623168	-1	
10.318064098962139	-31.359314325889507	-0.0027288014541759116	-1	
15.081000000000001	-30	-0.00091576570903575288	-1	
13.83775	-30	-0.0017304766856461615	-1	
12.594500000000002	-30	-0.002545383161531719	-1	
11.768392423024121	-30.676933354743721	-0.0026474586824270455	-1	
11.040437499999999	-30.996821144282436	-0.0027902013434721292	-1	
49.007410248757317	-55.686155986864051	0.011103998186318031	-1	
50	-54.307499999999997	0.011744357794889687	-1	
137.19680053300382	-75.48752268464969	0.0065042040418193418	-1	
137.44578944244495	-67.9185204032961	0.0068314079302975294	-1	
125.46155236834048	-58.884602229680183	0.0077075493569852237	-1	
130.66682365591959	-63.386552768491562	0.0072726718090186833	-1	
140.68135985391842	-164.7167091450824	0.0015085828477153934	-1	
141.4132741310388	-168.52977748617539	0	-1	
143.57314393879844	-162.27991862633183	0.0015147405761610966	-1	
145.49298347999985	-156.02212301208991	0.0031572241787867837	-1	
146.34419081823415	-159.70665952204254	0.0015738601111615113	-1	
148.66355873665475	-143.56272989485961	0.0033488405550962728	-1	
149.8985456720018	-147.30489057689849	0.0033152654918902243	-1	
148.19378569791962	-153.45915740557913	0.0032203633099091725	-1	
150.84944665313034	-150.84944665313037	0.0032825798186087224	-1	
151.14643166796208	-140.94632774624986	0.0034092719965005771	-1	
152.1055355154148	-134.57161014929881	0.0038726455039200733	-1	
153.58326393199499	-138.28699198083086	0.003468663846568935	-1	
155.42919229139437	-125.86407820996762	0.0043848467060151712	-1	
154.6217671951137	-132.05946491357523	0.0039117575027887872	-1	
157.09479700218577	-129.49895719151496	0.0039489832322945097	-1	
155.20468013479086	-111.65541287746703	0.0048259687353724573	-1	
157.89900668469602	-116.83911873233797	0.0046417621966700498	-1	
156.55482837623592	-108.37480222121694	0.0049188631990754106	-1	
156.16631578919927	-104.84856279067724	0.0050366038259029846	-1	
150.71532473467536	-93.332739007111172	0.0055051242443945143	-1	
157.02587181070149	-92.960586976072406	0.005415515674691113	-1	
161.99348509647174	-98.898810403358127	0.0051497104494931554	-1	
157.6021507213446	-123.13229506513177	0.0044546150799649152	-1	
159.72710200945878	-120.36300463040978	0.0045236916051424082	-1	
146.75865425439	-83.916086841695929	0.0059300369977321223	-1	
151.15167727750364	-87.609814136834814	0.0057047526704724584	-1	
143.00987463721603	-78.383298673705909	0.0062334815226605432	-1	
71.821116457519963	-71.278287764432022	0.008880683774096584	-1	
80.295727309693248	-43.071180825992577	0.011958319777753241	-1	
89.235401952471463	-38.301463482094924	0.011554478526187531	-1	
82.901350087177661	-38.022178818012478	0.012252215669969218	-1	
70.29295167972117	-45.959093520981988	0.012480674885447213	-1	
74.118538413965354	-40.656046481947342	0.012881295576004165	-1	
71.793092258442769	-68.370325576657407	0.0094165601516300653	-1	
71.081316644467208	-67.182005953690393	0.009657743279178713	-1	
71.481024087801032	-70.575586328210846	0.0090445851820294097	-1	
71.287783602486158	-69.473492687845862	0.0092834887871645327	-1	
110.67479041032435	-42.634070390450816	0.0094253105266980976	-1	
104.47224992311749	-40.232981127401338	0.010037039704301342	-1	
93.308207664106931	-33.442403224072493	0.011534347389481099	-1	
100.86159680281463	-34.424524926503345	0.010718385452825904	-1	
120.75586714329771	-46.710044797726709	0.0085596372942938585	-1	
130.0301276760546	-55.030402720851548	0.0076874750408415715	-1	
130.60689682627759	-49.08111103667089	0.0079216549874894012	-1	
-126.18681599723078	-180.2134497435791	0	-1	
-129.31275550434475	-177.98373876248934	0	-1	
-132.39930509345132	-175.6998122104053	0	-1	
-134.25501675729936	-165.79113844415451	-0.0028970061514991597	-1	
-134.88330721451808	-169.57155741666733	-0.0014170632128611366	-1	
-136.38928343533232	-159.69133333265881	-0.0029981647441646277	-1	
-137.12802339979578	-163.42281453204936	-0.0029634353280038176	-1	
-135.44552457164554	-173.36236579347971	0	-1	
-139.25793061671132	-157.40245723242313	-0.0030633554920530292	-1	
-141.87934593003962	-154.83413633960015	-0.0031279286020439319	-1	
-143.56272989485993	-148.66355873665509	-0.0032257917514534325	-1	
-144.45253968031082	-152.22121536147111	-0.003191642082017982	-1	
-145.03311374458249	-142.52364393794784	-0.0036423363449051538	-1	
-146.13540144522031	-146.13540144522034	-0.0032881117082735872	-1	
-150.11027918606447	-118.41591127573327	-0.0046449112254844287	-1	
-150.59464577652852	-122.00374477244164	-0.0045267824257545193	-1	
-146.94809562032606	-111.28204691362541	-0.004907701655186919	-1	
-151.37030294689737	-113.00631102042048	-0.0048146597115617312	-1	
-147.31639546827751	-139.79803939555185	-0.0037368984380938878	-1	
-148.62896509547937	-133.82612127177214	-0.0041662040808576484	-1	
-150.10205228557535	-137.54318979326592	-0.0037541700864519262	-1	
-150.94191604455494	-131.21180579810195	-0.004240225832698597	-1	
-152.03284437269187	-125.32620545573863	-0.0044160591589908352	-1	
-153.20888862379616	-128.55752193730834	-0.0043139508258003981	-1	
-150.99255890550305	-107.4421751845297	-0.0050054503191638228	-1	
-151.9268574402158	-100.84294510149057	-0.0052240584138419817	-1	
-153.59986197508917	-95.858511057389009	-0.0053727522181751669	-1	
-152.34709394777479	-90.752230690679355	-0.0055722170752208868	-1	
-145.02823500050584	-81.583046643811556	-0.0060605158438211335	-1	
-150.97694658964255	-82.423354213407507	-0.0058966110613785016	-1	
-140.07949138178228	-78.176696253967236	-0.0063140501300541141	-1	
-50.173185897578925	-59.945999999999998	-0.010276709782339525	-1	
-50.167564466655733	-59.659312500000006	-0.010404412581984908	-1	
-50	-58.961250000000014	-0.010649951534698001	-1	
-50	-59.426625000000008	-0.010494793243611642	-1	
-49.307328125000005	-59.493128151932289	-0.010096295452687191	-1	
-49.892000000000003	-60	-0.010094635158491473	-1	
-49.772814102421073	-59.772814102421073	-0.010185339359809481	-1	
-50	-60	-0.010187001206370736	-1	
-15.081000000000001	-30	0.00091063631221770963	-1	
-11.761969723707178	-30.67493073346818	0.0026471001643605502	-1	
-13.83775	-30	0.0017252999628131081	-1	
-12.594500000000002	-30	0.0025401456800479435	-1	
-10.323127100505971	-31.571843699425742	0.0025149961216144323	-1	
-10.657880505805576	-30.989854150763865	0.0029401385558121343	-1	
-8.962688795874147	-31.869518342198237	0.0023345673895191566	-1	
-9.6834460736381569	-31.367932294701337	0.0027738463236701731	-1	
-17.760407339708934	-28.162566727684801	-0.00084364266967303396	-1	
-15.974086821632758	-28.634195054468272	0.0003260775969602593	-1	
-31.817199469790978	-25.993781063861494	-0.0099879766504442098	-1	
-18.415729086601473	-25.616575237447265	-0.0012747301023599777	-1	
-22.241740471153726	-23.629995445281548	-0.0037832077781159621	-1	
-25.630593805786241	-24.05537045407549	-0.005994836081516396	-1	
-29.105716501297501	-23.805964532694606	-0.0082570460262134382	-1	
-52.659197163350569	-42.173239435781667	-0.014415804118569301	-1	
-52.140113466672858	-39.415500000000002	-0.015178028635770198	-1	
-46.235364373080515	-33.276930682526263	-0.016625567030771785	-1	
-45.16306630654681	-32.368796097239255	-0.016726545227957194	-1	
-51.64150757246933	-36.623249999999999	-0.016048767309384246	-1	
-50	-35.692500000000003	-0.016408500045784879	-1	
-49.266236969226554	-34.761750000000006	-0.016650900783394543	-1	
-47.849435622125242	-33.508759660994109	-0.016970541423813761	-1	
-48.806867296191932	-33.669191877369499	-0.017077442150058159	-1	
-43.939034902692427	-31.297941229121236	-0.016743205326732374	-1	
-42.432500000000005	-30	-0.016561078644974962	-1	
-38.702750000000009	-27.83775524267444	-0.014328505361127413	-1	
-41.189249999999994	-27.64207513872444	-0.015853139027697537	-1	
-36.216250000000002	-26.012715422870265	-0.012797278015459502	-1	
-4.9459999999999997	-30	0.0020956509569608059	-1	
-6.1824999999999992	-30	0.0026205225174162432	-1	
-3.7095000000000002	-28.610960535578073	0.0015714360313215127	-1	
-1.2364999999999999	-27.654412437290471	0.00052202692386752781	-1	
1.3084637609777712	-27.811519742759859	-0.00055803707890172386	-1	
-8.2443287018609777	-30.672102422033579	0.0030334022603020604	-1	
-7.4189999999999996	-30	0.0031454765047727231	-1	
-8.9646249999999998	-30.991409084983097	0.0030031505190209816	-1	
7.4189999999999996	-30	-0.0031508210342926423	-1	
8.2489876212384861	-30.670649753831938	-0.0030399169928879569	-1	
6.7640559841241696	-28.325769843951875	-0.002873805757302548	-1	
3.6205548987915681	-26.736457967527905	-0.0015395861321410753	-1	
-49.529534266041473	-58.62287095564843	-0.010529735029719066	-1	
-49.62813135731588	-59.193937500000011	-0.010377324217891287	-1	
-69.653538230144321	-71.035375000000002	-0.009084051680160278	-1	
-69.482476562499997	-69.728039424648216	-0.0095845034959649873	-1	
-69.618984374999997	-70	-0.0095385634312101768	-1	
-69.798322487150813	-69.564166300262386	-0.0095203333344665922	-1	
-69.677785414316247	-70.571687499999996	-0.0092391796831071942	-1	
-69.772814102421066	-70.227185897578934	-0.0093565818433669068	-1	
-72.320039133693086	-70.288962028455146	-0.009044362574891808	-1	
-71.481024087801003	-70.575586328210875	-0.0090457169011813714	-1	
-70.75082452846776	-70.498895404378246	-0.0091149829150383808	-1	
-70.319454673366323	-70.569483125556587	-0.0091222593324579698	-1	
-70	-70.726250000000007	-0.0090842528102136229	-1	
-71.267429192431848	-68.104090941326476	-0.0095134924601559586	-1	
-70.750344859685839	-68.990803114831223	-0.0094399763923350231	-1	
-70.098358125556572	-69.53639704628327	-0.0094530406186361035	-1	
-67.911875273655028	-38.247430062486821	-0.013960572452326668	-1	
-76.916851142303557	-37.585196004944031	-0.012986232094092503	-1	
-56.23486953188484	-40.072475130093736	-0.014781881001704108	-1	
-58.63809330189104	-36.958987096905652	-0.015343753035154725	-1	
-109.30555470177882	-58.370232650746203	-0.0084885761054207982	-1	
-114.81139669872393	-58.361212326113581	-0.0082178759856651167	-1	
-105.18049206344685	-50.092898503194533	-0.009318773613860425	-1	
-97.679699130266116	-47.679109725876216	-0.010019015114924179	-1	
-71.694461412943184	-69.037513765376787	-0.0093224328784056506	-1	
-71.596548311296999	-69.776457622276624	-0.0091984807510567031	-1	
-83.66965577655418	-37.424471415726742	-0.012232349075505029	-1	
-94.635389597126377	-40.411341818575082	-0.010863977489528663	-1	
-90.871955331053613	-35.332255460104435	-0.011651993434607447	-1	
-138.1978332865996	-68.037733961124985	-0.0068009239860547079	-1	
-131.1615236949163	-65.943950319105213	-0.0071322840505817905	-1	
-123.17151086786509	-57.325722743246672	-0.0078895698683256882	-1	
-133.27964881996073	-58.796118635387103	-0.0073819922387356064	-1	
48.722656250000007	-59.559227001231747	0.0098338496855513366	-1	
49.112437500000006	-60	0.0097632960004015151	-1	
48.448970802750047	-58.962117473820278	0.0099688480669039518	-1	
49.349860624443437	-60.390410999696655	0.0098327853590941712	-1	
49.802739287998072	-60.433516564831699	0.0099848750712945664	-1	
50.098358125556558	-60.463602953716737	0.010082665725413314	-1	
50.8904892851087	-60.465765438202808	0.01027254472230929	-1	
51.605572704226155	-60.236842146163418	0.010433701237639117	-1	
52.40592644136116	-59.463146563779162	0.010684951787373616	-1	
52.745359746931157	-56.817445010219032	0.011247625465362466	-1	
54.081467933835761	-54.348331775538199	0.011758747117628591	-1	
48.540983082293145	-58.173563169399536	0.010267301390288648	-1	
48.500872383516906	-57.393487981766107	0.010484918987362524	-1	
49.158910951226581	-56.779508762707493	0.010891758049063718	-1	
70.259224914404385	-68.296857171719537	0.0096036353632922618	-1	
69.42203574805373	-69.225232696934384	0.0096325048764824353	-1	
69.903810276951191	-69.069152586763849	0.0095580461364814986	-1	
69.072953124999998	-69.692722982555182	0.0096688526814802649	-1	
54.623861196610918	-50.605333771142398	0.012488047031582964	-1	
58.658804537009019	-46.738704439691297	0.013141526504533598	-1	
60.22823381427925	-43.880821252908447	0.013635386012622127	-1	
64.699590976219326	-40.718440813958509	0.013886469292204388	-1	
69.345968749999997	-70	0.009605778620877102	-1	
69.31492746135288	-70.580071612914097	0.0093318363341576456	-1	
69.482476562499997	-70.258103468398346	0.0094350892798235851	-1	
70	-70.726250000000007	0.0090804790945866101	-1	
70.349890422680787	-71.035375000000016	0.0089943857241839825	-1	
71.052375042932738	-71.142314362964015	0.008943583243680225	-1	
69.677785414316247	-70.571687499999996	0.0092346749915001077	-1	
22.540500000000002	-27.17607823823759	0.0039636874462560204	-1	
27.362402795876228	-25.436988584562627	0.0071090418178434735	-1	
32.486500000000007	-25.29984909685367	0.010424044028655396	-1	
39.946000000000005	-30	0.015078666742913398	-1	
37.459500000000006	-27.182233691549257	0.013563927895006584	-1	
18.810750000000002	-27.672244847407654	0.0015262586130763227	-1	
46.14435734006824	-33.847146205942572	0.016309025602527533	-1	
47.732055954058453	-36.623249999999999	0.015567679792847506	-1	
50	-37.554000000000002	0.015770960338681566	-1	
43.675750000000001	-31.438332866740819	0.016528238401875148	-1	
45.540624999999991	-31.808080391981868	0.017218351564962667	-1	
42.432500000000005	-30	0.016563585370388819	-1	
52.004633811923	-50.75371938953932	0.012477797062918411	-1	
52.050249609980277	-53.376749999999994	0.011943232818211285	-1	
53.141305772210089	-47.626847180191504	0.013127539187322138	-1	
53.461791035184163	-43.138500000000001	0.014140813110160584	-1	
52.201453611602105	-39.415500000000002	0.015165801360890309	-1	
16.324250000000003	-28.556231477917546	-0.00010181822614084149	-1	
9.340582648482604	-30.986405842613255	-0.0030839361667656037	-1	
9.7510088467068048	-30.905004975538958	-0.0032087084545294338	-1	
10.52401118105017	-30.721771204671064	-0.0032434080503972477	-1	
10.12516596133422	-30.71770249578254	-0.003369958743144432	-1	
14.459375000000003	-28.165873511134301	-0.0013237510605916827	-1	
12.709392445919745	-28.995330368480463	-0.0024707932217746427	-1	
11.35125	-30	-0.0033604915650903549	-1	
11.754276765276741	-29.327467959272113	-0.003096883633393362	-1	
11.040437500000001	-30.357045565205002	-0.0032949278044065514	-1	
50	-56.168999999999997	0.011345234541951658	-1	
51.578813005886559	-55.620504548553384	0.01147570060950003	-1	
143.8039493507703	-71.786526128038503	0.0064760361788537488	-1	
142.48937456486169	-64.461257611545122	0.0068030334796955064	-1	
135.12991241007677	-58.147922546409134	0.0073338282046613379	-1	
144.33298637791177	-166.03610764901006	0	-1	
147.20873339894899	-163.49186160502697	0	-1	
149.14917054370923	-157.17043162110156	0.0015780671017528133	-1	
150.03963921374987	-160.89781435621774	0	-1	
152.33441834045226	-144.55996529621049	0.0033762168999492584	-1	
153.45915740557911	-148.19378569791965	0.0033438428864323937	-1	
151.82872392863237	-154.50203193530015	0.0016374122703921208	-1	
154.54348185898104	-151.86945665518999	0.0016395420143023951	-1	
154.94809807105233	-141.98377261721427	0.003435942908998181	-1	
155.97331324603974	-135.58553265803832	0.0035270475580371657	-1	
157.28669036090622	-139.15550874068163	0.0034948854944641017	-1	
159.13638465256415	-126.58279600131647	0.0040396923262148027	-1	
158.31585157792233	-132.84277266855162	0.0035843311937274244	-1	
160.61016536777419	-130.05954748363322	0.0036405255097503122	-1	
158.78703657282267	-111.13207498952801	0.0048098175388560935	-1	
160.36770047709496	-114.38916906489507	0.0046960181276021473	-1	
161.80339887498968	-117.55705045849476	0.0045906516378076516	-1	
162.10317558384398	-107.29375134291629	0.0048913934755286503	-1	
162.44080688799204	-103.48620720991266	0.0050025530461218128	-1	
164.48815163975647	-95.023124001729187	0.0052293035655017776	-1	
161.59304163962361	-90.967090799070803	0.0054013667107988541	-1	
156.50064436950086	-85.528751028423301	0.0056722932898979755	-1	
167.87636899947432	-96.330865977668708	0.0051379381724924169	-1	
165.74892463035064	-101.571071646825	0.0050163631446323307	-1	
161.12225506578093	-123.63345467600347	0.0041302963940183166	-1	
163.45711893839629	-120.9519054507151	0.0041619435193837057	-1	
152.0707987398323	-82.057466491065554	0.0058838165334945229	-1	
149.30743411175433	-76.796448402095464	0.006138787132713831	-1	
77.603830324456581	-36.317613856964158	0.013055759150277858	-1	
87.958614501340833	-31.156237944481671	0.012314250362406813	-1	
82.142669718316881	-31.295826531181934	0.013029429754310319	-1	
72.159237517231432	-35.166237938175577	0.013906322522221244	-1	
70.750344859685853	-68.990803114831223	0.0094357229015592705	-1	
70.750824528467774	-70.498895404378246	0.0091117358247226922	-1	
70.923813538707762	-70.097476196308207	0.0091932732913847289	-1	
70.566514549262038	-69.433485450737962	0.0093843931667654118	-1	
115.14526578656618	-37.395388181366258	0.009383269886254127	-1	
108.66337975353022	-35.068567425034324	0.0099982808873153115	-1	
97.501412251688933	-27.588779882873546	0.01146067410595026	-1	
105.16875045405314	-28.063556789123279	0.010657408044572492	-1	
126.59525478912646	-44.098725693442077	0.0083457070108100134	-1	
121.80092231990615	-35.625874833698909	0.0089920532688325793	-1	
136.20234513576497	-51.999151252486904	0.0075346825940956052	-1	
136.95005149934482	-45.802504129247488	0.0077319777997020426	-1	
131.73066819822577	-40.28493956148575	0.0082025885168667961	-1	
-137.85879652807043	-167.23609305605942	-0.0014248463632961378	-1	
-138.45048603096495	-170.97211152053441	0	-1	
-139.95925951797562	-161.00471044752538	-0.0030290761517987848	-1	
-140.71910195708892	-164.76089947020373	-0.001482900439753309	-1	
-142.7478626898905	-158.53756276851146	-0.0030938971800815208	-1	
-145.49298348000042	-156.02212301209036	-0.0031578918362484723	-1	
-147.1965502965692	-149.78829780178199	-0.0032542476665463576	-1	
-148.19378569792016	-153.45915740557956	-0.0032210269027416407	-1	
-148.66355873665506	-143.56272989485993	-0.0033495098163674086	-1	
-149.6769868996729	-147.08716537771156	-0.0033161539039682979	-1	
-155.8358341132865	-119.57704120933705	-0.0045730998737746774	-1	
-156.26569774010929	-115.63053368984801	-0.004692110494690315	-1	
-154.16125557025549	-122.62539963918954	-0.004488971855904569	-1	
-156.80213779542714	-111.84587792090925	-0.004805834564658518	-1	
-151.14643166796242	-140.94632774625018	-0.0034099123173972094	-1	
-152.29346209548095	-134.73787354256504	-0.0038467987848118516	-1	
-153.58326393199533	-138.28699198083117	-0.0034693309151951619	-1	
-154.81080226958622	-132.22091611955739	-0.0038857003144230308	-1	
-155.42919229139474	-125.86407820996794	-0.0043854145081960397	-1	
-156.90297300660475	-129.3408296922847	-0.0039772056166188464	-1	
-156.56325249102713	-107.17822227726451	-0.0049569291591934714	-1	
-159.3422815984687	-103.42042071035077	-0.0050446222194476991	-1	
-159.55805490223119	-97.823380396076871	-0.0052201309748552268	-1	
-157.67276338532963	-92.533604890868389	-0.0054195371160381889	-1	
-156.86332466125435	-86.34370649793108	-0.0056388990372891442	-1	
-146.40685525829417	-74.883293103805613	-0.0062855788360337795	-1	
-155.22042341594428	-75.126752841447455	-0.0060478332112216338	-1	
-159.19033764465865	-80.47715418925003	-0.0057793539175140692	-1	
-143.72583558278689	-69.753498634260566	-0.006559542630790333	-1	
-50	-59.892000000000003	-0.010280299552535866	-1	
-14.459375000000003	-28.969637221883733	0.0013184209910917836	-1	
-11.040437499999999	-30.353040322653925	0.0032838293816946488	-1	
-11.35125	-30	0.0033552015742067181	-1	
-13.290927927709676	-29.257381091338221	0.0020841460658459023	-1	
-12.409152276760981	-28.987253485122384	0.0026624521256691791	-1	
-11.754276765276741	-29.327467959272113	0.0030916198256888158	-1	
-10.248695600879701	-30.904586905548957	0.0031509318403235894	-1	
-10.571170625556576	-30.3209392303682	0.0035830967923633217	-1	
-9.4713674023837751	-30.724258686870947	0.0033359316481833775	-1	
-9.8747834962699734	-30.717791489245293	0.0033833243053806882	-1	
-16.24444336931457	-27.106523398843287	0.00014865074565009761	-1	
-14.774212411722161	-27.650744623223211	0.0011123435803731098	-1	
-33.969781778953134	-20.551811579125022	-0.011458435511386592	-1	
-30.559386503631234	-20.716504511858396	-0.0092376603005361428	-1	
-17.112131114898187	-21.389785732224759	-0.00042779026665814998	-1	
-15.782411625258762	-25.60843045205613	0.00045053697041121598	-1	
-24.618287070929469	-18.408408815218472	-0.005366586008012676	-1	
-27.148426660482365	-20.869058254703578	-0.0070069687680015657	-1	
-19.84706333052932	-17.335731053624738	-0.0022355908435230786	-1	
-54.78120404210356	-36.188469440220075	-0.015969156245722243	-1	
-46.584461815272711	-32.386086782820939	-0.017261596883052059	-1	
-47.695159840784655	-32.550316710240637	-0.017487535819883208	-1	
-46.25713795949892	-31.487014499170343	-0.017696245561080019	-1	
-45.540625000000006	-31.015289170221799	-0.017677302279692754	-1	
-51.950797764641905	-34.761750000000006	-0.016693896835378436	-1	
-50	-33.831000000000003	-0.017145044727299521	-1	
-48.339986892681814	-32.671040520999917	-0.017551577169871029	-1	
-48.990025345302733	-32.582574847109925	-0.017692367944036443	-1	
-44.918999999999997	-30	-0.017971414653892123	-1	
-43.675750000000001	-28.602698875637802	-0.017294444794908045	-1	
-39.817500725025639	-23.694973227804134	-0.015133784642805586	-1	
-43.189497522746358	-26.16295766145533	-0.017105461104329672	-1	
-5.5642499999999995	-28.475811280228481	0.0023588617301594861	-1	
-7.1698832505793613	-28.832639222818042	0.0030405309000525213	-1	
-4.5199619570830984	-26.938904508511108	0.0019159283055442311	-1	
-2.3324265144513143	-24.791964783616685	0.00098743896147009038	-1	
1.1055618373111509	-24.351356382553558	-0.00047207899627374895	-1	
-8.6555	-30	0.0036704773445272081	-1	
-8.9646249999999998	-30.352795759084067	0.0035196201191588098	-1	
-8.2544857167663164	-29.331064572580622	0.0035008285861806003	-1	
8.2544857167663164	-29.331064572580622	-0.0035061555895647481	-1	
8.6555	-30	-0.0036758049872019486	-1	
8.9646249999999998	-30.349890422680787	-0.003519119684627215	-1	
6.8386484308391315	-25.304192163627256	-0.0029065493678819315	-1	
8.4945926157207712	-27.832698554344812	-0.0036093676724065211	-1	
4.2682806207531634	-22.538073358576682	-0.0018149021799101178	-1	
-69.755492187499996	-69.862424713742925	-0.0094992600459042707	-1	
-69.891999999999996	-70	-0.009437608551589349	-1	
-69.945999999999998	-69.826814102421068	-0.0094395412944533377	-1	
-70	-70.417124999999999	-0.0091787129521400199	-1	
-70	-70.108000000000004	-0.0093019835411820174	-1	
-70.923813538707762	-70.097476196308222	-0.0091967002733534045	-1	
-70.433856029533047	-70.197907781784792	-0.0092238875575569867	-1	
-70.143204804241108	-70.262562500000001	-0.0092298187118816377	-1	
-70.891107512737577	-69.535670831003046	-0.0093212128755458257	-1	
-70.138058930581224	-69.861941069418776	-0.0093740995938559023	-1	
-70.46360295371673	-69.901641874443428	-0.0093028435469734595	-1	
-63.760533454251451	-32.786890327726873	-0.015551633656141798	-1	
-72.140004452918191	-34.18561700481483	-0.014041275742476806	-1	
-79.291883000410323	-32.280415783991259	-0.013304432823260381	-1	
-57.174644752954485	-33.308287086477002	-0.016515847592024516	-1	
-112.04777970952048	-51.837084400167988	-0.0087813562804822352	-1	
-118.05835116277096	-53.13840692815991	-0.008368577984343515	-1	
-109.87663980697265	-45.994203881768073	-0.0092761165816931893	-1	
-100.95600938971273	-40.512934876501788	-0.010306747577610322	-1	
-84.90820140998278	-30.7842750680386	-0.01272283026745673	-1	
-97.52410198470038	-34.788540341221484	-0.011017740969983652	-1	
-94.566468366640251	-28.805306716044676	-0.011708907282708353	-1	
-142.64357324107334	-63.477241546878766	-0.0068377324216375782	-1	
-139.23491935575265	-58.589606846589461	-0.0071551056253005884	-1	
-128.74720657415813	-54.475032713838495	-0.0077756317414832115	-1	
-123.72108087783637	-50.739677745737616	-0.0081973376739730517	-1	
-135.42936221168532	-50.118059101521773	-0.0076481197646838285	-1	
49.307328125000005	-59.493128151932289	0.010089791564968168	-1	
49.105780431983632	-58.955437450767405	0.010225537582603833	-1	
49.502218750000004	-60	0.0099015130867519032	-1	
49.697109375000004	-60.155779261979532	0.0099795452835078572	-1	
49.945999999999998	-60.173185897578925	0.010091735303516952	-1	
50.138058930581231	-60.138058930581231	0.010181948406370501	-1	
50.463602953716737	-60.098358125556558	0.010280681798247496	-1	
50.932490253086556	-59.904110747129948	0.010421357777081733	-1	
51.357640537983656	-59.088623368867452	0.010680976490359609	-1	
51.594976013293724	-58.09364978187061	0.010931021552359246	-1	
51.073507444826838	-57.213666203181148	0.011119428455719964	-1	
49.228794034518799	-57.676783298565269	0.010682414213830734	-1	
49.450069723893876	-58.495875000000005	0.010530279180472833	-1	
50	-57.09975	0.011134229185776466	-1	
69.798322487150813	-69.564166300262386	0.0095162127986342365	-1	
69.482476562499997	-69.728039424648216	0.0095799152989156245	-1	
70.098358125556572	-69.53639704628327	0.0094500129767602793	-1	
56.978816945613943	-43.612689607475822	0.013886537233197105	-1	
59.22327786938898	-40.77910106654754	0.014374549444333373	-1	
61.940283363874222	-38.839286289306109	0.014545477753151232	-1	
66.333298864874877	-35.354112018851161	0.014666494461935181	-1	
69.618984374999997	-70	0.0095340922571703294	-1	
69.772814102421066	-70.227185897578934	0.0093521587994875865	-1	
70	-70.417124999999999	0.0091746331148166056	-1	
70.319454673366323	-70.569483125556587	0.0091184619933567419	-1	
23.505616367365789	-22.29772572195164	0.0046101855716923542	-1	
19.238956744060548	-24.852209727493182	0.001809962560449273	-1	
29.79723290779198	-20.61501104722046	0.0087328108118351518	-1	
35.198679110820805	-20.680156732492925	0.012250331553885224	-1	
41.189249999999994	-27.642075138724426	0.015855782399977925	-1	
39.648945189305635	-23.662203831583241	0.015027059645632857	-1	
15.998002723247188	-26.603159507005607	-0.0003150660847044176	-1	
48.237201139076213	-34.224355650497486	0.016698881451577354	-1	
47.772406938867022	-32.479031943185745	0.017572245052867839	-1	
50	-35.692500000000003	0.016413538367222473	-1	
51.483874214227868	-36.623250000000006	0.016055813747405973	-1	
44.918999999999997	-30	0.017974885523677514	-1	
46.16225	-30	0.018626909373517287	-1	
47.281062503392981	-31.01659467431066	0.018411553209343422	-1	
43.675750000000008	-28.602698875637802	0.017296548320714877	-1	
55.636808023859821	-40.327367843568247	0.014751187726192197	-1	
54.40262242631794	-36.994208859545353	0.015754523271601518	-1	
9.4305168744434233	-30.319454673366327	-0.0037097504857179315	-1	
9.7936418744434253	-30.488762029298151	-0.0036318908267442352	-1	
10.332181814916982	-30.372063386669772	-0.0036645473693522916	-1	
10.56812250111315	-30.325351912601938	-0.0035820348414761722	-1	
10.098358125556572	-30.315703369758882	-0.0038222841052554276	-1	
13.858744934829057	-26.120431380481886	-0.0017175345830164003	-1	
12.236374826561988	-27.5033649352258	-0.0027817428851208488	-1	
11.773515187785872	-28.612322404679631	-0.00308484797350793	-1	
11.040437499999999	-29.651757062826665	-0.0035647111674583344	-1	
10.729625	-30	-0.003768063763416497	-1	
11.127796896110784	-28.920301574349001	-0.003508236479898993	-1	
148.57912812582182	-65.013813911900669	0.0065828932232441621	-1	
153.64231708841609	-69.39525174765177	0.0062802610526444978	-1	
144.8042392350408	-58.801591679968794	0.0069334731315185937	-1	
152.8248415009796	-158.25475607450349	0	-1	
156.02212301208991	-145.49298347999991	0.0034041564630601906	-1	
157.21217081822388	-149.18877956282157	0.0016405853618255519	-1	
155.56349186104066	-155.56349186104069	0	-1	
158.25475607450346	-152.82484150097966	0	-1	
158.53756276851098	-142.74786268988998	0.003463440821265408	-1	
159.80887008052804	-136.48966930151948	0.0035525301830302359	-1	
161.0047104475249	-139.95925951797511	0.0035217101399452186	-1	
162.85555574538941	-127.2367049006362	0.0036956021319273311	-1	
162.04733277731279	-133.58151263301502	0.0036093416578898462	-1	
164.23183606780199	-130.63590106863262	0.0036650376435206559	-1	
162.3772120221233	-111.59876593362225	0.0047605302641730123	-1	
163.83040885779857	-114.71528727020936	0.0046558695148414299	-1	
165.33884908515654	-117.9350549065113	0.004250897894763417	-1	
165.66465755852755	-105.54002659739513	0.0049022930474424435	-1	
167.73411358908507	-108.92780700300555	0.0047813798595046199	-1	
165.80751451100861	-111.83858069414953	0.0047189105044914675	-1	
166.5747245392038	-90.840984724804173	0.0053174818534033252	-1	
163.9503453463376	-85.628774892964159	0.0055204867382123851	-1	
160.30792705329517	-79.439276056906124	0.0057867616883838782	-1	
155.04253316269757	-77.140312995145294	0.0059835229886188055	-1	
169.24703293546983	-99.694121294603306	0.0050217434317331609	-1	
171.44611349114942	-96.999543939383273	0.0050639874143967754	-1	
170.83759065093523	-92.757243556423347	0.0051895670799265272	-1	
171.43346014042274	-103.00761498201098	0.0049001655339286866	-1	
169.60961923128545	-105.98385284664113	0.0048412228691155756	-1	
165.05133874310744	-124.3751047847568	0.0037494972406072339	-1	
167.19684550415607	-121.47561880711127	0.0038022227032560858	-1	
75.440296667268726	-30.34840557235291	0.014062958183788431	-1	
87.900922955205701	-25.338904330339801	0.01274968928366943	-1	
79.626825537983677	-24.912624636540016	0.013988591722611847	-1	
65.183851657459726	-28.675132802573682	0.016017750278724301	-1	
70.433856029533047	-70.197907781784792	0.0092193936527875508	-1	
70.46360295371673	-69.901641874443428	0.0092968359032359147	-1	
113.59395967917807	-28.234623047967474	0.0099013659126937527	-1	
101.26270484116542	-21.448702604019712	0.01134914539084253	-1	
93.975324293206199	-21.310677092779155	0.012215374459560684	-1	
108.00379488095149	-21.92879465823837	0.010638103102037413	-1	
121.2333059082052	-26.886334595128318	0.0093429216862751501	-1	
127.68463111860399	-27.337157083589865	0.0088690887310728574	-1	
131.29542183108069	-32.702325144063032	0.0084804768341985148	-1	
141.86250876689672	-49.36855283294382	0.007381779361468996	-1	
143.74100464733985	-43.596188240351296	0.007480874342939434	-1	
139.22190398733764	-39.033193918254042	0.0078390584049105108	-1	
-141.41327413103937	-168.52977748617599	0	-1	
-143.53463635641958	-162.23639372213648	-0.0015417800908311464	-1	
-144.33298637791233	-166.03610764901063	0	-1	
-146.38345215004105	-159.74950574720654	-0.0015469488680641128	-1	
-149.10916742185864	-157.12827712634603	-0.0016062034309632129	-1	
-150.84944665313088	-150.84944665313077	-0.0032832265435050762	-1	
-151.86945665519053	-154.54348185898147	-0.0016094095128139842	-1	
-152.33441834045271	-144.55996529621086	-0.0033768700383424006	-1	
-153.45915740557965	-148.19378569792005	-0.0033445110404064352	-1	
-159.72710200945914	-120.36300463041009	-0.0045236464026815106	-1	
-157.60215072134497	-123.1322950651321	-0.0044553422917077094	-1	
-159.91408168906804	-114.06560592792769	-0.0047104225313448133	-1	
-161.80339887499005	-117.55705045849503	-0.0045912591191593728	-1	
-160.20595232842112	-110.10650048996163	-0.0048271490899392758	-1	
-154.71907576647013	-141.77391233998026	-0.0034368302456491318	-1	
-155.97331324604005	-135.58553265803863	-0.0035276761214069704	-1	
-157.4024572324231	-139.25793061671112	-0.0034954042336151287	-1	
-158.31585157792264	-132.84277266855193	-0.0035849773101348458	-1	
-158.94001406567057	-126.42659578352422	-0.004068487058336648	-1	
-160.6101653677745	-130.05954748363354	-0.0036411533028998205	-1	
-162.04570672335029	-105.84564205004047	-0.0049373368182758547	-1	
-162.56160516730554	-102.5511815978403	-0.0050302917594210999	-1	
-163.16733915548355	-98.848390187461419	-0.0051349418095577365	-1	
-164.48815163975667	-95.023124001729485	-0.0052295914188835091	-1	
-162.36129569460195	-89.44269664504256	-0.0054353167741145831	-1	
-148.3599459652238	-66.285404234792395	-0.0065442875197181697	-1	
-161.88204624211187	-75.027783715961434	-0.0058856393011994263	-1	
-159.02964300194489	-69.660779944373601	-0.0061208324626665436	-1	
-166.85716905466614	-83.126451782233516	-0.0055356408973911064	-1	
-167.00423074005522	-78.299504929295765	-0.0056696793655285531	-1	
-13.731957633170172	-28.532039210610968	0.0017953788797968762	-1	
-10.729625	-30	0.0037627442327298659	-1	
-11.040437499999999	-29.651757062826665	0.0035594165810278917	-1	
-12.88957408642859	-28.427072524397712	0.002347736537293641	-1	
-11.773515187785872	-28.612322404679631	0.0030796054826074974	-1	
-11.127796896110784	-28.920301574349001	0.0035029650376982541	-1	
-10.206358125556575	-30.488762029298151	0.0035864055584843091	-1	
-10.263406250000001	-30.143467888595179	0.0039253785094233449	-1	
-10.4188125	-30	0.0039664919186251143	-1	
-9.6679625959746378	-30.37192830312793	0.0037212954842745284	-1	
-9.4327212488868497	-30.322645882952273	0.0036979781696862874	-1	
-9.9016418744434276	-30.315703369758882	0.0038312671141618707	-1	
-13.418800453689729	-27.612551604959172	0.0020009646693999266	-1	
-13.792127425287868	-26.715806463748592	0.0017562268844561282	-1	
-32.115609984284326	-17.549260880977787	-0.01030191391164091	-1	
-37.857505489812013	-16.077236169632378	-0.014129901651428406	-1	
-28.673959103939243	-16.769323090567735	-0.0080485857489943739	-1	
-13.512398348883298	-21.602641401460744	0.001936238768255149	-1	
-15.019920880040766	-16.552207394845311	0.00093751734654461268	-1	
-11.926778892231715	-24.841343990667575	0.0029797307726727677	-1	
-24.017729268615369	-11.085299273980462	-0.0050148359295273705	-1	
-18.211761397564612	-12.149197941225186	-0.0011756997136310652	-1	
-53.450687126795557	-32.913130882243358	-0.017234560885071144	-1	
-47.109257596216914	-31.586048492430734	-0.017952912955065351	-1	
-48.139372891802154	-32.046436496041963	-0.017926732554761016	-1	
-46.701957629503639	-30.753494855071839	-0.01836669053752911	-1	
-46.16225	-30	-0.018622753404659784	-1	
-51.073507444826838	-32.786333796818859	-0.01758273830953799	-1	
-50	-31.969500000000004	-0.01803991542544545	-1	
-48.778890945279691	-31.840919673782846	-0.018167833999602919	-1	
-49.472576377379447	-31.504125000000002	-0.018415882411311164	-1	
-45.540625000000006	-28.745395158066092	-0.018328892002139625	-1	
-45.666201081373764	-26.396876763920737	-0.018543054371621053	-1	
-43.263639385910707	-19.632339012915516	-0.017535562657827599	-1	
-45.814568553805515	-23.425100810958057	-0.018891601674311	-1	
-7.3970763767190544	-27.429108815155356	0.0031378337114776923	-1	
-8.3194183699689681	-28.511143735703985	0.003529105226389463	-1	
-5.3582905700338728	-25.280644855067788	0.0022722908448817611	-1	
-4.3444725438571794	-21.945834785156169	0.0018417391932433504	-1	
-0.98114971094839598	-21.70242785868178	0.00041376434095698986	-1	
-9.2737499999999997	-30	0.003932921158297879	-1	
-8.9646249999999998	-29.653538230144338	0.0038021143497760142	-1	
-8.7319958227076722	-29.222667645132237	0.0037037763849764741	-1	
8.9646249999999998	-29.653538230144338	-0.0038074566885271774	-1	
9.2017856662963151	-29.175319139896452	-0.0039087949550282606	-1	
9.2737499999999997	-30	-0.0039382525252135555	-1	
8.5562483780908387	-25.221374999999998	-0.0036365531498157425	-1	
7.955270550844336	-23.353124999999999	-0.0033810210326291382	-1	
10	-26.1555	-0.0042503834547875001	-1	
10	-28.02375	-0.0042494677217018309	-1	
7.9107587798724532	-20.550749999999997	-0.0033613162978502562	-1	
6.4494279261649083	-16.814250000000001	-0.0027394903748344012	-1	
1.8128494357405878	-17.857875478338421	-0.00077203983632297536	-1	
-70	-70	-0.0093712191663783938	-1	
-70.173185897578932	-70.054000000000002	-0.0093039964750863437	-1	
-68.641235286643507	-29.346822822659124	-0.015293404040778402	-1	
-58.76724534908432	-28.31191201252625	-0.017471526864908594	-1	
-74.592579134599717	-28.860180017788693	-0.014378204873210391	-1	
-79.85483086016518	-26.568471009171411	-0.013788761903188168	-1	
-55.047131802932526	-30.226453626560573	-0.017865844808553046	-1	
-118.00658690519026	-44.843520454164612	-0.0088191640175038864	-1	
-111.41106551714905	-39.952793535774148	-0.009523759011862528	-1	
-104.81175917446858	-34.310372031573316	-0.010365326744563967	-1	
-85.495032616673939	-24.944284859270418	-0.013114780081833361	-1	
-105.63983782197298	-27.054141742953803	-0.010665492323373807	-1	
-99.174917677838025	-22.060092375260439	-0.011567089179653978	-1	
-92.334634391331676	-22.333584348265404	-0.01236332382676681	-1	
-147.67627094235641	-60.454828171956251	-0.0067717128893129731	-1	
-143.34465601950089	-54.2747535665778	-0.0071527117822183881	-1	
-129.46040310259872	-48.266245671469406	-0.0080160960162805623	-1	
-124.38321782092623	-44.380649008643033	-0.0084602904837819785	-1	
-138.33011872457487	-45.399034796557885	-0.0076807705907352706	-1	
-143.70551581712024	-46.736452022170688	-0.0073881245434899096	-1	
49.628131357315873	-59.193937500000011	0.010375717821488332	-1	
49.772814102421073	-59.772814102421073	0.010180443678945474	-1	
49.892000000000003	-60	0.010089649191101762	-1	
50	-60	0.010182418544203856	-1	
50.173185897578925	-59.945999999999998	0.010272354105242978	-1	
50.436295606672388	-59.797442024413954	0.01038101738496431	-1	
50.456913655021367	-59.274266874443441	0.010560002090923167	-1	
50.654489202879681	-58.495875000000005	0.010795055919071943	-1	
50	-58.030500000000004	0.010906131183838919	-1	
50	-58.961250000000014	0.010646879094416075	-1	
69.755492187499996	-69.862424713742925	0.0094949117591652029	-1	
69.945999999999998	-69.826814102421068	0.0094353325635737131	-1	
70.138058930581224	-69.861941069418776	0.0093696667234304028	-1	
59.050077002329999	-37.168445957390304	0.015248175800080383	-1	
62.333593712195317	-34.82379297366446	0.015351345158536906	-1	
69.891999999999996	-70	0.0094332837704537136	-1	
70	-70.108000000000004	0.0092975922306554569	-1	
70.143204804241108	-70.262562500000001	0.0092255442601882724	-1	
19.877952942030138	-18.363388972323953	0.0022477376414030917	-1	
25.428761533156486	-16.884870003625107	0.0059050790465337843	-1	
15.619147522875236	-23.300562995539195	-0.0005604697607781774	-1	
32.587778844009286	-13.200072862502369	0.010678889275301489	-1	
40.405337048975873	-19.419924140646266	0.015687004462204706	-1	
40.48732285901616	-13.804770522741304	0.015950033111256135	-1	
43.305656142369088	-25.862290088301283	0.017191859088640921	-1	
44.211566185403811	-21.44024227958349	0.018033079532488307	-1	
50	-33.831000000000003	0.017147346423170413	-1	
48.990025345302733	-32.582574847109925	0.017699010377128403	-1	
48.237855861405095	-31.381965571430985	0.018433370956441566	-1	
48.778890945279691	-31.840919673782846	0.018173712314618184	-1	
52.211952371193973	-35.030114587205723	0.016590085224937639	-1	
45.540625000000006	-28.745395158066092	0.018333234255744565	-1	
47.405500000000004	-30	0.019222395146314838	-1	
46.897662483082357	-28.400576046735946	0.019054589370818345	-1	
48.245723234723279	-30.67253204072788	0.019004117108447304	-1	
46.000532647233698	-26.482330739142895	0.018728918238507773	-1	
57.006344862190041	-32.990844786656098	0.016641589377242777	-1	
53.430987984227237	-32.12171776346883	0.017524172981763959	-1	
9.7374375000000004	-30.143204804241101	-0.0039852725631529962	-1	
9.5828749999999996	-30	-0.0040694211905829489	-1	
9.9459999999999997	-30.173185897578936	-0.0040094783605393427	-1	
10.260358125556579	-30.14251747217995	-0.0039368251297836592	-1	
10.4188125	-30	-0.0039718167087762846	-1	
10.054	-30.111849046780971	-0.004080755921931487	-1	
11.755647695906772	-25.771759631307116	-0.0030975637249981702	-1	
12.295307542357815	-23.353124999999999	-0.0027425171678928952	-1	
11.225262924836239	-28.152732655746266	-0.0034449092274979236	-1	
11.013619125304773	-27.408509185489937	-0.0035842801988816924	-1	
10.574218749999998	-29.674508559388457	-0.0038704712422855691	-1	
10.442843576129707	-29.19140625	-0.0039574192109775386	-1	
10.529300504536222	-28.490812500000001	-0.0039014832320337692	-1	
151.21153629827484	-58.237980501149394	0.0067191196150201615	-1	
155.5578457915004	-62.979362895189652	0.006426391418517279	-1	
159.68244359484939	-72.2848454501936	0.0060218631074034981	-1	
147.87226090814278	-48.513088652836863	0.0071531188094669977	-1	
159.74950574720609	-146.38345215004057	0.0016993135638069467	-1	
160.89781435621768	-150.03963921374995	0	-1	
162.32301473189494	-143.6112721521942	0.0016982565042246887	-1	
163.42281453204885	-137.12802339979527	0.0035788874162307202	-1	
164.76089947020313	-140.7191019570885	0.0017569663929392269	-1	
166.61054548020823	-127.84476802885978	0.0037193310625501072	-1	
165.79113844415403	-134.25501675729885	0.0036349769891239362	-1	
168.10896076943428	-131.34111473614061	0.0036899506260022314	-1	
167.57870590344106	-115.17365363453479	0.0042784455732523914	-1	
169.29142248639189	-118.53913017921636	0.003853714855235793	-1	
169.35400318541915	-112.09296943911805	0.0043654792425932383	-1	
171.49612402886322	-109.25508046254208	0.0043892077022753898	-1	
170.84208782908092	-88.934761771286986	0.0052939074380137386	-1	
169.4100398742427	-83.568135880171866	0.0054691130355464333	-1	
167.75378536584074	-77.291539971912783	0.0056791101207508583	-1	
173.20508075688807	-100.00000000000014	0.0049568643604751099	-1	
174.9239414278795	-96.961924049267552	0.0050111371971816839	-1	
174.2326729286934	-90.699788656236976	0.0051869622244354423	-1	
176.58951857178573	-93.894312557178282	0.0050644378416486351	-1	
173.16282551978469	-106.11431595506157	0.0044742244894976722	-1	
175.20460054410904	-103.20339680446077	0.0044939155556066564	-1	
168.69091766923822	-124.8247127860716	0.003772719403472726	-1	
170.97076889782321	-121.95226426783822	0.0038246361379837036	-1	
71.149128624705455	-24.380984046944494	0.015494734682894315	-1	
88.057816930933384	-17.055318951567706	0.013217811377035432	-1	
76.655205222110041	-18.728434223416912	0.014987130741944127	-1	
60.807834826414222	-30.600246193521969	0.016531326270034105	-1	
58.381064123996126	-24.858857499691212	0.018297722095892338	-1	
65.071126909589907	-20.247929730524667	0.017284447054710942	-1	
70.173185897578932	-70.054000000000002	0.00929944708752037	-1	
113.82313004946954	-18.492499923865886	0.010193126365711722	-1	
120.17739115717423	-19.201119139621191	0.0096360498237680996	-1	
101.70949930856288	-15.774588476210077	0.011491562924941709	-1	
96.741029568055353	-12.997988960765495	0.012176836853005985	-1	
106.33806481529589	-12.462251267925417	0.011067898202887878	-1	
126.30731971563084	-21.018466460868286	0.0091232620545479495	-1	
134.26474619828633	-22.190298586804182	0.0085526591823377879	-1	
141.2286570249457	-32.549020418679042	0.0079085644369551317	-1	
138.8117054409251	-26.20631525707487	0.0081899086505933857	-1	
145.38791514162068	-37.38886403562735	0.0075755505797088984	-1	
149.78954349142566	-42.708134868782224	0.0072321962228875832	-1	
-147.20873339894956	-163.49186160502748	0	-1	
-150.03963921375043	-160.89781435621825	0	-1	
-152.82484150098017	-158.25475607450397	0	-1	
-154.50203193530064	-151.82872392863277	-0.001668849823072902	-1	
-155.56349186104123	-155.56349186104114	0	-1	
-156.02212301209045	-145.49298348000028	-0.0034047958026909991	-1	
-157.17043162110207	-149.14917054370972	-0.0016700331255137394	-1	
-161.3213218141702	-123.78620396445183	-0.0041019153210373142	-1	
-163.25541666617283	-120.80265362052489	-0.0041917685511254649	-1	
-163.83040885779891	-114.7152872702096	-0.0046561651460442725	-1	
-165.74551257946712	-118.22512515796984	-0.0041918185366413251	-1	
-164.26213323553699	-108.72273423980488	-0.0048265809189755385	-1	
-165.80751451100889	-111.83858069414974	-0.0047203654908827717	-1	
-158.53756276851152	-142.74786268989035	-0.0034641040658662148	-1	
-159.69133333265887	-136.38928343533217	-0.0035532910738261749	-1	
-161.00471044752544	-139.95925951797548	-0.0035223386446874907	-1	
-162.16660359870423	-133.67983191085426	-0.0036098420053051875	-1	
-162.85555574538969	-127.23670490063648	-0.0036962140322666951	-1	
-164.35397103461588	-130.73305160791736	-0.0036655358243337204	-1	
-165.66465755852781	-105.54002659739538	-0.004903233003549049	-1	
-165.7489246303509	-101.57107164682525	-0.0050173700654804953	-1	
-167.87636899947449	-96.330865977668978	-0.0051385125422250388	-1	
-167.28288640199048	-92.825392404883573	-0.0052480760234920069	-1	
-167.70835262156874	-87.880032495320222	-0.0053820184326856743	-1	
-153.99681269704496	-62.493055230368689	-0.0064935235814137125	-1	
-163.11237901031186	-65.754669514588585	-0.0061208289037336921	-1	
-169.61838422250489	-71.873997949323979	-0.0057813385481147129	-1	
-160.55427060676143	-60.716563382382148	-0.0063385655874649248	-1	
-171.45006176439404	-84.618557548365075	-0.0054009289093186379	-1	
-172.41640999367439	-80.231995478967775	-0.0054972760536412413	-1	
-172.55562944966778	-76.813511536043464	-0.0055832372244114881	-1	
-10.574218749999998	-29.674508559388457	0.0038651594283619791	-1	
-10.442843576129707	-29.19140625	0.003952120096978381	-1	
-11.866009479215137	-27.945179924076815	0.0030193446082646676	-1	
-12.312857781511699	-27.44123461146188	0.002726425989319518	-1	
-11.225262924836239	-28.152732655746266	0.0034396582462684531	-1	
-10.529300504536222	-28.490812500000001	0.0038962075305338352	-1	
-10.054	-30.173185897578936	0.0039971013335806044	-1	
-10.108000000000001	-30	0.0041701390692959698	-1	
-10.227185897578931	-29.772814102421069	0.0040925990466094842	-1	
-9.7396418744434214	-30.14251747217995	0.0039823383550030593	-1	
-9.5828749999999996	-30	0.0040640838237719495	-1	
-9.9459999999999997	-30.111849046780971	0.0040829100122355307	-1	
-12.162707062737447	-26.471933630906417	0.0028251408739414781	-1	
-31.645471824555237	-11.64035312590349	-0.010077893617966419	-1	
-42.170113815082942	-15.40720827215214	-0.017030668739681194	-1	
-39.15478811981037	-10.213163763521038	-0.01515395624196555	-1	
-10	-22.419	0.0042445963412707901	-1	
-10	-18.682500000000001	0.00424221274823431	-1	
-13.364704601448839	-13.07775	0.0020215590701298182	-1	
-10	-14.946000000000002	0.0042390772381132227	-1	
-10.734384518125598	-25.221375000000002	0.003762828460169192	-1	
-10	-24.28725	0.0042451411364971972	-1	
-11.194149427373951	-26.317060340009359	0.0034608905219778497	-1	
-28.183712313667613	-3.298828073491038	-0.007812580480542437	-1	
-20.330548439591453	-7.3376850472670485	-0.0025856061369733058	-1	
-14.373436790915841	-9.3412500000000005	0.0013523236733775188	-1	
-52.403358177212461	-30.775336969677824	-0.018327807097857574	-1	
-47.589654001824542	-31.020016847658695	-0.018514037430623232	-1	
-48.237855861405095	-31.381965571430985	-0.018428517097682579	-1	
-47.405500000000004	-30	-0.01921807614315359	-1	
-46.897662483082357	-28.400576046735946	-0.019050235649147047	-1	
-50.654489202879681	-31.504125000000002	-0.018280873467565153	-1	
-50	-31.038750000000004	-0.018617730408372023	-1	
-48.878063435305961	-31.0762008050357	-0.018779218410933888	-1	
-49.558937910581072	-30.806062499999999	-0.019000682562481799	-1	
-48.025498364987676	-27.102024893055692	-0.019768069067350916	-1	
-47.748784718624989	-25.28393078668519	-0.019859909181206854	-1	
-47.518129421775122	-21.303146066718508	-0.020182591842527652	-1	
-46.301428560620103	-16.814250000000001	-0.019757376332829209	-1	
-48.462483000545376	-23.855205604766532	-0.020484021451200252	-1	
-8.2568573198938502	-25.889624123961461	0.0035037829457570824	-1	
-8.8125505357636591	-27.563076075618032	0.003739383277694745	-1	
-8.9456438664214062	-28.623405169049239	0.0037951638242261342	-1	
-7.5332527877419073	-23.353124999999999	0.0031963234342464219	-1	
-2.914364019705169	-18.348250012297065	0.0012340194235488536	-1	
-7.8822740053400082	-20.550749999999997	0.0033437942824021045	-1	
-9.4283125000000005	-29.67778541431624	0.0039990128642466314	-1	
-9.2209787563742101	-29.19694828006925	0.0039115843594395329	-1	
9.4283125000000005	-29.67778541431624	-0.0040043481102502738	-1	
9.673746156542208	-29.459994497038537	-0.0041089889972046123	-1	
10	-28.957875000000001	-0.0042485046131752902	-1	
10	-24.28725	-0.0042504744660846888	-1	
10	-22.419	-0.0042499619899459499	-1	
10	-18.682500000000001	-0.0042476688074263606	-1	
3.2258303300012106	-13.313994176885357	-0.0013710565387215238	-1	
10	-14.946000000000002	-0.0042445018067104176	-1	
-3.1544820859041414	-14.019432014007096	0.0013352436504080068	-1	
-61.132924073259133	-23.061732804561476	-0.017881221166720595	-1	
-71.126085763266744	-23.101055330554331	-0.015637049334015909	-1	
-54.618255837475651	-27.772838343448978	-0.0187350913157955	-1	
-55.467341727270814	-24.092263843678897	-0.019322208703726758	-1	
-81.16612281773665	-20.980650610715252	-0.014045261341962998	-1	
-52.559913402510517	-29.17547477948192	-0.018954860079349361	-1	
-117.07056049894229	-39.213176670408345	-0.0091599453249085732	-1	
-122.31512906672894	-39.549343152978139	-0.0087989494195148867	-1	
-112.70059372001289	-31.535278094065905	-0.0098377240901709774	-1	
-89.686555078414727	-16.020744317704072	-0.013031802493786044	-1	
-111.86660501229747	-25.046112074744737	-0.010168684742693808	-1	
-106.03715004626061	-17.627769228334689	-0.010975607754901407	-1	
-95.566585408811306	-17.255896679800436	-0.012185783869723302	-1	
-150.79457167041093	-55.480973597199856	-0.0068225535435196783	-1	
-127.81251432814339	-40.05441840993528	-0.0084384690084959909	-1	
-135.04598559916963	-40.808004800392091	-0.0080070591849777575	-1	
-141.91869082107985	-41.179351272157398	-0.007639725081976103	-1	
-149.94966490382404	-45.443503104658291	-0.0071550382518719823	-1	
50	-59.426625000000008	0.010491428075894663	-1	
50	-59.892000000000003	0.010276045054579051	-1	
50.167564466655733	-59.659312500000006	0.010400713968756425	-1	
70	-70	0.009366840852523815	-1	
21.128397872259306	-11.898969564146219	0.0030947259755667788	-1	
13.544448432032405	-16.814250000000001	-0.0019142177361878047	-1	
27.512731475034748	-6.7837953969543427	0.0073518136224326857	-1	
12.098059653094676	-20.550749999999997	-0.0028698319372937545	-1	
35.428595411593449	-7.4331721029045426	0.012662281020819073	-1	
44.408454267013695	-17.824894937101437	0.018409034512705019	-1	
45.946748757569793	-12.488966326091591	0.019757387882677276	-1	
41.119089170374821	-4.4422418257197105	0.016594234501518128	-1	
46.731885989654799	-24.130506209947793	0.01938556049245696	-1	
47.8142650976609	-22.221326448121374	0.020275100695427099	-1	
47.554754428342484	-19.616624999999999	0.020373286903536385	-1	
50	-31.969500000000004	0.018027883379502292	-1	
51.073507444826838	-32.786333796818859	0.017572826226937368	-1	
49.472576377379447	-31.504125000000002	0.018413097801099239	-1	
48.878063435305961	-31.0762008050357	0.018781729933731176	-1	
48.254928591020949	-29.330338223231387	0.019606643703861538	-1	
48.648750000000014	-30	0.019722666901240596	-1	
48.542833574500293	-28.394167258783433	0.019836097175260633	-1	
48.025498364987676	-27.102024893055692	0.019770930750749694	-1	
48.959562500000011	-30.348242937173335	0.019464607016626431	-1	
48.016078886370273	-25.832653619047861	0.01994128801523461	-1	
54.55856097639824	-30.243680314752698	0.017970836834600004	-1	
56.723459612910808	-28.733653924998659	0.017885741917833767	-1	
51.743915381155183	-31.385369300501289	0.018157412209532993	-1	
52.461392999290517	-30.557010572925964	0.018392167114601354	-1	
9.8919999999999995	-30	-0.0042004702214077615	-1	
9.7728141024210675	-29.772814102421069	-0.0041504554027421954	-1	
10	-30	-0.0042460737325564378	-1	
10.108000000000001	-30	-0.0041754918051405826	-1	
10.227185897578931	-29.772814102421069	-0.0040979274962591062	-1	
10	-29.424937499999999	-0.0042477939828494543	-1	
153.17604912175457	-52.080070219268997	0.0068357042187508488	-1	
157.48167845882347	-56.80395452372499	0.006545753040424704	-1	
164.24029064842478	-68.291562432795672	0.0060166636483118168	-1	
164.18983102348642	-62.124344442178398	0.0061877980450863544	-1	
169.16899189794586	-71.816925252959535	0.0057941352591232755	-1	
153.79464055442372	-46.55872828364668	0.0069632353996142054	-1	
163.49186160502691	-147.20873339894911	0	-1	
166.03610764901006	-144.33298637791188	0	-1	
167.23609305605882	-137.85879652806997	0.0017538603839766049	-1	
168.52977748617539	-141.41327413103892	0	-1	
170.37557547675607	-128.38720493910381	0.0037437431543594032	-1	
169.57155741666674	-134.8833072145176	0.0018124714080310993	-1	
171.94541996157929	-131.93836119589605	0.001807302023022125	-1	
171.33443166137556	-115.56653338395451	0.0039039852022460307	-1	
172.9444753723383	-118.86144481875374	0.0038756029752192479	-1	
173.32525070872126	-112.55873390310576	0.0039529824853623292	-1	
175.26327320566168	-109.51664794152919	0.0040006759779113981	-1	
173.97070212221834	-86.738592418280092	0.0052947013943183477	-1	
173.65799017811315	-79.989539365336697	0.0054763963669556895	-1	
173.83272162167989	-75.014399398820998	0.0055995736976180936	-1	
177.19543197170603	-100.25235182881411	0.0045114858431489326	-1	
178.69961724179163	-97.025975704637816	0.0045922818259963418	-1	
178.20130483767392	-90.798099947909506	0.0051150691021894226	-1	
180.58624592427685	-94.007249411013106	0.0046058036373357722	-1	
177.14790881177018	-106.44120214807803	0.0040470733797753917	-1	
178.97858344878435	-103.3333333333335	0.0040921445157448191	-1	
172.59029213332235	-125.39418715572779	0.0037963730998946689	-1	
174.75243611498519	-122.36297308822334	0.0038477690084754851	-1	
70.582218047922836	-17.346336985530147	0.016313831888466156	-1	
87.434601613227031	-10.706590462614717	0.013544944507515833	-1	
81.717459712304034	-13.536615063811272	0.014401612213169643	-1	
75.487465291697873	-9.8260118475196716	0.015723902151747318	-1	
54.743841229886335	-26.987779685049187	0.018912138236188238	-1	
56.946010127515024	-20.239430006817596	0.019479053674390248	-1	
54.191526092151143	-24.401177335744634	0.019699936522139146	-1	
59.105669991012917	-14.670123571891075	0.019450438889738512	-1	
66.86955007613669	-12.345590788802113	0.017533113030086374	-1	
112.62354660133153	-12.320931889711364	0.010430391419567493	-1	
123.23410089116716	-13.585489075243835	0.0094864364589463158	-1	
101.41342344095943	-10.470779214285315	0.011652304575853832	-1	
98.36443148634126	-5.3310685863323348	0.012092491494000249	-1	
90.530137313429549	-5.1287405643619159	0.01317437895484959	-1	
104.86840824664954	-6.0821321649612896	0.011308048886549342	-1	
110.5514795706096	-3.8649421220203353	0.010712962862916146	-1	
132.81990997943916	-16.298297521731524	0.0087440913215513227	-1	
138.47997467915118	-17.827377878813277	0.008357102155487536	-1	
146.80586302520192	-28.680385393602901	0.0076993324949958548	-1	
143.38111053407894	-21.04503020230646	0.0080174502285509062	-1	
151.75204066871152	-36.918310539122871	0.0072855062399890527	-1	
158.1800245759122	-38.486559328596691	0.0069702941701101379	-1	
158.55882308867564	-43.700330671178754	0.0068396918074709948	-1	
-158.25475607450403	-152.82484150098006	0	-1	
-159.70665952204314	-146.34419081823461	-0.0017295226928618988	-1	
-160.89781435621825	-150.03963921375029	0	-1	
-165.05133874310766	-124.37510478475708	-0.0037501237178917428	-1	
-167.1968455041563	-121.47561880711153	-0.0038028278470946903	-1	
-167.57870590344135	-115.17365363453501	-0.0042791677255178649	-1	
-169.29142248639215	-118.5391301792166	-0.0038543357288215057	-1	
-167.73411358908535	-108.92780700300578	-0.0047822023260389104	-1	
-169.77054225710094	-112.36867063633814	-0.0043047347136883412	-1	
-162.32301473189551	-143.61127215219452	-0.0016985310500791833	-1	
-163.42281453204941	-137.12802339979564	-0.0035795327111672027	-1	
-164.7608994702037	-140.71910195708881	-0.0017573608404590287	-1	
-165.79113844415454	-134.25501675729925	-0.0036356053412908121	-1	
-166.48673360444494	-127.74976383515431	-0.0037200854961320388	-1	
-168.10896076943482	-131.34111473614101	-0.0036905612477359556	-1	
-169.60961923128573	-105.98385284664134	-0.0048420794333838297	-1	
-169.24703293547003	-99.694121294603519	-0.0050224990078849407	-1	
-171.43346014042299	-103.00761498201119	-0.0049009576152181196	-1	
-171.44611349114959	-96.999543939383457	-0.0050645968701927609	-1	
-170.83759065093537	-92.757243556423504	-0.0051899970901007455	-1	
-172.66979631140535	-88.027282798203728	-0.0052866413328677853	-1	
-156.668109112509	-56.246427901610019	-0.006591236094953234	-1	
-168.67507642510859	-64.763291950234191	-0.0059901540273513887	-1	
-173.68627768701126	-69.895526484900856	-0.0057299644455428332	-1	
-174.84248763103133	-74.2687730065892	-0.0055950588255522021	-1	
-168.57860711840104	-56.481764356555971	-0.0061956102662910177	-1	
-161.57013121349766	-52.921590808264412	-0.0065101433407379001	-1	
-177.29191206708057	-84.563904201271114	-0.0052880074527736631	-1	
-176.89185709109807	-80.614263666331226	-0.0053939716666327985	-1	
-175.92207864089545	-77.423785546502003	-0.0054932137648449593	-1	
-10	-29.424937499999999	0.0042424746855297844	-1	
-10	-28.957875000000001	0.0042432026206215487	-1	
-11.665938073019738	-27.317693762450261	0.0031509338768036369	-1	
-11.013619125304773	-27.408509185489937	0.0035790240767224302	-1	
-10	-28.02375	0.0042441948225290741	-1	
-10	-30	0.0042407113757284669	-1	
-10	-29.892000000000003	0.0042413336143180208	-1	
-9.8919999999999995	-30	0.0041951356068437671	-1	
-9.7728141024210675	-29.772814102421069	0.004145121140364358	-1	
-35.934434881895115	-3.1617948570542325	-0.013038020791430302	-1	
-45.859290930416797	-11.34379797875372	-0.019749386385755605	-1	
-43.531500435711337	-4.7035709118226103	-0.018289624835550397	-1	
-6.4688921952908585	-16.814250000000001	0.0027421856221087025	-1	
-10	-11.2095	0.0042364468498902186	-1	
-6.7642201885272462	-13.101307292320191	0.0028658317125397196	-1	
-10	-26.1555	0.0042451076320213534	-1	
-33.312986512616121	2.2487434542639813	-0.011236242140937124	-1	
-24.675722197894586	1.8043600197442311	-0.0054624272923544026	-1	
-13.895923094482276	-4.4060016418202332	0.0016658603371395898	-1	
-17.241179325394981	-0.74622617920815593	-0.00054033995796992315	-1	
-10	-7.4730000000000008	0.0042349379262426393	-1	
-51.592144321400021	-29.888364291811651	-0.018986335641009672	-1	
-51.23179067852984	-30.506602812612318	-0.018756149838348883	-1	
-48.245723234723279	-30.67253204072788	-0.019002782416895344	-1	
-48.648750000000014	-30	-0.019718233459753855	-1	
-48.254928591020949	-29.330338223231387	-0.019602191466486063	-1	
-48.542833574500293	-28.394167258783433	-0.019831601292309108	-1	
-50.456913655021367	-30.725733125556566	-0.01880914211397107	-1	
-50	-30.573374999999999	-0.01897952226811386	-1	
-48.959562500000011	-30.348242937173335	-0.019461129712434699	-1	
-49.425781250000007	-30.325491440611554	-0.019518689570855331	-1	
-49.772814102421073	-30.227185897578927	-0.019582164426210063	-1	
-49.185545387143073	-27.871153308015355	-0.020221819176448462	-1	
-49.009777088867708	-26.622562500000004	-0.020376530682443744	-1	
-49.016301056946297	-25.353173042152576	-0.020595248014496647	-1	
-50	-18.682500000000001	-0.022137701361456468	-1	
-50	-22.419	-0.021682151369070705	-1	
-50	-14.946000000000002	-0.022478304718054447	-1	
-50	-24.28725	-0.021385998164478958	-1	
-9.673746156542208	-29.459994497038537	0.0041036611333191029	-1	
4.9558036421727341	-8.4716402473300629	-0.002103509258207912	-1	
-0.0060015293860091754	-9.821339724768734	-1.9951206805048581e-007	-1	
14.234072744377084	-11.2095	-0.001450914775814679	-1	
10	-7.4730000000000008	-0.0042403659858718905	-1	
-4.0677274563061365	-10.054824166634559	0.0017218801634118187	-1	
-56.266624438309599	-19.982780806778962	-0.019737458491359952	-1	
-66.145231409767419	-19.084769525956791	-0.017160722029478336	-1	
-59.413417894943237	-14.499546941659123	-0.019384306444352004	-1	
-71.967822270904264	-16.43205442274828	-0.016083659266983071	-1	
-52.511515693172015	-26.444001063852685	-0.019858389574626479	-1	
-51.763121260509685	-23.353124999999999	-0.020809718245009358	-1	
-52.118840128791362	-20.550749999999997	-0.021106162567761187	-1	
-83.47030800689933	-15.140507140136972	-0.0140180210213274	-1	
-76.183334135768732	-11.223263511194673	-0.015521047010201868	-1	
-51.358474868499648	-29.211997377102747	-0.019415193422320016	-1	
-51.259914336009054	-27.525583429030462	-0.0200713198891945	-1	
-120.47020625896025	-34.628492901284432	-0.0091218129883708816	-1	
-128.17567126989869	-34.545837579697597	-0.0086130093661639113	-1	
-117.89098833526381	-27.597899363856886	-0.0095787011782816189	-1	
-98.284965123143252	-11.897653518774192	-0.012004519496286349	-1	
-90.313983559868987	-7.5705138725543968	-0.013176020365080737	-1	
-111.59450674006386	-19.260319457945442	-0.010383236783913024	-1	
-117.17119972844999	-19.674052715341325	-0.0098727362235947105	-1	
-108.36489319692213	-10.654406978195881	-0.010877972191217037	-1	
-154.50825217697459	-49.902246962893507	-0.0068455601426657678	-1	
-135.25076828539747	-31.49231090415287	-0.0082780737796897697	-1	
-138.82237729007116	-36.230921740481143	-0.0079444663645107834	-1	
-144.7542522234065	-36.077027894919496	-0.0076400134005996413	-1	
-151.0068813344424	-38.732946611488373	-0.0072807764397051491	-1	
-155.97749975107692	-43.3635219089442	-0.0069553307306160729	-1	
19.43334416263642	-5.4999640340052665	0.0019873589415078064	-1	
31.966309051487002	-2.0165351109757399	0.010340488723829991	-1	
23.329957384551847	-0.62463093069476461	0.0045696489875944584	-1	
47.885248499432876	-16.814250000000001	0.020842674265452464	-1	
50	-14.946000000000002	0.02247879469865258	-1	
50	-7.4730000000000008	0.022851518589013537	-1	
50	0	0.022933321776484068	-1	
43.531500435711358	4.703570911822637	0.018219893151496819	-1	
35.934434881895108	3.1617948570540246	0.013001440734865687	-1	
48.159978777349302	-24.38858138192403	0.020221288983468904	-1	
50	-20.550749999999997	0.021923789524528111	-1	
50	-22.419	0.021674529581704224	-1	
50	-18.682500000000001	0.02213523385649873	-1	
50	-31.038750000000004	0.018609386293795788	-1	
50.654489202879681	-31.504125000000002	0.018265961787281088	-1	
49.558937910581072	-30.806062499999999	0.018999193510900254	-1	
48.959562500000011	-29.657497590745201	0.01982445298584843	-1	
49.174372358776758	-29.142808773890803	0.019960743164499691	-1	
49.270375000000008	-30	0.01987600308348466	-1	
49.185545387143073	-27.871153308015355	0.020226817742136527	-1	
49.490499393570389	-28.641624021782288	0.02018445228389662	-1	
49.009777088867708	-26.622562499999997	0.020377751716850186	-1	
49.425781250000007	-30.325491440611554	0.019521016206009989	-1	
49.087701058963745	-25.504548752796357	0.020615729105541443	-1	
54.093996004004524	-28.503682332046129	0.01868182785183618	-1	
52.654958943174293	-29.309555765241939	0.018863270553449635	-1	
51.177246594255607	-30.447372072344855	0.018814619291414682	-1	
51.467128567014036	-29.736955191208551	0.019108388102539273	-1	
10	-29.892000000000003	-0.0042466758082379151	-1	
159.40035173113597	-50.626941203330674	0.0066446341749123649	-1	
163.89504148867024	-55.963969206228477	0.0063553456182565355	-1	
169.49382766012576	-65.271524703310718	0.0059542137143623487	-1	
170.24194018839043	-55.109645425258769	0.0061758042193181539	-1	
173.79160598663523	-60.440017358624345	0.0059489023029213337	-1	
174.55294907426506	-70.08856736957604	0.0057032731001824535	-1	
170.97211152053384	-138.4504860309645	0	-1	
174.17561854091412	-128.88317793928661	0.0018657149576800235	-1	
173.36236579347911	-135.44552457164508	0	-1	
175.69981221040473	-132.39930509345089	0	-1	
175.12269076956417	-115.91118045811253	0.003925035582874944	-1	
176.86134881174249	-119.2944860737595	0.0038979495722525261	-1	
177.24931166812334	-112.92026521236001	0.0039731967564338739	-1	
179.06125261818502	-109.72887672974723	0.0040203441103312592	-1	
177.29191206708037	-84.563904201271029	0.0052868573749021491	-1	
179.75880925983375	-87.674229357815634	0.0051644789904544772	-1	
177.07467106184384	-78.792270835385963	0.0054341666918120172	-1	
177.68095167241464	-73.746984316784534	0.0055416712398042803	-1	
180.75473947547545	-100.19398818424315	0.0041358463629243983	-1	
182.47583585751192	-97.024122975750942	0.0041781604015440977	-1	
181.97691598243091	-90.730343399124607	0.0046841895741153404	-1	
184.14134833226305	-93.824703279506494	0.0042191076663197317	-1	
180.8145465771785	-106.5079075576286	0.0040661694992955343	-1	
182.78165591276215	-103.41288526752446	0.0041103546330511784	-1	
176.44525785903801	-125.85717929415148	0.0018584643794226951	-1	
178.56747350366669	-122.72602436466823	0.0019165867374793175	-1	
82.354444389829709	-5.3818454541394294	0.014496996667451195	-1	
70.068708707443875	-7.2898680656404053	0.016976814021175998	-1	
76.193650054602017	0.677479953902834	0.015694883725287108	-1	
52.511515693172015	-26.444001063852685	0.019858874100842347	-1	
52.598057813226625	-27.809111542172367	0.01942758339152896	-1	
53.530364909458861	-16.814250000000001	0.021039087459821585	-1	
52.118840128791355	-20.550749999999997	0.021103439314418725	-1	
51.763121260509699	-23.353124999999999	0.020808472455519256	-1	
51.062530058462244	-25.221375000000002	0.020737905755688468	-1	
54.236851922344762	-11.2095	0.021240304878093495	-1	
59.51767027463891	-8.9351436010911378	0.019692385882485317	-1	
115.83422406344796	-6.9154899389082507	0.010189640467636155	-1	
131.50921040025008	-10.012420859647092	0.0089041590379060152	-1	
128.27060711511089	-4.46790757538942	0.0091695915096302125	-1	
121.66964609463516	-3.7468130091391583	0.0096923501160342315	-1	
102.64288692503325	0.075210203691312039	0.011567669767000412	-1	
96.072220123316981	2.1631204213865818	0.012370015485028243	-1	
87.367933083810286	-0.6866700342446217	0.013669714265893458	-1	
90.994989747271859	2.9529017545321201	0.013071692994224586	-1	
109.23580589675467	2.0917544577677205	0.010823487208053678	-1	
116.65599011027169	0.60702638130371689	0.010112811275286543	-1	
137.32935234468107	-12.078422548776523	0.0084931915098459525	-1	
144.20732944751848	-14.201369732280874	0.0080530585240305569	-1	
155.14010151370368	-27.926696240512463	0.007303094835588375	-1	
150.07417627045919	-19.395424985774657	0.0076759614006392937	-1	
156.44893743266809	-33.55399029932839	0.0071412417680676464	-1	
161.5546673281637	-34.494230907652558	0.0069061318648276481	-1	
164.21447926086751	-38.906171656592164	0.0067202295613499443	-1	
166.37321808189179	-50.371522381206084	0.0064046882385729855	-1	
168.77997844307851	-44.747971431697877	0.0064395262695612614	-1	
-163.49186160502748	-147.20873339894942	0	-1	
-168.81636873965567	-124.91754169500113	-0.0037731996754406102	-1	
-170.84371684636429	-121.86163892027054	-0.0038253865664063195	-1	
-171.33443166137582	-115.56653338395473	-0.0039045950914743731	-1	
-173.0730897035543	-118.94983899960174	-0.0038760687469511054	-1	
-171.49612402886348	-109.2550804625423	-0.0043900577811865002	-1	
-173.32525070872151	-112.55873390310597	-0.0039535742020617628	-1	
-166.03610764901063	-144.33298637791219	0	-1	
-167.14685026277715	-137.78523044639581	-0.0018167629748952335	-1	
-168.52977748617596	-141.41327413103923	0	-1	
-169.57155741666728	-134.88330721451797	-0.0018127714872452816	-1	
-170.37557547675661	-128.38720493910418	-0.0037443726585184912	-1	
-171.8536641133712	-131.86795445726099	-0.0018720753596233198	-1	
-173.16282551978497	-106.11431595506177	-0.0044749424795746499	-1	
-173.20508075688826	-100.00000000000033	-0.0049575292659615579	-1	
-175.41879945874157	-103.3295696076478	-0.0044626244842510907	-1	
-174.92394142787967	-96.961924049267708	-0.0050117747038324013	-1	
-174.76734523596102	-90.978121442243022	-0.0051710052858740902	-1	
-176.58951857178593	-93.894312557178424	-0.00506511095373727	-1	
-176.28771643834369	-87.893813141896729	-0.0052229406928226722	-1	
-175.10400947082397	-61.581973151397982	-0.0058872862527099877	-1	
-176.7375215868542	-66.138201607094203	-0.0057404360570494119	-1	
-178.12330971385487	-70.775784042024881	-0.0056007089711925034	-1	
-178.3648233882947	-75.153847447205052	-0.0054937123270608164	-1	
-170.88233491562653	-50.925914165352687	-0.0062459163417068293	-1	
-176.78907794668044	-55.394945885070044	-0.005971426598442308	-1	
-160.58813240643917	-47.080960546762441	-0.0066876380174349867	-1	
-166.50416905540771	-46.802045009909293	-0.0064805615595713122	-1	
-181.26155740733054	-84.523652348140146	-0.0052123772024054984	-1	
-179.75880925983395	-87.674229357815747	-0.0051652031620584215	-1	
-182.70909152852073	-81.347328615160293	-0.0052582105925157918	-1	
-180.13514832033928	-78.324991655106771	-0.0053809373303003501	-1	
-41.119089170374821	4.4422418257197105	-0.016548059471491024	-1	
-50	-7.4730000000000008	-0.022867640975855918	-1	
-50	0	-0.022940059955131528	-1	
-35.748983107164236	7.7452729922895553	-0.012804806706421338	-1	
-29.501524072554332	6.8983316552809155	-0.0086367375222427423	-1	
-18.904230175806632	4.0489987894073067	-0.0016288956803866129	-1	
-22.520799510353484	7.6099462587058131	-0.0040002012237684657	-1	
-10	0	0.0042373826875225238	-1	
-13.975650447932548	3.0723018381204326	0.0016206407417067609	-1	
-3.0548130636246356	-4.3100220297007574	0.0012924754735426068	-1	
-50.88481514660505	-29.779925115240289	-0.019333568810389577	-1	
-50.485735857207175	-30.203527410783639	-0.019213198931963833	-1	
-48.959562500000011	-29.657497590745201	-0.019820005229121966	-1	
-49.270375000000008	-30	-0.019871829638778926	-1	
-49.174372358776758	-29.142808773890803	-0.019955904204112432	-1	
-49.490499393570389	-28.641624021782288	-0.020178768709090904	-1	
-50.167564466655747	-30.340687500000001	-0.019195914812850847	-1	
-50	-30.108000000000001	-0.019508225889514699	-1	
-49.581187500000006	-30	-0.019893539983250115	-1	
-49.892000000000003	-30	-0.019804637379663752	-1	
-50	-28.02375	-0.0205770931427137	-1	
-50	-27.089625000000002	-0.020823456131636095	-1	
-50	-26.1555	-0.02103223540217956	-1	
-53.530364909458861	-16.814250000000001	-0.021038010654935813	-1	
-54.236851922344762	-11.209499999999998	-0.021244060424123648	-1	
-51.062530058462251	-25.221374999999998	-0.020734656535283943	-1	
3.1014456634666758	-2.9794759040861809	-0.001318043386849598	-1	
17.241179325394988	0.7462261792081496	0.00053324726226946075	-1	
10	0	-0.0042427466943566958	-1	
-66.276878973519246	-11.657209381232359	-0.017726725307159893	-1	
-60.968135391953965	-8.5459094853060336	-0.019290447409065513	-1	
-50.866996862803475	-26.622562500000004	-0.020508760739990202	-1	
-82.483347080731093	-8.9403092986877226	-0.014419308553465538	-1	
-77.602487198788737	-4.6743668387148372	-0.01540807731253141	-1	
-71.120519388705645	-4.7461412631319346	-0.016812593126403576	-1	
-50.645971796960438	-29.410075192464493	-0.019671385462201731	-1	
-50.506408169298354	-28.651541919935717	-0.02007896885472003	-1	
-124.26254208082675	-28.956740927296586	-0.0090607876625910175	-1	
-130.27953029886075	-27.958577785312379	-0.0086773546859640338	-1	
-121.98083948075151	-22.526778665738838	-0.009409882281117176	-1	
-103.92508857784262	-4.794858856410988	-0.011428397899036718	-1	
-96.784839439375901	-2.9528054187309785	-0.012306988453117198	-1	
-91.651183543441661	0.26575458773934779	-0.013004840895539676	-1	
-85.630322958153229	-0.41453151797707616	-0.013950815739029378	-1	
-114.95263923588911	-14.540957232512417	-0.010179444044274941	-1	
-121.14062496667846	-13.147839495856015	-0.0096624592154932101	-1	
-111.2433598624494	-3.8897489009120942	-0.010645007807403181	-1	
-139.9828412061068	-27.603140792358076	-0.008091721600047801	-1	
-145.67583154027244	-29.863233564897477	-0.0077344385063296767	-1	
-156.86079540254261	-37.432258214302216	-0.0070493993762334572	-1	
-151.84808940981486	-28.695423132952094	-0.0074490989759457811	-1	
-161.55345196628517	-41.1657652248809	-0.0067803327746002277	-1	
28.183712313667531	3.2988280734910216	0.00778519531382424	-1	
20.330548439591432	7.3376850472670627	0.0025486778405811477	-1	
57.061281826526816	-3.7365000000000004	0.02057666656134358	-1	
56.859545284693297	3.9652509313728128	0.020578142938394852	-1	
50	7.4730000000000008	0.022737461130982871	-1	
45.859290930416797	11.343797978753724	0.019577037864884479	-1	
39.154788119810284	10.213163763520946	0.015033742851463161	-1	
31.645471824555294	11.640353125903548	0.0099820060389266274	-1	
50	-24.28725	0.021387428442804151	-1	
50	-30.573374999999999	0.01897582108997159	-1	
50.456913655021367	-30.725733125556566	0.018803976538331067	-1	
49.772814102421073	-30.227185897578927	0.019582487471464707	-1	
49.421829749977	-29.642621431956844	0.019928230860843658	-1	
49.729967660177415	-29.19140625	0.020114155702646106	-1	
49.581187500000006	-30	0.019897237637562588	-1	
50	-28.02375	0.020585003156167233	-1	
50	-27.089625000000002	0.020829453773653344	-1	
50	-28.957875000000001	0.020290744757172244	-1	
50	-26.1555	0.021036664714272173	-1	
51.553685613238521	-28.692459075396837	0.019543009127491014	-1	
50.747751771141523	-29.857768039413166	0.019346486914484647	-1	
50.488762029298158	-30.206358125556569	0.019208159291607175	-1	
50.806571297032441	-29.427499521030132	0.019572291473882453	-1	
176.39417447468296	-66.359561178091681	0.0057442307809441023	-1	
176.15704759232409	-52.655160422825531	0.0060439603004253661	-1	
179.4608078566298	-63.550405103395576	0.0057265214478108084	-1	
181.10737395899343	-56.771322078823623	0.0058195795247399746	-1	
180.407077836083	-67.451442473534044	0.0056192209729683537	-1	
180.86845752455392	-71.245980127237985	0.0055242265321159625	-1	
177.98373876248874	-129.31275550434435	0	-1	
178.91638782835741	-116.18966080320597	0.0039468555623214307	-1	
180.73012438910391	-119.62265980624922	0.0019072469220644572	-1	
180.91692718003779	-113.04944303641723	0.0039944657190032476	-1	
182.86235748311759	-109.87478931414508	0.0040407772637224204	-1	
179.24777656653976	-81.6879180272105	0.0053186076460326626	-1	
181.26155740733034	-84.523652348140033	0.0052118842684210423	-1	
183.30618782074274	-87.432566582667747	0.0047619128103286801	-1	
180.68793370641779	-78.565349581671214	0.0053625298085088532	-1	
181.47467245330751	-75.169270557375071	0.0054236551565651405	-1	
184.6944607688848	-100.28091016611364	0.0041531812189890566	-1	
186.14093971469055	-96.898839974206865	0.0041950742017267898	-1	
185.75076956849489	-90.596703669742809	0.0042586214434264715	-1	
187.94337224414997	-93.705108756472953	0.0042351060195633785	-1	
184.75208614068057	-106.66666666666686	0.004085767820352402	-1	
186.58553752307145	-103.42605231921874	0.0041293935229089734	-1	
180.21344974357851	-126.1868159972304	0	-1	
182.3882659621095	-123.02243876356457	0	-1	
82.036447044725634	0.45647597541644508	0.014571735791151919	-1	
66.625881219545221	-2.3968232987973384	0.017904780943721329	-1	
72.887382237530346	6.2195437862493002	0.016264281668632901	-1	
79.337080680370235	6.4369567491457431	0.014936562755989797	-1	
50.866996862803475	-26.622562499999997	0.020515626766723017	-1	
51.259914336009054	-27.525583429030462	0.020085034094036627	-1	
136.48981386343323	-5.9597960385771565	0.0085824296954043547	-1	
131.26539705711289	1.3074639661825929	0.0089361440844759922	-1	
120.04712479124393	5.70269175880847	0.0097727087124111992	-1	
126.12286889983025	6.4449407675463029	0.0092745209343984784	-1	
103.53589207360133	8.941370728651183	0.011316634535729047	-1	
94.800077056330466	10.699721272129604	0.012319073300379148	-1	
90.086306708434606	8.2071314729952078	0.013064039719999702	-1	
86.136411542076658	4.6250981154965292	0.013789423727096219	-1	
113.9821103242226	6.5280399149313606	0.010295345924374531	-1	
109.45484317108772	10.746690694027313	0.010649799275609426	-1	
144.65953238250376	-7.7024348644433926	0.0080694205532304848	-1	
151.16453597870404	-7.3480761137054129	0.0077091159857611601	-1	
153.82670004464259	-12.516713846005505	0.007542861218583565	-1	
159.39688720259784	-23.976153755927967	0.0071601230714299201	-1	
160.5141827455798	-29.448716808681787	0.0070345313222934429	-1	
157.84382017381674	-18.380173669491441	0.0072981866910203086	-1	
165.62791594969772	-31.340111956712583	0.0067923288663659636	-1	
170.1224622562282	-34.426646645865752	0.0065708916721832922	-1	
174.91888293769344	-41.990773665017201	0.0062790377222895072	-1	
179.34378897926393	-47.061128134072149	0.006048928757118717	-1	
-172.59029213332292	-125.39418715572812	-0.003796976334095226	-1	
-174.7524361149857	-122.36297308822367	-0.0038483908388303946	-1	
-175.25158537593856	-115.99649393698769	-0.003925503295237589	-1	
-176.86134881174303	-119.29448607375981	-0.0038985555299096363	-1	
-175.2632732056619	-109.5166479415294	-0.004001286662825519	-1	
-177.11894776751487	-112.83721424819944	-0.0039739402870234116	-1	
-170.97211152053438	-138.45048603096481	0	-1	
-173.36236579347963	-135.44552457164536	0	-1	
-174.17561854091466	-128.88317793928692	-0.0018659331992146092	-1	
-175.69981221040521	-132.39930509345115	0	-1	
-177.14790881177041	-106.44120214807822	-0.0040476672933163413	-1	
-176.97906366156354	-100.12993652887305	-0.0045446534611926145	-1	
-178.97858344878452	-103.33333333333367	-0.0040927204154773298	-1	
-178.47910608218433	-96.906247913695182	-0.0046260526889588868	-1	
-178.20130483767409	-90.798099947909634	-0.0051161283779607367	-1	
-180.58624592427708	-94.007249411013234	-0.0046064522975584402	-1	
-180.77728248109204	-59.80413589559042	-0.0057697938208407717	-1	
-180.78233504503046	-63.34360609571025	-0.0056970528442811244	-1	
-182.08432418462019	-68.078539186974041	-0.0055647609829854493	-1	
-182.75891764306223	-71.990652171650709	-0.0054655186542643466	-1	
-181.98945088999326	-75.382498767467553	-0.0054078980269740397	-1	
-175.11777701579342	-42.316126831046276	-0.0062680207378286827	-1	
-176.14090241613658	-48.00665039628651	-0.006132855598084133	-1	
-182.57648578156267	-56.756063995271411	-0.0057800036636832218	-1	
-181.81419195024134	-51.254214950188889	-0.005901697708744923	-1	
-170.0699820109501	-38.083603869435308	-0.0065171874580744775	-1	
-183.30618782074299	-87.432566582667874	-0.0047625002435235809	-1	
-185.25871804213017	-84.42726187810689	-0.0047357850391471848	-1	
-181.97691598243117	-90.73034339912472	-0.0046848755837228858	-1	
-186.47598222565125	-81.082064704708301	-0.0048103039860567919	-1	
-184.10097069048862	-78.146225697854987	-0.0053017147182434976	-1	
-50	7.4730000000000008	-0.022734906301621161	-1	
-45.946748757569793	12.488966326091591	-0.019579557916343259	-1	
-40.48732285901616	13.804770522741304	-0.015790285239752549	-1	
-56.859545284693297	-3.9652509313728128	-0.020661783653042706	-1	
-57.061281826526816	3.7365000000000004	-0.020513935208746118	-1	
-32.587778844009307	13.200072862502392	-0.010576291518913448	-1	
-26.22722147959152	12.79485938563781	-0.0063961130349226535	-1	
-17.450123877652054	8.9116622061322683	-0.00065084915500198271	-1	
-17.611968992436207	14.144254483261927	-0.00072909376519444209	-1	
-2.9420579961947904	3.7364999999999995	0.00124673440387024	-1	
-10	7.4730000000000008	0.0042474058986295138	-1	
-50.315703369758893	-29.90164187444342	-0.01954930416926259	-1	
-50.173185897578932	-30.054000000000002	-0.019495033281722553	-1	
-49.421829749977	-29.642621431956844	-0.019924010784145026	-1	
-49.729967660177415	-29.19140625	-0.02010912175840128	-1	
-50	-28.957875000000001	-0.020284378351048477	-1	
-50	-30	-0.019703408713649628	-1	
-49.783505811807544	-29.783505811807551	-0.01991342036644024	-1	
-50	-29.892000000000003	-0.019823698505204684	-1	
3.7895384816774262	4.7022263989915549	-0.0016132657100759577	-1	
15.172257274091667	7.9384601074899086	-0.00085232684164587781	-1	
10	7.4730000000000008	-0.0042537107101585951	-1	
-62.949124561075003	-2.6361598471895289	-0.018889574932660917	-1	
-76.806002914494499	1.7588804784513652	-0.015541113455977536	-1	
-66.625881219545221	2.3968232987973384	-0.017857735007989942	-1	
-50.263847465560048	-29.19140625	-0.020008874759411325	-1	
-50.225841818949867	-29.541703124999998	-0.019858393053194499	-1	
-131.38023607308239	-21.95950088360734	-0.0087440420306257212	-1	
-127.27971776743587	-14.742669899481371	-0.0091609286471182241	-1	
-100.79992675149343	1.8841891435492757	-0.01176471517622853	-1	
-107.00564764520423	6.0883374532179362	-0.011008524770323023	-1	
-95.190956662110054	4.7226565215296379	-0.012442774971160695	-1	
-89.640353000885369	5.9815320416150168	-0.013199374739970932	-1	
-82.204665028701172	4.6774943188970921	-0.014453681211999444	-1	
-117.95432507649309	-3.6691186342027859	-0.010012780294587392	-1	
-123.60140850017945	-7.3017733968549381	-0.0095153714883072036	-1	
-114.3272372354996	4.482049592463401	-0.010298589739617623	-1	
-144.67189673924247	-23.662212412831487	-0.0079032226213200628	-1	
-138.86191227299179	-21.509354038066977	-0.0082761101028826604	-1	
-157.62576282020197	-31.186940481415579	-0.0071348550596652119	-1	
-163.94121809594859	-35.668497680121732	-0.0067915310745900988	-1	
-157.01095116083204	-24.667859488191354	-0.0072627363084925697	-1	
-151.77233215626532	-18.522682445314867	-0.007596660552079945	-1	
24.017729268615355	11.085299273980437	0.0049516517905942026	-1	
18.211761397564612	12.149197941225186	0.0011275754978916732	-1	
62.723613834697701	3.0571058560040907	0.018868586209379121	-1	
60.659864523148705	8.6206448570490437	0.019203461684145471	-1	
54.236851922344762	11.209499999999998	0.021031248491693424	-1	
50	14.946000000000002	0.022218286983366298	-1	
42.170113815082914	15.40720827215211	0.016829466068891661	-1	
46.301428560620103	16.814250000000001	0.019498983702351636	-1	
37.857505489811956	16.077236169632378	0.013958853245450932	-1	
32.115609984284305	17.549260880977812	0.010163578638073132	-1	
28.673959103939257	16.76932309056772	0.0079371193825722667	-1	
50.167564466655747	-30.340687500000001	0.01919447345486705	-1	
50	-30.108000000000001	0.019509830203662613	-1	
49.892000000000003	-30	0.019807109516187547	-1	
49.796627665537017	-29.541703124999998	0.020009469100770002	-1	
49.783505811807544	-29.783505811807551	0.019916884978570571	-1	
50	-29.424937499999999	0.020099358902872864	-1	
50.506408169298354	-28.651541919935717	0.020090270337494998	-1	
50.263847465560048	-29.19140625	0.020013741438442468	-1	
50.315703369758879	-29.901641874443428	0.019554094182020851	-1	
50.225841818949853	-29.541703124999998	0.019860722153095992	-1	
50.173185897578932	-30.054000000000002	0.019496874622870055	-1	
182.59032484339443	-52.407245667896525	0.0058583725697930831	-1	
182.65120011288539	-61.114236659207982	0.0056924460184809046	-1	
183.24472619564915	-64.890360864181844	0.0056020120659281613	-1	
186.19426908499733	-52.856458151855712	0.0057495094868820432	-1	
185.39773939456114	-58.455682692006533	0.0056712955559133056	-1	
183.98749269607708	-68.790104735885578	0.0055044819069346362	-1	
185.43677091335786	-74.921318683182534	0.0053421737194271615	-1	
186.71608529944075	-71.673589909060169	0.0053820686521933326	-1	
182.74177150616575	-116.41934803385632	0.0019649839935716807	-1	
184.50752494799363	-119.82058770330622	0	-1	
184.79479910194323	-113.24239853383126	0.0019535464343761648	-1	
186.69342680929651	-109.97083266049103	0.0020108134453219757	-1	
182.70909152852056	-81.34732861516018	0.0052572989802305466	-1	
185.03250388234068	-84.324170146117552	0.0047694599843377756	-1	
187.30360932090804	-87.341107426411355	0.0042967226321136923	-1	
184.10097069048845	-78.146225697854888	0.005300813338782402	-1	
188.36215314323812	-100.15393339432353	0.0041716333795494198	-1	
190.08139182685221	-96.851306611103468	0.0042125099922975503	-1	
189.40926842973226	-90.34358670724032	0.0042740311904122434	-1	
191.74272987715605	-93.519177981669984	0.0042519555641241311	-1	
188.63432981753343	-106.72416884245403	0.00199728502383641	-1	
190.41762492977796	-103.38833476723708	0.0020539859881770939	-1	
66.576862556527175	7.5698103361120861	0.017685101285667863	-1	
74.00326213136789	16.023285976017927	0.015366088020646242	-1	
83.473171248880121	11.530627710548996	0.013943655462497736	-1	
137.6097120332775	-0.13244947674714425	0.0085089523237969217	-1	
143.42658745867982	-1.3055224275235418	0.0081510036292018369	-1	
136.13940504016523	5.616492791922612	0.0085710619700975366	-1	
115.2568025768272	12.898533933199749	0.010047250723366419	-1	
122.31182127173182	12.402712472063246	0.009473639978291374	-1	
128.52979259919275	12.182398730721069	0.0090109062635615467	-1	
104.70930641751868	15.699839726490334	0.010961704200433615	-1	
97.272722870533258	17.107881493390348	0.011730261150141714	-1	
88.44614186701979	17.012301823315152	0.012867030322556313	-1	
108.90518488483494	21.126478493238647	0.010343307046019223	-1	
114.64527144239597	18.992017810691603	0.0099135827742733718	-1	
148.54232610354154	-1.8892947644561615	0.0078578782255125414	-1	
153.68654880781907	-2.1096235930166998	0.0075818631037948888	-1	
156.92280136470484	-6.5453848491985065	0.0074149494458991454	-1	
159.40082754800815	-11.445251660516611	0.0072749201626394365	-1	
163.76151187658968	-20.421442413416468	0.0070073131336746315	-1	
164.86156727692426	-25.941931466896499	0.0068979886028450134	-1	
163.98192899794645	-14.796734637361705	0.0070447377656962804	-1	
169.7362176770479	-27.242945119616259	0.0066845083861371748	-1	
174.03054650507346	-29.891264013703054	0.0064884910884955242	-1	
180.03072492443854	-37.613861577581304	0.0061741455724514871	-1	
185.03484626366586	-44.466357472104953	0.0059158107285127463	-1	
185.42100390428786	-48.54046128032973	0.0058414984713516397	-1	
-176.44525785903846	-125.85717929415172	-0.0018587602454059051	-1	
-178.5674735036672	-122.72602436466855	-0.0019169632014098498	-1	
-178.91638782835793	-116.18966080320625	-0.0039474481008566044	-1	
-180.63368072771533	-119.55882513930717	-0.0019756036622653045	-1	
-179.19304610292247	-109.80963988106602	-0.0040207926718226327	-1	
-180.91692718003833	-113.0494430364175	-0.0039950733051503746	-1	
-177.98373876248922	-129.31275550434461	0	-1	
-180.94901367670312	-106.5871147324761	-0.0040666143702340427	-1	
-180.7547394754757	-100.19398818424331	-0.0041364292210985948	-1	
-182.64582693742045	-103.33603693078703	-0.0041110918128292881	-1	
-182.47583585751215	-97.024122975751084	-0.0041787529396144461	-1	
-184.14134833226328	-93.824703279506636	-0.0042196682801502175	-1	
-184.31444548319448	-59.932013659476482	-0.0056739446476994498	-1	
-185.16002337649013	-65.568603167833359	-0.0055421125865741166	-1	
-186.71608529944089	-71.673589909060269	-0.0053823342843050586	-1	
-187.93852415718223	-68.40402866513395	-0.0054202344357024701	-1	
-185.43677091335803	-74.921318683182633	-0.0053430397906860704	-1	
-180.79411599837314	-43.415226365313991	-0.0060646332098082661	-1	
-178.56389651911985	-37.673594720206879	-0.0062229603867712362	-1	
-182.65456310352243	-47.454279036466119	-0.0059417802417109514	-1	
-188.337863545913	-55.78821679462628	-0.0056422029591363925	-1	
-187.32487400635353	-51.949785274878657	-0.0057338739306617556	-1	
-186.46938461433811	-48.224261805289537	-0.0058180621978190569	-1	
-174.26453709443913	-33.004214862570279	-0.0064391528742487351	-1	
-170.92085117890875	-27.60909074761458	-0.0066336726704771826	-1	
-185.75076956849509	-90.596703669742951	-0.0042591834491711765	-1	
-187.30360932090824	-87.341107426411497	-0.0042972812851978905	-1	
-188.7993945794714	-84.058906235665646	-0.0043339065877934738	-1	
-190.23766971350489	-80.751099887783482	-0.00436908446545507	-1	
-188.09233238413805	-77.910395051898121	-0.0048137963279098672	-1	
-54.236851922344762	11.2095	-0.021039905955337185	-1	
-50	14.946000000000002	-0.022231101413836146	-1	
-47.885248499432876	16.814250000000001	-0.020580255812886375	-1	
-44.408454267013695	17.824894937101437	-0.018166847850344791	-1	
-40.405337048975859	19.419924140646266	-0.01547116152971181	-1	
-35.198679110820805	20.680156732492936	-0.012076663678213178	-1	
-59.51767027463891	8.9351436010911378	-0.019521823931534319	-1	
-29.797232907791972	20.615011047220452	-0.008606400877855986	-1	
-24.025011912639577	18.77575906470846	-0.0048862912175337697	-1	
-13.584462427013491	12.441942269937886	0.0019048739197746014	-1	
-13.544448432032405	16.814250000000001	0.0019462844134974374	-1	
-17.970870055664815	18.996551835601583	-0.00093758638445189005	-1	
-5.7581277004240521	11.2095	0.0024488655930095687	-1	
-10	14.946000000000002	0.0042629672938026952	-1	
-50.111849046780968	-29.946000000000002	-0.019658273737427286	-1	
-50.125333641960822	-29.775234375000004	-0.019787022294924454	-1	
-49.796627665537017	-29.541703124999998	-0.02000548271529675	-1	
-50	-29.424937499999999	-0.020095442354202984	-1	
-50	-29.658468749999997	-0.019976128372202365	-1	
5.7649900503648004	11.2095	-0.002458162676801573	-1	
10	14.946000000000002	-0.004269780142619934	-1	
15.019920880040766	16.552207394845311	-0.00098534957461345377	-1	
-70.167112774987814	7.2874579171826719	-0.016809216720475886	-1	
-75.408843244191289	10.2846048251662	-0.015511993770378761	-1	
-66.86955007613669	12.345590788802113	-0.017282286061148039	-1	
-133.46451203910993	-13.372460646375641	-0.0087382717175645865	-1	
-131.23257867092252	-7.4439172316572684	-0.0089354080975022707	-1	
-99.781417506913712	8.0874206754334033	-0.01177638524514551	-1	
-104.86379904787456	12.40108625798972	-0.011075886981170272	-1	
-113.79863123681741	13.388108505577124	-0.010168509191704568	-1	
-93.549574188032636	10.351744232259616	-0.012497078298193178	-1	
-83.693147361409757	10.631340111175071	-0.01395912966103563	-1	
-88.683769324266464	12.691593561368464	-0.01308341078040789	-1	
-123.35061747322537	0.32659909702673406	-0.0095425536858453879	-1	
-120.02612104884885	4.5171928049437922	-0.0097853673444892996	-1	
-128.95983458253843	-1.8664966822334927	-0.0091116646837522235	-1	
-117.31444540678361	9.1280677016153788	-0.0099486188649354802	-1	
-146.12384070018831	-15.017976753585099	-0.0079375841423334169	-1	
-139.48443700611605	-15.344681975700917	-0.0083250927380058154	-1	
-162.8357608512527	-27.65918067507446	-0.0069624523824787597	-1	
-161.92955739310571	-17.955965807595295	-0.0071111450913386078	-1	
-158.94958452241713	-11.31314426787633	-0.0072989211326869759	-1	
-151.40096543769249	-10.97565412669849	-0.0076788360621234172	-1	
24.618287070929469	18.408408815218472	0.0052706921875416788	-1	
19.84706333052932	17.335731053624738	0.0021662129372387782	-1	
59.413417894943414	14.499546941659155	0.019076120008621435	-1	
53.530364909458861	16.814250000000001	0.020714106853573555	-1	
50	18.682500000000001	0.021807642765287447	-1	
43.263639385910707	19.632339012915516	0.01727254270667657	-1	
47.518129421775122	21.303146066718508	0.019837172564699187	-1	
33.96978177895312	20.551811579125022	0.011287463786492967	-1	
39.817500725025639	23.694973227804134	0.01487785697346768	-1	
30.559386503631231	20.716504511858407	0.0090948119119849923	-1	
27.148426660482368	20.869058254703578	0.0068877866131076037	-1	
50	-30	0.019705752013794826	-1	
50	-29.892000000000003	0.019826528838289753	-1	
50	-29.658468749999997	0.01997949651527791	-1	
50.111849046780968	-29.946000000000002	0.019660982764615059	-1	
50.125333641960829	-29.775234374999997	0.019790286509031807	-1	
186.27615252009704	-62.327128768078772	0.0055770073725689446	-1	
187.93852415718209	-68.404028665133865	0.0054194406117120501	-1	
189.10371511986378	-65.113630891431455	0.0054552760321054704	-1	
188.33786354591288	-55.788216794626216	0.0056413358471834561	-1	
189.81974474921066	-52.641674166129739	0.0056538504574189796	-1	
190.17011389622198	-49.181335472525426	0.0056980910035219377	-1	
191.26095119260748	-58.474340944547457	0.0055205758515274612	-1	
190.2113032590311	-61.803398874989604	0.0054886919009204211	-1	
187.86265817834212	-77.815260880930111	0.0048480104907875528	-1	
188.95865069535355	-74.432791966964473	0.0049202749335060967	-1	
190.46393076337728	-71.211545706881324	0.0049197554572833696	-1	
186.57058115441407	-116.58223813130535	0	-1	
188.57680615446506	-113.30837648021217	0	-1	
190.52558883257689	-110.00000000000024	0	-1	
186.24587521303286	-80.982011328056458	0.0048445325609574137	-1	
188.79939457947125	-84.058906235665503	0.004333359991953117	-1	
191.09914335389286	-87.088897036154194	0.0043112065607744578	-1	
192.24403865913197	-100.07591219094022	0.0020383683351016921	-1	
193.90982850586909	-96.679874113821299	0.0020944250029209161	-1	
193.34566123448576	-90.158562504682692	0.0042899902376062312	-1	
195.61952775254852	-93.305728455934343	0.0020767321481964611	-1	
192.41633557066748	-106.65811645419438	0	-1	
194.24847042896431	-103.2837438128962	0	-1	
66.470786294851678	17.536000012640464	0.016849931253339001	-1	
81.075081283483385	18.702747769590573	0.013860935689471686	-1	
72.106535770614968	26.088772342025866	0.014522284911028955	-1	
141.45222325077756	3.9127713584292261	0.0082492171925944817	-1	
146.88474878801662	2.9855395370310758	0.0079367312407887646	-1	
133.77106768038402	15.535120177103671	0.0085902156910947318	-1	
140.52698587208852	11.906210583359194	0.0082231353073917227	-1	
127.13607241882322	20.134363743252887	0.0089266454868319207	-1	
119.49298101525579	22.734240143856084	0.009396724946558915	-1	
101.65614229882574	22.39599352506205	0.010966210471516793	-1	
94.355827646183357	23.326419665180222	0.011706368955335509	-1	
85.772405841208325	22.269376502728441	0.012849009987397788	-1	
113.33625812615951	27.477074056634667	0.0096697926305334258	-1	
107.08109897154164	32.041880518053162	0.0099232319838665137	-1	
152.32535153249125	3.8641374770370605	0.0076371152535194241	-1	
157.93009385708595	1.3891540792449719	0.0073633586094657187	-1	
162.4129216184308	-6.6342000135651933	0.0071524860607616418	-1	
163.27050805975836	0.074203156598393605	0.0071156073365509203	-1	
168.60429225655005	-22.326279797426906	0.0067836417028055533	-1	
170.81339235078829	-17.614506878271115	0.0067342034009966823	-1	
169.68553045796486	-10.658863516118224	0.0068200619545105319	-1	
174.64124334784836	-23.935605571312312	0.0065304333075318728	-1	
179.92635861787934	-30.931560916844969	0.0062650382540960789	-1	
185.59629779704881	-34.184971338858233	0.0060370629952006555	-1	
186.55881455649472	-37.955819799278345	0.0059604736321625159	-1	
188.03879496931927	-41.687197214508153	0.0058655298982310559	-1	
189.02378211435371	-45.380595046644231	0.005785653986596361	-1	
-180.21344974357896	-126.18681599723065	0	-1	
-182.38826596210993	-123.02243876356479	0	-1	
-182.74177150616623	-116.41934803385661	-0.0019652677509553367	-1	
-184.50752494799406	-119.82058770330643	0	-1	
-182.86235748311805	-109.87478931414533	-0.0040413699786167453	-1	
-184.69618639367889	-113.18196858848616	-0.0020235018164706632	-1	
-184.75208614068103	-106.66666666666708	-0.0040863440666418114	-1	
-184.55862108578509	-100.20715523593762	-0.0041539055069954294	-1	
-186.58553752307188	-103.42605231921897	-0.0041299756175918649	-1	
-186.41647411004209	-97.042274101720594	-0.0041953393415173788	-1	
-187.94337224415031	-93.705108756473123	-0.0042356740673818952	-1	
-187.86694375549246	-59.234219836502895	-0.0055940595693485355	-1	
-186.84778296450634	-62.518393639263032	-0.0055596381393695979	-1	
-189.10371511986392	-65.113630891431526	-0.0054560258726182448	-1	
-190.22890271528036	-71.123672320448676	-0.0049561048007329854	-1	
-189.19210934548573	-74.524753774874483	-0.0048853917915070589	-1	
-191.91207340598106	-67.959629485932567	-0.0049179219563382434	-1	
-184.07860985300309	-40.417342106324384	-0.0060052529357244398	-1	
-185.12052895939192	-44.443506872825552	-0.0059152802315614482	-1	
-180.4689457805768	-31.665218009372762	-0.0062360601184522574	-1	
-184.56539063441431	-36.287131140511363	-0.0060444703506843788	-1	
-191.26095119260762	-58.474340944547521	-0.0055213562773341945	-1	
-192.25233918766435	-55.127471163400003	-0.005551002457727626	-1	
-190.17011389622212	-49.181335472525483	-0.0056995606971546615	-1	
-193.18516525781422	-51.763809020504304	-0.0055792312702356	-1	
-189.02378211435382	-45.380595046644331	-0.0057870134890085573	-1	
-181.08219476663925	-25.51974267271925	-0.0062801455595031643	-1	
-174.81383436707796	-20.788207306516341	-0.006552301296155443	-1	
-167.93014422063288	-21.380769037329383	-0.0068212822589506549	-1	
-189.40926842973246	-90.343586707240462	-0.0042745888198855251	-1	
-191.23979702220277	-87.152996605740015	-0.0043116001690970251	-1	
-192.5899488560006	-83.740493055682322	-0.0043476320207213341	-1	
-191.61799661046993	-77.418695972622061	-0.0044027913118658739	-1	
-193.87790761092862	-80.30685877696456	-0.0043821963036993926	-1	
-53.530364909458861	16.814250000000001	-0.020727548356647873	-1	
-59.105669991012917	14.670123571891075	-0.019157781281251358	-1	
-50	18.682500000000001	-0.021815885390144878	-1	
-47.554754428342484	19.616624999999999	-0.02006632160678001	-1	
-44.211566185403811	21.44024227958349	-0.017745312027426168	-1	
-39.648945189305635	23.662203831583248	-0.014784545909719575	-1	
-37.459499999999998	27.182233691549246	-0.013333889041070178	-1	
-32.486499999999999	25.299849096853677	-0.010257595557581696	-1	
-27.362402795876221	25.436988584562634	-0.0069873985235396662	-1	
-20.143952223711896	23.427506990277198	-0.0023331121818707429	-1	
-12.098059653094676	20.550749999999997	0.002902255741108042	-1	
-10	18.682500000000001	0.0042705948473926707	-1	
-15.695071779303699	23.375637573189099	0.00056164863051736693	-1	
-1.7762137311621036	16.976926180752102	0.00075485241306617651	-1	
-6.4941238236541405	16.814250000000001	0.002769200010007934	-1	
6.4603453271903355	16.814250000000001	-0.0027610940646121533	-1	
10	18.682500000000001	-0.0042768273947353152	-1	
13.512398348883298	21.602641401460744	-0.0019868757710138781	-1	
17.112131114898187	21.389785732224759	0.00036230676256254616	-1	
-71.368882313669786	17.525366922140972	-0.015764424807079735	-1	
-79.743794234832791	13.877525747282901	-0.01445959618215731	-1	
-77.286871015060314	18.36067637988706	-0.014539847521225134	-1	
-65.071126909589907	20.247929730524667	-0.016843587896878131	-1	
-142.51250223166946	-9.2546005249287013	-0.0081859329602887339	-1	
-140.34556244017779	-3.3477759288149755	-0.0083400239412547445	-1	
-134.41289436459488	0.69028345883025732	-0.0087223401696367459	-1	
-98.372154659100843	13.916627750570223	-0.011749152531227991	-1	
-109.21268996351697	18.074558083300758	-0.01043287903348231	-1	
-103.52880834917116	21.343679800338553	-0.0108353425753128	-1	
-119.56042577943876	17.187848474436183	-0.0095710389464748902	-1	
-92.814027426025021	16.168937356284282	-0.012323524646162425	-1	
-84.504164055160444	15.741390140469761	-0.013534035477962312	-1	
-88.459002493832557	19.844202152806918	-0.012675916324898924	-1	
-127.85166564342718	3.5689853325823915	-0.0091692805512340412	-1	
-122.83760361001892	9.0678980149923305	-0.009492834434279656	-1	
-166.09943426071519	-12.6868127280054	-0.0069637143123809824	-1	
-155.1932929735155	-4.4400744628354776	-0.0075032472881407554	-1	
-163.59527616486767	-5.7073556987400158	-0.0071002221822490412	-1	
-146.61861227412476	-3.8325961532508721	-0.0079659463417566592	-1	
22.241740471153726	23.629995445281548	0.0036873944235408388	-1	
56.266624438309059	19.982780806778756	0.01932047429196241	-1	
61.132924073269578	23.061732804560659	0.017362045755152059	-1	
52.118840128791362	20.550749999999997	0.020714422151743808	-1	
50	22.419	0.021276856081999494	-1	
45.814568553805515	23.425100810958057	0.018542179810726898	-1	
48.462483000545376	23.855205604766532	0.020076540266248132	-1	
36.216250000000002	26.012715422870265	0.012575967148910724	-1	
31.817199469790978	25.993781063861494	0.0098148051692460627	-1	
43.189497522746358	26.16295766145533	0.01677564978724146	-1	
38.702749999999995	27.837755242674433	0.014068018442945166	-1	
41.189249999999994	27.64207513872444	0.015552554835697315	-1	
29.105716501297501	23.80596453269461	0.0081142783187954787	-1	
25.630593805786241	24.05537045407549	0.0058769722965485507	-1	
191.44120916865086	-67.792887714353412	0.0049890521939339964	-1	
192.83315238749671	-64.521070233686402	0.004984510189656584	-1	
192.25233918766421	-55.127471163399946	0.0055504478478545826	-1	
193.18516525781408	-51.763809020504254	0.0055781807581292151	-1	
194.05914525519975	-48.384379119933634	0.0056038143578786281	-1	
193.6905260178338	-61.070388270756233	0.005050766697511604	-1	
194.96743651910208	-57.751985775120716	0.0050423180925315524	-1	
190.23766971350474	-80.751099887783369	0.0043685530800931724	-1	
191.61799661046979	-77.418695972621947	0.0044022544941542813	-1	
192.93995480942215	-74.06270957269551	0.004434483291088101	-1	
194.20314162908815	-70.684162953971651	0.0044652013197985238	-1	
192.44683112745349	-83.678263696233728	0.004347246920274354	-1	
194.88969763042198	-86.770483856170856	0.0043265664559661472	-1	
196.02143532144134	-99.877909942700526	0	-1	
197.73469018581716	-96.441652293597258	0	-1	
197.16578282544506	-89.853623926190835	0.0021320573030003953	-1	
199.38771314806345	-92.9760175829541	0	-1	
66.427907999905301	27.561787463664469	0.015344186293363428	-1	
79.644123724324942	26.700335803253552	0.013263174340733283	-1	
70.099843134674217	32.137099395423945	0.013871375769476254	-1	
78.046059555897727	34.433449919735324	0.012482121322369888	-1	
148.8067456978433	8.3682344010514509	0.0077906006797152389	-1	
132.78905725543922	21.203980036240722	0.0085265754459536592	-1	
140.19856764534225	19.568035230329095	0.0081174817733620248	-1	
150.15146139779915	13.923341583350171	0.0076612090254430543	-1	
146.80591188987137	19.621335739187913	0.0077524029630991111	-1	
128.6571619792756	27.568302549508498	0.0085990118741090058	-1	
120.51874955142779	31.272700321370792	0.0089857865252425152	-1	
98.683287919650382	28.175464671209365	0.010899596946863231	-1	
87.090787239341154	28.018078009130363	0.012161871942968448	-1	
114.0022565339864	35.192054302920447	0.0092321586391551011	-1	
96.2251999856759	34.191938189623663	0.0106650988650822	-1	
107.78100544632889	39.682362311206617	0.0093778332439745284	-1	
99.502520428803365	39.600363259084872	0.0099687503586382096	-1	
157.65727005955674	6.8823031724861172	0.0073495043384613542	-1	
169.56502568817237	-2.3990892691763968	0.006840354700367892	-1	
168.60202468373049	4.2350994646212801	0.0068678331919404785	-1	
162.30016751448122	10.494543108680565	0.0071095474821360923	-1	
177.98450034552306	-15.830146468849284	0.0064667401855405026	-1	
176.01444329184582	-7.5608142311840254	0.0065759502747216774	-1	
183.40912837720867	-23.930435840098799	0.0062137538998213639	-1	
186.44058518741295	-30.385903633994431	0.006051276695637685	-1	
189.37910901778642	-35.099343195341454	0.0059080873320402167	-1	
190.49239386072918	-38.756115553690321	0.0058309821293974348	-1	
191.77067125620889	-42.514534268955352	0.0057468955960702827	-1	
194.87401295704748	-44.990210868773083	0.0056278979549782161	-1	
-186.5705811544145	-116.58223813130554	0	-1	
-186.74300632411195	-110.00003722660958	-0.0019759845934816779	-1	
-188.57680615446549	-113.30837648021237	0	-1	
-188.58424816396132	-106.69583400617628	-0.0020330204640112131	-1	
-188.36215314323852	-100.15393339432376	-0.0041722229078877135	-1	
-190.46819346675144	-103.41579124260919	-0.0020184537514145607	-1	
-190.08139182685258	-96.851306611103709	-0.00421306987375059	-1	
-191.74272987715639	-93.519177981670197	-0.00425251673837896	-1	
-190.21130325903124	-61.803398874989668	-0.0054896870942560362	-1	
-192.83315238749685	-64.521070233686501	-0.0049852357207297981	-1	
-192.93995480942229	-74.062709572695624	-0.0044349958105792796	-1	
-194.20314162908829	-70.68416295397175	-0.0044657153047337394	-1	
-195.40717229052603	-67.284085254479251	-0.0044949021504890876	-1	
-188.03879496931935	-41.687197214508245	-0.0058673676811904123	-1	
-186.6441574707591	-31.763716810173545	-0.0060308015120719037	-1	
-189.18127102574951	-34.922556838195682	-0.0059166804990736302	-1	
-190.49239386072929	-38.756115553690407	-0.0058314345685734695	-1	
-193.69052601783397	-61.070388270756304	-0.0050514579160941039	-1	
-195.20579677426298	-57.822591299362038	-0.0050065954856360053	-1	
-195.94565316248193	-54.340538923792593	-0.0050692962820615634	-1	
-194.05914525519989	-48.384379119933683	-0.0056049751712838342	-1	
-197.10486201153429	-50.974783278224116	-0.0050571518120981563	-1	
-191.77067125620903	-42.514534268955394	-0.0057479538795916687	-1	
-194.8740129570476	-44.990210868773119	-0.0056289311998418898	-1	
-186.36060401905164	-21.177148347516333	-0.0061339310843990906	-1	
-189.20727078217277	-27.496047784036861	-0.005989991446548419	-1	
-181.07610754090547	-16.048618324676525	-0.0063508230185633386	-1	
-172.71470738433942	-11.507826397706994	-0.0066943514011219927	-1	
-193.3456612344861	-90.158562504682891	-0.0042905470296231369	-1	
-194.88969763042229	-86.770483856171026	-0.0043271119699599308	-1	
-196.37436873652138	-83.355974077712048	-0.0043622294355349332	-1	
-195.39512932402636	-76.968188324870368	-0.0044149591511394052	-1	
-197.79922230758208	-79.916073262061531	-0.0043958813156938104	-1	
-56.946010127515024	20.239430006817596	-0.019060952847394296	-1	
-52.118840128791355	20.550749999999997	-0.020721509463956875	-1	
-50	20.550749999999997	-0.021566995827867353	-1	
-47.8142650976609	22.221326448121374	-0.019919288615706344	-1	
-46.731885989654799	24.130506209947793	-0.01901796771623631	-1	
-43.305656142369088	25.862290088301283	-0.016873111769261661	-1	
-41.189249999999994	27.642075138724426	-0.015566349550911931	-1	
-39.945999999999998	30	-0.014806767522639926	-1	
-34.972999999999999	30	-0.011780034516480024	-1	
-30	30	-0.0086522732547818556	-1	
-22.540500000000002	27.17607823823759	-0.00387010116200708	-1	
-25.027000000000001	30	-0.0054701620978720462	-1	
-15.744175156184044	26.677694232707523	0.00053600480857618341	-1	
-18.810750000000002	27.672244847407654	-0.0014550754841166421	-1	
-12.295307542357815	23.353124999999999	0.0027788631666727042	-1	
-10	22.419	0.0042764726294263894	-1	
-7.8432322612415222	20.550749999999997	0.0033504208348660697	-1	
-13.858744934829057	26.120431380481886	0.001762868043531158	-1	
0.46765191461798761	21.130262928995641	-0.00020333630854815017	-1	
-4.1248470409724183	21.07193054664376	0.0017601928284476647	-1	
7.8949466708545932	20.550749999999997	-0.0033786188520517398	-1	
4.7184088969940552	22.869663515609002	-0.0020213687492035923	-1	
10	22.419	-0.004282586834689117	-1	
15.782411625258762	25.60843045205613	-0.00051516960526711594	-1	
11.926778892231715	24.841343990667575	-0.0030269406179478579	-1	
18.415729086601473	25.616575237447265	0.0011971219891079507	-1	
-71.109446400209819	24.38151484805525	-0.01496692812288589	-1	
-82.81513199863231	20.63194533302789	-0.013422729131233036	-1	
-77.546853983973449	24.331668007402634	-0.013861071330771371	-1	
-58.381064123996126	24.858857499691212	-0.017739339148509139	-1	
-65.183851657459726	28.675132802573682	-0.015324007511868463	-1	
-141.24751293407121	2.8789961222375973	-0.0082686424668526413	-1	
-131.86449258714143	7.3990927789602212	-0.0088411744716443193	-1	
-94.587693822285431	22.68854055387305	-0.011720688971908368	-1	
-112.45399968199955	23.77434565088404	-0.0099149964066962814	-1	
-100.93011154350187	27.546547562465573	-0.010735749527673939	-1	
-107.79532178439413	30.353048829133712	-0.0099668465474526905	-1	
-126.46073679600761	17.039497347225225	-0.0090518655839432974	-1	
-122.14156199210755	23.588944945664835	-0.0091703995223823866	-1	
-86.327417774136919	25.184164135846132	-0.012514963880778291	-1	
-127.96366234049283	11.547243836966935	-0.0090586392967539446	-1	
-169.3136751791649	-6.7859227455248234	-0.006847798790942862	-1	
-158.76658743420739	0.26907251324593373	-0.0073254411471534303	-1	
-152.88297686249189	0.84145803502789551	-0.0076193392499125621	-1	
-170.76751890763182	-1.1512326409739861	-0.006790989090571682	-1	
-164.12130686881372	2.7733644933867296	-0.0070692059712096954	-1	
-147.28125777668961	2.2026668149734014	-0.0079189507025285068	-1	
20.22282738599522	27.439044190039272	0.002365862500172101	-1	
23.545951745134452	26.760834979941212	0.0045179094689539847	-1	
55.467341727272235	24.092263843678552	0.0188030815565935	-1	
58.76724534908476	28.311912012530755	0.016796003876185704	-1	
51.763121260509685	23.353124999999999	0.020356016056611609	-1	
50	24.28725	0.020938995173800067	-1	
47.748784718624989	25.28393078668519	0.019441773125076382	-1	
45.666201081373764	26.396876763920723	0.018158848695093922	-1	
49.016301056946297	25.353173042152576	0.02014561806766706	-1	
34.972999999999999	30	0.011768319738594232	-1	
37.459499999999998	30	0.013296835023281554	-1	
30	30	0.0086447125547035059	-1	
27.513500000000004	26.904920433554324	0.0070686888047095837	-1	
43.675749999999994	28.602698875637802	0.016940763891030698	-1	
39.945999999999998	30	0.014792118930839962	-1	
42.432499999999997	30	0.016231926060929554	-1	
195.40717229052589	-67.284085254479152	0.0044944019176085146	-1	
196.55168003433218	-63.86351217082256	0.0045220907901156789	-1	
196.185209350527	-54.406973734418791	0.0050321408620692737	-1	
196.62125705183598	-50.849714531764363	0.0051302208400927588	-1	
197.72274582383264	-47.469031459298925	0.0051158984841518	-1	
197.63631623236114	-60.423485642699013	0.0045482372515964972	-1	
198.66075049391969	-56.965053535513242	0.0045728524515586729	-1	
194.02208959402549	-80.366580909813067	0.004381501052390737	-1	
195.24992700560773	-76.91099161056168	0.0044145970830727129	-1	
196.70864980479953	-73.546350484156108	0.0044458734655697767	-1	
198.10795600951715	-70.153706589064498	0.0044756481873068363	-1	
196.37436873652106	-83.355974077711863	0.0043616994280549302	-1	
198.75668458427674	-86.421866063450565	0.0021123050199651867	-1	
200.98000068137267	-89.482061476676265	0	-1	
63.760533454251537	32.786890327728436	0.014701700042111267	-1	
83.863396837729638	36.042054055797664	0.011653697584151039	-1	
68.735494835828447	38.361858764222276	0.012853447077838998	-1	
79.87386460298454	44.742150468723594	0.010821472111163945	-1	
73.690987834485355	43.954139422088673	0.011401888220338493	-1	
156.63312159164863	12.988598372008315	0.0073487380381551566	-1	
136.06667236917863	25.932357743596867	0.0082057379849269745	-1	
143.16641638377246	26.018277170479468	0.0078134190893738489	-1	
156.4295800606919	18.990995442115185	0.0072849817696770888	-1	
150.22755935275288	25.273960576351037	0.0074779583568491386	-1	
126.9540582272387	36.977461976325152	0.0083515275800759622	-1	
134.10878310954672	34.662223781806198	0.0080467561682660577	-1	
120.00735110024715	39.857336301826514	0.0086140652727290865	-1	
89.596486212885651	34.155070607639715	0.011302038246748063	-1	
113.85934392868602	42.20390671255096	0.0088431899728746155	-1	
93.053434768843331	39.811103862637658	0.010428434076522027	-1	
103.28152424486099	44.670966889535521	0.0093092826984490489	-1	
109.52368297971515	47.154303566301529	0.0087727792913509517	-1	
96.585283328402866	45.211211565621461	0.0096788921674719891	-1	
175.27290476220026	3.5723852963108103	0.0066011176035572945	-1	
168.1670022686138	10.924687388294167	0.0068512143143265106	-1	
161.82755290150874	16.358109392196706	0.0070731232213756155	-1	
184.62418682139349	-14.187649473597359	0.0062340277340415459	-1	
187.1100912409147	-19.260141802675911	0.0061202418690477836	-1	
184.45848455962087	-8.5411955446257188	0.0062591972160722306	-1	
182.3429880577942	-1.8852083959430892	0.0063415570544164213	-1	
189.10859663064647	-22.191230808317449	0.0060353772509676822	-1	
189.45663990254175	-25.72169429526474	0.0059969434014206279	-1	
191.72891996828918	-32.084417703856204	0.0058680418052594538	-1	
193.13758559327752	-35.795935654240516	0.005787827187188347	-1	
196.32543668953323	-38.161799075309034	0.0056699619721904577	-1	
195.62952014676156	-41.582338163551945	0.0056497773989819143	-1	
198.27611013919298	-43.95675534746276	0.0051742810115049994	-1	
-190.52558883257726	-110.00000000000043	0	-1	
-192.41633557066785	-106.65811645419456	0	-1	
-192.19299864242487	-100.04934243998287	-0.0020748912144533805	-1	
-194.24847042896474	-103.28374381289636	0	-1	
-193.85782018111928	-96.653943719635393	-0.0021315762052259686	-1	
-195.61952775254883	-93.305728455934471	-0.0020769787294634906	-1	
-196.55168003433232	-63.863512170822666	-0.0045225759098027557	-1	
-196.56247138109268	-73.491696611060931	-0.0044465534335974503	-1	
-198.10795600951744	-70.153706589064626	-0.0044761529262843007	-1	
-199.15555082643129	-66.636515159381148	-0.0045047269712536753	-1	
-191.42066130261321	-30.361019441503071	-0.005895014513590517	-1	
-193.13758559327761	-35.795935654240544	-0.0057880350695285309	-1	
-194.32740816422631	-32.519255498231594	-0.005786309388654997	-1	
-196.32543668953332	-38.161799075309069	-0.0056704764778570428	-1	
-195.62952014676171	-41.582338163551981	-0.0056505732599237196	-1	
-197.63631623236122	-60.423485642699113	-0.0045487228551280264	-1	
-198.66075049391981	-56.965053535513341	-0.004573319306350917	-1	
-199.62467076640797	-53.489269321187791	-0.004596361834809032	-1	
-197.72274582383275	-47.469031459298996	-0.0051166414899737802	-1	
-200.52778343037312	-49.997191757264829	-0.0046178552621226384	-1	
-198.76378533612106	-44.064870335725111	-0.0051005806219277935	-1	
-193.14533082795904	-22.006130758506082	-0.0059077952830230351	-1	
-190.54316562917154	-15.771049191305037	-0.0060261498556905164	-1	
-194.7463117667121	-25.638838340021305	-0.0058328502606074875	-1	
-181.25120226297207	-9.4404785700955287	-0.0063724662137305682	-1	
-187.86166130241824	-9.4411608999158823	-0.0061405792232770854	-1	
-178.0721418718023	-3.6446400451653398	-0.0065017318116153151	-1	
-197.1657828254454	-89.85362392619102	-0.0021323762627716652	-1	
-198.65062134522574	-86.37574845458272	-0.0021879340742865889	-1	
-200.18152100970917	-82.917900938696178	-0.0021670260291613134	-1	
-199.16382431940383	-76.451829236331008	-0.0044280328687739453	-1	
-201.65168701195955	-79.432711939436444	-0.0021452811205144831	-1	
-54.191526092151143	24.401177335744634	-0.019193092339776271	-1	
-51.763121260509699	23.353124999999999	-0.020363401299021304	-1	
-50	22.419	-0.021278130094510714	-1	
-48.159978777349302	24.38858138192403	-0.019819127454654622	-1	
-48.016078886370273	25.832653619047861	-0.019516596817263421	-1	
-46.000532647233698	26.482330739142895	-0.018345928261505499	-1	
-43.675750000000001	28.602698875637802	-0.016953459333921735	-1	
-42.432499999999997	30	-0.016245286419212791	-1	
-37.459499999999998	32.823210928321735	-0.012179384914578852	-1	
-41.189249999999994	32.331106129223699	-0.014377004971931803	-1	
-32.486499999999999	34.696525936083582	-0.0089450711688967965	-1	
-27.810915281096165	34.558965467350376	-0.0065095026571454348	-1	
-20.054000000000002	30	-0.0022593787955481658	-1	
-21.699117325849556	32.374247183140085	-0.0033552650655800254	-1	
-23.253662622478679	34.597957145602109	-0.0041236056116962507	-1	
-16.324250000000003	28.556231477917546	0.00016032315574338862	-1	
-14.459375000000003	28.165873511134301	0.0013729177642513486	-1	
-17.567500000000003	30	-0.00064713698452672662	-1	
-10	24.28725	0.0042783536645724166	-1	
-11.755647695906772	25.771759631307116	0.0031334892510164183	-1	
-8.3805399020064453	23.353124999999999	0.0035831926197165925	-1	
-6.0694582614054902	24.283862209970586	0.0025938345318912027	-1	
-12.236374826561988	27.5033649352258	0.0028205658689590394	-1	
-2.6337201824328584	24.51787867455538	0.0011234008592521396	-1	
2.4730000000000003	27.195448852881849	-0.0010610450697754593	-1	
8.1562930701433007	23.353124999999999	-0.0034932710366952641	-1	
7.2722757081381113	25.221375000000002	-0.0031153484586681278	-1	
10	24.28725	-0.0042844322667375291	-1	
16.24444336931457	27.106523398843287	-0.0002165482363548696	-1	
13.792127425287868	26.715806463748592	-0.0018126459714818196	-1	
14.774212411722161	27.650744623223211	-0.0011736328934169068	-1	
10.734384518125598	25.221375000000002	-0.003805491360388851	-1	
12.162707062737447	26.471933630906417	-0.0028743374252483476	-1	
11.194149427373951	26.317060340009359	-0.0035059685298069474	-1	
17.760407339708934	28.162566727684801	0.00076760928573833104	-1	
-75.314931272211552	30.369980860819712	-0.013404673064703245	-1	
-81.633389752544659	27.886449036003018	-0.012863084446629819	-1	
-60.807834826414222	30.600246193521969	-0.015768884177391675	-1	
-56.723459612910808	28.733653924998659	-0.017206045725960312	-1	
-54.743841229886335	26.987779685049187	-0.01831481442412685	-1	
-66.333298864874877	35.354112018851161	-0.01376512239477827	-1	
-62.333593712195317	34.82379297366446	-0.014431803529174541	-1	
-142.15371303628135	9.0128731748054136	-0.0081619474550350575	-1	
-136.38600826090237	12.178739871462563	-0.0084825185530326662	-1	
-131.89649870271751	15.575203780249462	-0.0087130323603864749	-1	
-94.478161729787971	29.444213803812413	-0.011228897108741878	-1	
-114.1950449740402	34.101529068826622	-0.0092793057927591915	-1	
-119.80723468528683	30.084113627612769	-0.0090846495927401454	-1	
-101.48423765999436	34.24891563720238	-0.010219956124972496	-1	
-108.77392709607709	39.912309504010402	-0.009301041102534947	-1	
-129.87135479450015	24.930898023619051	-0.0086082476923788655	-1	
-126.70816910014608	29.968336323544335	-0.0086410092714000568	-1	
-86.113768844587256	30.929875713400843	-0.011985928927437495	-1	
-158.43936951140191	6.5692906778057107	-0.0073154349418012533	-1	
-151.6069314346781	6.4631885626321584	-0.0076571354988122673	-1	
-179.88453836751626	1.9014401315022345	-0.0064271960353987729	-1	
-175.09795718027209	5.2379693044035189	-0.0065994446875312007	-1	
-171.75197904662321	11.03980091117463	-0.0067028880534331231	-1	
-164.00070030461356	10.5398155221538	-0.0070322099755448873	-1	
-147.73401628949961	11.71580897193143	-0.0078179712224158426	-1	
22.540500000000002	30	0.0038629437101838859	-1	
20.054000000000002	30	0.002254493133496867	-1	
25.027000000000001	30	0.005465860905289846	-1	
54.618255837475765	27.772838343449692	0.01810450182631472	-1	
52.511515693172015	26.444001063852685	0.01930567632912478	-1	
55.047131802930558	30.226453626562151	0.017131813091222504	-1	
57.174644752955018	33.308287086477129	0.015635613018919206	-1	
51.062530058462251	25.221374999999998	0.02024364284264964	-1	
50	26.1555	0.020540244232269966	-1	
49.009777088867708	26.622562500000004	0.019900559024280805	-1	
48.025498364987676	27.102024893055692	0.019311720272793556	-1	
45.540624999999991	28.745395158066088	0.017928898155028145	-1	
46.897662483082357	28.400576046735946	0.018612237537973607	-1	
36.216249999999995	33.21139012957056	0.011349078669281204	-1	
32.486499999999999	32.808967246096593	0.0094373546424312092	-1	
39.626653191902719	32.734056707879873	0.013364442802528223	-1	
28.502056386499117	33.830990350544525	0.0069949085911835494	-1	
44.918999999999997	30	0.017585225231367064	-1	
42.209472368900876	31.782167237050718	0.01515725909426085	-1	
43.939034902692399	31.297941229121243	0.016284977807071783	-1	
199.15555082643104	-66.636515159381034	0.0045042306231945521	-1	
200.43560304718724	-63.197102889006779	0.0045309592702183401	-1	
199.62467076640792	-53.489269321187699	0.0045959067773986501	-1	
200.52778343037309	-49.99719175726473	0.0046174157639243211	-1	
201.36981338894913	-46.489884564398828	0.0046373488832526337	-1	
201.35981148694148	-59.6454935054525	0.0045564823363065249	-1	
202.5190501772822	-56.163503253846287	0.0045801299849563886	-1	
197.79922230758177	-79.916073262061374	0.0043953457237187257	-1	
199.16382431940352	-76.451829236330866	0.0044275203426822791	-1	
200.46775910099427	-72.964297242809465	0.0044581890564558387	-1	
201.71062946118809	-69.454539617526876	0.0044873427150861119	-1	
200.18152100970883	-82.917900938696022	0.002166818813062161	-1	
202.51106775953733	-85.960848267640444	0	-1	
58.638093301890677	36.95898709690578	0.014298653151057257	-1	
62.429187154192526	42.369476166198673	0.012507948615445992	-1	
85.408915912998154	41.87646843130527	0.01079733808435609	-1	
76.948416435770071	50.245847368536211	0.010177669678663008	-1	
85.494219395911102	48.819535445398543	0.0099439531412011221	-1	
70.106711239273793	52.086363595059225	0.010114345778680433	-1	
63.524290901318388	49.050960555535013	0.010933325367446855	-1	
143.03002383802465	33.987423616861548	0.007612376180286296	-1	
159.24277743084656	24.297229539722139	0.0070784217554146047	-1	
153.90436357899122	30.908837765833255	0.0071896025589894422	-1	
126.22900641608453	45.046732648895244	0.0080298482912039542	-1	
133.2761048903289	41.049579610749177	0.0078573205898849561	-1	
138.8314511820798	37.789242959263468	0.0077031932889907858	-1	
119.24722847956805	47.092982432975234	0.0082717553493695407	-1	
90.494593297648734	45.339697167068884	0.010044966656842451	-1	
97.975267796639542	51.054540741546546	0.009066471827902909	-1	
103.1313125430554	54.135409978160411	0.0085679321050372865	-1	
116.72461906446311	52.617767470836064	0.0080699380812285781	-1	
111.17372085928648	55.082384498188155	0.0081524452370844921	-1	
178.19232996242562	8.9139658929519818	0.0064658269960837546	-1	
184.19190081579092	3.1002453674758623	0.0062679746599721749	-1	
173.70966983243991	19.635376990455622	0.0065504262421786441	-1	
168.00760698445595	21.972165366483829	0.0067479334027509604	-1	
177.75346555730997	14.985450456388412	0.0064419758003814781	-1	
189.46193680248834	-11.27113197288312	0.0060800805976880187	-1	
192.01055084943692	-15.111558080185855	0.0059813240926059764	-1	
193.49997379666286	-18.6319283031293	0.005916351441140005	-1	
189.8450720700265	-6.6779289931831753	0.0060774518334350399	-1	
187.36331712859064	-3.6372139994692843	0.0061641715701602111	-1	
187.19755748719794	0.2842116346111434	0.0061683317868771181	-1	
192.37398064014883	-23.577799891438094	0.0059216524799509127	-1	
194.26919153286511	-29.033725205872191	0.0058195992293131526	-1	
196.96155060244209	-34.729635533386137	0.0056877953216964957	-1	
197.53766811902798	-31.286893008046235	0.0057036911851729832	-1	
199.25894377625127	-40.539690292015941	0.0051561931013346307	-1	
200.18054560548978	-37.101271136394892	0.0051364860021595772	-1	
202.15050415165368	-42.968416102336974	0.0046557291238982857	-1	
-196.02143532144171	-99.877909942700668	0	-1	
-197.73469018581753	-96.441652293597386	0	-1	
-199.3877131480638	-92.976017582954213	0	-1	
-200.13934756356599	-63.103693893822317	-0.0045317744009017343	-1	
-200.46775910099458	-72.964297242809607	-0.0044587008502750165	-1	
-201.71062946118838	-69.454539617527018	-0.0044878420942865149	-1	
-202.89205680963354	-65.923625466655707	-0.0045154714351305662	-1	
-194.82026342274114	-29.116083451629507	-0.0058025233022951043	-1	
-196.96155060244214	-34.729635533386165	-0.0056884002169354606	-1	
-197.53766811902807	-31.28689300804626	-0.0057041169323359241	-1	
-199.68939432843885	-37.010241627789419	-0.0052117694265003071	-1	
-199.25894377625136	-40.539690292016004	-0.0051567811996499477	-1	
-201.35981148694165	-59.645493505452656	-0.0045569522159093351	-1	
-202.51905017728239	-56.163503253846407	-0.0045805887540467721	-1	
-203.31874623425639	-52.581803005371683	-0.0046030045762794486	-1	
-201.36981338894913	-46.489884564398913	-0.0046377755530391963	-1	
-204.35575904040454	-49.061477041295532	-0.0046235258378604588	-1	
-202.15050415165368	-42.968416102337066	-0.0046561296918407854	-1	
-195.52246012955658	-18.826671587116213	-0.0058530300933745836	-1	
-198.50923032826495	-24.373868681029567	-0.0057295581569468393	-1	
-198.90437907365524	-20.905692653530753	-0.0057395973570512427	-1	
-191.95284859904214	-11.912159081543928	-0.005996235425418414	-1	
-196.37672636350089	-15.455183545438572	-0.0058428962137962032	-1	
-198.05361374831463	-27.834620192013166	-0.0057178470001004169	-1	
-184.19015716501534	-4.0586516652853559	-0.0062758690675048289	-1	
-192.5382849051899	-5.0417924275930908	-0.0059909686469648664	-1	
-194.20990859197801	-8.479387731301717	-0.0059319758036592094	-1	
-200.98000068137299	-89.482061476676364	0	-1	
-202.51106775953767	-85.960848267640529	0	-1	
-203.98044800469407	-82.413450551500929	0	-1	
-202.95336884622208	-75.881155261431047	-0.0021989506592034556	-1	
-205.3876938293852	-78.840948899966321	0	-1	
-52.511515693172015	26.444001063852685	-0.019314194369058658	-1	
-51.062530058462244	25.221375000000002	-0.020255860705229226	-1	
-50	24.28725	-0.020949810366256486	-1	
-49.087701058963745	25.504548752796357	-0.020170695416364862	-1	
-49.009777088867708	26.622562499999997	-0.019910893221025589	-1	
-48.025498364987676	27.102024893055692	-0.019324195647361823	-1	
-45.540624999999991	28.745395158066088	-0.017943599235073725	-1	
-46.897662483082357	28.400576046735946	-0.018626651083921284	-1	
-44.918999999999997	30	-0.017599113561223127	-1	
-43.675749999999994	31.438332866740826	-0.016075281402510855	-1	
-39.854081607156289	36.591899335329202	-0.011876602973632168	-1	
-44.277520319935498	33.290974268971034	-0.015275155410387736	-1	
-33.095161211837429	39.271816164860844	-0.0079736528262478925	-1	
-28.45601357539682	39.436402770084079	-0.0059525494578844913	-1	
-24.083432782218512	37.181168046483009	-0.0043501947485209804	-1	
-18.810750000000002	32.346053328779362	-0.0017709804832598424	-1	
-20.575958118996816	35.035445052243574	-0.0028858856601924241	-1	
-15.081000000000001	30	0.00096832468834018044	-1	
-13.83775	30	0.0017771550816523302	-1	
-12.709392445919745	28.995330368480463	0.0025121651364878876	-1	
-16.324250000000003	31.414949395817668	-0.00023571472595918858	-1	
-10	26.1555	0.0042792750514972985	-1	
-8.4504145191308737	25.221375000000002	0.0036142355305585775	-1	
-11.013619125304773	27.408509185489937	0.0036178364394805155	-1	
-7.1829654937601699	26.51264478057734	0.0030711300677554857	-1	
-5.3281179335995388	26.662472018643541	0.0022766676257633249	-1	
-11.773515187785872	28.612322404679631	0.0031219963467809838	-1	
-11.225262924836239	28.152732655746266	0.0034795858020613669	-1	
-1.2364999999999999	27.665391282123711	0.00052572547467155933	-1	
-3.7094999999999998	28.594692694790222	0.0015836390858176425	-1	
0	30	-3.071549917696737e-006	-1	
6.7640559841241696	28.325769843951875	-0.0028974367700730103	-1	
4.9459999999999997	30	-0.0021184316979039565	-1	
8.4945926157207712	27.832698554344812	-0.0036391961483903698	-1	
10	26.1555	-0.0042852670443260642	-1	
15.974086821632758	28.634195054468272	-0.00039337478223001225	-1	
13.418800453689729	27.612551604959172	-0.0020561015294155902	-1	
12.312857781511699	27.44123461146188	-0.0027766804353043244	-1	
13.731957633170172	28.532039210610968	-0.0018521929865152849	-1	
14.459375000000003	28.969637221883733	-0.0013786359763941919	-1	
11.665938073019738	27.317693762450261	-0.0031983894926207687	-1	
11.013619125304773	27.408509185489937	-0.0036237858431049574	-1	
17.567500000000003	30	0.00064196261404350728	-1	
-76.834858508029797	38.829265960552377	-0.011941775023010408	-1	
-71.096598818519993	39.735713902665012	-0.012365648223555072	-1	
-80.522990488941247	34.34073004921207	-0.012195308987329862	-1	
-57.006344862190041	32.990844786656098	-0.015785457342568681	-1	
-54.093996004004524	28.503682332046129	-0.018036283970060216	-1	
-54.55856097639824	30.243680314752698	-0.017246770121610383	-1	
-52.598057813226625	27.809111542172367	-0.018833239052711292	-1	
-64.699590976219326	40.718440813958509	-0.012730799917239863	-1	
-61.940283363874222	38.839286289306109	-0.013448150323201383	-1	
-59.050077002329999	37.168445957390304	-0.014208084729083359	-1	
-142.22405792395631	15.21292945826298	-0.0080781709126267112	-1	
-135.01684283863705	21.946692744124274	-0.0083714515908973677	-1	
-95.97858028912232	37.805972219026479	-0.010378825537662343	-1	
-89.426944774088867	37.603520521360593	-0.010954550552032922	-1	
-116.71496130650024	40.218355222122867	-0.0087921633523973253	-1	
-123.29660031635245	40.887360794774942	-0.0083796880731118548	-1	
-127.33968703940728	36.158121459662453	-0.0083601600811398259	-1	
-101.83003398670185	43.777026414504213	-0.0094691950129585714	-1	
-110.95852103443016	45.823553040836771	-0.0087815124098296303	-1	
-132.60133787721725	30.215661095942988	-0.0082798796854350667	-1	
-154.91708163943167	13.346534532943268	-0.0074286522795102145	-1	
-184.46099766084382	5.5208056449889336	-0.006252211298482916	-1	
-188.53799625023237	0.2654450078524524	-0.0061231482099943372	-1	
-180.95057382497362	12.551887669175144	-0.0063433690990748895	-1	
-175.39148157283978	16.662152823483922	-0.0065184330719916545	-1	
-168.48146374021144	16.884503580661832	-0.00678699301257942	-1	
-161.64857066106882	16.955495834565543	-0.0070755508216425482	-1	
-149.13092566622461	18.090613837898548	-0.0076570190136276348	-1	
22.011277757315074	32.559103725892278	0.0035506282191442931	-1	
18.810750000000002	32.189549705738514	0.0017722869226049888	-1	
52.559913402510226	29.175474779482897	0.01829798221916043	-1	
50.866996862803475	26.622562500000004	0.019983193514431032	-1	
51.259914336009054	27.525583429030462	0.019507389697614903	-1	
53.450687126795877	32.913130882243216	0.016385110220854596	-1	
52.40335817721153	30.775336969677944	0.017596601104403989	-1	
54.78120404210356	36.188469440220075	0.014954142363274381	-1	
50	27.089625000000002	0.020307161082739368	-1	
49.185545387143073	27.871153308015355	0.019712225182989981	-1	
48.542833574500293	28.394167258783433	0.019335865119003124	-1	
46.16225	30	0.01820096342711057	-1	
48.254928591020949	29.330338223231387	0.019106412191723869	-1	
47.405500000000004	30	0.0187539089108009	-1	
37.098124189377977	36.605074661844107	0.010610265822021224	-1	
31.786647836818624	38.358391286444025	0.0076105325640753764	-1	
41.378660676947817	34.857148377613143	0.013267967192118807	-1	
25.527838002434226	36.672529922516695	0.0050708699975061822	-1	
45.540624999999991	31.015289170221802	0.0171997727129404	-1	
43.556458188837951	32.97022892986768	0.015153824593774984	-1	
45.16306630654681	32.368796097239255	0.016157496285781583	-1	
202.89205680963323	-65.923625466655565	0.0045149880521570861	-1	
204.01168127211471	-62.372630340850606	0.0045410931349664395	-1	
203.31874623425625	-52.581803005371576	0.004602559577137808	-1	
204.35575904040428	-49.061477041295412	0.004623097208978722	-1	
204.87760623380242	-45.420271797095872	0.0046425762725073854	-1	
205.06916180017518	-58.802635907626595	0.0045656696730077256	-1	
206.06417627500173	-55.214729621871193	0.0045886902235204186	-1	
201.65168701195927	-79.432711939436402	0.0021450289006628418	-1	
202.95336884622174	-75.881155261430919	0.002198654355216293	-1	
204.30100792107888	-72.346781291595306	0.0021748520370765858	-1	
205.4779492653654	-68.751960085075666	0.0022275153439798531	-1	
203.9804480046937	-82.413450551500858	0	-1	
56.23486953188484	40.072475130093729	0.013575144258780257	-1	
58.642860901769524	44.359145659205574	0.012223649918965691	-1	
75.305406408601925	57.137650327594436	0.0091960833321568809	-1	
83.244653825769362	55.388622976556867	0.0092411348886002193	-1	
93.739178310152653	55.312720932970088	0.0088519686745598628	-1	
64.999873022438322	57.23049933830616	0.0092165785352543959	-1	
56.672524588747997	48.155568448461111	0.011286098842480621	-1	
58.379259145091744	53.45211200593225	0.0099391534125837858	-1	
144.8140068101923	40.176855921791201	0.0073536843379838424	-1	
153.72699630064415	37.63485226977263	0.0070405429844584647	-1	
166.67419211185242	29.493597151085975	0.0066897538092665909	-1	
160.13217659701866	33.45541886038319	0.0068757134419350791	-1	
124.68900827967776	52.726271959323022	0.0077237363329495162	-1	
132.46343055235803	51.774811709709425	0.0074510865507795079	-1	
139.25866051844145	43.437192573276903	0.0074904644448939963	-1	
138.09890533491128	49.42987676573523	0.0073143096194431545	-1	
99.002998256059954	59.25337928176878	0.0083024232582812156	-1	
106.40040774937313	60.99636296267267	0.0079146207886101258	-1	
118.55725171450725	58.408127178638267	0.0076533306933415819	-1	
112.23869243988756	60.825265144974082	0.0077284973438437451	-1	
184.17513719424139	10.037150827438396	0.0062435514495942151	-1	
188.76564152517227	6.5797711859206842	0.0061003243963471546	-1	
189.93270367696343	3.3636585543707631	0.0060704216315224813	-1	
172.64201021594155	25.704495837536989	0.0065200554727227371	-1	
178.57173201945247	25.208125622753528	0.0063145899895927851	-1	
185.84949962969105	14.563824876897772	0.0061588719555970388	-1	
184.46903484122362	20.613799618830637	0.0061580857198356093	-1	
193.45063810103724	-6.2419249239944401	0.0059606429134490772	-1	
194.03234376119659	-11.867526538374271	0.0059291388154925368	-1	
195.82125183624413	-15.411466752045826	0.0058604629283072647	-1	
195.763015537912	-22.304378258276476	0.0058253572353629459	-1	
198.90437907365509	-20.905692653530735	0.0057394500317318924	-1	
199.23893961834955	-17.431148549531667	0.0057476181969218108	-1	
191.28371025179769	-3.4486058823361021	0.0060325617460268736	-1	
191.31155235537045	0.086564889998609104	0.0060302828976256471	-1	
195.29873707524828	-25.711566511620578	0.005815498501110134	-1	
198.05361374831449	-27.834620192013144	0.0057177400696745073	-1	
200.30489844569553	-33.519544317691448	0.0052270664393438814	-1	
201.10754977619109	-30.055724692921295	0.0052032439997506258	-1	
202.86961791251775	-39.433859044485978	0.0046725265334926318	-1	
203.52693562252355	-35.88729005116565	0.0046877411729105006	-1	
205.79202390006287	-41.868860465524648	0.0046599740347599231	-1	
-204.011681272115	-62.372630340850748	-0.0045415764091689117	-1	
-204.19198604497538	-72.308174620454864	-0.002252701963700672	-1	
-205.47794926536574	-68.75196008507578	-0.0022277460156107905	-1	
-206.59111670588999	-65.137928890523824	-0.0022805175268426564	-1	
-200.55237539916595	-33.560957756772773	-0.0051897486672785832	-1	
-201.35341671548744	-30.09246975319784	-0.0051661395320204339	-1	
-202.86961791251773	-39.433859044486056	-0.004672912164750285	-1	
-203.5269356225235	-35.887290051165721	-0.0046881086753292282	-1	
-205.06916180017544	-58.802635907626723	-0.0045661348771792133	-1	
-206.06417627500198	-55.214729621871314	-0.0045891416770386662	-1	
-206.99642160554666	-51.61000439459599	-0.0046106023288177292	-1	
-205.02996840813668	-45.454049677934528	-0.0046428183269335774	-1	
-207.86561382085097	-47.989558260024715	-0.0046304930457281715	-1	
-205.63909542592089	-41.837746815813162	-0.0046605407032054647	-1	
-199.23893961834963	-17.431148549531684	-0.0057478225078137733	-1	
-201.78466494858137	-22.990458546860339	-0.0052636791279560254	-1	
-201.60146484538188	-26.54133636417215	-0.0052155496832429656	-1	
-202.65238703607653	-19.513205462663041	-0.0051968391645556174	-1	
-196.0603944926593	-11.991567434908644	-0.0058656492259887942	-1	
-199.51281005196537	-13.951294748825102	-0.0057539892592918356	-1	
-196.35945946586136	-5.1418534049410018	-0.0058698794962637902	-1	
-194.38752752720765	-1.6963942529024512	-0.0059320803766522911	-1	
-199.72590695091529	-10.467191248588797	-0.0057579661097975762	-1	
-199.87816540381965	-6.9798993405002179	-0.0057600823861414041	-1	
-206.73237657290065	-75.244431531647379	0	-1	
-50.866996862803475	26.622562499999997	-0.019999111881233319	-1	
-51.259914336009054	27.525583429030462	-0.019530397380959331	-1	
-50	26.1555	-0.020553869903894861	-1	
-49.185545387143073	27.871153308015355	-0.019726612543190553	-1	
-50	27.089625000000002	-0.020322385809133054	-1	
-48.542833574500293	28.394167258783433	-0.019349907617829336	-1	
-46.16225	30	-0.018215301024148312	-1	
-48.254928591020949	29.330338223231387	-0.019120477688484051	-1	
-47.405500000000004	30	-0.018768082771619902	-1	
-45.540624999999991	31.808080391981868	-0.016694239727489745	-1	
-37.528244666361687	40.556931036599316	-0.0094934267628024836	-1	
-44.319076458588654	36.562669913061136	-0.013639998959982127	-1	
-42.114657510020507	40.866464709667568	-0.011142848204686353	-1	
-46.144357340068254	33.847146205942572	-0.015606379709697152	-1	
-34.219759726546449	43.748313381329801	-0.0072979465972245862	-1	
-23.898120949704531	41.288742173127631	-0.0039849409358193935	-1	
-28.299953062274259	45.586175400879341	-0.0048944847263753151	-1	
-19.3976142126829	38.100315392256149	-0.0024986649166840779	-1	
-17.392706807941675	35.499878724877043	-0.0015852031346518275	-1	
-14.459375000000003	31.150386379506269	0.00091693759688640688	-1	
-12.594500000000002	30	0.0025863591641362483	-1	
-13.260535647772963	31.672488544154529	0.0013415406492352437	-1	
-11.754276765276741	29.327467959272113	0.003134074522274319	-1	
-14.697184324002325	33.333864029130247	8.2133245857905989e-006	-1	
-10	28.02375	0.0042790107031180028	-1	
-8.4945926157207712	27.832698554344812	0.0036331379345477316	-1	
-10.529300504536222	28.490812500000001	0.0039333146788747414	-1	
-6.7640559841241696	28.325769843951875	0.0028912830836711435	-1	
-5.5642499999999995	28.847127457800337	0.0023773189223004129	-1	
-11.127796896110784	28.920301574349001	0.003542665240481073	-1	
-2.4729999999999999	30	0.0010542922676947102	-1	
-4.9459999999999997	30	0.0021121931034141801	-1	
-1.2365000000000002	32.171958966684123	0.00032457321405998153	-1	
1.8918494901355005	32.514983468758487	-0.00038185951545811723	-1	
7.4189999999999996	30	-0.0031769481190933786	-1	
8.2544857167663164	29.331064572580622	-0.0035353137642107086	-1	
4.3843724530612631	32.429913997286391	-0.0011025649406953433	-1	
6.758557888596342	31.666270721023277	-0.0020266561604388648	-1	
10	28.02375	-0.0042850081076669117	-1	
9.2017856662963151	29.175319139896452	-0.0039414854352036758	-1	
15.081000000000001	30	-0.00097387729294976617	-1	
12.88957408642859	28.427072524397712	-0.0024007888939765868	-1	
11.866009479215137	27.945179924076815	-0.003067849248441514	-1	
13.290927927709676	29.257381091338221	-0.0021391178516819787	-1	
13.83775	30	-0.0017827680620878333	-1	
11.225262924836239	28.152732655746266	-0.003485525994068771	-1	
10.529300504536222	28.490812500000001	-0.0039392878670978715	-1	
16.324250000000003	31.793170813263629	0.00033239590299277434	-1	
-76.826759780852385	44.269754892442442	-0.011107001093312294	-1	
-81.742353278679943	41.938247660732507	-0.01108269912139794	-1	
-71.73136297797403	46.176562913355234	-0.011109429556719678	-1	
-54.40262242631794	36.994208859545353	-0.0147084526607622	-1	
-53.430987984227237	32.12171776346883	-0.01672202919704141	-1	
-52.654958943174293	29.309555765241939	-0.018205936879816951	-1	
-52.461392999290517	30.557010572925964	-0.017678285864923329	-1	
-51.553685613238521	28.692459075396837	-0.018936647037709538	-1	
-60.22823381427925	43.880821252908447	-0.01228176408102517	-1	
-64.026343850447134	47.82645745806559	-0.011175518972791692	-1	
-59.22327786938898	40.77910106654754	-0.013162434302723158	-1	
-55.636808023859821	40.327367843568247	-0.013539195740071334	-1	
-142.94550003463385	23.208955575537804	-0.0078885455389711891	-1	
-138.103541227862	28.090486734568778	-0.0080349198521135583	-1	
-93.470260708909194	43.861816296878473	-0.010000890895025758	-1	
-87.303638765643228	44.745385918939547	-0.010329837636287241	-1	
-117.18166074179095	46.817425774052673	-0.0083951284991236746	-1	
-125.68101151497711	46.252454010745531	-0.0080002119451490737	-1	
-130.58661691559058	43.026825756644897	-0.0079066374563137257	-1	
-133.56039640560283	36.035524884488169	-0.0080281225668844946	-1	
-97.917454063519813	51.165173470766838	-0.0090607223614735354	-1	
-107.29236009084623	50.949420261405415	-0.0086165202338726026	-1	
-117.77756246435757	53.170270772989099	-0.0079926834104463371	-1	
-156.06691076064362	20.897391379489971	-0.0072750928709477448	-1	
-191.10742578330476	5.7771767377439538	-0.0060261394569053094	-1	
-188.5954359660162	10.731098614195478	-0.0060895825703672392	-1	
-193.78468703566475	3.3400816676508849	-0.0059460120817288811	-1	
-181.20332053814388	20.40652381843514	-0.0062727804465363985	-1	
-188.82724287543988	18.533637234588205	-0.0060322657290640871	-1	
-177.56045256913455	26.171493239033587	-0.006337449433587051	-1	
-172.18429913802186	24.475057794863709	-0.0065535115615642531	-1	
-163.49703779172495	25.49561272562271	-0.0068807376449992836	-1	
-150.13012157828976	25.594784166467488	-0.0074743274653869384	-1	
20.296590231323421	35.286702447728885	0.0027559249210082843	-1	
17.313790768574542	33.582888002062134	0.0012570065124134539	-1	
51.592144321399651	29.888364291811822	0.018314455574063474	-1	
51.358474868499741	29.211997377103007	0.018782970415142243	-1	
50	28.02375	0.020033738735919175	-1	
50.506408169298354	28.651541919935717	0.019496589299402015	-1	
51.073507444826838	32.786333796818859	0.016752087165622796	-1	
51.950797764641905	34.761750000000006	0.015753791070285315	-1	
50.654489202879681	31.504125000000002	0.017527174680569784	-1	
51.231790678529386	30.506602812612158	0.018056646650967366	-1	
51.64150757246933	36.623249999999999	0.015011052068847791	-1	
52.140113466672858	39.415500000000002	0.013993355908835438	-1	
49.490499393570389	28.641624021782288	0.019638002664869206	-1	
49.174372358776758	29.142808773890803	0.019418902141860605	-1	
46.701957629503639	30.753494855071839	0.017872769860133645	-1	
48.959562500000011	29.657497590745201	0.019286988976110347	-1	
48.648750000000014	30	0.01920099335691864	-1	
47.589654001824542	31.020016847658695	0.017968326812415083	-1	
48.245723234723279	30.67253204072788	0.018455146344238411	-1	
40.01778721767829	37.639789158733073	0.011527986321004727	-1	
37.204680425876617	40.940980705295907	0.0092490550262289434	-1	
35.030127435717922	43.725850258808563	0.0076120042321720311	-1	
30.635830960587036	44.070853095859292	0.0059522701058008776	-1	
43.099682141605044	37.328357036481002	0.012860798620046214	-1	
44.242955124300693	34.542371752149336	0.014587470004182153	-1	
20.745510684501919	42.978818595767414	0.0029492530233550937	-1	
46.25713795949892	31.487014499170346	0.017162236207954693	-1	
46.584461815272711	32.386086782820939	0.016648593524955287	-1	
46.235364373080515	33.276930682526263	0.015951602719249978	-1	
206.70141952220447	-65.172707234917766	0.0022017518875216205	-1	
207.69646548764914	-61.522495933367601	0.0022930600837886548	-1	
206.99642160554646	-51.610004394595869	0.0046101654514136853	-1	
207.86561382085071	-47.989558260024609	0.0046300695827371681	-1	
208.67148815654573	-44.354494041122067	0.0046484217067504349	-1	
208.79454845182494	-57.903852951582166	0.0022650949510864514	-1	
209.82901836464993	-54.26547385723353	0.0022364526782803489	-1	
205.38769382938486	-78.840948899966264	0	-1	
206.73237657290031	-75.244431531647322	0	-1	
208.01408663185018	-71.624993980574658	0	-1	
209.23243358493428	-67.983738762488613	0	-1	
52.659197163350562	42.173239435781653	0.013082858805422263	-1	
54.365792445549715	44.40081821611637	0.012374123714890991	-1	
73.193425795981497	63.088507819672913	0.0083394718492940841	-1	
83.792051251642789	63.499794426096351	0.0082506630678552927	-1	
88.519081864681382	59.106725222206705	0.0086389152775138301	-1	
57.594820363863739	59.03990091620291	0.0086008161739265301	-1	
60.76353219595989	63.567861198597058	0.0078850474384025478	-1	
66.878929160798492	63.071209167310599	0.0082471062982997518	-1	
54.088338600123379	51.724913551466599	0.010347786668204864	-1	
53.7576762192883	48.765375140148244	0.011151667873874126	-1	
55.352464637228508	56.632164549232513	0.0090678103141441004	-1	
54.081467933835775	54.348331775538149	0.0096360181415462449	-1	
150.53994478760478	43.356883966734067	0.0070195278705690086	-1	
144.85917382154875	46.616912389771592	0.0071450969219392429	-1	
159.98868503181203	40.233349504401573	0.0067348149246443337	-1	
157.11535605013165	46.929873804546261	0.006675011174413473	-1	
173.42099957644393	31.603746606353369	0.0064079390409659239	-1	
167.12709465253289	36.548171622765878	0.006548652359134835	-1	
124.48701145919458	58.657849238725447	0.0074272160745252379	-1	
137.46530549179965	55.851382001410038	0.0070854844332603724	-1	
129.70618707989354	61.483555801217378	0.0071053277784797787	-1	
143.16742966986513	52.830958502807384	0.0069922501908499168	-1	
97.213093404544395	65.580529451269214	0.0077953172765509501	-1	
103.34216865367965	66.365639968728445	0.0075900004012219944	-1	
109.45244768636542	65.44561166649622	0.0075026435764107245	-1	
116.83793949114926	64.425510852169182	0.00735528184771388	-1	
123.50123444026303	66.711462998636861	0.0070265834972894825	-1	
189.91714611783942	9.8014868310428334	0.0060491717276233538	-1	
192.1155715306061	5.8845133318460174	0.0059927017319329938	-1	
193.53011124257989	2.864795086904024	0.0059548460618449751	-1	
184.98519445776299	29.049155634921124	0.0060541068376194652	-1	
187.08309115464047	24.687315373717524	0.0060332640449216515	-1	
181.6215729326814	32.033408210748469	0.0061255082418555677	-1	
190.66439871538591	14.230636777067303	0.0060017920097670098	-1	
189.59697586663711	17.605319471471049	0.0060138811708320937	-1	
190.39810648702493	21.052936700082149	0.0059614382725185124	-1	
196.91646069476988	-5.1564389954351251	0.0058525896559993651	-1	
196.23981525363229	-8.5680153701657655	0.0058685034063855231	-1	
194.38752752720762	-1.6963942529023917	0.0059323662726730895	-1	
199.51281005196535	-13.951294748825084	0.0057537325251896393	-1	
199.72590695091526	-10.467191248588783	0.0057578578571999229	-1	
198.50923032826486	-24.373868681029542	0.0057297334015972423	-1	
202.03397015542339	-23.01886328725465	0.0052256302393593338	-1	
202.1551709934829	-19.465329003173139	0.0052720600596450175	-1	
202.71424326296875	-15.953956942456569	0.0052409447098095306	-1	
201.35269334000421	-26.508584974160556	0.0052531859549048458	-1	
204.12225705632898	-32.329789441647748	0.0047013812527931138	-1	
204.65540087325837	-28.762440865080222	0.0047134299273726317	-1	
206.6433758905842	-38.299085928988887	0.0046758007633838604	-1	
207.12786311717139	-34.66131702748654	0.0046903874880501028	-1	
209.41379913550222	-40.705919013662957	0.004665194575843472	-1	
-207.7521864547812	-61.539001235784454	-0.0022535750534924564	-1	
-208.01408663185049	-71.624993980574715	0	-1	
-209.2324335849346	-67.983738762488656	0	-1	
-210.3870463118686	-64.32177503900229	0	-1	
-204.12225705632895	-32.329789441647819	-0.0047017277319357188	-1	
-204.65540087325834	-28.76244086508029	-0.0047137555298180549	-1	
-206.49139314795718	-38.270917592624372	-0.0046763457215572117	-1	
-206.97394195220832	-34.635559458148833	-0.0046909154465750447	-1	
-208.73854791402042	-57.888322627968471	-0.0023052508891452735	-1	
-209.77330960677264	-54.251066592843777	-0.0022763477582181707	-1	
-210.6316633552261	-50.568188361303456	-0.0023268592763535938	-1	
-208.67148815654593	-44.354494041122173	-0.004648820719030982	-1	
-211.53885629410942	-46.897035381995892	-0.0022960351984733234	-1	
-209.41379913550236	-40.705919013663063	-0.004665579433070147	-1	
-202.71424326296881	-15.953956942456587	-0.0052411901386579234	-1	
-205.12620467254038	-25.186330970397236	-0.0047242010172563126	-1	
-205.53452504277695	-21.602549075315132	-0.004733060269562708	-1	
-205.88023760562791	-18.012186834516093	-0.0047403285211000783	-1	
-202.71135371072296	-12.39835752719941	-0.0052841078245207578	-1	
-199.96953903127874	-3.4904812874567175	-0.0057601988368943544	-1	
-197.0220476392511	1.7193853616123029	-0.0058471001281655876	-1	
-200.00000000000048	-6.6613381477509392e-015	-0.0057582500582563255	-1	
-203.14754029083366	-8.86961315864278	-0.0052493526066611628	-1	
-203.02056386875685	-5.3162805623993696	-0.0052886956200191354	-1	
-50.506408169298354	28.651541919935717	-0.019517436163274181	-1	
-50	28.02375	-0.020051020473156864	-1	
-49.490499393570389	28.641624021782288	-0.019653030460607162	-1	
-49.174372358776758	29.142808773890803	-0.019433097709220162	-1	
-47.281062503392981	31.01659467431066	-0.01788793901808803	-1	
-48.959562500000011	29.657497590745201	-0.019300811992410211	-1	
-48.648750000000014	30	-0.019214903927787557	-1	
-48.245723234723279	30.67253204072788	-0.018466048972829312	-1	
-47.772406938867022	32.479031943185745	-0.016922419900588102	-1	
-40.644691387217264	45.473124253188622	-0.0091147138894617681	-1	
-47.732055954058453	36.623249999999999	-0.014604215984488642	-1	
-47.911093083408026	39.415500000000002	-0.013535774594568046	-1	
-46.467272251588632	43.138500000000001	-0.011791789192326381	-1	
-48.237201139076213	34.224355650497486	-0.015891817709156174	-1	
-32.421530542393903	50.153084352194782	-0.0053089476432683627	-1	
-37.617043562799353	49.46785723760955	-0.0069648279417188416	-1	
-18.383020507944909	41.223218557092039	-0.0022976136716512333	-1	
-21.035498819049341	50.099847219221857	-0.0027826765288082823	-1	
-28.064250000000008	54.606221773551397	-0.0037124306219528153	-1	
-14.315336294338744	37.076981082246675	-0.00082740332189495415	-1	
-11.761969723707178	30.674930733468177	0.0026989800679178486	-1	
-11.35125	30	0.0033959669800243683	-1	
-11.423023757970565	31.817237219367247	0.0020775757765848042	-1	
-12.502109798947089	33.780173100653165	0.0006103192475894109	-1	
-11.040437499999999	29.651757062826665	0.0035988411744269817	-1	
-10	28.957875000000001	0.0042782114386380223	-1	
-9.2017856662963151	29.175319139896452	0.0039354434916099241	-1	
-8.2544857167663164	29.331064572580622	0.0035292354819790898	-1	
-10.442843576129707	29.19140625	0.0039889900237700237	-1	
-6.1824999999999992	30	0.0026413929698838644	-1	
-7.4189999999999996	30	0.0031708444783365448	-1	
-3.7095000000000002	31.810560290760197	0.001047329218235832	-1	
-5.9019791671578385	31.820354067178108	0.0017175033428234482	-1	
-2.7148384542195112	33.64612594984488	0.0004899926182028372	-1	
0.38826532992654417	35.279666274185381	2.0403975698853315e-006	-1	
3.2254501691408057	35.031474334931907	-0.00034903806789414693	-1	
8.2489876212384861	30.670649753831938	-0.0030774094415696577	-1	
8.6555	30	-0.0037064856654451818	-1	
8.9646249999999998	29.653538230144338	-0.0038392879300059002	-1	
7.4403191768055255	34.630229640248082	-0.0007954888678421186	-1	
8.5639456661325237	31.80404591631299	-0.0023766180155124473	-1	
8.8925163960433	33.571134233299006	-0.0013667791837880846	-1	
10	28.957875000000001	-0.0042842168419679298	-1	
9.673746156542208	29.459994497038537	-0.0041435032900356021	-1	
9.4283125000000005	29.67778541431624	-0.0040379374388964766	-1	
14.142708500662508	31.837990615905561	-0.00083536225922093029	-1	
12.409152276760981	28.987253485122384	-0.0027135342933742351	-1	
11.773515187785872	28.612322404679631	-0.0031278885904178718	-1	
12.594500000000002	30	-0.0025921273676163727	-1	
12.711299234301809	30.98508217318518	-0.0019995805719559279	-1	
11.127796896110784	28.920301574349001	-0.0035485995780643658	-1	
10.442843576129707	29.19140625	-0.0039949729195322232	-1	
15.269047196522282	33.546800980809792	0.00034022178520811574	-1	
-79.516552477095132	49.028642346102522	-0.010246730097876104	-1	
-66.329501289405314	51.913231115525718	-0.010243186916312015	-1	
-74.369381085938556	55.592078484619805	-0.0094417975038831627	-1	
-51.483874214227868	36.623250000000006	-0.015027408119332735	-1	
-52.211952371193973	35.030114587205723	-0.015644600282836239	-1	
-52.201453611602105	39.415500000000002	-0.013990358978216471	-1	
-51.743915381155183	31.385369300501289	-0.017408207470433083	-1	
-51.073507444826838	32.786333796818859	-0.016749750502187275	-1	
-51.467128567014036	29.736955191208551	-0.01845554547563313	-1	
-51.177246594255607	30.447372072344855	-0.018128567464927223	-1	
-50.806571297032441	29.427499521030132	-0.018954524261094306	-1	
-56.978816945613943	43.612689607475822	-0.012511633410105938	-1	
-58.658804537009019	46.738704439691297	-0.011616643831779561	-1	
-61.754837405893923	50.874624612159359	-0.010542281091791537	-1	
-53.461791035184163	43.138500000000001	-0.012764418039730645	-1	
-144.81086303392786	29.602355026761956	-0.0076445692943886857	-1	
-142.71196019544669	35.922935896956098	-0.0075730646253911607	-1	
-91.132483052643224	49.659434442723771	-0.0095528755163777294	-1	
-85.823359756522009	52.959554192331986	-0.0094301774752829793	-1	
-124.02770191547592	51.885943990179037	-0.0077938542828839752	-1	
-130.29920718945459	50.667146913701529	-0.0075875991762066027	-1	
-137.87180083386787	41.997504349288775	-0.0076030651152521047	-1	
-136.52445043334237	49.230626371000511	-0.0073894495379715347	-1	
-92.667383124500091	55.719274564755459	-0.0088570533888296336	-1	
-101.25979746727106	57.25876208589407	-0.008392486547199993	-1	
-107.50374561520599	58.075091142813491	-0.0080901195627792986	-1	
-113.50183207715101	58.659650170612458	-0.0078229548205444761	-1	
-122.64472521471475	57.296342173850299	-0.0075634358842957645	-1	
-119.61321928643144	61.986225420531902	-0.0074098698734978274	-1	
-156.83152550800483	27.964043129000629	-0.0071227168942659177	-1	
-196.23981525363229	8.5680153701657655	-0.0058536494723691011	-1	
-194.03234376119659	11.867526538374271	-0.0059080292761318903	-1	
-192.01055084943692	15.111558080185855	-0.0059534971973094399	-1	
-196.91646069476988	5.1564389954351251	-0.0058433503562038977	-1	
-188.54063439358873	23.198605720488111	-0.0060020721705125613	-1	
-185.1082181689782	27.624883757310251	-0.0060672777685804122	-1	
-192.17048041579247	23.078506563874363	-0.0058900440219173296	-1	
-193.49997379666286	18.6319283031293	-0.0058838908380507513	-1	
-174.39523544787184	30.836503368322276	-0.0063850084375207507	-1	
-179.97854031388377	31.264014283643455	-0.0061898530697455543	-1	
-168.98819056504445	32.292499400130488	-0.0065580780011027986	-1	
-162.18094946587323	32.175443927419209	-0.0068194466632441235	-1	
-150.92914408278321	33.996790487273159	-0.007251470042791407	-1	
16.004320520962153	36.904998031958272	0.0013048903241363026	-1	
50.884815146604936	29.779925115240406	0.018685927444373987	-1	
50.645971796960438	29.410075192464511	0.019051742833277045	-1	
50	28.957875000000001	0.019710806038252943	-1	
50.263847465560048	29.19140625	0.019414318530649555	-1	
50	31.969500000000004	0.017259153861431554	-1	
50	33.831000000000003	0.016257581023592028	-1	
50	35.692500000000003	0.015420521944913076	-1	
50	31.038750000000004	0.017898002896612066	-1	
50.456913655021367	30.725733125556566	0.018109100836565983	-1	
50.485735857207089	30.203527410783622	0.018551004766539137	-1	
50	37.554000000000002	0.014685511532332156	-1	
50	41.276999999999994	0.013393491987799995	-1	
49.729967660177415	29.19140625	0.019540897379994385	-1	
49.421829749977	29.642621431956844	0.019362621052478171	-1	
47.109257596216914	31.586048492430734	0.017383725909254862	-1	
49.270375000000008	30	0.019317603753188792	-1	
48.959562500000011	30.348242937173335	0.01890100592954095	-1	
48.237855861405095	31.381965571430985	0.017829800660743252	-1	
48.878063435305961	31.0762008050357	0.01816865338122655	-1	
41.38744361341687	42.088119566174008	0.010458366157597338	-1	
38.388407844343419	44.824090594132336	0.0085198525118598458	-1	
35.537183647603953	47.222573458473889	0.0069065586912848463	-1	
26.82249092059611	48.556421610787631	0.0041695064447318545	-1	
32.625866006432588	49.547746368779073	0.0055275770253014481	-1	
45.501466958698792	39.145006922907207	0.012918224734254186	-1	
48.070886668477577	35.124287471438642	0.015367954284801734	-1	
14.817270636836994	42.718985960537687	0.0015313852598325733	-1	
13.506063754824886	49.890831215258018	0.0014933490797572233	-1	
19.948064774930067	53.304809935469102	0.0024421083733161728	-1	
47.695159840784655	32.550316710240637	0.016822303227728784	-1	
47.849435622125242	33.508759660994109	0.016224992976812531	-1	
210.38704631186832	-64.321775039002262	0	-1	
211.47757310643067	-60.640218279739997	0	-1	
210.63166335522595	-50.568188361303363	0.0023266638229262819	-1	
211.53885629410917	-46.897035381995828	0.0022958160281135527	-1	
212.38149045279414	-43.209502587653439	0.0022643503401069253	-1	
212.50368178359557	-56.940189922554737	0	-1	
213.46505978071977	-53.222817031927057	0	-1	
50	45	0.012249960643228129	-1	
69.845034418454588	68.442146038866895	0.0075635515181280881	-1	
78.233873855069334	69.964948627251431	0.0075203388949371631	-1	
90.311164971280604	65.774767101321956	0.0079193343428325298	-1	
85.095629034998169	70.242293154213272	0.0075147868442341755	-1	
55.582888198987703	61.643260780213808	0.0078548403046837228	-1	
54.304656649143745	59.026621309823817	0.0083638239361536436	-1	
59.60259550876156	69.593137134604248	0.0068874006080439538	-1	
55.301802715218713	65.216505388190086	0.0071258692666940618	-1	
65.107859262257705	72.435174773658105	0.0068547910604615965	-1	
51.86394339349647	51.063631262230125	0.010520075223803924	-1	
52.050249609980277	53.376749999999994	0.0098717531031213314	-1	
50	48.722999999999999	0.011179312176320913	-1	
52.745359746931172	56.817445010219011	0.0088891267971748459	-1	
51.578813005886559	55.620504548553356	0.0092102651328981877	-1	
149.6898735542311	51.269354804948115	0.0068141414629036522	-1	
165.37002542562882	44.356710901403339	0.0064497870403212908	-1	
164.78572060016995	50.920643341164187	0.0063152528149050847	-1	
153.41343971884552	56.847520753681579	0.0065136327230136412	-1	
159.74589482460735	55.166438597034833	0.0063618792600755479	-1	
174.46289548739111	39.749203338549236	0.0062390182103480322	-1	
142.47229349081522	59.93320661641993	0.0067547950981645044	-1	
135.41563296230373	61.355874254273637	0.006921519848848594	-1	
132.85544833719874	66.46072778272837	0.0067731655332320803	-1	
149.31488417189999	61.959063310727046	0.0064712212422678569	-1	
99.643647197718963	70.922368311393058	0.0073149237500574138	-1	
93.892642129281086	70.315219729080866	0.0074428863496603485	-1	
105.11456737427118	73.04648379103125	0.0070634551841054034	-1	
113.08588573196326	69.434206628920137	0.0071449576497222868	-1	
118.88599619795865	70.339088831832399	0.0069482808465950304	-1	
122.17690234827401	75.200161751334122	0.0066039883144297243	-1	
129.97733905340397	71.599460540017461	0.0066089535079991695	-1	
194.20990859197801	8.479387731301717	0.0059171968705094766	-1	
196.0603944926593	11.991567434908644	0.005844655158707115	-1	
196.35945946586133	5.1418534049410018	0.0058609984039308099	-1	
196.97646163313712	1.7189875385638753	0.0058487531495810359	-1	
187.06812479291702	33.0342672292456	0.0059403098432199925	-1	
189.47910806791634	28.892778958903101	0.0059151922412374082	-1	
192.73185392044405	25.373629933275595	0.0058515809231279468	-1	
185.53407970600909	35.952456142301202	0.0059482487339886829	-1	
181.48239071656252	39.074053936591383	0.0060260112645666815	-1	
193.07224784796495	16.934231189844276	0.0059093258759135006	-1	
195.16411038744494	22.23614163564303	0.0058061991324056912	-1	
199.87816540381962	-6.9798993405002037	0.0057602499532474006	-1	
199.96953903127874	-3.4904812874567037	0.0057602364739037411	-1	
200.00000000000048	6.6613381477509392e-015	0.0057584017215739879	-1	
202.7113537107229	-12.398357527199394	0.0052839080829648125	-1	
203.1475402908336	-8.8696131586427498	0.0052492331071936791	-1	
205.12620467254038	-25.186330970397169	0.0047238965497841722	-1	
205.53452504277701	-21.602549075315068	0.0047327702625491802	-1	
205.88023760562791	-18.012186834516029	0.0047400589189658497	-1	
206.16323705369751	-14.41633790711923	0.0047457559130301774	-1	
207.85411315239637	-31.064005345160517	0.0047030515329975773	-1	
208.2113489386731	-27.41154411381704	0.0047144724802312679	-1	
210.09232064260493	-37.044944568945198	0.0046803889095673092	-1	
210.70684599362994	-33.372685875249303	0.0046940096612990544	-1	
212.98953447437341	-39.475276899892442	0.0023531870597358518	-1	
-211.47757310643095	-60.640218279740026	0	-1	
-207.85411315239648	-31.064005345160606	-0.0047033874463998215	-1	
-208.21134893867313	-27.411544113817129	-0.0047147895706101369	-1	
-210.0923206426051	-37.044944568945297	-0.0046807546041603299	-1	
-210.70684599363008	-33.372685875249395	-0.0046943559820047075	-1	
-212.50368178359582	-56.940189922554758	0	-1	
-213.46505978072003	-53.222817031927065	0	-1	
-214.36141425275255	-49.489231955650446	0	-1	
-212.26815655995389	-43.186444546552444	-0.0023453089111747493	-1	
-215.19247216143805	-45.740571979907187	0	-1	
-213.10325352421799	-39.496353479981188	-0.002272283452913981	-1	
-206.16323705369751	-14.416337907119292	-0.004746010952443246	-1	
-208.50297648230551	-23.75591345821519	-0.00472460773800673	-1	
-209.19502073867719	-20.143189434591601	-0.0047323220145698563	-1	
-209.36061189454165	-16.477037497946995	-0.0047389657847671249	-1	
-206.3834371826124	-10.816097623541779	-0.0047501030088102011	-1	
-203.58192143646181	-1.7766325129646887	-0.0052129077530855723	-1	
-199.96953903127874	3.4904812874567037	-0.0057547048740860416	-1	
-203.3333333333338	1.7744631174542718	-0.0052482891906069831	-1	
-206.54077091728027	-7.2125626518502495	-0.0047526094997440644	-1	
-206.63519033232134	-3.6068306637052987	-0.0047535301531547777	-1	
-50.263847465560048	29.19140625	-0.019428261033775086	-1	
-50	28.957875000000001	-0.019726430975274222	-1	
-49.729967660177415	29.19140625	-0.019555138219106954	-1	
-49.421829749977	29.642621431956844	-0.019376037790700098	-1	
-48.237855861405095	31.381965571430985	-0.01784443476333231	-1	
-49.270375000000008	30	-0.019331003424357791	-1	
-48.959562500000011	30.348242937173335	-0.018914071423662721	-1	
-48.878063435305961	31.0762008050357	-0.018180569897113877	-1	
-48.778890945279691	31.840919673782846	-0.017520443151356084	-1	
-48.990025345302733	32.582574847109925	-0.016974498341377289	-1	
-46.76231601703774	46.861499999999999	-0.010707696649126849	-1	
-43.597170251254589	49.09151750323236	-0.0089853135080004247	-1	
-50	35.692500000000003	-0.015434627637882656	-1	
-50	37.554000000000002	-0.014693405889058592	-1	
-50	41.276999999999994	-0.013398701728176971	-1	
-50	45	-0.012250915677266685	-1	
-50	33.831000000000003	-0.016268254140939003	-1	
-36.638131161117052	54.383777647396073	-0.0054214442104414768	-1	
-40.145260213214172	53.795981950933829	-0.0065010491418886736	-1	
-10.402394249725175	43.868836392376707	-0.0008482986800168841	-1	
-13.778480073186554	50.295711881793899	-0.0015675307209167993	-1	
-18.709500000000002	60	-0.0019479824155047749	-1	
-24.946000000000002	60	-0.002659702220752617	-1	
-31.182500000000005	60	-0.0034306160739300483	-1	
-9.7617477559808012	36.05666729101317	0.00020421016401364571	-1	
-11.040437500000001	30.353040322653925	0.0033265886492520507	-1	
-10.657880505805576	30.989854150763865	0.002985007483200899	-1	
-10.729625	30	0.0038008771802674241	-1	
-10.323230340649424	31.571348265239049	0.0025602705700959669	-1	
-9.6776789770542422	32.495074618390007	0.0019560769068570267	-1	
-10.574218749999998	29.674508559388457	0.003902626168967934	-1	
-9.673746156542208	29.459994497038537	0.004137474175082095	-1	
-10	29.424937499999999	0.004277546044618565	-1	
-8.9646249999999998	29.653538230144338	0.003833232235329435	-1	
-9.4283125000000005	29.67778541431624	0.0040318952306731088	-1	
-8.6555	30	0.0037004179773998595	-1	
-10.227185897578931	29.772814102421069	0.0041286329383902571	-1	
-7.3124755680807363	30.973604938131256	0.0025680831429833986	-1	
-8.2443287018609777	30.672102422033579	0.0030626252074802776	-1	
-4.7981678044879814	33.510509956041119	0.00083644536956727067	-1	
-7.5437668170077599	31.925318334232763	0.0020825380230181001	-1	
-6.5545551142719205	34.505562754161566	0.00076841423984931481	-1	
-4.0807215336307259	36.824531843445556	0.00026838107653527599	-1	
2.2048516733435672	39.70520366545361	7.2617429127953623e-006	-1	
6.9392882695868714	37.838479016001045	-8.3943416369994763e-005	-1	
8.9646249999999998	30.349890422680787	-0.0035535113503063435	-1	
9.3405826484825987	30.986405842613252	-0.0031212601308246777	-1	
9.2737499999999997	30	-0.0039712634820383598	-1	
9.17494237749181	35.483538095974517	-0.00050320853690768346	-1	
9.6676585187363333	31.572705838784895	-0.0026415532282262543	-1	
10.326705747456323	32.487777990470242	-0.0019395399133407929	-1	
11.01448355788612	34.889281236858132	-0.00048848393559564095	-1	
10	29.424937499999999	-0.0042835603786424451	-1	
9.7728141024210675	29.772814102421069	-0.00418536913658201	-1	
9.5828749999999996	30	-0.0041036113798172246	-1	
13.490712076387513	34.559814268723869	1.5006258503567442e-005	-1	
12.480213384549895	31.949772941828254	-0.001582340869584439	-1	
11.754276765276741	29.327467959272113	-0.0031399487020033943	-1	
11.35125	30	-0.0034018886400006792	-1	
11.768392423024121	30.676933354743721	-0.0027025541434085995	-1	
11.040437499999999	29.651757062826665	-0.0036047853738760661	-1	
10.574218749999998	29.674508559388457	-0.0039086081319406494	-1	
10.227185897578931	29.772814102421069	-0.0041346453102222005	-1	
-80.580810205005989	56.383589082227864	-0.0091819457748014612	-1	
-62.487420872576784	54.604823801383148	-0.0097172128248204821	-1	
-65.663402996589667	57.134651210805146	-0.0092414476117811308	-1	
-70.880279536221281	64.135406222635396	-0.0081617130436901948	-1	
-78.808795438869922	62.389278417842938	-0.0084303689530801796	-1	
-50.654489202879681	31.504125000000002	-0.017520154058110946	-1	
-50	31.969500000000004	-0.01725495836066699	-1	
-50.747751771141523	29.857768039413166	-0.018707024443200989	-1	
-50.456913655021367	30.725733125556566	-0.018112232456884616	-1	
-50.488762029298158	30.206358125556569	-0.018554187748495956	-1	
-50.225841818949853	29.541703124999998	-0.019260397682811084	-1	
-53.141305772210089	47.626847180191504	-0.011476509802600234	-1	
-54.623861196610918	50.605333771142398	-0.010652005540720381	-1	
-58.701016737236884	53.138524753646607	-0.010017727822997612	-1	
-142.77924057011975	46.65368800476751	-0.0072291097166417573	-1	
-148.87312970785752	43.716422920466641	-0.0070754083800861709	-1	
-86.163354606139251	59.205579977043371	-0.0086959478352427871	-1	
-128.11687720657716	56.182526372796175	-0.0074167832847059183	-1	
-135.94279416066257	57.087152339400873	-0.0070888220711996007	-1	
-141.97627164302006	53.584045210008071	-0.0070127478615083453	-1	
-94.558238079694775	62.852393092707644	-0.0081069336687119384	-1	
-103.43490500055329	62.520682949817598	-0.0078913561844278241	-1	
-108.95282113060455	63.924786059013975	-0.0076242683320199506	-1	
-115.365662604688	69.33120963358175	-0.0070941429878499471	-1	
-129.70402865400359	61.8976751035731	-0.0070840254996564272	-1	
-123.71509671444227	67.822077133949307	-0.0069629149997786858	-1	
-157.46972566785271	38.736765537987203	-0.0068660531435872666	-1	
-199.72590695091526	10.467191248588783	-0.0057411475511059563	-1	
-199.87816540381962	6.9798993405002037	-0.0057489276391241954	-1	
-195.82125183624413	15.411466752045826	-0.0058343520712035527	-1	
-199.51281005196535	13.951294748825084	-0.0057315951176343067	-1	
-190.44804319272154	25.933822813988563	-0.0059161910204399652	-1	
-189.13062526515134	28.772279517279031	-0.0059278367574221846	-1	
-186.26747200314156	31.185248221247033	-0.0059885564344618796	-1	
-195.71772084054112	22.299217579378688	-0.0057898386308117894	-1	
-194.74631176671195	25.638838340021284	-0.0057901819169337305	-1	
-198.90437907365509	20.905692653530735	-0.0057066962928304923	-1	
-199.23893961834955	17.431148549531667	-0.0057202234746751845	-1	
-173.07995392368795	36.279489067521908	-0.0063446107730030475	-1	
-178.61543687954244	37.692656586419851	-0.0061388356722543534	-1	
-185.0233729367055	36.235313690232068	-0.0059610721664801929	-1	
-165.48935198353934	37.771278764857591	-0.0065852623616698153	-1	
11.04764729674922	38.136248466971836	0.00034366290664932962	-1	
50.315703369758872	29.901641874443445	0.018914808152406946	-1	
50.225841818949853	29.541703124999998	0.019249227918670956	-1	
50	29.424937499999999	0.01950359291285143	-1	
49.472576377379447	31.504125000000002	0.017725936747892225	-1	
48.990025345302733	32.582574847109925	0.016957812971738755	-1	
49.266236969226554	34.761750000000006	0.015747089013560853	-1	
48.806867296191932	33.669191877369499	0.016273822845057632	-1	
50	30.573374999999999	0.018296269027314609	-1	
49.558937910581072	30.806062499999999	0.018352881200385016	-1	
50.167564466655747	30.340687500000001	0.018532271364023641	-1	
50.173185897578918	30.054000000000002	0.018856325596518446	-1	
46.763449243964295	43.138500000000001	0.011889361816057448	-1	
49.796627665537017	29.541703124999998	0.019421332485135289	-1	
49.581187500000006	30	0.019314678397047331	-1	
49.783505811807544	29.783505811807551	0.019320461662981455	-1	
48.139372891802154	32.046436496041963	0.017282147964531137	-1	
49.425781250000007	30.325491440611554	0.018931202260958804	-1	
48.778890945279691	31.840919673782846	0.017505432669955908	-1	
42.12909387266582	46.401119778238609	0.0093316042656608894	-1	
38.995584976764313	48.608812873969832	0.0076448282697663085	-1	
38.400425435158141	52.395443556472202	0.0064250832165062693	-1	
28.247191628301771	54.268874241328859	0.0037878686392530448	-1	
34.300750000000008	56.463474145436173	0.0045459162011401155	-1	
8.5159726939276581	44.575417868297691	0.00065922408747701568	-1	
6.4979304831202889	51.469995190335233	0.00064575342701417206	-1	
12.473000000000001	60	0.0012851029424551729	-1	
18.709500000000002	60	0.0019573677137299547	-1	
24.946000000000002	60	0.002668075799499786	-1	
48.339986892681814	32.671040520999917	0.01684809561808524	-1	
214.36141425275233	-49.489231955650453	0	-1	
215.19247216143782	-45.740571979907202	0	-1	
215.95798035848665	-41.97797898284	0	-1	
46.481112483348021	46.861499999999999	0.010621513689040777	-1	
72.737810763248746	76.374061323135606	0.0067168906090825766	-1	
81.337991816907916	78.187950498551174	0.0067202687332739708	-1	
91.380310084034193	75.645315427863693	0.0070002833330582524	-1	
53.601842040889061	60.850276324179873	0.0078204561792129361	-1	
53.502217448711406	62.116734598891782	0.0075015385838321427	-1	
52.810946449406906	59.856130568102373	0.0079870979415441988	-1	
52.604200158623016	58.860177643036415	0.0082639518032168596	-1	
55.363022843009645	74.029097877049963	0.005983895824462457	-1	
51.366333810321137	63.778753528760653	0.0068313036120533919	-1	
50.304002802294654	66.813015109619954	0.0062178823145571842	-1	
64.596196609268588	78.609582297209926	0.0061387855721078749	-1	
50	52.445999999999998	0.010126539786956868	-1	
50	54.307499999999997	0.0095873539980048921	-1	
47.890730376554934	50.584500000000006	0.0099569869080757909	-1	
51.594976013293739	58.093649781870603	0.0084278978689358193	-1	
51.073507444826838	57.213666203181134	0.0086986944627688387	-1	
50	56.168999999999997	0.0090213933067665973	-1	
174.32993726340942	46.799838919686586	0.0061089885405352564	-1	
171.35355988060289	51.459260449323402	0.0061013578947503814	-1	
167.53931427146873	57.656689912525096	0.0060663401215892568	-1	
158.3185669782695	61.190993034327654	0.0062347832673762711	-1	
164.16254276808388	63.235612293969766	0.0060133998226347667	-1	
179.45627781422084	44.728688545418365	0.0059929697496183222	-1	
138.72785991480836	66.008102481338895	0.006626445891514756	-1	
137.26994300063117	73.369447853868564	0.0063575082421509239	-1	
149.73999170304907	68.693759626957828	0.0062252233943452407	-1	
159.09009813593812	67.334059094658002	0.0060268493586973972	-1	
100.07700464869946	77.91377400220955	0.0067757960534784653	-1	
111.9088230550841	78.562691945128591	0.0065898955704280903	-1	
105.74374795782091	82.781312177874227	0.0063906829880573581	-1	
116.57376247020331	75.44894651478009	0.0066995771539267602	-1	
120.227043286618	82.502480377676093	0.0062462890091351001	-1	
127.74679135135922	81.741430626500957	0.0061660266542011549	-1	
135.19109472527009	80.580087025976397	0.0060867078038101948	-1	
199.72590695091529	10.467191248588797	0.0057409862538213164	-1	
199.87816540381965	6.9798993405002179	0.0057489278017382279	-1	
196.37672636350089	15.455183545438572	0.0058165628113802234	-1	
199.51281005196537	13.951294748825102	0.0057314715539909999	-1	
199.96953903127874	3.4904812874567175	0.0057548962402237391	-1	
188.82976935246143	35.865561866229555	0.0058512131539561422	-1	
190.69928174150641	33.104304126938672	0.0058309130234541501	-1	
194.26919153286522	29.033725205872191	0.0057710820250984575	-1	
198.50923032826495	24.373868681029567	0.0056911423350869432	-1	
198.05361374831463	27.834620192013166	0.0056738459403559271	-1	
186.5971297840203	39.073200507446685	0.0058723430728985842	-1	
185.1046333114264	42.685136189943414	0.0058617807343776494	-1	
196.12246495714055	18.884445480878199	0.0058025120259863651	-1	
198.90437907365524	20.905692653530753	0.0057065942144135656	-1	
203.02056386875677	-5.3162805623993536	0.0052886158895423243	-1	
203.3333333333338	-1.7744631174543006	0.0052503417747770389	-1	
203.08242474263702	1.7722734713557109	0.0052861015888564606	-1	
206.3834371826124	-10.816097623541717	0.004749866476937978	-1	
206.54077091728027	-7.2125626518501846	0.0047523895418652038	-1	
208.81161219480404	-23.791078055862247	0.0047239651714990121	-1	
209.04116130399262	-20.128374456069544	0.0047322134146251952	-1	
209.51470645271542	-16.489165002687567	0.0047385313244411066	-1	
209.61628921458569	-12.820681474585722	0.0047436054869656481	-1	
211.25718799820223	-29.690261538147336	0.0047060431604452301	-1	
211.74317901681593	-25.998793259764831	0.0047164967164902184	-1	
213.70335083517688	-35.761676298200427	0.0023195515173362242	-1	
214.35183963806355	-32.035097074936289	0.0022853517615936494	-1	
216.65770566268637	-38.20259908672481	0	-1	
-211.25718799820237	-29.690261538147425	-0.004706369402987306	-1	
-211.74317901681607	-25.998793259764916	-0.0047168023498863265	-1	
-213.70335083517702	-35.76167629820047	-0.0023197646442470496	-1	
-214.23745430075445	-32.018002071735786	-0.0023670544390573707	-1	
-215.95798035848688	-41.977978982839979	0	-1	
-216.65770566268654	-38.202599086724781	0	-1	
-209.77057195755378	-12.830117811389741	-0.0047436795430557373	-1	
-212.164671011899	-22.299405497099514	-0.0047256514413806551	-1	
-212.52153559290642	-18.593225119500502	-0.0047329120053235	-1	
-212.81366405542985	-14.881381065413477	-0.0047385892700229689	-1	
-209.80811538233644	-9.1604201474507398	-0.0047471508586797613	-1	
-206.66666666666714	-3.1974423109204508e-014	-0.00475286947668856	-1	
-203.02056386875677	5.3162805623993536	-0.0052822035120099866	-1	
-206.63519033232134	3.6068306637052352	-0.0047506305892074108	-1	
-210.09055004717973	-5.5014146659628116	-0.0047486944140312272	-1	
-210.00000000000057	-1.8326422360593979	-0.0047489995659343908	-1	
-50	29.424937499999999	-0.019516540492783969	-1	
-49.796627665537017	29.541703124999998	-0.019434393575129095	-1	
-49.783505811807544	29.783505811807551	-0.01933292725959998	-1	
-49.581187500000006	30	-0.019327407642922231	-1	
-49.425781250000007	30.325491440611554	-0.018942777489192628	-1	
-49.558937910581072	30.806062499999999	-0.018360273860445295	-1	
-49.472576377379447	31.504125000000002	-0.017731860075229609	-1	
-46.856603935203552	51.181306450307297	-0.0094268071839388907	-1	
-50	48.722999999999999	-0.011177234432493523	-1	
-43.964113613260331	52.945927750268552	-0.0079155271579388013	-1	
-38.978125000000006	57.061442077983493	-0.0052819785873526003	-1	
-37.419000000000004	60	-0.004296487791864559	-1	
-43.689813293080419	55.451994299656974	-0.0069973432728180048	-1	
-42.096375000000002	58.220109573070417	-0.0056456618156956002	-1	
-3.3656473963450737	43.562091935007743	-0.0001991436281480246	-1	
-6.6590836954049744	48.875543138341598	-0.00062296749711637832	-1	
-9.3547499999999992	54.640559342837207	-0.00098592644623105778	-1	
-12.473000000000001	60	-0.0012795347175475864	-1	
-18.709499999999998	67.071175222621619	-0.0019194291777947009	-1	
-28.064250000000001	65.894695849016642	-0.0029960761636612073	-1	
-34.300750000000008	63.533130697488112	-0.0038304203228873446	-1	
-10.571170625556576	30.3209392303682	0.0036224547471995537	-1	
-10.248695600879701	30.904586905548957	0.0031907447524579485	-1	
-10.4188125	30	0.0040033284108422088	-1	
-9.683828436385534	31.368145551103559	0.0028055949838796091	-1	
-8.8324462708376199	31.292355189669749	0.0027539426947208166	-1	
-9.7728141024210675	29.772814102421069	0.0041793338318143469	-1	
-10	29.892000000000003	0.004276438114411453	-1	
-9.2737499999999997	30	0.0039652131522504401	-1	
-9.5828749999999996	30	0.0040975635464750252	-1	
-8.9646249999999998	30.352795759084067	0.0035483570883737018	-1	
-10.108000000000001	30	0.004205692025007193	-1	
-0.46007233828587246	49.682850106281187	-2.5015776460967052e-005	-1	
9.4305168744434233	30.319454673366323	-0.0037446947685627107	-1	
9.7529652728733343	30.906786122819287	-0.0032434069625853789	-1	
9.7936418744434253	30.488762029298151	-0.0036679461190544009	-1	
10.304533452649617	31.360299085205689	-0.0027756587884668529	-1	
11.171116978160308	31.307062824827696	-0.0025308961596209817	-1	
10	29.892000000000003	-0.0042824740997253015	-1	
9.8919999999999995	30	-0.0042358530849604722	-1	
9.7374374999999986	30.143204804241101	-0.004020450654516337	-1	
11.040437499999999	30.357045565205002	-0.0033359539897938203	-1	
10.729625	30	-0.003806854329519395	-1	
10.4188125	30	-0.0040093260901240711	-1	
10.108000000000001	30	-0.0042117326177304537	-1	
-58.855425275726269	56.420174224296225	-0.0092483581392352639	-1	
-60.760010518715823	58.859037992003188	-0.008791877905470178	-1	
-62.609018125700992	61.34030224527374	-0.0083938517953769509	-1	
-65.245519837222432	67.174071239021885	-0.0075564719980041797	-1	
-76.070088899695634	68.827114746447663	-0.0076439902855156274	-1	
-72.021299736940577	74.532687146932645	-0.0068813232893215198	-1	
-86.324681076072594	65.458771831700048	-0.0080134147292170825	-1	
-84.055481043139764	71.64221140029538	-0.0073707973422159293	-1	
-50	31.038750000000004	-0.017897847486564582	-1	
-50.315703369758879	29.901641874443428	-0.018928576464798584	-1	
-50.167564466655747	30.340687500000001	-0.018539433361452428	-1	
-50	30.573374999999999	-0.018301098300811537	-1	
-50.173185897578932	30.054000000000002	-0.018866961201755843	-1	
-50.125333641960829	29.775234374999997	-0.019182084547226853	-1	
-50	29.658468749999997	-0.01938548935463837	-1	
-52.004633811923	50.75371938953932	-0.010605835567667938	-1	
-52.050249609980277	53.376749999999994	-0.0098715012740641477	-1	
-54.081467933835761	54.348331775538199	-0.0096331381918719865	-1	
-55.587712345450093	56.759463850249041	-0.0090406158140512432	-1	
-149.47322568135351	53.132618054130219	-0.0067613324779881969	-1	
-156.03070174191066	45.777049941445028	-0.0067447935009387963	-1	
-137.45761885837655	65.19125736865702	-0.0066985039345261385	-1	
-144.8515542387301	60.601639861166419	-0.0066554072081806007	-1	
-90.653278418705284	70.555377002142507	-0.0074611436147376817	-1	
-101.56645008621305	67.899138136264042	-0.0075191616222136147	-1	
-108.0869994691618	72.26770548149095	-0.0070630468444505268	-1	
-118.20185367571557	74.187681030208935	-0.0067423190908619431	-1	
-113.78336760390464	77.667088314624976	-0.0066180531407518959	-1	
-130.40687813717017	70.292426308834393	-0.0066605368338566945	-1	
-123.77324955035452	74.955041588024272	-0.0065827968247424273	-1	
-163.15439714457187	46.720107814064008	-0.0064696837763416528	-1	
-203.20993772707783	12.428852232004807	-0.0051941735344120492	-1	
-203.14754029083363	8.8696131586427143	-0.0052388079913639222	-1	
-202.71424326296881	15.95395694245652	-0.0052222853190955019	-1	
-192.25966902318945	28.733400054567557	-0.0058335602067512713	-1	
-189.96283366533152	31.788876214056291	-0.0058688642308792859	-1	
-198.50923032826486	24.373868681029542	-0.0056917970906261257	-1	
-198.05361374831449	27.834620192013144	-0.005674537056155133	-1	
-202.15517099348293	19.465329003173146	-0.0052488591802403242	-1	
-202.28096970333343	23.047005330995987	-0.0051621103288103506	-1	
-170.80137701339868	41.518449007712341	-0.0063259379565023749	-1	
-186.49390681815717	42.136049652061004	-0.0058298850165477579	-1	
-179.06213852697493	44.249023756426453	-0.0060143638138937736	-1	
-189.58699890262645	40.254576412534583	-0.0057701186774516879	-1	
-191.1397684270469	35.4256621287035	-0.0057897196483941435	-1	
50.111849046780968	29.946000000000002	0.019030790943209579	-1	
50.125333641960829	29.775234374999997	0.019169906427950262	-1	
50	29.658468749999997	0.019373159728928321	-1	
50	30.108000000000001	0.018875150576686858	-1	
49.772814102421073	30.227185897578927	0.01894408753492257	-1	
50	30	0.019078321881642598	-1	
49.892000000000003	30	0.019187855128268875	-1	
50	29.892000000000003	0.019206716366257776	-1	
45.2701814685093	49.448345508563101	0.0094322648681244067	-1	
42.906965729954798	51.069551698212841	0.0081587615505833329	-1	
38.978124999999999	57.057327066514674	0.0053327869651630241	-1	
42.838660365556386	53.934587913255285	0.0072436704149649155	-1	
31.182500000000005	60	0.0034388203345481001	-1	
37.419000000000004	60	0.0043101148514368363	-1	
2.3582712754611199	55.056490653777786	0.00024200537455784985	-1	
6.2365000000000004	60	0.00064002684345104775	-1	
13.475195122043973	65.401865256949478	0.0013802431055004649	-1	
18.709499999999998	67.071175222621619	0.0019293845796040886	-1	
28.064250000000001	65.894695849016642	0.0030042503689209363	-1	
23.782932416316083	69.632177416643557	0.0024612334602688983	-1	
76.130813512213592	81.581775344241066	0.0062998120199134503	-1	
69.939021779991137	82.124424517172372	0.0060434248440577589	-1	
87.475487523702228	81.32568375105383	0.0065108058263708248	-1	
83.194747901001989	86.728413782938063	0.0060161479871700717	-1	
91.707940142731033	86.357592290836863	0.0061514739440896998	-1	
98.536784791188694	84.747168107954593	0.0062859908513950907	-1	
52.335040303894566	60.755118665000168	0.0076625851860663407	-1	
51.768004213047796	61.659782859580673	0.0073302804869181427	-1	
51.793987208758111	59.834679214779761	0.0078546804274345298	-1	
51.357640537983649	59.088623368867452	0.0080599584584845532	-1	
57.882119020538241	80.547385503612247	0.0055223183646221693	-1	
45.720914199567453	74.626465065440982	0.004888539314470591	-1	
51.003718041391878	81.780884228505215	0.0048700975596817691	-1	
49.209912368046353	63.813715973886183	0.006404707803138494	-1	
49.878091377655494	62.217821028334996	0.0067893473426288839	-1	
47.699144800518688	64.96706170432752	0.0059790103395978246	-1	
44.957091470734767	66.602290349058251	0.0053775614041338422	-1	
61.684245530739332	85.936675170479091	0.0053072282308551577	-1	
48.233572223312471	53.376749999999994	0.0092235428093016408	-1	
48.955638981135621	55.238250000000001	0.0088940175294259273	-1	
45.497341869272873	52.295540928655704	0.0086225114078760223	-1	
50.654489202879688	58.495875000000005	0.008229953695877687	-1	
50	57.09975	0.0087190130735320687	-1	
50	58.030500000000004	0.0083903982269979728	-1	
48.867205477312424	56.634375000000006	0.0083776444704517575	-1	
178.32021511822484	50.626941473459475	0.0059165262230307788	-1	
177.55867557749832	54.733948108568242	0.0058550425413991525	-1	
174.27389101499764	60.413876450225928	0.0058188040586965245	-1	
167.37345867003813	68.911612628257416	0.0057805123110920252	-1	
185.70574673215992	47.439442459119228	0.0057673551128911323	-1	
146.26209035697099	74.47658360074783	0.0061001241018241248	-1	
141.32397576596978	77.513268356142788	0.0060930575444758097	-1	
153.91743805954465	73.993362708651205	0.005942500965471869	-1	
161.45255273583621	75.428597077315075	0.0057303762757361957	-1	
114.47244387341946	87.402520507568752	0.0060433378959287801	-1	
103.96273279850682	90.445527509516879	0.0059163198340148422	-1	
110.08405182320797	91.916551104955914	0.0058143816734228552	-1	
124.70047221648613	89.172418433399159	0.0058527315965689782	-1	
137.29681084952202	87.814195905815396	0.0057435436373270577	-1	
132.15294880455673	92.165783222732955	0.0056276475280960794	-1	
142.24130053364485	83.23733555422119	0.0058484794716057529	-1	
202.89686096441778	8.8586682628837519	0.0052763587725980082	-1	
202.96180384269405	12.413675713487795	0.0052312804343766436	-1	
203.27139603026623	5.3228488337076829	0.0052443883123465696	-1	
199.23893961834963	17.431148549531684	0.0057199996087494735	-1	
202.96207448859064	15.97346168291746	0.0051850343470821658	-1	
193.13758559327761	35.795935654240544	0.005728241504742819	-1	
190.49239386072929	38.756115553690407	0.005764871767152977	-1	
194.282445630729	32.511731350565242	0.005733705710962881	-1	
197.53766811902807	31.28689300804626	0.0056550284031584176	-1	
201.84793562767896	26.573784858243883	0.0051476654721767327	-1	
202.03397015542345	23.018863287254661	0.0051987389682806402	-1	
201.10754977619109	30.055724692921356	0.0051683844091519439	-1	
188.47449650232198	44.039472937940104	0.0057458592296530898	-1	
202.15517099348298	19.465329003173135	0.0052486712682233184	-1	
206.63519033232134	-3.6068306637052352	0.0047533254317321406	-1	
206.66666666666714	3.1974423109204508e-014	0.0047526786249131358	-1	
206.63519033232134	3.6068306637052987	0.0047504528345254284	-1	
209.65220246433324	-9.1536128424390277	0.0047470950761012059	-1	
209.93603196568486	-5.4973684675997134	0.0047486523812359542	-1	
212.16467101189892	-22.299405497099436	0.0047253608210389994	-1	
212.52153559290633	-18.593225119500428	0.004732641825855575	-1	
212.81366405542977	-14.881381065413407	0.0047383339777224533	-1	
213.0409674143097	-11.165003998494681	0.0047424420701149758	-1	
214.82123303196431	-28.281751863462048	0.0023314870235788933	-1	
215.33927105367999	-24.534810838733971	0.0022955200543643699	-1	
217.2914349309309	-34.415582308850915	0	-1	
217.85897512314608	-30.618082211214514	0	-1	
-214.8782823490599	-28.289262548543359	-0.0022909680015169172	-1	
-215.28209934594324	-24.528296945435283	-0.0023364140236353513	-1	
-217.29143493093105	-34.41558230885088	0	-1	
-217.85897512314622	-30.618082211214475	0	-1	
-213.04096741430976	-11.165003998494752	-0.0047426793095256947	-1	
-215.73466533029887	-20.772885587868974	-0.002299582612562222	-1	
-216.00698052611452	-17.000118053437316	-0.0023436078426497431	-1	
-216.21276885894238	-13.224139453403977	-0.0023873420283564589	-1	
-213.20337643074112	-7.4452259632002633	-0.0047451864971635969	-1	
-210.15456516354149	1.8339911058065856	-0.0047473827692139552	-1	
-206.54077091728027	7.2125626518501846	-0.0047468149653455034	-1	
-209.93603196568489	5.4973684675996974	-0.0047445334277025153	-1	
-213.30084163336414	-3.7231800399538608	-0.0047461109679230442	-1	
-213.333333333334	-3.3306690738754696e-014	-0.0047454560919809171	-1	
-50	29.892000000000003	-0.019218436512830464	-1	
-49.892000000000003	30	-0.019199174072061006	-1	
-49.772814102421073	30.227185897578927	-0.01895268921309775	-1	
-50	52.445999999999998	-0.010125521248733204	-1	
-47.591760375702336	54.488863494835066	-0.0086317366652851075	-1	
-46.071960774238768	56.277211600508899	-0.0074670754560694132	-1	
-40.53725	60	-0.0047938835999509566	-1	
-38.978125000000006	62.959843075602038	-0.0045090692606020522	-1	
-44.435062500000001	57.860357610123259	-0.0063586431275030305	-1	
-43.655500000000004	60	-0.0053611592888930595	-1	
-3.1182500000000015	54.97021908097971	-0.00031088021570250157	-1	
-6.2365000000000004	60	-0.00063112010376090448	-1	
-9.3547499999999992	66.458764631939943	-0.00094219459813163074	-1	
-22.842942069409062	73.383848050693288	-0.002289529047655323	-1	
-15.331968358284813	72.662422041850093	-0.0015240093958879385	-1	
-28.583723372574699	77.380342583205717	-0.0028247738219979038	-1	
-34.802960242891146	74.178838050946808	-0.0036100973674471062	-1	
-40.764579208650069	67.262283766436241	-0.0046494080508339402	-1	
-10.263406250000001	30.143467888595179	0.0039619729197978995	-1	
-10.206358125556575	30.488762029298151	0.0036236802425417382	-1	
-9.8747834962699734	30.717791489245293	0.0034182479588538736	-1	
-9.4713139578660783	30.724513795290797	0.0033660246863346181	-1	
-9.8919999999999995	30	0.0042298183304223542	-1	
-10	30	0.0042758214291013629	-1	
-9.4327212488868497	30.322645882952273	0.0037297391827048666	-1	
-9.7396418744434214	30.14251747217995	0.0040163128334242187	-1	
-10.054	30.173185897578936	0.0040326094762997361	-1	
10.126072787363952	30.713940300178262	-0.003412430477320841	-1	
9.9459999999999997	30.173185897578936	-0.0040454614115192789	-1	
10.098358125556572	30.315703369758882	-0.0038590947118238364	-1	
10.525057422493518	30.727055793286524	-0.0032784451435574052	-1	
10	30	-0.0042818790198616112	-1	
10.56812250111315	30.325351912601938	-0.0036210540994408816	-1	
10.260358125556579	30.14251747217995	-0.0039738316496871328	-1	
10.054	30.111849046780971	-0.0041169304122323546	-1	
-57.734458519146273	59.508296432955703	-0.0084961584997698941	-1	
-57.557075947574496	62.603416208100704	-0.0078421661542563449	-1	
-57.605666482303413	66.860367892339951	-0.0071099543530662819	-1	
-61.671262061639034	72.48525597511933	-0.0066516483707806844	-1	
-78.175590986296754	74.610558854245383	-0.0070213096393379817	-1	
-66.7342483124376	83.557789082748428	-0.0057668052757280496	-1	
-62.476526908146653	78.810851398562306	-0.0059949752451628211	-1	
-75.000163840698974	82.338925465659273	-0.006200050022095332	-1	
-83.194996886647431	78.172430439834443	-0.0067517042102179523	-1	
-50.111849046780968	29.946000000000002	-0.019042363826626999	-1	
-50	30.108000000000001	-0.018885540690206717	-1	
-50	30	-0.01908950773534621	-1	
-51.578813005886559	55.620504548553384	-0.0092081036688072531	-1	
-50	54.307499999999997	-0.0095859033999420862	-1	
-52.745359746931157	56.817445010219032	-0.0088867911934218113	-1	
-54.266436784552106	59.276716519607547	-0.0082929578780535518	-1	
-157.22467081145297	58.512203945971066	-0.0063431796095677635	-1	
-153.17365391715768	63.410338958588333	-0.0063100219138270512	-1	
-158.87803394778976	52.374708135862868	-0.0064667231581074193	-1	
-142.23251907551841	69.42576149388205	-0.0063934616855988117	-1	
-137.67282765764949	73.891174290480109	-0.0063222399189897171	-1	
-148.55631621081346	68.565362132048804	-0.0062589229011154133	-1	
-94.096922721834304	76.287170188533196	-0.006939396292866204	-1	
-89.113539448536187	81.040902500737317	-0.0065419938880643897	-1	
-101.36955250839712	75.243617526564776	-0.0069542419232630163	-1	
-104.75019496412729	81.770394921087643	-0.0064661749774383376	-1	
-118.68106584224435	79.341443704783742	-0.0064412934213654736	-1	
-114.51468243965678	83.528267893429529	-0.0062593334616798677	-1	
-128.71459052809405	78.222191256026719	-0.0063184308499015501	-1	
-123.54429760495911	81.113417414665463	-0.0062670741762960872	-1	
-165.96342234265609	52.131689033786664	-0.006249296140313769	-1	
-171.73590933824181	50.168470312675773	-0.0061188245330470086	-1	
-206.16323705369751	14.41633790711923	-0.0047344801540322324	-1	
-206.3834371826124	10.816097623541717	-0.0047414312101599103	-1	
-205.88023760562791	18.012186834516029	-0.0047259733946233423	-1	
-193.73289502134944	32.419768117769365	-0.0057513535415931148	-1	
-197.53766811902798	31.286893008046235	-0.0056553528690719166	-1	
-201.6014648453818	26.541336364172071	-0.005184736176866633	-1	
-201.35341671548747	30.092469753197769	-0.0051321264571553863	-1	
-205.53452504277701	21.602549075315068	-0.0047159111437708639	-1	
-205.12620467254038	25.186330970397169	-0.0047042985760540473	-1	
-184.48434748502598	46.15319129451445	-0.0058228005883380514	-1	
-190.99948272256086	45.854918796976442	-0.0056492338129641596	-1	
-182.44121967124877	48.897465927551117	-0.0058324066158657005	-1	
-178.72347997063082	50.801634378966689	-0.005900991605740237	-1	
-192.31465574185009	42.635132725982565	-0.0056609320574812216	-1	
-193.07412350769513	39.28137438685588	-0.0056860051539779381	-1	
-196.96155060244209	34.729635533386137	-0.005634414619573546	-1	
-196.32543668953323	38.161799075309034	-0.0056111414522966264	-1	
40.53725	60	0.0048099951935713908	-1	
42.096375000000002	58.226391520080909	0.0056776945837810648	-1	
44.504962063790416	56.655466998737332	0.0068288165945065834	-1	
45.756085341678045	55.226244158567006	0.0077413995039540889	-1	
34.300750000000008	63.533130697488112	0.0038381049492388014	-1	
38.978125000000006	62.959843075602038	0.0045267927828346261	-1	
0	60	3.1448629815683308e-006	-1	
3.1182500000000002	66.1321036745301	0.00031804852632665552	-1	
9.3547499999999992	69.035936708243554	0.00094270933443093023	-1	
14.8723565576698	72.05412103230303	0.0014863080210216519	-1	
33.529804138416779	70.912752314284589	0.0035669468117673435	-1	
24.492077962835598	75.270932714984113	0.0024433141436229051	-1	
77.567604354273556	87.030794588395892	0.005872244194224034	-1	
67.886056381149317	88.181257824049425	0.0054362858021192546	-1	
81.007041546434877	92.260065104498892	0.0055570987374523985	-1	
89.662638237074361	92.606632124265872	0.0056869118184938268	-1	
96.253406515248457	91.108644193455746	0.0058510100433146325	-1	
51.289924489621342	60.536760775207291	0.0075351970876321424	-1	
50.736375796363411	61.007493327370383	0.0072646450445236288	-1	
50.93249025308652	59.904110747129913	0.0076856856420400316	-1	
50.456913655021367	59.274266874443455	0.0078923571708868785	-1	
55.850611650374518	89.013901984159148	0.0047035081207968104	-1	
45.354843495115112	80.424384333858825	0.0044468153732885284	-1	
38.921615293821112	75.079808646603894	0.00405765956501224	-1	
40.531900926075423	68.458406514515829	0.0045907806082928181	-1	
48.790871845534895	89.973220055933297	0.004141136756652404	-1	
43.048234330169706	85.756309855088389	0.0039154103881202098	-1	
48.218750376089332	63.138774237090324	0.0062649164685173245	-1	
48.852651598961749	62.120875577100009	0.0065348770031433872	-1	
49.16187521882258	61.138375748518442	0.0067472003912324233	-1	
49.902302982111024	60.922606182642859	0.0070354857979634203	-1	
46.283829999232736	63.698397434206534	0.0058045792780300389	-1	
43.117959388051567	64.416157115053082	0.0051701151730761449	-1	
61.641624126539675	91.485640970448728	0.004878435653279764	-1	
47.548520954400509	55.717623404424899	0.0081963960521293892	-1	
50	58.961250000000014	0.0080177200252888811	-1	
48.928039386570106	57.857525259265152	0.0079194123256495896	-1	
49.529534266041473	58.62287095564843	0.0078813034798857848	-1	
47.427266632600443	57.319078913766859	0.0075365817895163261	-1	
183.87660675233016	52.815821941448512	0.0057222073761854743	-1	
181.64788290087012	55.585904351223761	0.005728421602360847	-1	
179.63954997580393	58.355744308162272	0.0057242963280428388	-1	
179.35588817138873	66.233596752952906	0.0055608524584673576	-1	
179.85842205181618	61.770053834157274	0.0056466720860730681	-1	
174.90882354571957	70.381460179205192	0.0055664815474331178	-1	
172.73806117815462	74.403717467259554	0.0055147842764293169	-1	
190.17011389622212	49.181335472525483	0.0056194589853187562	-1	
187.32487400635353	51.949785274878657	0.0056469890229524575	-1	
149.69377564961542	80.396371901586122	0.0058136146522321692	-1	
155.88183787157323	83.31668753721064	0.0055965440666680766	-1	
168.31109438160149	80.538356500530952	0.0054425387562575585	-1	
164.19152571269171	83.53089686823219	0.0054359834346061663	-1	
118.18742227112222	95.404240787964454	0.0055972240594573128	-1	
105.43649724284251	96.163278485307842	0.0055808296251189816	-1	
99.589571331963171	96.98675602066298	0.0055079741383600132	-1	
110.34516757481555	99.444987404537954	0.0054101308591917733	-1	
126.07993995509418	96.511774158164101	0.0054945242778159766	-1	
143.14401890871159	91.161700472943124	0.0055298228974790357	-1	
141.4315434381927	98.142361326257898	0.0052846256455718497	-1	
135.89631208514729	101.16763831819895	0.0052206041532607758	-1	
129.84807761209177	102.95927074943245	0.0051906412506288399	-1	
149.15279833651246	87.217493585092612	0.005581703493011062	-1	
206.3834371826124	10.816097623541779	0.0047412777537299278	-1	
206.54077091728027	7.2125626518502495	0.0047466502189179131	-1	
206.16323705369751	14.416337907119292	0.0047343383231318288	-1	
205.88023760562791	18.012186834516093	0.004725840608383638	-1	
196.32543668953332	38.161799075309069	0.0056112570347918219	-1	
196.96155060244214	34.729635533386165	0.0056341753600675512	-1	
191.77067125620903	42.514534268955394	0.0056774798834987455	-1	
195.62952014676171	41.582338163551981	0.0055863127151516423	-1	
200.30489844569558	33.519544317691469	0.0051875353951100905	-1	
204.65540087325834	28.76244086508029	0.0046910640517743131	-1	
205.12620467254038	25.186330970397236	0.0047041937246563199	-1	
205.53452504277695	21.602549075315132	0.0047157922803897486	-1	
204.12225705632895	32.329789441647819	0.0046763972903101836	-1	
191.54127962344242	45.984992724613591	0.0056331078198438942	-1	
210.15456516354149	-1.8339911058065854	0.0047486295273558767	-1	
209.84394448841559	1.8312803602417489	0.0047475430628070919	-1	
209.93603196568489	5.4973684675997774	0.0047443617796204115	-1	
213.20337643074106	-7.4452259632001958	0.0047449654813171496	-1	
213.30084163336412	-3.7231800399537938	0.0047459047864166605	-1	
215.6773886469766	-20.76737047054797	0.002340263161802433	-1	
216.06434473798936	-17.004632714822552	0.0023026000857587011	-1	
216.27077458647739	-13.227687235683746	0.0023458988430395213	-1	
216.52617730039637	-9.453737065310996	0.0023065956206510946	-1	
218.36015336109148	-26.81125554913255	0	-1	
218.79481698102077	-22.99626191888386	0	-1	
-218.36015336109159	-26.811255549132511	0	-1	
-218.79481698102089	-22.996261918883814	0	-1	
-216.5261773003964	-9.4537370653109374	-0.0023067045142896934	-1	
-219.16283358018478	-19.174263404484833	0	-1	
-219.46409105716208	-15.346424223707587	0	-1	
-219.69849764600698	-11.513910373447651	0	-1	
-216.60066790110363	-5.6718881014917759	-0.0023484987465006222	-1	
-213.30084163336412	3.7231800399537938	-0.0047432256606416588	-1	
-209.96253931408066	9.16716244191824	-0.0047397706133523107	-1	
-213.20337643074106	7.4452259632001958	-0.0047394217339320451	-1	
-216.60855475738776	-1.890314219715078	-0.002389932439414353	-1	
-216.66666666666737	1.8908213546644315	-0.0023478476728967324	-1	
-49.007410248757317	55.686155986864051	-0.0087653981821611097	-1	
-48.076054382423351	56.27856547829591	-0.0081829342134589287	-1	
-47.720131365565777	57.417354892045601	-0.0075942790593394541	-1	
-46.853444327089662	58.598177245994314	-0.0067670046112386049	-1	
-42.096375000000002	61.748208338845821	-0.0050531692991152392	-1	
-43.839011245960101	64.336430382090455	-0.0052792337381974384	-1	
-45.214625000000005	60	-0.0056898282228697939	-1	
-44.435062500000001	61.88103882848889	-0.0054914644938648506	-1	
-3.1182500000000002	70.0006837986204	-0.00030607622433479181	-1	
-8.8002673379589353	72.743925203713786	-0.00086224503893987572	-1	
-22.552770042968753	80.923807053931071	-0.0021332549283738082	-1	
-11.916226389199759	78.230408013900572	-0.0011320899897642933	-1	
-28.133132591877839	83.517493800642342	-0.0026075243617045582	-1	
-34.868582932979017	81.947807940788991	-0.0033233276210504381	-1	
-43.639129661950747	71.876288624516633	-0.0048153748910787575	-1	
-40.377293412082039	77.46473509301174	-0.0041037552485902254	-1	
-44.957091470736259	66.602290349057739	-0.0053459830079396944	-1	
-9.9016418744434276	30.315703369758882	0.0038660946410869878	-1	
-9.6679625959746378	30.37192830312793	0.0037544889096102628	-1	
-9.9459999999999997	30.111849046780971	0.0041179119323325368	-1	
10.332181814916982	30.372063386669772	-0.0037024651919980774	-1	
-54.74940019059305	61.288810623581242	-0.0078500055912682307	-1	
-54.68275943669957	63.765111346466568	-0.0073273171273967068	-1	
-53.370340578561937	66.429075449664467	-0.0067108798561113991	-1	
-55.129234302016279	70.167863873891733	-0.0063975486055897045	-1	
-56.27540502688074	77.325019527929314	-0.0057030886537185552	-1	
-62.942585141684383	87.890895445143045	-0.005211969116748193	-1	
-71.849505948502298	89.609978517948463	-0.0054787595624888313	-1	
-57.361704379963271	86.474459681784126	-0.0049939695128765832	-1	
-78.323071044002916	88.096932225543682	-0.0058008875753189793	-1	
-83.510646688828814	84.485444668324746	-0.0062037734322490899	-1	
-50	56.168999999999997	-0.0090187195378995146	-1	
-51.073507444826838	57.213666203181148	-0.0086949701519403923	-1	
-51.594976013293724	58.09364978187061	-0.0084220748048250502	-1	
-52.405926441360471	59.463146563779432	-0.0080576812015146736	-1	
-52.841592778757878	60.487532136307827	-0.0078136618289000644	-1	
-159.25931287771326	64.319230814532673	-0.0061145833347857241	-1	
-163.53178186641608	57.723017896895904	-0.0061798007409438983	-1	
-155.47065394629419	68.858628381470396	-0.0060738811942103203	-1	
-147.47331367389933	75.400651220183988	-0.006039964076322818	-1	
-132.7636553912136	82.546100522612591	-0.006042851447783844	-1	
-139.03713752029427	80.384758504342571	-0.0060224266880652237	-1	
-98.553921816770767	83.084620037806516	-0.0064053518553662857	-1	
-93.086325436566781	86.282490954095408	-0.0061648814667331847	-1	
-109.13769315946803	87.3391834271401	-0.0060853149812937317	-1	
-102.57802141069611	87.976205775809689	-0.0060723772278980601	-1	
-119.85579784659699	86.050317388132768	-0.0060625518546137134	-1	
-113.41783051448147	93.264081727090911	-0.0057310669783261587	-1	
-126.85604047408468	86.310567689985078	-0.0059610586703149719	-1	
-172.94255715161856	58.410643584580093	-0.005899090302895098	-1	
-177.12532463921895	54.660824126776042	-0.0058674550875808251	-1	
-209.51470645271542	16.489165002687567	-0.004725894632550077	-1	
-209.61628921458569	12.820681474585717	-0.0047337835047869129	-1	
-209.04116130399262	20.128374456069544	-0.0047167905960508781	-1	
-200.5523753991659	33.560957756772687	-0.0051509731012615613	-1	
-204.65540087325837	28.762440865080222	-0.0046911565293684754	-1	
-204.12225705632898	32.329789441647748	-0.0046764793809621385	-1	
-208.50297648230554	23.755913458215122	-0.0047061416342712948	-1	
-208.36459761105294	27.431719684287817	-0.0046934395203179864	-1	
-188.20299228766061	48.672603233985008	-0.0056794536454765699	-1	
-185.44149994357076	50.541769066413913	-0.0057215631159535521	-1	
-194.05914525519975	48.384379119933634	-0.0055316343942192325	-1	
-194.87401295704748	44.990210868773083	-0.0055600611321823777	-1	
-182.61698642484455	52.314265683651691	-0.0057653125037882367	-1	
-195.62952014676156	41.582338163551945	-0.0055866362178117329	-1	
-200.18054560548984	37.101271136394907	-0.0050952752144138155	-1	
-199.25894377625133	40.539690292015877	-0.0051103577406158363	-1	
42.096375000000002	61.748208338845828	0.0050692983808643313	-1	
43.655500000000004	60	0.0053785785015560096	-1	
44.435062500000001	58.553650718591314	0.0061136473540332427	-1	
45.941644340977462	57.898017367033709	0.0067945200141937964	-1	
3.43415373720517	73.602559227555304	0.00033968632506749507	-1	
9.5704759060389488	75.436942383645942	0.00093195917665623088	-1	
19.798869675983742	79.596166407104334	0.0018909923975193735	-1	
13.482079029420063	80.508310278822265	0.0012696110079566942	-1	
31.754610972913294	78.781496267799071	0.0031217629411110599	-1	
25.419661997082397	82.619499699731094	0.0023795896471617774	-1	
75.061279517654327	92.078022982310983	0.0054028498204754779	-1	
66.591189609310149	93.286668576188376	0.0049945931957473969	-1	
82.48929652471719	98.020980449866926	0.0051988168078384439	-1	
76.256969169056603	100.15508507287383	0.0048930483918808764	-1	
88.969051618875213	99.208027512871453	0.0052531814534885245	-1	
50.563787557269819	60.563787557269784	0.0073495287506729649	-1	
50.436295606672367	59.797442024413954	0.0076383079688471236	-1	
50.463602953716737	60.098358125556551	0.0074986524436809077	-1	
50.167564466655733	59.659312500000006	0.0076680840080820311	-1	
50	59.426625000000008	0.0077962179085294273	-1	
57.202379232099702	94.815196916895246	0.0044045987514089975	-1	
51.506894068629343	96.55983075936237	0.0039530355459955601	-1	
37.779271690213704	81.657089616502077	0.0036225027747245021	-1	
42.346746366814777	92.730254836530378	0.003512645697032744	-1	
33.840353599142745	92.155866625708512	0.0028443879280879046	-1	
32.218274509820873	85.559009313857032	0.0029367965660816171	-1	
47.557792697222268	62.138232689169449	0.0061953901398893963	-1	
48.406992402447607	61.192267456951889	0.006501356518771202	-1	
48.722656250000007	60.504438467998597	0.006648249530501733	-1	
49.349860624443437	60.390410999696662	0.0069012507100097127	-1	
49.802739287998058	60.433516564831727	0.0070966368523330383	-1	
50.098358125556572	60.463602953716737	0.007222055201856945	-1	
46.400681734543333	61.349657806544812	0.005956950911589631	-1	
44.435062500000008	61.881038828488876	0.0055109074461987565	-1	
62.775708749437364	96.917647054892655	0.0045713019898014863	-1	
49.62813135731588	59.193937500000011	0.0076538394004669044	-1	
48.98795565224944	58.829101383976813	0.007491117906574943	-1	
47.820953889627425	59.154570763202095	0.0068335427457981313	-1	
185.24343840546217	56.097945917627591	0.0056262436238196248	-1	
183.05134841060999	58.610785413109816	0.0056328796800449599	-1	
180.92524969699576	69.496151671418687	0.0054534996637498247	-1	
185.16002337649016	65.568603167833373	0.0054423316838830274	-1	
184.34931008794763	61.682416308863608	0.0055399741772365792	-1	
176.62970046406153	76.800779547416937	0.0053743807961603909	-1	
179.59749658021386	74.391718851780155	0.0053704956349407869	-1	
173.15065398016722	78.955698368742972	0.0053893011652617921	-1	
193.18516525781422	51.763809020504304	0.0055015261972490535	-1	
194.05914525519989	48.384379119933683	0.0055317990288900661	-1	
188.87211038958654	55.946467919363272	0.0055383799740252836	-1	
192.25233918766435	55.127471163400003	0.005469383998256608	-1	
155.5627661255173	91.623009880775086	0.0053322826551774156	-1	
161.13551946779742	89.758397507383492	0.0053033037559909726	-1	
172.75234116259077	83.028631766548131	0.0052922905111144414	-1	
169.23585240447233	86.284253406072196	0.0052684940248639636	-1	
166.77705290828601	88.663269917682015	0.0052438057167040414	-1	
115.20051023214165	103.36768808536796	0.0052148778437767652	-1	
121.43984121556362	103.54846925348285	0.0051992802940459184	-1	
104.34999088519911	103.10040515097153	0.0052001520243378282	-1	
99.158734392853944	107.82852089314048	0.0049048404224208905	-1	
92.150290379101349	105.03376381175102	0.00496360815678325	-1	
109.70602262270802	106.04439835351276	0.0050742350302154376	-1	
149.22408780612773	94.995101102776019	0.0053085590219449355	-1	
139.52510937134994	106.32737835674284	0.004998593241287673	-1	
146.51447537793632	104.83510348000036	0.0049969374298409596	-1	
129.66754344382377	108.97848297142021	0.0049478741183556678	-1	
209.46051884672897	12.81115415074586	0.0047338083915640468	-1	
209.96253931408069	9.1671624419183324	0.0047396112078497022	-1	
209.36061189454165	16.477037497946974	0.0047259292958531859	-1	
209.19502073867719	20.143189434591598	0.0047164977343092237	-1	
199.50255067558558	40.589252675841031	0.0050742663945787959	-1	
199.93611082579969	37.055967827779135	0.0051314457502120983	-1	
194.8740129570476	44.990210868773119	0.0055600316096173739	-1	
198.27611013919309	43.956755347462796	0.0051236694289633292	-1	
203.5269356225235	35.887290051165721	0.0046602118054198923	-1	
207.54689267919451	31.018090937805603	0.0046797963704108669	-1	
208.36459761105306	27.431719684287902	0.0046933397520698261	-1	
208.65803475068333	23.773580116345009	0.0047058579962994777	-1	
207.12786311717144	34.661317027486618	0.0046642218137089566	-1	
213.333333333334	3.3306690738754696e-014	0.004745263740367405	-1	
213.30084163336414	3.7231800399538608	0.0047430469630944218	-1	
213.20337643074112	7.4452259632002633	0.0047392560240169402	-1	
216.60066790110352	-5.6718881014917795	0.0023483970517577625	-1	
216.72420606906365	-1.8913234934219036	0.0023075105350054714	-1	
219.16283358018467	-19.174263404484883	0	-1	
219.46409105716199	-15.346424223707642	0	-1	
219.69849764600696	-11.513910373447708	0	-1	
219.86598194420174	-7.6778892745502674	0	-1	
-219.86598194420182	-7.6778892745502088	0	-1	
-219.96649293440683	-3.8395294162023546	0	-1	
-216.54257369327445	5.6703668511219441	-0.0023876957196468239	-1	
-213.0409674143097	11.165003998494681	-0.0047340519854970177	-1	
-216.52617730039637	9.453737065310996	-0.0023032122989926893	-1	
-220.00000000000071	3.0198066269804258e-014	0	-1	
-219.96649293440677	3.8395294162024149	0	-1	
-49.158910951226581	56.779508762707493	-0.0084443924345472786	-1	
-48.500872383516906	57.393487981766107	-0.0079219997782782551	-1	
-47.965724620254811	58.506084634839524	-0.0072039515821443441	-1	
-48.540983082293145	58.173563169399536	-0.0075989630869372901	-1	
-47.820953889627425	59.154570763202095	-0.0068232813360274173	-1	
-46.77375	60	-0.0060602739715153184	-1	
-46.283829999233042	63.698397434206569	-0.0057883225696003212	-1	
-46.400681734543348	61.349657806544805	-0.0059414411970568062	-1	
-2.9885099191224374	77.525552943709044	-0.00028010237786502482	-1	
-17.294518100935633	85.435342845532546	-0.0015574385159776232	-1	
-21.183784953832856	91.169169842552165	-0.0017988564079046633	-1	
-7.14875395265409	81.723567496582746	-0.00065633080400243841	-1	
-10.00999741071449	86.895051082400443	-0.00088072193544824491	-1	
-31.250451105008963	88.823149500461412	-0.0027339698179616586	-1	
-38.660091616179145	88.332767524988498	-0.0034028553529696307	-1	
-43.789165549998543	82.962865517683568	-0.0041374272166421503	-1	
-48.16503717312326	68.864936380212953	-0.0056647648970733549	-1	
-49.9667892509353	73.755712679513138	-0.0054369935761512346	-1	
-50.247188277620666	80.619892059577836	-0.0049061820121554609	-1	
-47.699144800518887	64.967061704326781	-0.0059657613201720321	-1	
-52.846706482452156	62.102157405600735	-0.0074153524063388567	-1	
-52.20650068286016	63.696928912691178	-0.0069866371114495427	-1	
-51.264012341018955	68.707622385723795	-0.0061211722119860123	-1	
-50.490886142174872	65.702514955904164	-0.0063819844680728351	-1	
-64.84935071195622	93.323828852455975	-0.0049071936803364588	-1	
-54.922245531201995	92.706613753764671	-0.0044014514245717361	-1	
-71.362952742476082	97.147029913995567	-0.0049221401241775738	-1	
-78.731664323613501	95.514326731178059	-0.00526934809326156	-1	
-49.536724945883435	88.733344082975464	-0.0042719152544979455	-1	
-84.42305223230278	90.740146865150436	-0.0057365363461227489	-1	
-90.205523927896905	90.948220221647986	-0.0058076732994631298	-1	
-50	57.09975	-0.0087157587603530016	-1	
-50.654489202879681	58.495875000000005	-0.0082268317313623097	-1	
-50	58.030500000000004	-0.0083872200345714402	-1	
-51.357640537983656	59.088623368867452	-0.008059032029166564	-1	
-51.605572704225985	60.236842146163404	-0.0076935700347165129	-1	
-51.682132825264112	60.983761631651134	-0.0074866879639450597	-1	
-163.90851350624365	68.349896132524876	-0.0058797032907640474	-1	
-170.88402258042521	63.637413642718741	-0.0058280408758057036	-1	
-157.34524526877814	74.466299390276959	-0.0058505232181598156	-1	
-154.51709192105039	82.380137932040284	-0.0056513836123755316	-1	
-148.56879015273466	81.339158118651724	-0.0058016624430081076	-1	
-132.4678281620663	90.50329544269303	-0.0056993997631346067	-1	
-140.42313622434341	90.846134151020706	-0.0055765625007384257	-1	
-143.78310408015031	85.021975207987339	-0.0057522789877138053	-1	
-93.741764689178495	95.139049281476332	-0.0055686117591965149	-1	
-99.379074848874396	93.720521853936077	-0.0056991077102617593	-1	
-106.39321112983362	93.331087074008508	-0.0057428493773698224	-1	
-123.08368204595344	93.503107832259147	-0.0056574910919385815	-1	
-119.12886902666564	98.630347998257292	-0.0054332905253799656	-1	
-112.85813133089782	99.346970175465756	-0.0054131545974233511	-1	
-178.52281416104844	59.056725259108426	-0.0057385195940152555	-1	
-178.73457411437082	63.664553538355975	-0.0056325717230367748	-1	
-182.97745651257003	55.851302279287658	-0.005688258250438968	-1	
-212.52153559290633	18.593225119500428	-0.0047186291278390139	-1	
-212.81366405542977	14.881381065413407	-0.0047271173570084144	-1	
-212.16467101189892	22.299405497099436	-0.0047085890616162919	-1	
-203.52693562252355	35.88729005116565	-0.0046602715367612471	-1	
-207.70123993278753	31.041158289410511	-0.0046797105032074767	-1	
-206.97394195220832	34.635559458148762	-0.004664460527026482	-1	
-211.74317901681593	25.998793259764831	-0.0046969997900039896	-1	
-211.25718799820223	29.690261538147336	-0.0046838845452827913	-1	
-193.18516525781408	51.763809020504254	-0.0055013597082894765	-1	
-189.28281741097103	52.492771036859168	-0.0055879986251835588	-1	
-185.91135082657382	53.843111372708066	-0.0056505647140958149	-1	
-196.62125705183598	50.84971453176437	-0.0050728240758535674	-1	
-197.72274582383267	47.46903145929889	-0.0050631383486282339	-1	
-198.76378533612103	44.064870335725004	-0.0050517990241245843	-1	
-202.86961791251775	39.433859044485978	-0.0046425661866341039	-1	
-202.15050415165368	42.968416102336974	-0.0046233476750664297	-1	
45.214625000000005	60	0.0057066627993841044	-1	
46.77375	60	0.006074784373283639	-1	
4.5801833042963214	82.697859679441493	0.00042261782047676842	-1	
20.110048927337395	85.754220947939928	0.0018127149850769965	-1	
10.144843657350831	86.131026872258147	0.00090938822202049673	-1	
22.450770954915768	91.458560405229264	0.0019030426431744035	-1	
69.607924117280746	98.154989382949893	0.0047888723739165058	-1	
84.646466205151711	104.24536200789088	0.0048695544939191017	-1	
80.197066140950653	106.78432850219747	0.0046150692534068461	-1	
69.156431160756853	106.21283927030308	0.0042924840867501427	-1	
75.840371486046948	109.47927255995774	0.0043419932070616219	-1	
50.173185897578918	59.945999999999998	0.0074889314815716314	-1	
50.138058930581231	60.138058930581231	0.0073638287152445652	-1	
50	59.892000000000003	0.00749332609788837	-1	
49.772814102421073	59.772814102421073	0.0073699980408856369	-1	
57.54207273283216	103.34464010206361	0.0039322813757172396	-1	
50.992922010728428	103.26951698698717	0.0035773314921851069	-1	
41.168145063954732	99.639588591373069	0.0031121783634486906	-1	
36.182407030268962	97.192028061922926	0.0028472358044290655	-1	
27.908231993453079	95.683692455970757	0.0022509790751581108	-1	
47.718861654132617	60.877261971413077	0.0063179206592612145	-1	
49.112437500000006	60	0.0068144269128738383	-1	
48.332875000000008	60	0.0065252572788779654	-1	
49.697109375000004	60.155779261979532	0.0070946063949887256	-1	
49.502218750000004	60	0.0069925817827317174	-1	
49.945999999999998	60.173185897578932	0.0072428107102641285	-1	
64.341780994820567	102.68024290989871	0.004296441135128129	-1	
49.307328125000005	59.493128151932289	0.0072749197167827385	-1	
48.722656250000007	59.559227001231747	0.0069536535492977164	-1	
187.33554014314896	59.066668921125078	0.0055190803289491171	-1	
184.50939910086299	68.985237544760082	0.0053857209788485743	-1	
183.31975465788497	72.211571746902024	0.005342447079064061	-1	
189.10371511986392	65.113630891431526	0.0053627779813797249	-1	
187.93852415718223	68.40402866513395	0.0053238114827034028	-1	
190.21130325903124	61.803398874989668	0.0054005359656826013	-1	
180.13514832033928	78.324991655106771	0.0052693434512994831	-1	
176.89185709109807	80.614263666331226	0.0052762776204268707	-1	
184.10097069048862	78.146225697854987	0.005196658342181997	-1	
185.43677091335803	74.921318683182633	0.005240861382486044	-1	
195.94565316248193	54.340538923792572	0.0050094537172594772	-1	
196.62125705183612	50.849714531764413	0.0050728414736347606	-1	
197.72274582383275	47.469031459298932	0.0050631888782518	-1	
191.26095119260762	58.474340944547521	0.0054361285187726326	-1	
194.72685124994422	57.680721171707106	0.0050153916317012227	-1	
160.6499190201952	94.564647952168244	0.0051659308975126154	-1	
155.95792808671885	97.486132439729403	0.0051384401956093544	-1	
166.39971119848076	92.063715147207034	0.0051537574505625275	-1	
177.29191206708057	84.563904201271114	0.0051727128489052103	-1	
172.68786825688457	87.4128775716039	0.0051798190891202134	-1	
170.09273103549367	89.506888955942117	0.0051669406179616021	-1	
114.68543817157581	109.58834992506468	0.004927598168799693	-1	
124.20411311358893	111.5111569310741	0.0048566912729391442	-1	
104.73740663012524	108.73970993439968	0.0049151846447037769	-1	
96.336080890694689	113.84545440874881	0.0045731488111016285	-1	
89.384702542098722	112.05376940674195	0.0045459267747929464	-1	
84.371183319109605	109.75422034762254	0.0045589903572111658	-1	
106.83753786639883	115.30786216249112	0.0046265265411692749	-1	
151.44878488119434	101.82156175016758	0.0050504158799716632	-1	
134.96936464904604	111.83403900608219	0.0048198214202569319	-1	
145.33139308280403	110.49453457458314	0.0048143621489402134	-1	
151.36575530327576	107.9805648320733	0.0048513825140504728	-1	
127.11102616386556	116.64623901623486	0.0046529510305663912	-1	
212.81366405542985	14.881381065413477	0.0047269758227504099	-1	
213.04096741430976	11.165003998494752	0.0047338981877667261	-1	
212.52153559290642	18.593225119500502	0.0047184971997884994	-1	
212.164671011899	22.299405497099514	0.0047084708091703212	-1	
202.86961791251773	39.433859044486056	0.0046425197287725435	-1	
202.15050415165368	42.968416102337066	0.0046233187067567108	-1	
201.36981338894913	46.489884564398913	0.0046026356315785758	-1	
206.64337589058437	38.299085928988994	0.0046471338222401183	-1	
210.70684599363008	33.372685875249395	0.0046691560745436697	-1	
211.25718799820237	29.690261538147425	0.004683793524097344	-1	
211.74317901681607	25.998793259764916	0.0046968971295500714	-1	
210.0923206426051	37.044944568945297	0.0046530030533604699	-1	
216.60855475738785	1.8903142197150784	0.0023891180174672472	-1	
216.60066790110355	5.671888101491847	0.0023462800896989801	-1	
216.52617730039651	9.4537370653109409	0.0023031326974866147	-1	
219.96649293440677	-3.8395294162024149	0	-1	
220.00000000000071	-3.0198066269804258e-014	0	-1	
-219.86598194420174	7.6778892745502674	0	-1	
-216.27077458647739	13.227687235683746	-0.0023410345835572621	-1	
-219.69849764600696	11.513910373447708	0	-1	
-49.228794034518799	57.676783298565269	-0.0081336533119061583	-1	
-48.448970802750047	58.962117473820278	-0.0071711692603865585	-1	
-49.450069723893876	58.495875000000005	-0.0078899711384364003	-1	
-49.105780431983632	58.955437450767405	-0.0074810360032588237	-1	
-48.722656250000007	59.559227001231747	-0.0069424076957412487	-1	
-48.332875000000008	60	-0.0065142808318473956	-1	
-47.718861654132617	60.877261971413077	-0.0063051413779695266	-1	
-48.218750376089382	63.138774237090161	-0.0062517012332368163	-1	
-47.557792697222254	62.138232689169456	-0.0061815519433170143	-1	
-1.3736326979400464	83.286314685254951	-0.00012359618386219198	-1	
-15.331081405022468	92.079745378938981	-0.0012890966285817684	-1	
-27.591716380207018	95.894498420346906	-0.0022196827459795856	-1	
-20.967389416870887	98.170123296646864	-0.001645910181727392	-1	
-9.8490463718731576	94.322640501999217	-0.0008070431984444948	-1	
-1.0978965743058327	90.417470207319511	-9.1454471722563635e-005	-1	
-35.310227313194062	93.941320417553342	-0.0028966007517357908	-1	
-44.016781908253861	90.749411476903745	-0.0037288437734299281	-1	
-49.209912368046261	63.813715973886055	-0.0063925473718259166	-1	
-51.241359296787707	62.275077397747047	-0.0070874922662494096	-1	
-50.51042039609618	63.420394490766164	-0.0067221326836530496	-1	
-56.778440462610902	99.136640521074071	-0.0041165701724192975	-1	
-64.510014425322396	101.36218203227706	-0.0043744235523416964	-1	
-50.659794058294928	97.420014466079294	-0.0038510689163314261	-1	
-70.206731463419516	102.94554481625079	-0.0045157154310850904	-1	
-76.567142312679067	102.62062915821694	-0.0047497956780152796	-1	
-87.987410648530002	95.963000417264482	-0.0054403469119298437	-1	
-84.284309001009163	101.08841633544017	-0.0050432071535625195	-1	
-50	58.961250000000014	-0.0080150104164381491	-1	
-50.456913655021367	59.274266874443441	-0.0078900817420715103	-1	
-50.932490253086556	59.904110747129948	-0.007686830879523575	-1	
-50.8904892851087	60.465765438202794	-0.0074712139910396358	-1	
-50.736375796363419	61.007493327370391	-0.0072629839311849345	-1	
-169.68619132468163	73.781655847960124	-0.0055962722148831696	-1	
-172.32621024915275	68.437071846667209	-0.0056742149815793407	-1	
-164.87557254778645	78.197447054787958	-0.0055762270814617536	-1	
-177.32792111029448	68.121615656212327	-0.0055648283843268238	-1	
-160.49188405701963	82.258985458616706	-0.005542803413272155	-1	
-154.11637032162741	88.948985259403528	-0.0054411560146571825	-1	
-147.04992056070708	91.984528083320185	-0.0054443377838535693	-1	
-137.32446050151691	96.813413275591358	-0.00538063817667064	-1	
-130.32865613193556	97.173757952055951	-0.005430597310776256	-1	
-142.34785008956166	100.00938153953989	-0.005206747502464585	-1	
-97.71675210679507	99.298455029844533	-0.0053576607536888607	-1	
-92.143860844048504	100.72816273541633	-0.005208392404174496	-1	
-106.83119219739972	100.34235941218932	-0.0053541529913262295	-1	
-124.7774089547609	101.4463194602405	-0.0052809204720197069	-1	
-116.4020433516153	104.32245835662849	-0.0051708931474352586	-1	
-112.4438594146994	109.05673524362585	-0.0049419560240156427	-1	
-106.79006392924173	106.53351182950925	-0.0050391019706179782	-1	
-182.65120011288539	61.114236659207982	-0.0055920498781930261	-1	
-183.24472619564915	64.890360864181844	-0.0054999589605187315	-1	
-180.87899980830662	68.883223188247086	-0.0054682201667574778	-1	
-185.39773939456114	58.455682692006533	-0.0055771318349025619	-1	
-215.6773886469766	20.767370470548016	-0.0023326392337578313	-1	
-215.94904555047088	16.995558471969307	-0.0023783948638998981	-1	
-215.2243587898198	24.521718240049701	-0.0023682853097768144	-1	
-206.6433758905842	38.299085928988887	-0.0046471886397238052	-1	
-210.70684599362994	33.372685875249303	-0.0046692364613361856	-1	
-210.09232064260493	37.044944568945198	-0.0046530620146779536	-1	
-214.82123303196434	28.281751863462098	-0.0023211762368946006	-1	
-214.23745430075431	32.018002071735694	-0.0023550752273356979	-1	
-192.25233918766421	55.127471163399946	-0.0054697511546389606	-1	
-196.185209350527	54.406973734418798	-0.0049744199774546163	-1	
-188.8721103895864	55.946467919363208	-0.0055383650703042554	-1	
-200.52778343037309	49.99719175726473	-0.0045804640148209416	-1	
-199.62467076640792	53.489269321187699	-0.0045568007923218355	-1	
-201.36981338894913	46.489884564398828	-0.004602648408828929	-1	
-205.79202390006287	41.868860465524634	-0.0046289122505635064	-1	
-205.18087550622127	45.48750497613473	-0.0046088104437699519	-1	
5.5713338294507979	91.02263924400846	0.00047839154909959408	-1	
12.133084487371326	92.359909614815493	0.0010196654558333707	-1	
21.848870385515145	97.873190645838875	0.001727026483743445	-1	
80.375635380213325	113.55670605338923	0.0042680775300967906	-1	
61.977418370983386	108.16384415806532	0.0038967388706831118	-1	
66.859668260232638	113.28882152625728	0.0038442798552305191	-1	
71.874562311716787	118.28407874265196	0.0037879192377967951	-1	
77.581583026297949	118.97771646904665	0.0039303509151829468	-1	
50	60	0.0073666792975901124	-1	
49.892000000000003	60	0.0072431814356119749	-1	
54.383492354437244	109.0822692863582	0.0034894812520356788	-1	
46.756573687912244	108.49803584391533	0.0030991028652760447	-1	
38.768770380274709	107.34523308204352	0.0026639443896238008	-1	
32.213932426054505	101.07781570428941	0.0024257078538716761	-1	
23.86942086080894	105.39878418566349	0.001716593189652548	-1	
186.71608529944089	71.673589909060269	0.0052831996057305323	-1	
191.441209168651	67.792887714353483	0.0049169098987369621	-1	
193.06890334277	64.599951399889036	0.004882513730719476	-1	
190.46393076337745	71.211545706881381	0.0048470381408275585	-1	
193.92983090586671	61.14584081212584	0.0049494331284098874	-1	
182.70909152852073	81.347328615160293	0.0051513739718945734	-1	
181.26155740733054	84.523652348140146	0.0051037904064390729	-1	
186.24587521303303	80.982011328056558	0.0047641288786775824	-1	
187.86265817834226	77.815260880930197	0.0047712627154347185	-1	
188.95865069535375	74.432791966964572	0.0048435686771321901	-1	
199.62467076640797	53.489269321187791	0.0045568246743316453	-1	
198.66075049391981	56.965053535513341	0.0045317420814352362	-1	
200.52778343037312	49.997191757264829	0.0045804620801751812	-1	
197.63631623236122	60.423485642699113	0.0045051995687529428	-1	
165.12972584309765	96.372182726987745	0.0050503133142624987	-1	
161.1545516076221	99.368937398528843	0.0050151502277925863	-1	
157.53265172665775	102.78425437006491	0.004954087256664479	-1	
170.83759065093537	92.757243556423504	0.0050681426719718543	-1	
170.96115811682878	96.725169389956889	0.0049603801337482628	-1	
176.28771643834369	87.893813141896729	0.0051072796688553905	-1	
179.75880925983395	87.674229357815747	0.0050552539448422019	-1	
174.23267292869357	90.699788656237104	0.0050697765990562541	-1	
121.60479428377855	118.76770595821648	0.0045608872014008808	-1	
113.91303608019052	119.26852319021293	0.0045075277727903299	-1	
101.22585220028677	118.34667627224239	0.0044303771983115045	-1	
88.906565502628126	117.73004868925612	0.0042615905971143276	-1	
94.086816304148797	120.09938681518024	0.0042494311426667809	-1	
83.329963849403683	118.89206225323359	0.0040850773088151908	-1	
106.33931655703829	122.16477651727303	0.0043271611293258403	-1	
155.53411218542766	106.43136800325667	0.0048624441916414714	-1	
132.8781003907099	117.89526518300457	0.0046046634028021494	-1	
143.00759522508181	116.89372251638505	0.0046109212381316962	-1	
138.70742982032795	120.5656148543009	0.0045011285896620241	-1	
151.57767605967771	112.42244500880078	0.0047083295503996129	-1	
149.37501644667361	115.63087566145765	0.00462117293178845	-1	
154.99193489092585	110.55467273764144	0.0047404401078013367	-1	
128.31081572887041	126.46432296867914	0.0042983036040163776	-1	
216.06434473798944	17.004632714822524	0.0022964036136686682	-1	
216.27077458647742	13.227687235683755	0.0023409771322906031	-1	
215.67738864697665	20.767370470548045	0.0023325883882701383	-1	
215.33927105368014	24.534810838733936	0.0022866539216113281	-1	
205.79202390006293	41.868860465524719	0.0046288743497040164	-1	
205.18087550622141	45.487504976134851	0.0046087886058161793	-1	
204.05370933813126	48.988961323593266	0.0045877146396122595	-1	
209.41379913550236	40.705919013663063	0.0046353450522768078	-1	
214.35183963806367	32.035097074936246	0.0022739054887640896	-1	
213.70335083517702	35.76167629820047	0.0023066267322654987	-1	
214.82123303196445	28.281751863462084	0.0023211376694945449	-1	
212.98953447437356	39.475276899892542	0.0023387686753758214	-1	
219.96649293440683	3.8395294162023546	0	-1	
219.86598194420182	7.6778892745502088	0	-1	
219.69849764600698	11.513910373447651	0	-1	
-219.46409105716199	15.346424223707642	0	-1	
-49.628131357315873	59.193937500000011	-0.0076540020128219189	-1	
-49.307328125000005	59.493128151932289	-0.0072677240918747298	-1	
-49.112437500000006	60	-0.006806221068196493	-1	
-48.722656250000007	60.504438467998597	-0.0066382959745142347	-1	
-48.406992402447607	61.192267456951903	-0.0064897842840242661	-1	
-48.852651598961771	62.120875577099945	-0.0065224079811869711	-1	
-14.808388249419888	97.979752031715748	-0.0011646484438548879	-1	
-35.74163471780524	100.459858907764	-0.0026957048086575278	-1	
-29.759375385980373	101.58202273207387	-0.0022264449971941356	-1	
-27.150872579871049	107.08133100424001	-0.0019056274132005985	-1	
-16.810340749420373	103.80742075830925	-0.001234221506169022	-1	
-5.3903108073706134	98.255962215458823	-0.00042132310006137735	-1	
-10.640181373367103	101.04705547366723	-0.00080876657528163747	-1	
1.6602524603809057	97.072966814501072	0.00013512304549202271	-1	
-44.355943692157034	96.616205163396884	-0.0034647596503589646	-1	
-41.225940395916879	101.17623639597774	-0.0030486133447561355	-1	
-49.878091377655466	62.217821028334981	-0.0067758599451426356	-1	
-59.031373208027986	106.33442269519878	-0.0038468588055379856	-1	
-51.671835961103895	105.57554305455305	-0.0035020250387960477	-1	
-66.24377712119788	107.98363965822732	-0.0040816106086470003	-1	
-46.861217018038921	101.69005561007275	-0.0033973296820164721	-1	
-73.087307167604223	108.10906167303358	-0.0043285447987706747	-1	
-81.722743189555544	108.38710121688808	-0.0045656042773925629	-1	
-89.988552986698977	109.22387619603644	-0.0046997009452673542	-1	
-50	59.426625000000008	-0.0077934650902813868	-1	
-50.436295606672388	59.797442024413954	-0.0076354413919092132	-1	
-50.167564466655733	59.659312500000006	-0.007665045937148493	-1	
-50.463602953716737	60.098358125556558	-0.0074931146097993477	-1	
-50.098358125556572	60.463602953716737	-0.0072204442217204965	-1	
-49.902302982111024	60.922606182642873	-0.0070293262712945795	-1	
-175.47025898072192	72.339837753056898	-0.0055072718382463293	-1	
-172.57643697982266	78.995172714853354	-0.0054003920598828413	-1	
-170.75834716096224	83.23060134210138	-0.0053236829879625969	-1	
-165.03661529194852	86.139479884861743	-0.0053460902538636883	-1	
-159.83638467054601	92.203485045640576	-0.0052491029271852689	-1	
-153.87702851224597	95.52569024812955	-0.0052273351884626488	-1	
-148.07093592170696	98.367752880146952	-0.0052037561914349351	-1	
-137.1850300995273	102.57840834333636	-0.0051555118327119955	-1	
-131.981384104656	105.06370054510725	-0.0050932143738045962	-1	
-146.88030741983695	103.87014398323885	-0.0050265910447383011	-1	
-143.30633077934246	108.21992501842321	-0.0049036983322087169	-1	
-101.74704190246494	103.40429785595074	-0.005162792324190083	-1	
-98.524238272992335	108.38803019434211	-0.0048701604770644488	-1	
-123.6081910205407	109.46933699433809	-0.0049396007702135506	-1	
-117.0587189535199	113.1535229069267	-0.0047772713207520452	-1	
-107.45513008743261	112.68897662058372	-0.0047491011452391258	-1	
-111.59182078912136	118.30928033482202	-0.004531333420558341	-1	
-186.27615252009704	62.327128768078772	-0.0054817820182302837	-1	
-184.50939910086285	68.985237544759968	-0.0053863233933332715	-1	
-189.10371511986378	65.113630891431455	-0.0053631530161903189	-1	
-187.93852415718209	68.404028665133865	-0.0053237437219841614	-1	
-182.75891764306201	71.990652171650595	-0.0053590681279469254	-1	
-179.59749658021369	74.391718851780055	-0.0053706992143600545	-1	
-191.26095119260748	58.474340944547457	-0.0054359600756941186	-1	
-190.2113032590311	61.803398874989604	-0.00540020331446079	-1	
-219.16283358018467	19.174263404484883	0	-1	
-218.79481698102077	22.99626191888386	0	-1	
-218.36015336109148	26.81125554913255	0	-1	
-209.41379913550222	40.705919013662957	-0.0046353906879857036	-1	
-213.70335083517688	35.761676298200477	-0.0023066848326222106	-1	
-212.98953447437333	39.475276899892428	-0.0023388151632553799	-1	
-217.85897512314608	30.618082211214514	0	-1	
-217.2914349309309	34.415582308850915	0	-1	
-194.96743651910208	57.751985775120694	-0.0049802287474782145	-1	
-198.66075049391969	56.965053535513242	-0.0045317040281625592	-1	
-204.2054588016633	49.025393146489023	-0.0045875529187727991	-1	
-203.16765570588302	52.542728337904634	-0.0045648266302570342	-1	
-202.51905017728214	56.163503253846287	-0.0045401468833154903	-1	
-208.67148815654573	44.354494041122067	-0.0046162103299068847	-1	
-207.86561382085071	47.989558260024609	-0.0045955493518267422	-1	
11.049324724233141	98.183560082448423	0.00087080447109994202	-1	
16.238416876714666	101.04061496928787	0.0012366498808789037	-1	
59.870979477557576	114.41131255270955	0.0035107305983291381	-1	
61.688588341346602	120.74883921317348	0.0033174251964713472	-1	
67.515507281883131	122.54953739776049	0.0034605484154398339	-1	
75.446016192807974	127.80087419938681	0.0035012510865983786	-1	
80.221988095699373	124.08452367136158	0.0037819685197981985	-1	
49.135191598843804	114.64702950040996	0.0029917116154274835	-1	
54.587073948399407	118.35444436799892	0.0031115416811163007	-1	
38.085521665533818	115.38682043051453	0.002367370372028926	-1	
32.42101541984222	107.42266442464485	0.0022528162811246075	-1	
17.576452321411885	107.55765805376677	0.001239681663785918	-1	
19.26578202460572	113.99259042094265	0.0012538885281838919	-1	
28.826380823717308	112.65511994484321	0.0018870046128694087	-1	
194.20314162908829	70.68416295397175	0.0044170807513724082	-1	
195.40717229052603	67.284085254479251	0.0044478683064642574	-1	
196.55168003433232	63.863512170822666	0.0044772358478535881	-1	
192.93995480942229	74.062709572695624	0.0043849271843045007	-1	
185.03250388234088	84.32417014611768	0.0046896455955111466	-1	
183.75704335336792	87.64761364051158	0.0046146021302195857	-1	
188.7993945794714	84.058906235665646	0.004280302182004223	-1	
190.23766971350489	80.751099887783482	0.0043165092994716095	-1	
191.61799661046993	77.418695972622061	0.0043513892842875638	-1	
203.31874623425639	52.581803005371668	0.0045646739547238208	-1	
202.51905017728239	56.163503253846407	0.004540173365773551	-1	
201.21017668506431	59.601169657820577	0.0045147128985517457	-1	
200.28818601753457	63.150622478097226	0.0044873334508152753	-1	
166.10870852466471	99.85768887434314	0.0049392037109023471	-1	
162.32360003096861	103.24818233761448	0.0048876498581665005	-1	
158.73023579016322	109.0922686129235	0.0047522593432328493	-1	
162.10317558384426	107.29375134291652	0.0047723908071614397	-1	
174.92394142787967	96.961924049267708	0.0048992022179362316	-1	
176.58951857178593	93.894312557178424	0.0049531527589807374	-1	
169.72712595258574	99.976917693753833	0.0048894585819521776	-1	
173.20508075688826	100.00000000000033	0.0048444723013400482	-1	
178.20130483767409	90.798099947909634	0.0050050641496182692	-1	
181.97691598243117	90.73034339912472	0.0046020407963942665	-1	
118.61709398111473	125.87316928327775	0.004281125212685798	-1	
110.52478443708083	130.69577526152048	0.0040380736042133413	-1	
99.906459826993412	124.5904420409245	0.0041488649720850188	-1	
86.263809397791647	124.42740006008731	0.0039117562575317613	-1	
91.918783327738979	127.12344979801799	0.0039143997976777449	-1	
104.54896161461517	128.80255687836183	0.0040426269389216337	-1	
133.65579748250809	124.25977900571027	0.0043811409964184863	-1	
143.62574509313083	123.35566695539167	0.0044001846688600903	-1	
148.02077405124356	121.01766156165489	0.004459681336135681	-1	
139.51416352651438	126.16234573730661	0.0043170493471464816	-1	
154.82627635054223	114.56541789100498	0.0046204234332827476	-1	
154.22386664693835	118.34013506866405	0.0045112538317430978	-1	
158.25992878796879	112.88571013033189	0.0046446175179010269	-1	
132.610309784175	130.32996585179478	0.004178547432763368	-1	
126.25696906429016	131.86900222926201	0.0041066882707897091	-1	
219.46409105716208	15.346424223707587	0	-1	
219.16283358018478	19.174263404484833	0	-1	
218.79481698102089	22.996261918883814	0	-1	
218.36015336109159	26.811255549132511	0	-1	
208.67148815654593	44.354494041122173	0.0046161807740762954	-1	
207.86561382085097	47.989558260024715	0.0045955374155443483	-1	
206.99642160554666	51.61000439459599	0.0045734052024049487	-1	
212.32510402387462	43.198030639033455	0.0022892024317760461	-1	
217.85897512314622	30.618082211214475	0	-1	
217.29143493093105	34.41558230885088	0	-1	
216.65770566268654	38.202599086724781	0	-1	
215.95798035848688	41.977978982839979	0	-1	
-49.772814102421073	59.772814102421073	-0.0073655674876626984	-1	
-49.502218750000004	60	-0.0069862047205293256	-1	
-49.349860624443437	60.390410999696655	-0.0068939416938790165	-1	
-49.161875218822587	61.138375748518428	-0.0067376245488801525	-1	
-33.851707286509694	106.89145384266297	-0.0023596495439505987	-1	
-28.094926424398334	112.70965771022641	-0.0018347400743848297	-1	
-20.1036077695309	111.37281171569607	-0.0013453831162951327	-1	
-11.699112280255624	106.11272071142402	-0.00083729343914622483	-1	
-6.4642715437927176	104.10386362300294	-0.00047475574749225873	-1	
0.18129985426964002	103.57354780844261	1.73497885462485e-005	-1	
6.7077983299487851	102.2135214422	0.00050531146873154949	-1	
-43.479627031846618	106.22714740525305	-0.0029962739057434536	-1	
-54.802300451814368	111.28207825120538	-0.0034085783155164634	-1	
-61.784426631355132	114.84661287796648	-0.0035665794284427915	-1	
-48.005055478115189	111.29896381878524	-0.0030570876565767292	-1	
-69.89798312755444	113.77124820070598	-0.003930404021236766	-1	
-76.86551806564303	113.39652481867678	-0.0041714822594979446	-1	
-83.360322175158856	115.94691308432203	-0.004220583610748261	-1	
-89.41163371414153	117.78096249910391	-0.0042657442370719403	-1	
-95.432952336866677	115.85072141537623	-0.0044632700072112308	-1	
-50	59.892000000000003	-0.0074896647453525809	-1	
-50.173185897578925	59.945999999999998	-0.0074852189746283078	-1	
-50.138058930581231	60.138058930581231	-0.0073600452889500019	-1	
-49.802739287998051	60.433516564831727	-0.0070918576467849433	-1	
-49.945999999999998	60.173185897578932	-0.0072387003403676974	-1	
-176.62970046406147	76.800779547416838	-0.0053740627490097906	-1	
-176.89185709109788	80.61426366633107	-0.0052764355367540565	-1	
-173.73718149719403	85.308280804774625	-0.0052161630076403643	-1	
-170.27456787574096	87.998276147381389	-0.0052040421022937836	-1	
-168.28987970615248	90.645868845758145	-0.0051639074123222307	-1	
-165.25852196950513	91.783195607787789	-0.0051789569493349095	-1	
-160.66848291427272	96.17923468740247	-0.0051167470373878789	-1	
-164.53651515233469	94.939355940711323	-0.0050989763838107235	-1	
-153.06052882335388	102.47773996650821	-0.0050113973704352943	-1	
-159.96051693713355	101.29967754945685	-0.0049712133667299749	-1	
-137.71867031419501	110.72640756766202	-0.0048483130164418192	-1	
-130.98651953519368	112.83031144529694	-0.0047933530308254526	-1	
-149.39155256748086	108.90875012872044	-0.004837317453535786	-1	
-141.86915249878666	114.17298497388387	-0.0047078090076135394	-1	
-146.97744557825595	115.90813338135153	-0.0046256201774527378	-1	
-103.42800183035891	117.00267306192984	-0.0045152629116659909	-1	
-125.44139085434477	117.36713790974993	-0.0046231412280685405	-1	
-118.18973908463111	120.58249347210079	-0.0044782482430700309	-1	
-106.64742894815328	121.9484821989886	-0.004336850585546421	-1	
-111.80112449738265	125.28468109459398	-0.004251937620321381	-1	
-186.71608529944075	71.673589909060169	-0.0052834427066937497	-1	
-192.83315238749674	64.521070233686373	-0.0049166989927250746	-1	
-191.44120916865094	67.792887714353427	-0.0049169975479333413	-1	
-190.6967851925385	71.298606410494884	-0.0048134329260334082	-1	
-185.43677091335786	74.921318683182534	-0.0052410074276192636	-1	
-180.13514832033914	78.324991655106658	-0.0052693720555167601	-1	
-184.10097069048845	78.146225697854888	-0.0051966865471982917	-1	
-194.16692262130027	61.220595542855207	-0.0049147033289836488	-1	
-212.38149045279405	43.209502587653432	-0.0022492839090387452	-1	
-216.65770566268637	38.20259908672481	0	-1	
-215.95798035848665	41.97797898284	0	-1	
-197.63631623236114	60.423485642699013	-0.0045051532743470481	-1	
-201.35981148694148	59.645493505452521	-0.0045145049127659894	-1	
-206.99642160554646	51.610004394595869	-0.0045734069829383578	-1	
-206.06417627500173	55.214729621871193	-0.0045497899422747637	-1	
-205.06916180017518	58.802635907626595	-0.0045247377208949748	-1	
-211.53885629410922	46.897035381995899	-0.0022793061723408127	-1	
-210.63166335522587	50.568188361303349	-0.0023087010748068866	-1	
9.7683432945147288	108.13614506358495	0.00068673814477459758	-1	
56.974495941476953	123.6643851228707	0.0030181996912314922	-1	
62.110566445342251	130.84410915967428	0.0029592886358463751	-1	
68.014127342067852	128.62793162050875	0.0032420479261300234	-1	
79.503792497068716	132.29027048351335	0.0034402688730607919	-1	
73.793434885427232	133.37309760146849	0.003247301234742022	-1	
85.320395928730406	130.62073400588531	0.0036425296976120647	-1	
47.597496059350441	121.0582258459946	0.002687878798724383	-1	
51.664965010917392	125.25559736625382	0.0027365123458353824	-1	
38.894615403864528	123.67570526779937	0.0021758064105003175	-1	
30.956756585997187	121.15565727008541	0.0018170719852106201	-1	
12.418808531878247	114.25328819304042	0.00080863761760989494	-1	
15.673522910469773	120.28286891248344	0.00094950029192352522	-1	
22.736214553260332	120.14536369723203	0.0013665392429599991	-1	
196.70864980479976	73.546350484156235	0.0043972112655771044	-1	
197.81514092365143	70.050015328842306	0.0044288051451909236	-1	
199.30213420873403	66.685561273016432	0.0044585336372179657	-1	
195.2499270056079	76.910991610561808	0.0043645573730530353	-1	
187.30360932090824	87.341107426411497	0.0042427699109638152	-1	
185.75076956849509	90.596703669742951	0.0042039300689416751	-1	
191.09914335389314	87.08889703615435	0.0042578836227178162	-1	
192.7316997938162	83.80212811760687	0.0042945706549790278	-1	
194.02208959402572	80.366580909813223	0.0043302348132631821	-1	
206.06417627500198	55.214729621871314	0.0045498132061621748	-1	
205.06916180017544	58.802635907626723	0.0045247758946086866	-1	
204.011681272115	62.372630340850748	0.0044982836397458609	-1	
202.89205680963354	65.923625466655707	0.0044703720425390142	-1	
167.99530782706663	102.94765704023696	0.0048305573332799194	-1	
165.66465755852781	105.54002659739538	0.0047853890006739584	-1	
161.88044531503473	111.25734763497313	0.0046618693149941817	-1	
165.80751451100889	111.83858069414974	0.004610427888902746	-1	
167.73411358908535	108.92780700300578	0.0046714273197312212	-1	
177.19543197170623	100.25235182881426	0.0044298436309224108	-1	
178.69961724179186	97.025975704637972	0.0045089919801676792	-1	
180.14317007474696	93.77659872285264	0.0045877324504133218	-1	
171.43346014042299	103.00761498201119	0.0047882269206659389	-1	
174.98840215358734	103.07604621996586	0.0044404841451437128	-1	
184.14134833226328	93.824703279506636	0.0041638244506457473	-1	
119.8242088135753	132.20033780382479	0.0040623556336756008	-1	
108.81375245723525	139.95943392005225	0.0036973465379720599	-1	
116.01158402179132	139.0849013153306	0.0038007085513391266	-1	
101.24538609538085	136.0975445622218	0.003732498129911012	-1	
98.538016737944005	130.58111695366196	0.0038924241574037925	-1	
93.70393572986319	134.37485959192588	0.0036713344185135008	-1	
136.96969505327363	129.45191688564157	0.0042126262278011231	-1	
148.44245054191592	124.61340197654511	0.0043489338626842428	-1	
144.17355298365538	127.37003141675163	0.0042749706221397316	-1	
153.72519243719009	122.27853936121463	0.0043978187312625977	-1	
139.71021250937343	132.58004127960132	0.0041174473264786156	-1	
143.3229759041208	131.33131077389388	0.0041555305266273209	-1	
157.89900668469636	116.83911873233828	0.004532796056571674	-1	
157.60215072134497	123.1322950651321	0.0043546533102368371	-1	
159.72710200945914	120.36300463041009	0.0044211187317459242	-1	
161.80339887499005	117.55705045849503	0.0044853095962816645	-1	
163.83040885779891	114.7152872702096	0.0045489820632452502	-1	
132.12475829518391	134.7503108228276	0.0040358954196510642	-1	
135.78916589063755	133.43964168149191	0.0040860977589737947	-1	
129.4473079443529	137.57466849183885	0.0039376283069572212	-1	
122.96123980930446	137.82610212860615	0.0038952624133534275	-1	
211.59503392199292	46.909489662257599	0.0022395625578430084	-1	
210.63166335522612	50.56818836130347	0.0023086956604060852	-1	
209.77330960677259	54.251066592843813	0.0022574612963094588	-1	
215.19247216143805	45.740571979907187	0	-1	
-49.892000000000003	60	-0.007238828889220561	-1	
-49.697109375000004	60.155779261979532	-0.0070892293429622461	-1	
-33.801856303630068	112.72548566708943	-0.002188090377211896	-1	
-39.377928243394969	114.44182892281695	-0.0024663916209608132	-1	
-30.805771846685371	117.73167087898173	-0.0018846407079551486	-1	
-22.98342269303615	118.71146317422519	-0.0014033537337980165	-1	
-11.859703659736583	111.71747536677401	-0.00079417479706817256	-1	
-15.625094553917682	118.07169647172387	-0.00096770643027423902	-1	
-2.5309366300930236	111.48970967734226	-0.00017018037273060568	-1	
5.6254508233012288	113.35925218604369	0.00037517526128540049	-1	
-54.134685587162146	117.75653902185852	-0.0031117500213362383	-1	
-61.182739011859887	121.41908618399926	-0.0032664069764513056	-1	
-67.672966440655259	120.22059493560415	-0.0035600411953903739	-1	
-46.035982624838617	119.30599556226136	-0.0026638786479981601	-1	
-73.889803518049661	123.03052541820614	-0.0036447197271999242	-1	
-80.057536759585275	121.40388206357883	-0.003891602213091999	-1	
-93.348183356263988	122.72926377457132	-0.0041226524851909032	-1	
-83.171041012904112	126.97101716221457	-0.0037345760037453455	-1	
-100.51090744367919	122.13261451639163	-0.0042568233885052842	-1	
-50	60	-0.0073627438012077578	-1	
-177.29191206708032	84.563904201271015	-0.0051724092934023721	-1	
-182.70909152852056	81.34732861516018	-0.0051513588428049447	-1	
-181.26155740733034	84.523652348140033	-0.0051036454331243016	-1	
-176.28771643834349	87.893813141896615	-0.0051072751508853672	-1	
-174.2326729286934	90.699788656236976	-0.0050693173596393828	-1	
-170.83759065093523	92.757243556423347	-0.0050674964854405475	-1	
-167.70593428994965	93.902821712764066	-0.005082738121342756	-1	
-164.03059113988328	98.458533040068232	-0.005004855190089438	-1	
-167.36316160495244	97.219767259800705	-0.0049958642809969974	-1	
-159.0068513506765	106.17083019419357	-0.0048366781699791285	-1	
-162.56876128506383	105.52278867285956	-0.0048189073565962455	-1	
-165.74892463035064	101.571071646825	-0.0048949632832666328	-1	
-137.00542385619747	116.50741035777365	-0.0046443173109819332	-1	
-132.1872366672209	119.78060237491938	-0.0045364415469584954	-1	
-152.15405927569404	115.77809035611595	-0.0046001276619846258	-1	
-158.25992878796851	112.88571013033159	-0.0046432455029071056	-1	
-140.88355789969393	120.85353393054493	-0.0044882083133265934	-1	
-146.79241383266876	121.08307336303643	-0.0044618358606612557	-1	
-150.61955640130031	119.58906659367408	-0.0044921290433829423	-1	
-125.0746972038921	124.52233058517466	-0.004356850736383918	-1	
-117.90886308737723	126.89191289117775	-0.0042379777689145123	-1	
-103.73769654297931	127.32377416259924	-0.0040911544016309738	-1	
-107.26210457985187	132.3176558545704	-0.0039448602855653974	-1	
-114.64334178442957	136.26515799085414	-0.0038801056505626355	-1	
-189.19210934548559	74.52475377487437	-0.0048098829443807001	-1	
-195.40717229052589	67.284085254479152	-0.0044477798647303227	-1	
-196.55168003433218	63.86351217082256	-0.0044771633902784703	-1	
-194.20314162908815	70.684162953971651	-0.0044169845170340767	-1	
-192.93995480942215	74.06270957269551	-0.0043847994721245669	-1	
-187.63084003994169	77.719238664000571	-0.0048045950645667973	-1	
-186.70396113073511	81.181192753868714	-0.0046984842047260132	-1	
-215.19247216143782	45.740571979907202	0	-1	
-200.13934756356591	63.103693893822246	-0.0044874334553256711	-1	
-204.01168127211471	62.372630340850606	-0.0044982371173941859	-1	
-209.77330960677236	54.251066592843763	-0.002257418199663542	-1	
-208.73854791402013	57.888322627968343	-0.0022849307340073342	-1	
-207.75218645478091	61.539001235784426	-0.0022326205274624316	-1	
-214.36141425275233	49.489231955650453	0	-1	
-213.46505978071977	53.222817031927057	0	-1	
56.042651568443532	129.12833435126831	0.0027901654538094499	-1	
57.689545731128554	134.8916334942237	0.0026727069645155425	-1	
65.979475801229498	135.82356842172047	0.0029263853952883195	-1	
80.269458255833683	138.29310177193085	0.003248386690142597	-1	
73.451404694307726	139.17514154895574	0.0030408364535293541	-1	
87.86350797974444	139.44738567052741	0.003379179819643756	-1	
44.160754749182644	130.67337903277868	0.0022408768991915465	-1	
50.234579033250583	130.92271544389595	0.0024997724423892367	-1	
32.707696970699089	129.25085412899887	0.0017354589094078171	-1	
24.946768683426441	126.854608912826	0.0013810755907313723	-1	
8.921591212120406	122.90648233390411	0.00052792987626122418	-1	
16.844828541822928	127.43129336561952	0.00093526593620384569	-1	
200.46775910099458	72.964297242809607	0.0044103282934908243	-1	
199.16382431940383	76.451829236331008	0.0043782325119017668	-1	
201.71062946118838	69.454539617527018	0.0044410573884972951	-1	
197.79922230758208	79.916073262061531	0.0043447566868941188	-1	
189.40926842973244	90.343586707240462	0.0042198930321808263	-1	
187.94337224415031	93.705108756473095	0.0041803109784314795	-1	
193.3456612344861	90.158562504682891	0.0042363320679040849	-1	
194.88969763042229	86.770483856171026	0.0042737968636410257	-1	
196.37436873652138	83.355974077712048	0.0043099389300953169	-1	
208.84999728355533	57.919230273560458	0.0022062222112555437	-1	
207.69646548764939	61.522495933367708	0.0022719625830585721	-1	
206.64654112920246	65.155404144068569	0.0022192289621826592	-1	
205.53251731954887	68.770218300599794	0.0021665798970098848	-1	
169.60961923128573	105.98385284664134	0.0047306031528462416	-1	
167.78358167045047	115.31446084807928	0.0041692445194606862	-1	
169.56324026894336	112.23146044356949	0.0042525736036347975	-1	
171.70578909197567	109.3886518389814	0.0042774287078903147	-1	
180.7547394754757	100.19398818424331	0.004079813363025161	-1	
178.97858344878452	103.33333333333367	0.0040359797983119915	-1	
182.47583585751215	97.024122975751084	0.0041224358753713707	-1	
173.37676840808416	106.24542032562843	0.0043591428906722433	-1	
177.14790881177041	106.44120214807822	0.0039909188256255796	-1	
186.1409397146908	96.898839974207007	0.0041397538284807227	-1	
103.07749108902865	144.39439638032871	0.003481193952764508	-1	
113.55109236823498	145.44862302920944	0.0035768691410717817	-1	
117.60395598066539	145.71930594374339	0.0036077079310507351	-1	
122.57603722436059	144.30560193142594	0.0036912115997286112	-1	
95.114981027660164	141.9807828291151	0.0034337595973114175	-1	
151.99766775029786	125.29720808596906	0.0043165968228705181	-1	
149.82244515925024	127.96045665942511	0.0042460423739576906	-1	
147.11495311814886	130.15631581758953	0.0041871095358372769	-1	
155.42919229139474	125.86407820996794	0.0042877425240727034	-1	
142.48294474893663	135.21126592793482	0.0040414633916279535	-1	
138.65227077236858	136.25320701278218	0.0040060464185446487	-1	
146.27074032383462	136.39967201250019	0.0040082751090200971	-1	
148.62896509547937	133.82612127177214	0.0040801928991986876	-1	
161.51854752589429	123.93754057578107	0.0039980775720088145	-1	
159.13638465256446	126.58279600131678	0.0039648053483472331	-1	
163.45711893839663	120.95190545071532	0.0040837048278476451	-1	
165.33884908515691	117.93505490651152	0.0041691043365066002	-1	
134.99812810930146	137.3750932014232	0.0039644871351010623	-1	
127.26705954946341	142.68328393408208	0.0037712448649987172	-1	
133.81263920642525	141.00909970712297	0.0038524328751110884	-1	
214.36141425275255	49.489231955650446	0	-1	
213.46505978072003	53.222817031927065	0	-1	
212.50368178359582	56.940189922554758	0	-1	
-36.724330588092172	120.34041275646729	-0.0021508831585397271	-1	
-27.649632988262383	124.24953136301042	-0.0015698911230860888	-1	
-20.713181096928867	125.35913928525861	-0.0011700518986699326	-1	
-7.0305562626775506	118.35194815071237	-0.00043539312152434225	-1	
-13.690344641185215	125.19988258122983	-0.00078135908647304435	-1	
0.38027997518826995	117.51573588161416	2.6859376326518553e-005	-1	
-49.280567832479143	123.95318036038297	-0.0026684912736889511	-1	
-54.853398797469296	124.9862412265372	-0.0028798711439706631	-1	
-65.266024831951569	126.60427762322364	-0.003221755905130796	-1	
-44.860705745066817	127.5012050003464	-0.0023587479492816628	-1	
-70.827137193677999	130.84214605317956	-0.0032466920991217974	-1	
-77.073039930935622	129.14238928279855	-0.0034926297084196456	-1	
-93.799897893292268	129.90258662153434	-0.0038393550632507129	-1	
-88.973927405224842	133.84756485761966	-0.0035964454967033006	-1	
-82.740813967774912	133.88134814884353	-0.0034594703483918693	-1	
-179.75880925983375	87.674229357815634	-0.0050551041525161797	-1	
-185.03250388234073	84.324170146117524	-0.0046894479877998387	-1	
-183.75704335336769	87.647613640511437	-0.0046144275548249541	-1	
-178.20130483767392	90.798099947909506	-0.0050048318691372756	-1	
-176.58951857178573	93.894312557178282	-0.0049528703633077795	-1	
-174.9239414278795	96.961924049267552	-0.0048990556312955595	-1	
-170.96115811682859	96.725169389956704	-0.0049603276741532511	-1	
-169.72712595258557	99.97691769375362	-0.0048897462885738128	-1	
-161.88044531503445	111.25734763497286	-0.0046607667399904034	-1	
-164.26213323553674	108.72273423980467	-0.004710670513082057	-1	
-166.17303697554848	105.86390000518584	-0.004770770402498457	-1	
-171.43346014042274	103.00761498201098	-0.0047881494848043514	-1	
-169.60961923128545	105.98385284664113	-0.0047298038890452995	-1	
-132.94784894211497	127.85184792921395	-0.0042598046658267261	-1	
-137.40036119933748	125.98921481596317	-0.0043234415282301748	-1	
-157.89900668469605	116.83911873233798	-0.0045313753556534614	-1	
-156.27788437837242	119.91623830778067	-0.0044525762999575594	-1	
-163.83040885779857	114.71528727020936	-0.0045480393983758855	-1	
-161.80339887498968	117.55705045849476	-0.0044841869118346532	-1	
-142.18054217750384	126.65565110794572	-0.0042990090974184634	-1	
-145.24833956871498	124.89029165661088	-0.0043482329576237594	-1	
-149.99990648076377	123.65038078131512	-0.0043720456193056161	-1	
-153.72519243718972	122.27853936121429	-0.0043972460095531348	-1	
-127.88595021859487	132.59506621348956	-0.0040895195953388787	-1	
-120.38043000088265	132.70388516603629	-0.0040476286281903385	-1	
-100.07554943149178	133.64892478533187	-0.0038007326019830583	-1	
-104.0216350438167	137.96695136702309	-0.0037038741943380077	-1	
-109.32764282967543	140.4293133624243	-0.0036870752423402951	-1	
-120.12671279742146	140.20590508627032	-0.0037986874098540893	-1	
-115.90086025280129	145.048114502402	-0.0036110730927335112	-1	
-191.61799661046979	77.418695972621947	-0.0043512511946848425	-1	
-197.96225092528289	70.102109712625008	-0.0044285504793197764	-1	
-199.30213420873372	66.68556127301629	-0.0044584579021862492	-1	
-196.56247138109254	73.491696611060817	-0.0043972567126801245	-1	
-195.39512932402616	76.968188324870241	-0.0043642733536627884	-1	
-190.23766971350474	80.751099887783369	-0.0043163574073184436	-1	
-188.79939457947125	84.058906235665503	-0.0042801158929564346	-1	
-202.89205680963323	65.923625466655565	-0.0044702988401754103	-1	
-206.59111670588962	65.137928890523696	-0.0022582439226473015	-1	
-212.50368178359557	56.940189922554737	0	-1	
-211.47757310643067	60.640218279739997	0	-1	
-210.38704631186832	64.321775039002262	0	-1	
59.361949337605715	140.64758203215541	0.0025606021068079058	-1	
53.450970305293595	139.24409553597641	0.0023909325564955785	-1	
67.802610160733707	141.76377943686586	0.0027985290623808033	-1	
82.387202330839841	144.83366815175359	0.0030868115923380936	-1	
76.591420987682412	144.10136230243234	0.0029702008756227471	-1	
90.425536836010394	148.85364322529651	0.0031323975853770653	-1	
47.514102814768194	136.35893832603702	0.0022384339934257672	-1	
33.928845716095196	136.01230655783274	0.0016590839353275188	-1	
38.776470474951836	140.88149308158452	0.0017724877874407982	-1	
22.492661535365492	134.59743508432541	0.001139383585603729	-1	
4.3503549070334637	127.43439703689863	0.00024448247897314638	-1	
-1.1149233219818466	124.03896675577222	-6.4421655822286653e-005	-1	
8.9238401477871925	131.96004015883685	0.00047160471085013443	-1	
14.786325635033712	133.02233783114772	0.00076923141581302886	-1	
203.00726645648845	75.901306752170498	0.0021367027420454315	-1	
204.24676682767316	72.327573513025925	0.0021901766631515092	-1	
201.59814930256695	79.41162287486631	0.002158404864220692	-1	
200.23468251012309	82.939921153163709	0.0021041484935729903	-1	
191.74272987715639	93.519177981670197	0.0041975603131307396	-1	
190.08139182685258	96.851306611103709	0.0041575258149926884	-1	
195.56759155710446	93.280956161446099	0.0020869325847644275	-1	
197.11290122505503	89.829524392458524	0.002142825397351068	-1	
198.70391548634987	86.398921406656399	0.0021238907355054359	-1	
211.47757310643095	60.640218279740026	0	-1	
210.3870463118686	64.32177503900229	0	-1	
209.2324335849346	67.983738762488656	0	-1	
208.01408663185049	71.624993980574715	0	-1	
171.33443166137582	115.56653338395473	0.003848748022237274	-1	
169.29142248639215	118.5391301792166	0.0037990994970120554	-1	
173.32525070872151	112.55873390310597	0.0038973003733060777	-1	
175.2632732056619	109.5166479415294	0.0039446962629991304	-1	
184.55862108578509	100.20715523593762	0.0040976532705867602	-1	
182.91618770580266	103.48899969382759	0.0040543202685582808	-1	
180.94901367670306	106.58711473247614	0.0040100589308756061	-1	
179.19304610292249	109.80963988106605	0.0039643251430995828	-1	
188.36215314323852	100.15393339432376	0.0041162121578870742	-1	
99.774397967823589	148.87403537270544	0.0032942467521964651	-1	
103.34405369098057	153.14429855985293	0.003220550884270275	-1	
108.26983391011957	151.44219176614033	0.0033355765737140292	-1	
113.88950882002715	150.87648544506825	0.0034184181138611244	-1	
116.91446968989034	149.72225252795062	0.0034829233998464422	-1	
120.32898738596707	148.73147734346531	0.0035427739401933632	-1	
127.12104677457668	146.30071955391426	0.0036642815538550965	-1	
123.65038078131555	149.99990648076411	0.0035334091635141943	-1	
153.20888862379616	128.55752193730834	0.0042196856419604318	-1	
150.94191604455494	131.21180579810195	0.0041505860498962958	-1	
156.70935839758891	129.18122612524709	0.0039300185842367739	-1	
143.86796006773073	138.93167409179995	0.0039362631136853031	-1	
137.67734285936297	140.1014819384458	0.0038915974603729378	-1	
141.42135623731002	141.42135623730999	0.0038623139986759241	-1	
147.31639546827745	139.7980393955518	0.0036739080383715915	-1	
149.91876693199373	137.3752397100383	0.0037149453779220889	-1	
152.10553551541514	134.5716101492992	0.0038040919185774276	-1	
162.85555574538969	127.23670490063648	0.0036436175219772995	-1	
165.05133874310766	124.37510478475708	0.0036964892883630798	-1	
160.6101653677745	130.05954748363354	0.0035896784377299081	-1	
167.1968455041563	121.47561880711153	0.0037483260694628952	-1	
132.70400233508408	144.82100587419367	0.0037372870099798162	-1	
136.39967201250022	146.27074032383462	0.0037121570876668141	-1	
138.93167409179998	143.86796006773073	0.0037882938939520364	-1	
-36.443124866811296	126.80228517095742	-0.0019738006293642282	-1	
-22.720113130055697	130.85824525134706	-0.0012008596151805715	-1	
-28.545443230283336	131.43571545425107	-0.0014841538832962243	-1	
-18.368701358975585	134.77400293158794	-0.00093079911254973272	-1	
-7.3992828427576836	124.6557253043525	-0.00042285537947669657	-1	
-10.102092388118567	130.04615393997381	-0.0005448176385866579	-1	
-51.230635581452105	128.98137578782018	-0.0025965836109221995	-1	
-57.483277719035158	131.75889798034581	-0.002757281072435711	-1	
-66.009781188663354	135.90954979181268	-0.0029230755446700641	-1	
-43.928609389253893	135.7276215872744	-0.0021039872591329077	-1	
-37.607648949901254	135.88446195199384	-0.001823141500122075	-1	
-49.764834195973982	134.17145669089052	-0.0023858509257277537	-1	
-76.015895454703525	135.52853989471731	-0.0032319493779235996	-1	
-92.732520662608707	138.82007138455688	-0.0034943880600987911	-1	
-83.950049781895075	140.69864368306926	-0.0032529092245402484	-1	
-181.97691598243097	90.730343399124578	-0.0046019168810810772	-1	
-187.30360932090804	87.341107426411355	-0.0042425696260406506	-1	
-185.75076956849489	90.596703669742809	-0.0042037089320043344	-1	
-180.58624592427685	94.007249411013106	-0.0045248402222423482	-1	
-178.69961724179163	97.025975704637816	-0.0045085818288305218	-1	
-176.76067562494285	100.00637852267111	-0.0044906516638944776	-1	
-173.20508075688807	100.00000000000014	-0.0048444489868684024	-1	
-165.80751451100861	111.83858069414953	-0.0046102172213776781	-1	
-167.73411358908507	108.92780700300555	-0.0046709344851629999	-1	
-173.5887326801415	106.37531219860264	-0.0043291676512630011	-1	
-175.20460054410907	103.20339680446075	-0.0044101516102080449	-1	
-171.49612402886322	109.25508046254208	-0.0043059295431079423	-1	
-133.54999796894307	133.56705750956755	-0.004076628207408642	-1	
-136.69153587537087	132.21200986928505	-0.0041250942163738721	-1	
-140.44043612950142	129.73784282288565	-0.0042042808086360482	-1	
-159.72710200945878	120.36300463040978	-0.0044199451038147205	-1	
-157.6021507213446	123.13229506513177	-0.0043544257314406818	-1	
-165.74551257946689	118.22512515796961	-0.0041127664575227102	-1	
-167.57870590344106	115.17365363453479	-0.0041970594375187074	-1	
-163.45711893839635	120.95190545071507	-0.0040827761627562405	-1	
-144.05986907065957	129.65498524314984	-0.0042056172852538666	-1	
-149.36408772224937	127.56898242544402	-0.0042584557933439855	-1	
-155.42919229139437	125.86407820996762	-0.0042876482176637037	-1	
-153.20888862379581	128.55752193730797	-0.0042190554355800627	-1	
-131.99381656464737	136.61397627479289	-0.0039770419592425506	-1	
-126.22861494700207	137.4095634528407	-0.0039269946963491759	-1	
-98.265280955854521	138.87746749067807	-0.00358716048902824	-1	
-101.60086062674559	143.29206136040759	-0.0034942325591517851	-1	
-112.11089185500292	147.9654951626039	-0.0034839048521360734	-1	
-105.78872075414601	151.06714254707711	-0.003313389149563382	-1	
-126.13006173844973	142.50038176969994	-0.0037693516878513269	-1	
-120.41576334135381	146.62628447861152	-0.003604083990349023	-1	
-116.91446968988994	149.72225252795016	-0.0034819949284503062	-1	
-194.16489462263806	80.425732689439471	-0.0043299306964180925	-1	
-201.71062946118809	69.454539617526876	-0.0044409687973698186	-1	
-200.46775910099427	72.964297242809465	-0.0044102316121201598	-1	
-199.16382431940352	76.451829236330866	-0.0043781038295933232	-1	
-197.79922230758177	79.916073262061374	-0.0043446166829070433	-1	
-192.58994885600032	83.74049305568218	-0.0042945528705703624	-1	
-191.23979702220248	87.152996605739801	-0.0042575473690710736	-1	
-205.4779492653654	68.751960085075723	-0.0022049825628543489	-1	
-209.23243358493428	67.983738762488613	0	-1	
61.484250161436876	146.54046372198891	0.0024703568649288442	-1	
51.827526600994894	148.67647620126789	0.0020990733294652419	-1	
48.578776499809209	142.87330688104709	0.0021202162041506684	-1	
67.581505935892821	147.97353295202385	0.0026136814409627078	-1	
80.528519392476852	150.27808689812977	0.0028820481640702074	-1	
85.429714909736589	153.29050789341696	0.0029028738392225251	-1	
74.808390820098083	149.66446904741989	0.0027617099196458432	-1	
91.911979381567548	154.91046225064179	0.0029849087140424017	-1	
98.106058548401805	154.18385959305189	0.0031118985654245397	-1	
31.090709026081662	142.26957619678589	0.0014224187098757621	-1	
24.577475368156083	140.91493575290721	0.0011523271096408132	-1	
39.285130963516671	146.92115490219905	0.0016762720379245803	-1	
15.193476700196548	138.96636344035483	0.00073842964735526193	-1	
1.8137098405977459	132.73307687223806	9.8104411753809401e-005	-1	
-4.0093943406821104	133.50898529754772	-0.00020737803263691214	-1	
8.8719424695652602	141.01344951543328	0.00042290819346784981	-1	
2.7048751898465464	138.53965938786666	0.00013373534610149445	-1	
206.73237657290065	75.244431531647379	0	-1	
205.3876938293852	78.840948899966321	0	-1	
203.98044800469407	82.413450551500929	0	-1	
202.51106775953767	85.960848267640529	0	-1	
193.96132445502786	96.705549046961139	0.0020313285378727414	-1	
192.19299864242487	100.04934243998287	0.0020472440672220172	-1	
199.3877131480638	92.976017582954213	0	-1	
197.73469018581753	96.441652293597386	0	-1	
200.98000068137299	89.482061476676364	0	-1	
173.07308970355422	118.94983899960178	0.0038207237426188326	-1	
174.99255333576366	115.82504436970895	0.0038699098535068181	-1	
170.84371684636432	121.86163892027058	0.0037706955903377532	-1	
177.11894776751484	112.83721424819944	0.0039176917466236163	-1	
186.58553752307188	103.42605231921897	0.0040736660345732133	-1	
184.75208614068103	106.66666666666708	0.004029906661074065	-1	
182.86235748311805	109.87478931414533	0.0039849270271331508	-1	
180.91692718003833	113.0494430364175	0.0039387838816629704	-1	
190.46819346675144	103.41579124260919	0.001991118167357414	-1	
106.18557554044919	157.51307778103774	0.003138932624595693	-1	
102.08346575119283	158.20111537980256	0.0030625882319502674	-1	
113.18513390019255	154.03662750887952	0.0033208802757363643	-1	
110.83952259895713	156.37047451554446	0.0032292596440216688	-1	
116.32912083142043	153.00508477914383	0.0033834941976479895	-1	
119.56608135490988	152.20401833685756	0.0034373002162202712	-1	
130.52552251665975	147.53226537751505	0.0036489644100616047	-1	
127.96045665942515	149.82244515925026	0.0035695815323697963	-1	
122.62539963918961	154.16125557025543	0.0034101612062587194	-1	
125.86407820996804	155.42919229139471	0.0034017584177087694	-1	
128.55752193730839	153.20888862379616	0.0034811396463016835	-1	
154.62176719511405	132.05946491357557	0.0038420670181029694	-1	
158.31585157792264	132.84277266855193	0.0035347469951609303	-1	
145.03311374458252	142.52364393794778	0.0035840086029228176	-1	
142.69788827711554	145.21042607230316	0.0034942306988660324	-1	
148.66355873665506	143.56272989485993	0.0033054175360240495	-1	
151.14643166796242	140.94632774625018	0.0033641599075198568	-1	
153.58326393199533	138.28699198083117	0.0034219592312218919	-1	
155.97331324604005	135.58553265803863	0.0034788484342670877	-1	
164.23183606780233	130.6359010686329	0.0036137766171357279	-1	
166.73317493835066	127.93886492161364	0.0036668785236512172	-1	
168.81636873965556	124.91754169500116	0.0037193200556879069	-1	
162.04733277731316	133.58151263301539	0.0035592846625272724	-1	
133.82612127177217	148.62896509547937	0.0036359956020535779	-1	
137.54318979326587	150.1020522855753	0.0033584963198709885	-1	
139.97076004871209	147.49840505980328	0.0034490310945649548	-1	
-32.026736107081234	135.79857738468294	-0.0015711679322434841	-1	
-23.539121934955002	138.4499171552749	-0.0011359121331801405	-1	
-28.41284351007296	140.05225163353469	-0.0013365942777632911	-1	
-12.09816645253024	135.73628475073755	-0.00060850423700323317	-1	
-19.129530069812695	141.07215615179317	-0.00090110654766685993	-1	
-61.150765940941739	140.50410821337002	-0.0026226818233775189	-1	
-54.467981429393127	140.74984677139594	-0.0023848852944931805	-1	
-74.459218947892879	141.2830489124643	-0.0029997575057134798	-1	
-66.334103320926843	144.72939043731009	-0.0026636424498298998	-1	
-40.502035641421465	140.70173070650151	-0.0018463901233484277	-1	
-46.081983438999366	141.37086085042773	-0.0020544564809615363	-1	
-34.614388792503597	141.65903579877838	-0.0015794754017943904	-1	
-79.605570634510386	144.29181611845362	-0.0030353543845191844	-1	
-92.597288082452536	145.73073007212693	-0.0032670313961502971	-1	
-86.026009050580541	147.87404134959047	-0.0030704042055215261	-1	
-184.14134833226305	93.824703279506494	-0.004163581338939357	-1	
-189.55012720150089	90.410772894939853	-0.0042195335147325709	-1	
-188.08170318732786	93.774078020566066	-0.0041799334031730464	-1	
-182.47583585751192	97.024122975750942	-0.0041221745768802833	-1	
-180.75473947547545	100.19398818424315	-0.0040795407380093546	-1	
-178.97858344878435	103.3333333333335	-0.0040356622352198199	-1	
-169.35400318541915	112.09296943911805	-0.0042810670269926724	-1	
-177.14790881177018	106.44120214807803	-0.0039906005070621331	-1	
-175.26327320566168	109.51664794152919	-0.0039443451094671109	-1	
-173.32525070872126	112.55873390310576	-0.0038969142510914146	-1	
-135.32616533381574	136.49120593550617	-0.0039911109705124707	-1	
-138.65227077236821	136.25320701278173	-0.0040053573096885918	-1	
-142.48294474893629	135.21126592793439	-0.0040406730645208243	-1	
-161.12225506578102	123.63345467600348	-0.0040513300420628034	-1	
-159.33093913780726	126.73755162662766	-0.0039382936996838229	-1	
-169.29142248639189	118.53913017921636	-0.0037986591423523988	-1	
-167.19684550415607	121.47561880711127	-0.0037478975550913857	-1	
-171.33443166137556	115.56653338395451	-0.0038483596465498909	-1	
-165.05133874310744	124.3751047847568	-0.0036960425309717358	-1	
-145.2318110295096	133.08043590534703	-0.0041033579883520879	-1	
-147.56640857765018	130.55572986843194	-0.0041743786767105525	-1	
-150.9419160445546	131.21180579810155	-0.004149931556999528	-1	
-156.90297300660444	129.34082969228439	-0.0039034640222341444	-1	
-154.43096754086133	131.89650661408515	-0.003867031922664803	-1	
-129.90857192000371	140.928662847152	-0.0038370411417881383	-1	
-134.0823969813398	139.58517768084673	-0.0038947746917410834	-1	
-100.62759509971521	152.06946496966853	-0.0032105006428896758	-1	
-110.99408122387487	152.95681667806608	-0.0033250912702128409	-1	
-114.27170051946948	152.60138368284277	-0.0033723418587334386	-1	
-108.99761935598953	155.58041361186275	-0.0032271845393662918	-1	
-104.9523411339581	155.05918736463326	-0.0031884824091600369	-1	
-125.0864773722072	146.45744775779474	-0.0036447813777172361	-1	
-128.80997755186547	145.59319453425692	-0.0036938055595588919	-1	
-123.65038078131509	149.99990648076368	-0.0035328279550928899	-1	
-119.56608135490953	152.20401833685708	-0.0034363253934863477	-1	
-196.37436873652106	83.355974077711863	-0.0043097870450045693	-1	
-204.19198604497498	72.308174620454707	-0.0022286996918187488	-1	
-202.95336884622174	75.881155261430919	-0.002174565721473697	-1	
-201.54407890242885	79.390323977831187	-0.0021963528823107552	-1	
-200.18152100970886	82.917900938696079	-0.0021414340080775527	-1	
-194.88969763042198	86.770483856170856	-0.0042736097527573498	-1	
-193.34566123448576	90.158562504682692	-0.0042361312472417884	-1	
-208.01408663185018	71.624993980574658	0	-1	
57.798791760141448	151.60481084373424	0.0022276805998021122	-1	
64.407409369501266	154.68264921241828	0.0023509661460458975	-1	
45.099731809767349	148.63190543889246	0.0018627210967590484	-1	
51.202313338964188	155.29767395968645	0.0019366787891656485	-1	
71.512606621047965	154.26905337621758	0.0025535372684559222	-1	
77.137329530469117	154.92241584831908	0.0026762464544638257	-1	
81.486602953445157	158.6845669311366	0.0026757613741821241	-1	
89.085966541977839	161.50825403839909	0.0027576820586303502	-1	
95.447808166465052	160.04782372818227	0.0029089657007760079	-1	
99.095400510638299	159.74976604166866	0.0029760157535744479	-1	
33.83856464071583	149.58032125490203	0.0014180901082940949	-1	
28.430920720090754	149.6128200270669	0.001202250152882564	-1	
20.149827134700246	145.88013409090962	0.00089877694563184323	-1	
37.136936637996264	155.18847696195445	0.0014542654570997345	-1	
43.643128228128049	155.20027778763173	0.0016842818237983173	-1	
12.026447301071386	146.8616505803615	0.00053394168738412501	-1	
-8.9170044500761225	140.94740983367745	-0.00042366297073434203	-1	
-2.8745519189148983	141.82170024570692	-0.00013412600365465382	-1	
3.812532699499195	144.70234055435438	0.00017607824823786394	-1	
196.02143532144171	99.877909942700668	0	-1	
194.24847042896474	103.28374381289636	0	-1	
176.86134881174303	119.29448607375981	0.0038430039380987053	-1	
174.7524361149857	122.36297308822367	0.0037934396854524145	-1	
178.91638782835793	116.18966080320625	0.0038914698973601569	-1	
172.59029213332292	125.39418715572812	0.0037427563611584797	-1	
188.53366820678821	106.66721724328578	0.0020404345095989995	-1	
186.69342680929697	109.97083266049124	0.0019832430486860621	-1	
184.7947991019436	113.24239853383141	0.0019264138851137675	-1	
182.69275855271695	116.3881233388197	0.0019716021083236988	-1	
192.41633557066785	106.65811645419456	0	-1	
108.65760878123426	160.17376521265783	0.0031007172686656533	-1	
105.37265376064228	160.74708134558466	0.0030421757819156766	-1	
101.30626587331311	162.28727015051922	0.0029440078710028413	-1	
115.63053368984808	156.26569774010932	0.0032865221718223515	-1	
114.06560592792781	159.9140816890681	0.0031725769210028129	-1	
119.57704120933712	155.8358341132865	0.0033376269007536112	-1	
131.21180579810198	150.94191604455494	0.0035589229124220472	-1	
123.13229506513218	157.60215072134494	0.0033227356812905685	-1	
129.4989571915153	157.09479700218623	0.0031490735763480097	-1	
126.58279600131685	159.13638465256446	0.0030971061590379994	-1	
132.05946491357557	154.6217671951141	0.0032404746053986515	-1	
159.80887008052864	136.48966930151991	0.0035037952168118945	-1	
146.13540144522031	146.13540144522034	0.0032458127347396335	-1	
143.56272989485993	148.66355873665509	0.0031853279914632075	-1	
149.8985456720024	147.30489057689894	0.0032728434559211755	-1	
152.33441834045263	144.55996529621089	0.0033320711384727006	-1	
154.9480980710529	141.98377261721467	0.0033901709760493668	-1	
157.28669036090665	139.15550874068194	0.0034475747267590025	-1	
165.79113844415454	134.25501675729925	0.0035843815526957951	-1	
168.10896076943482	131.34111473614101	0.0036382270069645318	-1	
170.37557547675661	128.38720493910418	0.0036910098922407352	-1	
163.42281453204941	137.12802339979564	0.0035295459218843599	-1	
134.57161014929932	152.10553551541523	0.0033319972002706275	-1	
140.94632774625018	151.14643166796242	0.0031239825835706987	-1	
138.28699198083117	153.58326393199533	0.0030618488219600355	-1	
-24.099394550305359	143.54959678918121	-0.0010975255305392339	-1	
-29.844067054463366	150.05918441635711	-0.0012514283614090637	-1	
-14.850823868459852	144.12284990445659	-0.00067679793966439743	-1	
-19.689802685163055	146.17183578569947	-0.00087358256012495404	-1	
-59.625503181330508	147.79448781233611	-0.0023759845438996044	-1	
-52.288040717327121	147.04496640455335	-0.0021512708860115053	-1	
-74.796819806269696	147.23482523912602	-0.0028283766957472307	-1	
-69.480526639491046	149.64673988576189	-0.0026192401147657075	-1	
-39.171327842147818	146.16183778660144	-0.0016843245068929871	-1	
-46.575928801414243	150.47315107927159	-0.001875891780053999	-1	
-80.278499580214799	149.8893650326213	-0.0028848108724606222	-1	
-91.812226241917543	152.5979834716571	-0.0030473607668206211	-1	
-83.655932110425297	154.95773204411572	-0.0028193769416640126	-1	
-186.27936791496526	96.970901134137009	-0.004139354900788361	-1	
-191.74272987715605	93.519177981669984	-0.0041973396180851781	-1	
-190.08139182685221	96.851306611103468	-0.0041572832533391191	-1	
-184.6944607688848	100.28091016611364	-0.0040972340336440172	-1	
-182.78165591276215	103.41288526752446	-0.0040541657062278108	-1	
-181.08219659999557	106.66556546971385	-0.0040096008214660457	-1	
-179.06125261818502	109.72887672974723	-0.0039641194611220463	-1	
-176.98732687225146	112.75336249012626	-0.0039174688660082897	-1	
-175.12269076956417	115.91118045811253	-0.0038693886772059568	-1	
-137.6773428593626	140.10148193844535	-0.0038908328094622818	-1	
-141.42135623730965	141.4213562373096	-0.0038616086779227495	-1	
-143.86796006773039	138.93167409179955	-0.0039356990518263288	-1	
-146.27074032383427	136.39967201249979	-0.0040082339116474953	-1	
-162.85555574538941	127.2367049006362	-0.003643119457048179	-1	
-160.61016536777419	130.05954748363322	-0.0035891932814760153	-1	
-172.9444753723383	118.86144481875374	-0.0038204506952206506	-1	
-171.09660758761081	122.04202413293694	-0.0037700060136081665	-1	
-168.81636873965522	124.91754169500085	-0.0037188637603692916	-1	
-166.48673360444468	127.74976383515408	-0.0036666629532420775	-1	
-148.62896509547903	133.82612127177174	-0.0040796674581080189	-1	
-152.29346209548063	134.7378735425647	-0.0037785115642236492	-1	
-158.31585157792233	132.84277266855162	-0.0035342338937063857	-1	
-155.97331324603974	135.58553265803832	-0.0034783105749855718	-1	
-132.70400233508371	144.82100587419325	-0.0037365466905580035	-1	
-135.59481170407889	142.88711766497266	-0.0038041467715199911	-1	
-99.365772122560188	157.17335280483664	-0.0030482183368098262	-1	
-112.3081468944428	155.98044897621054	-0.0032563143782446975	-1	
-115.6305336898477	156.26569774010886	-0.0032852572919315703	-1	
-107.05182797536823	158.55605849425592	-0.0031216858142915724	-1	
-110.59568757946924	158.8417605583607	-0.0031590856212109194	-1	
-103.7885815250519	160.5604295573865	-0.0030234792584382711	-1	
-127.56898242544406	149.36408772224925	-0.0035791512632137056	-1	
-131.21180579810161	150.94191604455452	-0.0035579754979355371	-1	
-133.8261212717718	148.62896509547895	-0.0036357822034453024	-1	
-122.62539963918923	154.16125557025504	-0.0034092807659492613	-1	
-125.86407820996762	155.42919229139432	-0.0034009014864907544	-1	
-128.557521937308	153.20888862379573	-0.0034803903608795999	-1	
-119.57704120933673	155.83583411328604	-0.0033365552164287401	-1	
-198.65062134522537	86.375748454582506	-0.0021613097815891781	-1	
-206.73237657290031	75.244431531647322	0	-1	
-205.38769382938486	78.840948899966264	0	-1	
-203.9804480046937	82.413450551500858	0	-1	
-202.51106775953733	85.960848267640444	0	-1	
-197.21814344690708	89.877486036147118	-0.0020689435501477795	-1	
-195.56759155710412	93.280956161445957	-0.0020867183403701643	-1	
55.594749892961218	157.92019891432861	0.0020205254408309408	-1	
69.565726443271643	159.58638803759629	0.0023722419493891517	-1	
63.171349728625955	161.69171805665917	0.0021582153234863503	-1	
51.372022307293221	160.80805413158734	0.0018341672786283613	-1	
45.861356095014173	160.64790211113154	0.0016633841466856308	-1	
76.255848103746288	160.33654817117983	0.0025186965475040581	-1	
86.134406142266485	165.32696569577121	0.0026077057438929092	-1	
80.27220169557215	167.36226332397445	0.0024415915608016394	-1	
94.450587442163439	163.56909042083481	0.0028019883622463328	-1	
92.328622089467572	166.25287088259347	0.0026994310334743513	-1	
97.796454353165686	162.85453521735562	0.0028753498921890346	-1	
30.663304831282289	154.53827737868056	0.0012238113230023419	-1	
24.84191746263518	153.65790649838476	0.0010091872308180781	-1	
17.938928790553732	152.51808383613343	0.00074514728221455255	-1	
32.897023911097705	159.50776062006867	0.0012396202175086468	-1	
36.928907804172738	163.1723447556468	0.0013287164233983788	-1	
11.560129072836359	155.03081344141953	0.00046956655421438465	-1	
4.1038115129219968	150.95699489902631	0.00017491495824102662	-1	
-7.0567230455398873	146.762473841222	-0.00031391879366457644	-1	
-1.1792386540159221	148.0689165848753	-5.0903947636308071e-005	-1	
178.51958013372632	122.6931081634649	0.0019228534887389497	-1	
180.68214127018572	119.59090047265605	0.0019138070597035396	-1	
176.39841235489749	125.82376472078579	0.0018648284734743537	-1	
174.22187374554312	128.91740499022947	0.0018073018340332087	-1	
190.52558883257726	110.00000000000043	0	-1	
188.57680615446549	113.30837648021237	0	-1	
186.5705811544145	116.58223813130554	0	-1	
184.50752494799406	119.82058770330643	0	-1	
111.57294475225171	162.339641970098	0.0030806565311374697	-1	
108.41519927615495	163.79749858918748	0.0030046229178006876	-1	
104.44831947983457	163.95102064165602	0.0029473854097592104	-1	
100.12585013731119	165.64095249284259	0.0028423902893905447	-1	
120.36300463041019	159.72710200945914	0.003242574885263558	-1	
117.55705045849517	161.80339887499008	0.0031609776588848444	-1	
114.71528727020974	163.83040885779897	0.003079440782632851	-1	
123.63345467600389	161.1222550657813	0.003043850483783056	-1	
130.05954748363354	160.61016536777458	0.0028707098379151109	-1	
132.84277266855193	158.3158515779227	0.0029351867268998131	-1	
127.2367049006365	162.85555574538984	0.0028055217498364924	-1	
135.58553265803863	155.97331324604011	0.0029988894669472866	-1	
161.00471044752544	139.95925951797548	0.0034737385312516998	-1	
147.19655029656911	149.78829780178202	0.0032129548989873833	-1	
144.45253968031082	152.22121536147111	0.0031522153839978503	-1	
153.45915740557965	148.19378569792005	0.0033006021694542758	-1	
150.84944665313088	150.84944665313077	0.0032410949700447866	-1	
156.02212301209045	145.49298348000028	0.0033592432510574652	-1	
158.53756276851152	142.74786268989035	0.003416948413519718	-1	
169.57155741666728	134.88330721451797	0.0017872337631284747	-1	
167.23609305605936	137.85879652807031	0.0017295381514290859	-1	
171.8536641133712	131.86795445726099	0.0018454610846303536	-1	
164.71670914508289	140.68135985391885	0.0017633724463582418	-1	
141.87934593003962	154.83413633960015	0.0030904279076753136	-1	
139.05209929255619	157.16980724219331	0.0030280421822317222	-1	
-23.902980221093284	149.09925321796348	-0.001020969625913736	-1	
-33.712050965658726	154.66968125835004	-0.0013349817186900704	-1	
-27.919592646749258	155.76132251722299	-0.0011033135953316012	-1	
-14.859026833785363	149.37775160110087	-0.00063953040267199874	-1	
-22.104498289817982	154.79751152207754	-0.00088944416599560309	-1	
-66.177064350748381	154.45999680853768	-0.0024045967208093984	-1	
-54.677043856665733	153.26375541079219	-0.0020906386371747159	-1	
-74.443727886336006	154.95112853798813	-0.0026082236772732169	-1	
-40.158645287141155	152.80083999224138	-0.0016016880950080164	-1	
-50.227961090002289	158.22416377676049	-0.001844731839341819	-1	
-43.574078626655201	158.57889858722083	-0.0016220227453880921	-1	
-90.115476340299395	158.17648128498041	-0.0028626074022233073	-1	
-95.254104551964389	160.9320389752084	-0.0028809851551149395	-1	
-81.630861091856502	163.20349669358203	-0.0025658283117653518	-1	
-86.683594406317368	162.89037399410114	-0.0026762475918900908	-1	
-188.36215314323812	100.15393339432353	-0.0041159499657284094	-1	
-193.85782018111885	96.653943719635166	-0.0021037018425759356	-1	
-192.24403865913197	100.07591219094022	-0.002011446492438819	-1	
-186.58553752307145	103.42605231921874	-0.0040733904742714178	-1	
-184.75208614068057	106.66666666666686	-0.0040295911407501692	-1	
-182.86235748311759	109.87478931414508	-0.0039846075286761092	-1	
-180.91692718003779	113.04944303641723	-0.0039384327707308701	-1	
-178.91638782835741	116.18966080320597	-0.0038910847620081132	-1	
-176.86134881174249	119.2944860737595	-0.0038426166693958735	-1	
-138.93167409179961	143.86796006773031	-0.0037874397491797569	-1	
-142.5236439379475	145.03311374458212	-0.0035162814554176728	-1	
-144.85414626503774	142.3477730856124	-0.0036067607230994918	-1	
-147.49840505980293	139.97076004871175	-0.0036494058004531522	-1	
-149.73377067037086	137.20572186843648	-0.0037389989060104853	-1	
-164.35397103461543	130.73305160791705	-0.0036131642050829223	-1	
-161.92691192294356	133.48224534114726	-0.0035588971552045125	-1	
-174.75243611498519	122.36297308822334	-0.0037930038259729351	-1	
-172.59029213332235	125.39418715572779	-0.0037423284654016951	-1	
-170.37557547675607	128.38720493910381	-0.003690562688384089	-1	
-168.10896076943428	131.34111473614061	-0.0036377324587500855	-1	
-153.58326393199499	138.28699198083086	-0.0034214047339865936	-1	
-159.69133333265842	136.38928343533186	-0.0035033876654854811	-1	
-157.16980724219303	139.05209929255591	-0.0034471473812780129	-1	
-136.39967201249985	146.27074032383419	-0.0037121197851149442	-1	
-100.55689470869108	162.61529721131873	-0.0029230413103221429	-1	
-114.06560592792741	159.91408168906761	-0.0031715319548874452	-1	
-117.55705045849474	161.8033988749896	-0.0031599688033228331	-1	
-120.36300463040976	159.72710200945869	-0.003241590377598782	-1	
-107.29375134291625	162.10317558384384	-0.003032094420746782	-1	
-111.57294475225129	162.33964197009743	-0.0030800752272090973	-1	
-105.54002659739513	165.66465755852735	-0.0029191408656045054	-1	
-132.05946491357523	154.62176719511365	-0.0032396092323595349	-1	
-134.57161014929883	152.10553551541469	-0.0033314096224457686	-1	
-137.37523971003796	149.91876693199339	-0.0033797448208737492	-1	
-123.13229506513177	157.60215072134451	-0.0033217740253668046	-1	
-129.18122612524672	156.70935839758846	-0.0031886663984176107	-1	
-126.58279600131645	159.13638465256406	-0.0030965336524948765	-1	
-200.98000068137267	89.482061476676265	0	-1	
-199.38771314806345	92.9760175829541	0	-1	
-197.73469018581716	96.441652293597258	0	-1	
56.486349495384161	162.95767706987124	0.0019440981243563165	-1	
73.476727447378977	165.06585326732827	0.0023443047551878868	-1	
61.533803039377517	167.52003315667602	0.0019945009497574825	-1	
69.115718356683701	170.76090103859372	0.0021190583468684685	-1	
48.853288535653135	165.71203934367858	0.0016696078936048783	-1	
42.649697128472113	165.5756188564454	0.0014803232440579646	-1	
88.968473456838353	169.23366890586655	0.0025695253113217492	-1	
85.540932292082715	170.11675236163035	0.0024853338580020927	-1	
78.205529152309396	171.73907085602784	0.0023024133346084955	-1	
83.041721613993388	172.62310844416581	0.0023818028611215574	-1	
96.815391985361529	166.04156165371677	0.002780563530147931	-1	
95.724643245756639	169.19273414386018	0.0026877788069090921	-1	
93.726754061716463	172.62320687328747	0.0025761263688375874	-1	
27.448730504431957	159.47083408690719	0.0010450767266057968	-1	
22.282142862971508	163.19802787411427	0.00081995609011198043	-1	
16.822700816061491	159.4249270671057	0.00064806725303121859	-1	
28.399833494096292	165.7701201168743	0.0010092469397335333	-1	
33.945650906614972	168.67796050489579	0.0011608082628084518	-1	
6.1250765966727592	159.20970091171355	0.00023999779897134922	-1	
0.274730738264505	158.60385770756193	1.1203284528453789e-005	-1	
-3.7150474107743729	154.28236919404449	-0.00015086778764391792	-1	
-10.891286283730089	156.38965692098054	-0.00043523669951969746	-1	
182.38826596210993	123.02243876356479	0	-1	
180.21344974357896	126.18681599723065	0	-1	
177.98373876248922	129.31275550434461	0	-1	
175.69981221040521	132.39930509345115	0	-1	
111.83858069414988	165.80751451100897	0.0029973446238796379	-1	
108.92780700300592	167.73411358908541	0.002914690299791653	-1	
102.92383751049667	167.95643788727327	0.0028276604648357637	-1	
105.98385284664148	169.60961923128585	0.0028306727746657914	-1	
99.694121294603661	169.2470329354702	0.0027491555724401145	-1	
120.95190545071546	163.45711893839663	0.0029512546234967919	-1	
117.93505490651168	165.33884908515694	0.0028952708354900475	-1	
115.17365363453507	167.57870590344149	0.0028026544094602555	-1	
124.3751047847571	165.05133874310781	0.002739652275692595	-1	
130.73305160791739	164.35397103461588	0.0028358758327308269	-1	
133.4822453411476	161.92691192294399	0.0029007358289367198	-1	
136.38928343533232	159.69133333265881	0.0029646686065702265	-1	
127.93886492161377	166.73317493835066	0.00277029867218652	-1	
162.27991862633237	143.57314393879886	0.0017050245890689447	-1	
148.19378569792016	153.45915740557956	0.0031807101835632035	-1	
145.49298348000042	156.02212301209036	0.0031194682651449019	-1	
154.50203193530066	151.8287239286328	0.001647195641226984	-1	
157.1704316211021	149.14917054370966	0.0016479152133221083	-1	
151.86945665519053	154.54348185898147	0.0015890156309752166	-1	
159.70665952204308	146.34419081823458	0.0017062373502771322	-1	
170.97211152053438	138.45048603096481	0	-1	
173.36236579347963	135.44552457164536	0	-1	
168.52977748617596	141.41327413103923	0	-1	
166.03610764901063	144.33298637791219	0	-1	
142.7478626898905	158.53756276851146	0.0030574347326975324	-1	
139.95925951797562	161.00471044752538	0.0029945798811602973	-1	
-33.237931788522545	160.96754637439321	-0.0012313093992371699	-1	
-24.250183038729666	160.37431364478337	-0.00091633775138115795	-1	
-17.14618725778298	158.13215343195759	-0.00066856434789028783	-1	
-63.459213747622606	160.78405838689437	-0.0021837975528332066	-1	
-74.260719784667188	162.67333797173677	-0.0024145678977863486	-1	
-55.602819001147061	162.16255063647787	-0.0019315904241556515	-1	
-47.020788531255036	168.71729217261012	-0.0015637955582560644	-1	
-42.357680395830805	164.6475117399151	-0.0014839986293488444	-1	
-91.510317629564582	165.40689772099265	-0.002704053654985104	-1	
-94.648505942154387	166.21531051728101	-0.0027387834807101534	-1	
-97.758581120733936	165.62323338388114	-0.002804373681226715	-1	
-85.286689285354001	166.70536476528628	-0.0025569004786963052	-1	
-79.559920570565581	167.82295176201467	-0.0024150359973640614	-1	
-89.224684776274074	167.70420910485799	-0.0026080555191814775	-1	
-190.41762492977796	103.38833476723708	-0.0020263082304388664	-1	
-196.02143532144134	99.877909942700526	0	-1	
-194.24847042896431	103.2837438128962	0	-1	
-188.53366820678772	106.66721724328555	-0.0020403438410805347	-1	
-186.74300632411152	110.00003722660935	-0.0019484728306498247	-1	
-184.74573682828614	113.21233313386624	-0.0019604039126922142	-1	
-182.69275855271638	116.3881233388194	-0.0019714435520909244	-1	
-180.6821412701853	119.59090047265579	-0.0019136177730473146	-1	
-178.51958013372587	122.69310816346461	-0.0019226337640508252	-1	
-139.79803939555148	147.31639546827705	-0.0034709013014445713	-1	
-143.56272989485959	148.66355873665475	-0.0031846660838423311	-1	
-146.13540144522	146.13540144522	-0.0032451936295693298	-1	
-148.66355873665475	143.56272989485961	-0.0033048365071632778	-1	
-151.14643166796208	140.94632774624986	-0.003363568999876664	-1	
-165.79113844415403	134.25501675729885	-0.0035838959430719215	-1	
-163.42281453204885	137.12802339979527	-0.003529030108504176	-1	
-176.39841235489698	125.82376472078552	-0.0018645382435715037	-1	
-174.12890310517554	128.84861033523703	-0.0018715878106170447	-1	
-171.89976914624665	131.90333209326803	-0.0018133110633068382	-1	
-169.52607683069297	134.84713032292296	-0.0018183969867634209	-1	
-154.83413633959975	141.87934593003925	-0.0033897237548557598	-1	
-161.0047104475249	139.95925951797511	-0.0034732032423006771	-1	
-158.53756276851098	142.74786268988998	-0.0034163916740464666	-1	
-102.92383751049628	167.9564378872727	-0.0028262086125181527	-1	
-114.71528727020932	163.83040885779843	-0.0030786523004537282	-1	
-120.95190545071503	163.45711893839621	-0.0029503606717456569	-1	
-118.22512515796956	165.74551257946675	-0.0028583335577410693	-1	
-123.93754057578074	161.51854752589389	-0.0030048124551308882	-1	
-111.83858069414946	165.80751451100843	-0.0029966749289589557	-1	
-108.92780700300551	167.7341135890849	-0.0029131226804483198	-1	
-105.98385284664107	169.60961923128528	-0.0028297789962108705	-1	
-135.58553265803829	155.97331324603971	-0.0029981718804793851	-1	
-132.84277266855159	158.31585157792227	-0.0029344555601955149	-1	
-138.28699198083083	153.58326393199499	-0.0030611644232322955	-1	
-140.94632774624984	151.1464316679621	-0.0031233343737922317	-1	
-130.0595474836332	160.6101653677741	-0.0028699657802396497	-1	
-127.23670490063618	162.85555574538935	-0.0028047369805323415	-1	
55.900020075640782	169.73617971817924	0.0018020727659236494	-1	
73.391143999458208	172.23834550361298	0.0021875298462328595	-1	
62.723713144081529	173.45593494219068	0.001912788785303556	-1	
67.699900821885947	176.33061060966085	0.0019790598426226097	-1	
71.116355620063871	176.14826166679117	0.0020602234723440739	-1	
43.413452534076086	171.73352715204368	0.0014151200074926209	-1	
50.591406568442757	175.41226892202738	0.0015643636604528539	-1	
37.398540410498065	173.90186522925461	0.0012062084433217214	-1	
87.95166100302464	172.70832754058588	0.002473194349677917	-1	
75.906163346148162	175.99823702596902	0.0021668160150171713	-1	
80.614263666331325	176.89185709109827	0.0022452161569840564	-1	
84.563904201271299	177.29191206708072	0.0023131536345296689	-1	
96.961924049267878	174.92394142787987	0.0025773940831440223	-1	
100.0000000000005	173.20508075688844	0.0026629798706635597	-1	
90.957071365614738	174.72690841498655	0.0024823871451654157	-1	
93.894312557178623	176.58951857178613	0.0024920643914625204	-1	
20.318917412332659	169.53739243165333	0.00070245413740019846	-1	
7.9687976330165444	165.38423145165288	0.0002893605884454618	-1	
12.995088270366768	169.41666707759725	0.00045255365569052663	-1	
27.191183024309389	174.60373259739947	0.00088532282211642769	-1	
2.7148697770728938	163.59052585068861	0.00010133672616396448	-1	
-5.4535705357247037	159.93808301290767	-0.00020906766817188716	-1	
-2.8543741230063726	165.25350768690873	-0.00010236665762788605	-1	
-10.589697525838805	162.87572849837534	-0.00039410956105458145	-1	
112.36867063633817	169.77054225710108	0.0027104643706144954	-1	
109.25508046254232	171.4961240288637	0.0026513950920846133	-1	
103.00761498201133	171.43346014042314	0.0027472889660335943	-1	
106.37531219860296	173.58873268014207	0.0025591864398019741	-1	
121.47561880711156	167.19684550415644	0.0026730649439342144	-1	
118.53913017921663	169.29142248639232	0.0026058533780504147	-1	
115.56653338395478	171.33443166137599	0.0025379841537943779	-1	
124.82471278607193	168.69091766923864	0.0027043102718912575	-1	
134.25501675729936	165.79113844415451	0.0028666066861747505	-1	
131.34111473614112	168.10896076943473	0.0028015229469561037	-1	
137.12802339979578	163.42281453204936	0.0029309807093536614	-1	
128.38720493910432	170.37557547675655	0.0027357589699767704	-1	
163.49186160502748	147.20873339894942	0	-1	
149.10916742185864	157.12827712634603	0.0015863839145701687	-1	
146.38345215004105	159.74950574720654	0.0015284228450507156	-1	
155.56349186104123	155.56349186104114	0	-1	
158.25475607450403	152.82484150098006	0	-1	
160.89781435621825	150.03963921375029	0	-1	
152.82484150098017	158.25475607450397	0	-1	
143.53463635641955	162.23639372213646	0.0015239143061914558	-1	
140.71910195708895	164.76089947020361	0.0014663241736897396	-1	
-36.427233431380046	166.41880760871948	-0.0012673470452212125	-1	
-29.268432947529423	165.87987504472423	-0.0010367134727151718	-1	
-18.401629989452481	164.98825617861252	-0.00066625046555242133	-1	
-23.331265995923502	169.91582862038302	-0.00079821863385545397	-1	
-68.160118821931007	165.81217515464149	-0.0021954454962104272	-1	
-61.607020270143636	167.41352639494318	-0.0019957769588167967	-1	
-73.570977215714279	170.03026031378042	-0.0022349555225528893	-1	
-55.435392512928772	170.13720722254183	-0.00178055080329896	-1	
-43.607745874915629	173.82049953587037	-0.0013894055089521146	-1	
-52.333341419819902	178.08698696371479	-0.0015685180107196481	-1	
-92.461784097276578	168.50471448369794	-0.0026470969328621159	-1	
-95.724643245756269	169.1927341438595	-0.0026859560693781206	-1	
-99.694121294603278	169.2470329354696	-0.0027474005562594613	-1	
-86.930757141517219	170.4205416635688	-0.0025038993616085269	-1	
-81.893502861961949	173.17078069506942	-0.0023459029164658997	-1	
-78.372894113195159	173.53573119040493	-0.0022670498352310785	-1	
-90.413383030562969	171.1360019908839	-0.0025510673726278454	-1	
-192.41633557066748	106.65811645419438	0	-1	
-190.52558883257689	110.00000000000024	0	-1	
-188.57680615446506	113.30837648021217	0	-1	
-186.57058115441407	116.58223813130535	0	-1	
-184.50752494799363	119.82058770330622	0	-1	
-182.3882659621095	123.02243876356457	0	-1	
-180.21344974357851	126.1868159972304	0	-1	
-147.08716537771127	149.67698689967267	-0.0032124412384135518	-1	
-144.66636498515084	152.44654021799363	-0.0031513543652258026	-1	
-149.78829780178162	147.19655029656872	-0.0032723431293575586	-1	
-152.44654021799369	144.66636498515089	-0.0033313722873360317	-1	
-167.19169254802114	137.82219557374574	-0.0017600313131752039	-1	
-164.71670914508238	140.68135985391845	-0.0017632083347777861	-1	
-177.98373876248874	129.31275550434435	0	-1	
-175.69981221040473	132.39930509345089	0	-1	
-173.36236579347911	135.44552457164508	0	-1	
-170.97211152053384	138.4504860309645	0	-1	
-156.02212301208991	145.49298347999991	-0.0033586553134895953	-1	
-162.32301473189494	143.6112721521942	-0.0016750737720628447	-1	
-159.74950574720609	146.38345215004057	-0.0016763409342846051	-1	
-103.00761498201092	171.43346014042254	-0.0027458964589044269	-1	
-115.17365363453472	167.57870590344089	-0.0028015489973817228	-1	
-121.47561880711123	167.19684550415593	-0.0026722453358955602	-1	
-124.37510478475676	165.05133874310732	-0.002738823726455199	-1	
-118.5391301792163	169.29142248639175	-0.0026049860516602062	-1	
-112.09296943911802	169.354003185419	-0.0027433335515826343	-1	
-109.25508046254201	171.49612402886305	-0.0026504655906554354	-1	
-106.37531219860257	173.58873268014128	-0.0025581548367790913	-1	
-139.05209929255591	157.16980724219309	-0.0030273472178733584	-1	
-136.48966930151946	159.80887008052801	-0.0029638513434959448	-1	
-133.581512633015	162.04733277731273	-0.0028998884967137138	-1	
-141.87934593003922	154.83413633959975	-0.0030897507081443297	-1	
-130.63590106863259	164.23183606780194	-0.0028351957841952521	-1	
-127.84476802885973	166.6105454802082	-0.0027696016632468255	-1	
59.213205032855818	176.76627014847463	0.00176786486914728	-1	
65.1842246230608	178.64940076567396	0.0018790967454310487	-1	
69.64881098234585	179.14257855247507	0.0019721329571565339	-1	
72.981180980826252	179.26477130518231	0.0020423699209458426	-1	
40.750102186856452	179.34685297310693	0.001238175475100871	-1	
45.967194849726795	179.38431569408027	0.0013815686648414359	-1	
50.73327772060896	181.50655822883493	0.0014790641482065861	-1	
54.608567285056395	179.99734355127629	0.0015993654718732694	-1	
34.066997829676687	179.35912478910902	0.0010472904590784304	-1	
87.91415429266209	176.32851447508773	0.0023949527117525923	-1	
78.324991655106928	180.13514832033954	0.0021365542558460116	-1	
81.34732861516045	182.70909152852093	0.0021463074972403332	-1	
84.523652348140317	181.26155740733074	0.0022338064647304885	-1	
87.674229357815932	179.75880925983412	0.0023203437956379846	-1	
96.906247913695395	178.4791060821845	0.0023567312760209092	-1	
100.25235182881424	177.19543197170631	0.0024057586424096086	-1	
103.20339680446111	175.20460054410938	0.0024980900831252447	-1	
90.798099947909819	178.20130483767431	0.002406429807073516	-1	
93.892459828291692	180.3657371875064	0.0022640787421178638	-1	
21.16786947539212	180.40116979206664	0.00065432683807036755	-1	
14.842980541423154	178.9584589067301	0.00046789174910517758	-1	
5.9764825361367109	171.51242981685323	0.00020468691313438442	-1	
9.7723411989510733	175.99442879610777	0.00031868890899863084	-1	
27.127721771558342	182.96355058609274	0.00081325451207387507	-1	
-2.5041896631820868	171.48399927604979	-8.5163885692874589e-005	-1	
-8.2661229204813935	169.08779817082342	-0.00028807754685610242	-1	
-15.537915272191265	171.34289380347619	-0.0005279590246765948	-1	
112.55873390310602	173.32525070872168	0.0024695228308797778	-1	
109.51664794152944	175.2632732056621	0.0024004945728628426	-1	
106.44120214807828	177.14790881177061	0.0023308589225098076	-1	
121.95226426783854	170.97076889782366	0.0026373867577575419	-1	
118.86144481875402	172.94447537233873	0.0025699936226304919	-1	
115.91118045811281	175.12269076956466	0.0025018143627123087	-1	
125.39418715572829	172.59029213332289	0.0026692761470465814	-1	
134.84713032292348	169.5260768306934	0.0014271849808523284	-1	
137.85879652807037	167.23609305605933	0.0014095062744194655	-1	
131.90333209326857	171.89976914624714	0.0013701486894194552	-1	
128.84861033523759	174.12890310517611	0.0013610098439481115	-1	
150.03963921375043	160.89781435621825	0	-1	
147.20873339894956	163.49186160502748	0	-1	
144.33298637791233	166.03610764901063	0	-1	
141.41327413103937	168.52977748617599	0	-1	
-34.936891929529317	171.89590164208619	-0.0011522879539356129	-1	
-29.380896666945116	173.05805201300311	-0.00096673369285560362	-1	
-18.427892041293674	176.13915204126934	-0.00059414943960916687	-1	
-24.445056424564111	177.76008138409247	-0.00077210877585985583	-1	
-66.173411135372845	172.37895697951535	-0.002016178894462812	-1	
-60.13756384307117	177.25839418114703	-0.0017804663703391013	-1	
-75.529587825775423	175.64368853861157	-0.0021650272819185969	-1	
-46.066603589314319	179.44594212350452	-0.0013814136183573948	-1	
-38.128496488451795	176.58986981218982	-0.0011935133910268914	-1	
-50.261024460163881	183.65944013766745	-0.0014354619920510714	-1	
-57.163908846026018	181.49768852330624	-0.001638832989025464	-1	
-53.795379508621977	183.84972733475919	-0.0015212008963882144	-1	
-93.726754061716065	172.62320687328676	-0.0025748458895839929	-1	
-96.961924049267481	174.92394142787921	-0.0025760656705986367	-1	
-100.00000000000007	173.20508075688781	-0.0026614888748576074	-1	
-86.738592418280007	173.97070212221806	-0.0024222671434591253	-1	
-84.56390420127093	177.29191206708009	-0.0023124075226699722	-1	
-78.869805562247578	177.04015037733728	-0.0022064856806875721	-1	
-90.957071365614311	174.72690841498584	-0.0024815693413611445	-1	
-150.84944665313034	150.84944665313037	-0.0032404772056578118	-1	
-148.19378569791962	153.45915740557913	-0.0031800490393339947	-1	
-145.49298347999985	156.02212301208991	-0.0031188190043716594	-1	
-153.45915740557911	148.19378569791965	-0.0033000178352245264	-1	
-168.52977748617539	141.41327413103892	0	-1	
-166.03610764901006	144.33298637791188	0	-1	
-157.12827712634555	149.1091674218581	-0.0016766362975186341	-1	
-163.49186160502691	147.20873339894911	0	-1	
-160.89781435621768	150.03963921374995	0	-1	
-103.20339680446068	175.20460054410881	-0.0024969350520729467	-1	
-115.56653338395444	171.33443166137539	-0.0025371225286452692	-1	
-125.00948407719707	168.94062173795336	-0.002703315697644738	-1	
-121.95226426783819	170.97076889782309	-0.0026365449580201495	-1	
-119.03738900587828	173.20047575314692	-0.0025689587472300375	-1	
-112.55873390310569	173.32525070872109	-0.0024686182601133238	-1	
-109.51664794152911	175.26327320566148	-0.0023995607312765205	-1	
-106.44120214807793	177.14790881176998	-0.0023299242952796247	-1	
-142.74786268988993	158.53756276851098	-0.0030567496222445928	-1	
-139.95925951797506	161.0047104475249	-0.0029938634749665334	-1	
-137.12802339979521	163.42281453204885	-0.0029302477657920283	-1	
-134.25501675729882	165.79113844415397	-0.0028658642312681813	-1	
-131.34111473614058	168.10896076943422	-0.0028007404582098146	-1	
-128.38720493910378	170.37557547675598	-0.0027349313727592878	-1	
57.867136735767822	181.39985261957827	0.0016591847611156282	-1	
61.399145451782545	181.06785716512869	0.0017496730399854299	-1	
68.078539186974155	182.08432418462047	0.0018857701585793653	-1	
65.56860316783353	185.16002337649036	0.0017790674989664487	-1	
71.990652171650865	182.75891764306243	0.0019582710747255375	-1	
75.382498767467709	181.98945088999346	0.0020422666258775994	-1	
37.418866824554037	184.97142056808622	0.0010835424879236573	-1	
41.205939200177653	185.86798035162298	0.0011752354282207663	-1	
47.667536622746148	184.31668806073748	0.0013628255219295456	-1	
51.47125650503682	185.59935500671287	0.0014413506007590422	-1	
55.211142907928853	186.3896947537674	0.0015216482439463956	-1	
33.635112582789411	185.88188224305952	0.00097160407217373502	-1	
78.146225697855144	184.10097069048882	0.0020591831838409516	-1	
84.427261878106918	185.25871804213045	0.0020141939037541913	-1	
81.08206470470833	186.47598222565156	0.0019461145590382693	-1	
87.54058962843412	183.53266284589802	0.002106144523469257	-1	
90.618384271604995	181.75236071261901	0.0021985564989632587	-1	
97.024122975751126	182.47583585751238	0.0021188622509206462	-1	
100.19398818424337	180.75473947547593	0.0021900418302790094	-1	
103.33333333333373	178.97858344878478	0.0022606996346272476	-1	
93.824703279506679	184.1413483322635	0.0020471923506674254	-1	
22.522729750644899	186.74545764495082	0.00065517127455160917	-1	
14.575982050362603	189.23637245563532	0.00041570690862660479	-1	
8.4348091701397934	185.24905333693533	0.00025116915757625639	-1	
5.9951592140408838	180.49217868810615	0.00018795149032630747	-1	
0.88819690657173933	178.91145596635616	2.8081173680149697e-005	-1	
25.488251065562277	188.69250409600164	0.00072470191036695425	-1	
29.024251038459123	188.97887927553464	0.00081955139716872343	-1	
-7.1691452239940894	175.62885683860958	-0.00023348176620144806	-1	
-12.833217655632122	176.37511247857367	-0.00041488305845028607	-1	
112.92026521236055	177.24931166812402	0.0024330327669237878	-1	
109.64733484406324	178.92818835445993	0.0023639175216537806	-1	
106.58711473247615	180.94901367670326	0.0022940211022915652	-1	
122.36297308822387	174.7524361149857	0.0026021726243495597	-1	
119.29448607376	176.86134881174303	0.002534409332241068	-1	
116.18966080320644	178.91638782835793	0.0024660529670787056	-1	
125.82376472078593	176.39841235489757	0.0013044897862100884	-1	
135.44552457164554	173.36236579347971	0	-1	
138.45048603096495	170.97211152053441	0	-1	
132.39930509345132	175.6998122104053	0	-1	
129.31275550434475	177.98373876248934	0	-1	
-30.330394444479602	179.80861147688105	-0.00093177786111514919	-1	
-19.555909563787232	181.62400712399469	-0.00059737234770936151	-1	
-13.000579734892881	182.0856819707912	-0.00039725262330813743	-1	
-24.467997185442467	185.55188964284881	-0.00071571879336745513	-1	
-64.549863900510331	179.96871681213344	-0.0018397725771754658	-1	
-71.2459801272379	180.86845752455361	-0.0019739639413304138	-1	
-61.187315082839824	182.32912025297529	-0.0017226168853004199	-1	
-75.169270557374972	181.47467245330722	-0.0020459703020651305	-1	
-47.122966811244268	185.29665393494483	-0.0013340481509933322	-1	
-41.668553235664	184.2474602699474	-0.0012046014605219925	-1	
-34.232166372374593	186.62095848681537	-0.00097825990018240929	-1	
-50.203606163916646	187.19844818586319	-0.0013874870226030143	-1	
-58.455682692006441	185.39773939456083	-0.0016111762239758589	-1	
-55.788216794626123	188.33786354591257	-0.0015067979582155391	-1	
-93.89431255717821	176.58951857178545	-0.0024910485013230387	-1	
-97.02597570463773	178.69961724179137	-0.0023412717944402269	-1	
-100.252351828814	177.1954319717058	-0.0024046506881857891	-1	
-90.798099947909392	178.20130483767363	-0.0024055963321922692	-1	
-87.674229357815534	179.75880925983347	-0.002318762423134872	-1	
-81.706822955747356	179.28925964614572	-0.0022177575068670669	-1	
-84.523652348139933	181.26155740733006	-0.0022323114700829221	-1	
-78.547171512011943	180.6461270083887	-0.0021300883590122228	-1	
-151.82872392863237	154.50203193530015	-0.0016167472399607752	-1	
-154.54348185898104	151.86945665518999	-0.0016183912211609345	-1	
-149.18877956282148	157.21217081822388	-0.0015314795984771249	-1	
-146.38345215004048	159.74950574720611	-0.0015281013606912113	-1	
-158.25475607450346	152.82484150097966	0	-1	
-103.33333333333339	178.97858344878409	-0.0022597188049065858	-1	
-115.91118045811247	175.12269076956406	-0.0025009196274346696	-1	
-125.39418715572775	172.59029213332232	-0.0026684590992627796	-1	
-122.36297308822331	174.75243611498507	-0.0026013053458808864	-1	
-119.29448607375946	176.86134881174243	-0.00253354608227176	-1	
-112.92026521235996	177.24931166812328	-0.002432119579900117	-1	
-109.72887672974714	179.06125261818488	-0.0023628994898372219	-1	
-106.50790755762846	180.81454657717828	-0.0022931330016009869	-1	
-143.61127215219412	162.32301473189494	-0.0014710492097579856	-1	
-140.71910195708838	164.76089947020313	-0.0014657720517259295	-1	
-137.78523044639539	167.14685026277658	-0.0014594457408998668	-1	
-134.88330721451754	169.57155741666671	-0.0014021625221395924	-1	
-131.86795445726057	171.85366411337051	-0.0013939489811766422	-1	
-128.91740499022913	174.22187374554258	-0.0013137562460340698	-1	
59.851295281858938	184.34067247393062	0.0016618221070128876	-1	
71.673589909060425	186.71608529944115	0.0018841757426972105	-1	
68.404028665134106	187.93852415718248	0.0017953898020258523	-1	
62.503928436465699	186.80455103042272	0.0016846544222291397	-1	
65.113630891431683	189.10371511986418	0.0017071424104991746	-1	
74.92131868318279	185.43677091335826	0.0019718756000873089	-1	
38.399118576674489	188.73769765907832	0.00107170896188416	-1	
44.962577528237645	187.28261384104064	0.0012567613783210554	-1	
42.074763490440716	189.78699346590065	0.001155241139838145	-1	
48.6726032339852	188.20299228766098	0.0013387786665208334	-1	
52.492771036859374	189.28281741097143	0.0014178236897410617	-1	
59.247928334895377	187.91042155774201	0.0015946250273683041	-1	
58.47434094454767	191.26095119260791	0.0015301698888920225	-1	
55.127471163400145	192.25233918766457	0.0014405328675411524	-1	
35.425662128703671	191.13976842704733	0.00097149056144834949	-1	
77.910395051898149	188.09233238413839	0.0018546685179570946	-1	
84.058906235665674	188.79939457947168	0.001829584073264455	-1	
87.34110742641154	187.30360932090849	0.0019025481750163736	-1	
80.751099887783539	190.2376697135052	0.0017562029916221497	-1	
90.596703669742993	185.75076956849534	0.0019750785789891061	-1	
100.20715523593782	184.55862108578529	0.002152788037635028	-1	
96.89883997420705	186.14093971469103	0.00208150436143641	-1	
103.48899969382782	182.91618770580288	0.0022235881565009444	-1	
93.705108756473166	187.94337224415051	0.0020096182931794641	-1	
18.460302690366927	191.71757365900277	0.00051351550955974713	-1	
22.006130758506199	193.14533082795936	0.00060224289781256768	-1	
9.9901652701337191	189.69961181506724	0.00028452724685681767	-1	
9.6171534102864786	193.31223802113124	0.00026458913603625195	-1	
15.252050381899995	193.79567479887248	0.00041714607234824141	-1	
4.948002537948275	188.42218788730747	0.00014355766625796831	-1	
3.7210003697092118	185.33035498540195	0.00011163210304712758	-1	
-0.42920222195305224	185.80286363196652	-1.152804146124454e-005	-1	
-6.8213227707956596	184.32225886448671	-0.00020491075520858592	-1	
26.931597776403109	191.93319180451107	0.0007416634327428918	-1	
32.419768117769529	193.73289502134986	0.00087161011858365655	-1	
113.0494430364177	180.91692718003836	0.0023971318379299666	-1	
109.87478931414552	182.86235748311813	0.0023276019454384505	-1	
106.66666666666728	184.75208614068112	0.002257551944346241	-1	
122.75861628205523	178.61489503772654	0.0012488622992098191	-1	
119.59090047265627	180.68214127018581	0.0012373251818588388	-1	
116.4502651094562	182.79030159382148	0.0011823109870674144	-1	
126.18681599723078	180.2134497435791	0	-1	
-29.668910850027579	187.63129230990378	-0.00084541230714773696	-1	
-21.365088864249458	187.64760539608397	-0.00061436480855931439	-1	
-16.167734189886467	187.84368731014015	-0.00046629328779192208	-1	
-10.900916802657244	190.88371846085204	-0.00030563431902426739	-1	
-24.473775247311011	189.73474064322411	-0.00068767310432255708	-1	
-27.565404545824819	190.21873933424368	-0.000768509490407173	-1	
-68.790104735885521	183.98749269607671	-0.0018668677177246526	-1	
-65.754597734337111	185.68525582949181	-0.0017726247358904336	-1	
-71.673589909060084	186.71608529944044	-0.0018817821660507556	-1	
-74.921318683182449	185.43677091335755	-0.0019705261407987774	-1	
-62.327128768078651	186.2761525200967	-0.0016868782490215162	-1	
-78.146225697854788	184.10097069048811	-0.0020582091130662422	-1	
-45.854918796976399	190.99948272256049	-0.0012342779572704465	-1	
-42.07476349044051	189.78699346589985	-0.0011531309863571791	-1	
-38.399118576674276	188.73769765907747	-0.0010693507296825964	-1	
-30.784878728577834	191.08742043923741	-0.00084769375642841432	-1	
-35.425662128703443	191.13976842704653	-0.00096910603063770642	-1	
-49.320845248993848	190.70955817575881	-0.0013223074676915545	-1	
-52.653856960258913	189.86367448565167	-0.0014121888829479845	-1	
-61.803398874989497	190.21130325903079	-0.0016171075330795176	-1	
-58.474340944547357	191.26095119260717	-0.0015277545086970815	-1	
-55.127471163399846	192.25233918766384	-0.0014389174138382782	-1	
-93.776598722852398	180.14317007474651	-0.0022768479860008324	-1	
-100.19398818424304	180.75473947547525	-0.0021890455001341833	-1	
-97.024122975750814	182.47583585751167	-0.0021178488643876546	-1	
-90.730343399124507	181.97691598243071	-0.0021842667515338397	-1	
-87.647613640511352	183.75704335336744	-0.0020921823659816366	-1	
-81.34732861516008	182.70909152852022	-0.0021454757250576524	-1	
-84.324170146117453	185.03250388234042	-0.0020249850999889069	-1	
-155.56349186104066	155.56349186104069	0	-1	
-152.8248415009796	158.25475607450349	0	-1	
-150.03963921374987	160.89781435621774	0	-1	
-147.20873339894899	163.49186160502697	0	-1	
-103.48899969382728	182.91618770580206	-0.0022226074900213795	-1	
-116.18966080320591	178.91638782835733	-0.002465151828070832	-1	
-125.82376472078543	176.39841235489692	-0.0013038679539253163	-1	
-122.69310816346454	178.51958013372573	-0.0012929467631437068	-1	
-119.59090047265573	180.68214127018516	-0.0012368999915579686	-1	
-113.04944303641719	180.91692718003773	-0.0023961990145228134	-1	
-109.87478931414502	182.86235748311748	-0.0023266686933213596	-1	
-106.66666666666679	184.75208614068043	-0.0022565729767954242	-1	
-144.33298637791177	166.03610764901006	0	-1	
-141.4132741310388	168.52977748617539	0	-1	
-138.45048603096438	170.97211152053382	0	-1	
-135.44552457164497	173.36236579347906	0	-1	
-132.39930509345078	175.69981221040464	0	-1	
-129.31275550434424	177.98373876248866	0	-1	
74.432791966964743	188.95865069535398	0.0017956925908147168	-1	
71.211545706881566	190.46393076337768	0.0017040679304754548	-1	
67.959629485932567	191.91207340598126	0.0016129841623635825	-1	
61.803398874989824	190.21130325903152	0.0016186340446570193	-1	
64.441452737936217	192.59520077517664	0.0015499539036850996	-1	
39.161199401948551	192.48344458566854	0.0010542263644043076	-1	
45.854918796976634	190.99948272256123	0.0012362715460935516	-1	
41.582338163552123	195.62952014676199	0.0010828644720017582	-1	
44.990210868773261	194.87401295704788	0.001172972571086444	-1	
48.384379119933826	194.05914525520012	0.0012619797445947432	-1	
51.763809020504446	193.18516525781448	0.0013518302021245726	-1	
61.145840812125989	193.92983090586696	0.0014591183494598356	-1	
57.680721171707255	194.7268512499445	0.0013850694564769765	-1	
54.340538923792586	195.9456531624823	0.0012947361817925898	-1	
34.7296355333863	196.96155060244251	0.00090307505338111066	-1	
38.161799075309204	196.32543668953366	0.00099356109015045916	-1	
77.418695972622103	191.61799661047027	0.0016824676097767944	-1	
87.088897036154407	191.0991433538934	0.0018646411413869312	-1	
83.678263696233898	192.44683112745395	0.0017915995810999742	-1	
90.477317446837276	189.68964075583534	0.0019372812187945269	-1	
80.366580909813237	194.022089594026	0.0017180562580605683	-1	
100.15393339432396	188.36215314323866	0.0021159279760456584	-1	
103.42605231921917	186.58553752307199	0.0021869970261874125	-1	
96.851306611103894	190.08139182685275	0.0020443629219291663	-1	
93.51917798167041	191.74272987715659	0.0019723582677419848	-1	
18.826671587116291	195.52246012955692	0.00050532147579454437	-1	
25.717516905990092	195.34393480775222	0.00068689665116378857	-1	
20.905692653530867	198.90437907365555	0.00054269513725666301	-1	
24.373868681029684	198.50923032826529	0.00063351746245775818	-1	
6.786441699102868	191.19439034472316	0.00019097841690149687	-1	
8.5923197510369125	196.79647709490274	0.00022929445717155469	-1	
11.991567434908742	196.06039449265978	0.00032156930136230486	-1	
5.0886660205846095	194.32831520324902	0.00013936093506253851	-1	
17.431148549531791	199.23893961835	0.00045275472698334319	-1	
13.951294748825202	199.51281005196577	0.00036172697071488563	-1	
3.2522952621076273	191.28392544495136	9.2090810118611037e-005	-1	
-0.048363512578202261	189.96247994244038	-7.1528961139876179e-007	-1	
-3.284354357607425	188.85172444466144	-9.3596134928999522e-005	-1	
-6.4854827936664421	190.05928034846607	-0.00018327049854381539	-1	
29.116083451629628	194.82026342274145	0.00077806853404416504	-1	
31.286893008046388	197.53766811902841	0.00081325305839924855	-1	
113.18196858848637	184.69618639367889	0.0011896320721753028	-1	
109.97083266049145	186.69342680929702	0.0011345548176367772	-1	
106.66721724328599	188.53366820678829	0.001119144100444526	-1	
123.02243876356494	182.38826596211007	0	-1	
119.82058770330657	184.50752494799423	0	-1	
116.5822381313057	186.57058115441467	0	-1	
-21.803424113519334	191.36619743842132	-0.00060538491191392907	-1	
-13.56207668320863	193.33838509487884	-0.00037125219984102375	-1	
-18.63192830312931	193.49997379666249	-0.00050820264436600524	-1	
-8.5680153701657833	196.23981525363192	-0.00022843392902894844	-1	
-25.373629933275527	192.7318539204436	-0.00069265084553814488	-1	
-29.033725205872116	194.26919153286477	-0.00077799129881413783	-1	
-68.404028665133765	187.93852415718172	-0.0017937588058537278	-1	
-65.113630891431342	189.10371511986344	-0.001705506844028915	-1	
-74.432791966964373	188.95865069535324	-0.0017943397031045733	-1	
-71.298606410494784	190.69678519253821	-0.0016925389810850163	-1	
-77.815260880929998	187.8626581783418	-0.0018645975745867733	-1	
-80.982011328056359	186.24587521303249	-0.0019567054081160453	-1	
-48.384379119933563	194.05914525519938	-0.0012606241106431623	-1	
-44.990210868773012	194.87401295704714	-0.0011711687330367908	-1	
-39.161199401948338	192.48344458566777	-0.0010520494407310411	-1	
-41.582338163551874	195.62952014676119	-0.0010808446469138756	-1	
-32.511731350565157	194.28244563072852	-0.00086729555906150621	-1	
-38.16179907530897	196.32543668953284	-0.00099150957432172756	-1	
-34.72963553338608	196.96155060244166	-0.00090096940659478036	-1	
-51.763809020504162	193.18516525781376	-0.0013498822488341134	-1	
-64.599951399888866	193.06890334276957	-0.0015305298428875053	-1	
-61.145840812125677	193.92983090586625	-0.0014575628930546811	-1	
-57.822591299361861	195.2057967742625	-0.0013673951620958901	-1	
-54.34053892379243	195.94565316248145	-0.0012929630449996074	-1	
-93.824703279506394	184.14134833226279	-0.0020461555798257486	-1	
-100.20715523593734	184.55862108578458	-0.0021517841662491658	-1	
-96.898839974206751	186.14093971469035	-0.0020804786156458505	-1	
-90.596703669742709	185.75076956849463	-0.0019740371723502292	-1	
-87.341107426411256	187.30360932090778	-0.0019014531030132089	-1	
-84.058906235665418	188.79939457947097	-0.0018284671284502898	-1	
-103.42605231921867	186.58553752307128	-0.0021860039095319898	-1	
-116.38812333881937	182.69275855271636	-0.0012241635872481244	-1	
-126.18681599723027	180.21344974357839	0	-1	
-123.02243876356442	182.38826596210936	0	-1	
-119.82058770330607	184.50752494799349	0	-1	
-113.24239853383109	184.79479910194306	-0.001148327209887495	-1	
-109.97083266049093	186.69342680929637	-0.0011341048040798603	-1	
-106.72416884245391	188.63432981753328	-0.0010800997214757298	-1	
74.062709572695667	192.93995480942257	0.001608393696647902	-1	
70.684162953971793	194.20314162908861	0.0015339330084387769	-1	
67.284085254479294	195.40717229052635	0.0014591788696395583	-1	
63.863512170822695	196.55168003433263	0.0013841370473979748	-1	
40.489665259761416	199.01306288723546	0.00096884369804664083	-1	
44.064870335725054	198.76378533612132	0.0010403250180259216	-1	
47.46903145929911	197.72274582383304	0.0011293033315600408	-1	
50.974783278224152	197.10486201153486	0.001205076356634547	-1	
60.423485642699148	197.63631623236159	0.0013087828967124665	-1	
56.965053535513363	198.66075049392015	0.0012331976233122606	-1	
53.489269321187813	199.62467076640837	0.0011573153335120389	-1	
33.601988190352664	200.7975636020104	0.00079205583156429144	-1	
37.05596782777927	199.93611082580009	0.00088015383080349431	-1	
77.024838803993873	195.53894494364135	0.0016441392970448616	-1	
86.770483856171239	194.88969763042252	0.0018270748752380371	-1	
90.158562504683076	193.3456612344863	0.0018999325673877616	-1	
83.355974077712247	196.37436873652163	0.0017538027475059855	-1	
79.91607326206173	197.79922230758234	0.0016801710849856969	-1	
103.38833476723747	190.41762492977847	0.0010647285601287804	-1	
100.02250832469994	192.14145078657299	0.0010475710875253715	-1	
96.679874113821725	193.90982850586965	0.00099391705587196328	-1	
93.255937387006483	195.51513860569585	0.00097507183029991366	-1	
27.83462019201329	198.05361374831494	0.00072331570962231955	-1	
19.465329003173267	202.15517099348332	0.00046477526676033654	-1	
23.047005330996015	202.28096970333377	0.00054284584386538113	-1	
26.541336364172231	201.60146484538222	0.00062979936919111269	-1	
10.467191248588893	199.72590695091569	0.00027158366669436849	-1	
6.9798993405003058	199.87816540382008	0.00018159964405561757	-1	
1.7189875385646887	196.97646163313624	4.6429299277904974e-005	-1	
3.4904812874567979	199.96953903127917	9.0708299826975177e-005	-1	
0.51320739452175745	193.55063323746919	1.4885733196607186e-005	-1	
15.953956942456688	202.71424326296918	0.00037836062595263554	-1	
12.428852232004816	203.20993772707811	0.00029262361580863921	-1	
-2.530738054680211	192.18901031688176	-6.9574225174156266e-005	-1	
-5.0886660205845065	194.32831520324814	-0.00013772998452238195	-1	
30.018636629683407	200.85938775048902	0.00071726838636481825	-1	
113.30837648021253	188.57680615446563	0	-1	
110.00000000000058	190.52558883257748	0	-1	
106.65811645419474	192.41633557066805	0	-1	
-22.236141635642969	195.16411038744445	-0.00059535737221925447	-1	
-12.025583202806684	196.616547381701	-0.00031973278953080785	-1	
-15.458760318448634	196.42217357366164	-0.00041097587094425742	-1	
-20.905692653530696	198.90437907365472	-0.00054153598543986436	-1	
-17.431148549531635	199.23893961834915	-0.0004506909587152598	-1	
-10.467191248588765	199.72590695091483	-0.00027054533374997001	-1	
-6.9798993405001939	199.87816540381917	-0.0001802363862318109	-1	
-27.834620192013094	198.05361374831412	-0.00072175101970798239	-1	
-24.373868681029499	198.50923032826447	-0.00063116087778130995	-1	
-31.286893008046182	197.53766811902759	-0.00081149253575079662	-1	
-67.876645912224106	191.67773502289259	-0.0016211117548461018	-1	
-77.418695972621848	191.6179966104695	-0.0016813265240828061	-1	
-74.062709572695411	192.93995480942181	-0.0016072238656446808	-1	
-70.684162953971551	194.20314162908784	-0.00153277185866886	-1	
-80.751099887783269	190.23766971350443	-0.0017551000534014682	-1	
-50.849714531764292	196.62125705183561	-0.0012176062832868963	-1	
-47.469031459298819	197.72274582383224	-0.0011278444377541572	-1	
-43.956755347462689	198.27611013919258	-0.0010508719772913699	-1	
-40.539690292015841	199.25894377625087	-0.00096169203291729107	-1	
-37.010241627789327	199.6893943284384	-0.00088352463434237757	-1	
-33.601988190352579	200.7975636020096	-0.0007905731384271128	-1	
-67.284085254479066	195.40717229052561	-0.0014579810500546814	-1	
-63.863512170822489	196.55168003433184	-0.001382924510276025	-1	
-60.423485642698942	197.6363162323608	-0.0013075500755421016	-1	
-56.965053535513178	198.66075049391932	-0.0012319307522161212	-1	
-53.489269321187635	199.62467076640752	-0.0011560807299043545	-1	
-93.705108756472839	187.94337224414977	-0.0020085668846409974	-1	
-100.15393339432347	188.36215314323789	-0.002114913891898646	-1	
-96.851306611103425	190.08139182685198	-0.0020433286585166024	-1	
-90.34358670724022	189.40926842973198	-0.0019363387487052856	-1	
-87.08889703615408	191.09914335389257	-0.0018635632077656373	-1	
-83.802128117606614	192.73169979381552	-0.0017903773282904008	-1	
-103.38833476723697	190.41762492977776	-0.0010641199299146762	-1	
-116.5822381313052	186.57058115441393	0	-1	
-113.30837648021203	188.57680615446492	0	-1	
-110.0000000000001	190.52558883257669	0	-1	
-106.65811645419424	192.41633557066729	0	-1	
73.491696611060974	196.56247138109299	0.001570034030040061	-1	
70.10210971262515	197.9622509252834	0.0014954546404316808	-1	
66.685561273016646	199.30213420873443	0.0014205581752546358	-1	
63.150622478097262	200.28818601753485	0.0013454613857525558	-1	
39.433859044486056	202.86961791251821	0.00085175257067584859	-1	
42.968416102337073	202.15050415165413	0.00092842349306029176	-1	
46.489884564398928	201.36981338894955	0.0010049396492802993	-1	
49.997191757264837	200.52778343037355	0.0010812272064514364	-1	
59.68939405525353	201.50801725928994	0.0012700030930885818	-1	
56.080490328171607	202.2197152375779	0.0011944064900462404	-1	
52.581803005371697	203.31874623425676	0.0011184613448508946	-1	
35.887290051165721	203.52693562252398	0.00077488591969480003	-1	
32.329789441647812	204.12225705632943	0.0006979116111330057	-1	
76.451829236331207	199.16382431940409	0.0016062044675797956	-1	
86.421866063450807	198.75668458427725	0.00087057111962286922	-1	
89.853623926191233	197.16578282544563	0.00092233185577143459	-1	
82.895661626987192	200.12783056176318	0.00086464176185166615	-1	
79.411622874866509	201.59814930256721	0.00081329203574885425	-1	
103.28374381289656	194.24847042896491	0	-1	
99.877909942700867	196.02143532144197	0	-1	
96.441652293597585	197.73469018581778	0	-1	
92.976017582954398	199.38771314806405	0	-1	
18.012186834516058	205.88023760562834	0.00038868277172384667	-1	
21.602549075315103	205.53452504277743	0.00046616054782290837	-1	
25.186330970397215	205.12620467254084	0.00054349205361880907	-1	
28.762440865080276	204.65540087325883	0.00062074739514089976	-1	
8.8586682628838691	202.89686096441827	0.00021162012673759561	-1	
5.3228488337077673	203.27139603026666	0.00012653974178916498	-1	
0	200	7.8765265697239127e-007	-1	
-1.7141251813587843	196.4192906845598	-4.5104149470560556e-005	-1	
1.7722734713549326	203.08242474263611	4.2867014395927817e-005	-1	
14.416337907119249	206.16323705369794	0.00031116017040073399	-1	
10.816097623541731	206.38343718261285	0.00023360846253786907	-1	
-3.4904812874567024	199.96953903127826	-8.9303200533074923e-005	-1	
-13.95129474882506	199.51281005196492	-0.00036071067644826739	-1	
-23.047005330995969	202.28096970333297	-0.00054143051743969458	-1	
-19.489378441591128	202.40493396100823	-0.00046063058458905773	-1	
-15.934270131706665	202.46409861497844	-0.00037908283349730588	-1	
-12.428852232004811	203.20993772707737	-0.00029150340221326284	-1	
-8.8696131586427107	203.14754029083318	-0.0002092384755344591	-1	
-5.3293563594198474	203.5199084110495	-0.0001244917692774865	-1	
-30.055724692921263	201.10754977619061	-0.0007115922047935385	-1	
-26.508584974160513	201.35269334000387	-0.00063176445448924598	-1	
-80.366580909812953	194.02208959402515	-0.0017169221508777756	-1	
-77.024838803993376	195.53894494364036	-0.0016429909686787199	-1	
-73.546350484156022	196.70864980479919	-0.0015688120020135256	-1	
-70.050015328842122	197.81514092365094	-0.0014943096452223765	-1	
-49.997191757264673	200.52778343037266	-0.0010799642342234151	-1	
-46.489884564398771	201.3698133889487	-0.0010036690383233026	-1	
-42.968416102336931	202.15050415165322	-0.00092714010990960997	-1	
-39.433859044485928	202.86961791251727	-0.00085046779817039017	-1	
-35.887290051165607	203.52693562252304	-0.00077360817170306091	-1	
-32.329789441647712	204.12225705632849	-0.00069658015580411985	-1	
-66.636515159380934	199.15555082643073	-0.0014193984223012594	-1	
-63.10369389382214	200.13934756356554	-0.0013442853885473919	-1	
-59.645493505452428	201.35981148694114	-0.0012688176568405425	-1	
-56.16350325384623	202.5190501772818	-0.0011930899741098293	-1	
-52.581803005371519	203.31874623425585	-0.0011172008338843449	-1	
-93.519177981669941	191.74272987715577	-0.0019713178081089558	-1	
-100.02250832469943	192.14145078657225	-0.001047037331870633	-1	
-96.679874113821214	193.90982850586883	-0.00099340791326275185	-1	
-90.158562504682621	193.34566123448548	-0.0018988389311960785	-1	
-86.77048385617077	194.88969763042167	-0.0018259605127827873	-1	
-83.355974077711792	196.37436873652072	-0.0017526998555845122	-1	
-103.28374381289606	194.24847042896411	0	-1	
72.964297242809792	200.46775910099484	0.0015318516803652935	-1	
69.454539617527189	201.71062946118866	0.0014572017484340317	-1	
65.923625466655864	202.8920568096338	0.0013822658352946372	-1	
62.372630340850897	204.01168127211528	0.0013070161407646068	-1	
38.270917592624365	206.49139314795755	0.00081272506253850284	-1	
41.899676976311184	205.94349188972788	0.00088940890712105986	-1	
45.454049677934535	205.02996840813708	0.00096597287070850871	-1	
49.061477041295696	204.35575904040496	0.0010422862330390279	-1	
58.802635907626879	205.06916180017575	0.0012315364339968873	-1	
55.214729621871456	206.0641762750023	0.0011557605864635329	-1	
51.610004394596132	206.99642160554703	0.0010797765395674172	-1	
34.686828609081523	207.28031431734627	0.00073583106262830504	-1	
31.018090937805596	207.54689267919503	0.00065886301604130781	-1	
75.901306752170669	203.00726645648868	0.00076290576440904694	-1	
89.482061476676563	200.98000068137327	0	-1	
85.960848267640728	202.51106775953795	0	-1	
82.413450551501128	203.98044800469435	0	-1	
78.84094889996652	205.38769382938548	0	-1	
16.477037497946931	209.36061189454207	0.00034968235975760617	-1	
20.113416628578548	208.8858183260426	0.00042711815399887722	-1	
23.79107805586245	208.81161219480475	0.00050443700956292949	-1	
27.411544113817094	208.21134893867355	0.00058171003971652058	-1	
7.2125626518501917	206.5407709172807	0.0001559577588119759	-1	
3.6068306637052339	206.63519033232177	7.8321955662241519e-005	-1	
-1.7744631174542991	203.33333333333334	-4.1117269141196837e-005	-1	
0	206.66666666666666	6.3632431520143529e-007	-1	
12.830117811389815	209.77057195755441	0.00027217250665580427	-1	
9.1536128424390384	209.6522024643337	0.00019464080238832947	-1	
-21.602549075315054	205.53452504277649	-0.00046482687123318775	-1	
-25.186330970397147	205.1262046725399	-0.00054221009951409434	-1	
-18.012186834516022	205.88023760562743	-0.00038740412338394303	-1	
-14.41633790711923	206.16323705369703	-0.00030986542402941368	-1	
-10.816097623541726	206.38343718261197	-0.00023230532791691303	-1	
-7.2125626518502006	206.54077091727979	-0.00015466402724819767	-1	
-3.6068306637052587	206.63519033232086	-7.703067840177402e-005	-1	
-28.762440865080194	204.65540087325792	-0.00061946880699303389	-1	
-79.916073262061275	197.79922230758146	-0.0016790330041632651	-1	
-76.451829236330767	199.1638243194032	-0.0016050383574317279	-1	
-72.96429724280938	200.46775910099393	-0.0015306914501048304	-1	
-69.454539617526805	201.71062946118772	-0.0014560079043011744	-1	
-49.061477041295362	204.35575904040391	-0.0010410200806464799	-1	
-45.454049677934385	205.02996840813611	-0.00096469795021761481	-1	
-41.8996769763109	205.94349188972674	-0.0008881263155292704	-1	
-38.270917592624237	206.49139314795661	-0.00081143263734050346	-1	
-34.635559458148727	206.97394195220787	-0.00073458931818818067	-1	
-31.064005345160471	207.85411315239585	-0.00065753215326471055	-1	
-65.923625466655494	202.89205680963292	-0.0013810561952336271	-1	
-62.372630340850534	204.01168127211434	-0.0013057889823577806	-1	
-58.802635907626524	205.06916180017478	-0.0012302743530320426	-1	
-55.214729621871122	206.06417627500136	-0.0011545270287993774	-1	
-51.610004394595812	206.99642160554603	-0.0010785177487218477	-1	
-93.255937387006	195.515138605695	-0.00097458540147619152	-1	
-99.87790994270037	196.02143532144112	0	-1	
-96.441652293597102	197.73469018581693	0	-1	
-89.877486036146976	197.21814344690677	-0.00090567882858755245	-1	
-86.398921406656129	198.70391548634927	-0.00088553369107294635	-1	
-82.939921153163468	200.23468251012247	-0.00083435799052773317	-1	
72.308174620455048	204.19198604497566	0.00075260906242936073	-1	
68.751960085075979	205.47794926536599	0.00070270914932324586	-1	
65.172707234917937	206.70141952220499	0.00065379341474937033	-1	
61.522495933367907	207.69646548764982	0.00063915029862528141	-1	
37.044944568945418	210.0923206426055	0.00077385327073303269	-1	
40.705919013663184	209.41379913550279	0.00085061475570304742	-1	
44.354494041122301	208.6714881565463	0.00092718088003686824	-1	
47.989558260024857	207.86561382085128	0.0010035934137157517	-1	
57.903852951582387	208.79454845182556	0.00059071567285637642	-1	
54.236515978720135	209.71704655660147	0.0005629361716033383	-1	
50.581754833679433	210.68817177949444	0.00051563111675961956	-1	
33.372685875249516	210.70684599363051	0.00069697963301380437	-1	
29.690261538147542	211.2571879982028	0.00061992194508710249	-1	
75.244431531647564	206.73237657290093	0	-1	
14.881381065413573	212.81366405543034	0.00031074983013313349	-1	
18.593225119500602	212.5215355929069	0.00038816843897694685	-1	
22.299405497099613	212.16467101189949	0.0004655390974418255	-1	
25.998793259765023	211.7431790168165	0.00054277022855031998	-1	
5.4973684675997152	209.93603196568534	0.00011705514631407716	-1	
1.8312803602408871	209.84394448841465	3.9453291891600378e-005	-1	
-1.8326422360593599	210	-3.8154238179950779e-005	-1	
11.165003998494837	213.04096741431027	0.00023329788300449904	-1	
7.4452259632003397	213.20337643074163	0.0001557526796983351	-1	
-23.755913458215105	208.50297648230503	-0.00050317606891569903	-1	
-20.143189434591502	209.19502073867653	-0.00042580103260573426	-1	
-27.411544113817012	208.21134893867256	-0.00058040480062608471	-1	
-16.477037497946895	209.36061189454108	-0.00034838346719019811	-1	
-12.83011781138967	209.77057195755316	-0.00027088106220589608	-1	
-9.1604201474506723	209.8081153823359	-0.00019334436428612104	-1	
-5.501414665962761	210.09055004717911	-0.00011575872069928867	-1	
-79.411622874866069	201.5981493025663	-0.00081262886402664702	-1	
-75.901306752170285	203.00726645648786	-0.00076238839897252518	-1	
-72.327573513025726	204.24676682767256	-0.00073904585675067401	-1	
-68.770218300599609	205.53251731954816	-0.00068977509397512196	-1	
-47.989558260024552	207.86561382085029	-0.0010023242975201433	-1	
-44.354494041122003	208.67148815654531	-0.00092590316355244768	-1	
-40.705919013662907	209.4137991355017	-0.00084933209768908041	-1	
-37.044944568945148	210.09232064260445	-0.00077257993273975394	-1	
-33.37268587524926	210.70684599362943	-0.00069565373473977744	-1	
-29.690261538147301	211.25718799820172	-0.00061864436296577843	-1	
-65.15540414406837	206.64654112920178	-0.00066484465502383145	-1	
-61.55534393126969	207.80735847011189	-0.00061657549829634338	-1	
-57.903852951582095	208.79454845182454	-0.00058999848885325583	-1	
-54.236515978719808	209.71704655660054	-0.00056234100212079773	-1	
-50.595187651888097	210.74412349409101	-0.00050598491560548044	-1	
-92.976017582953943	199.38771314806317	0	-1	
-89.482061476676094	200.98000068137239	0	-1	
-85.960848267640287	202.51106775953704	0	-1	
-82.413450551500702	203.98044800469341	0	-1	
71.624993980574885	208.0140866318508	0	-1	
67.983738762488827	209.23243358493494	0	-1	
64.321775039002461	210.38704631186894	0	-1	
60.640218279740182	211.47757310643129	0	-1	
35.771173400429291	213.76010328024117	0.00035755432536697273	-1	
39.485867357469701	213.04667547011508	0.00040206797529155762	-1	
43.186444546552622	212.26815655995441	0.00044760862076810532	-1	
46.909489662257734	211.59503392199321	0.00046938266434787447	-1	
56.940189922554907	212.50368178359622	0	-1	
53.222817031927221	213.4650597807204	0	-1	
49.489231955650602	214.36141425275295	0	-1	
32.018002071735914	214.23745430075493	0.00033155209688634946	-1	
28.281751863462247	214.82123303196488	0.00028780559923559341	-1	
13.2312000659236	216.32820885321098	0.00013222021714901503	-1	
17.000118053437394	216.00698052611506	0.0001730463829177935	-1	
20.761800478784654	215.61954207078017	0.0002149172345864645	-1	
24.534810838734032	215.33927105368051	0.00024510007629077708	-1	
3.7231800399539274	213.30084163336468	7.8218380277171029e-005	-1	
0	213.33333333333334	6.3648146973800623e-007	-1	
-3.723180039953816	213.30084163336352	-7.6926987736079182e-005	-1	
9.4486922338560824	216.41063166351984	9.7894536664117017e-005	-1	
5.6718881014919198	216.60066790110412	5.7882955236820679e-005	-1	
-25.998793259764799	211.74317901681542	-0.00054149169784426313	-1	
-22.299405497099411	212.16467101189835	-0.00046421012686571168	-1	
-18.59322511950041	212.52153559290576	-0.00038688968506584912	-1	
-14.881381065413397	212.8136640554292	-0.00030945714559557283	-1	
-11.165003998494685	213.04096741430911	-0.00023199557741169645	-1	
-7.4452259632002082	213.20337643074043	-0.00015446043643543663	-1	
-78.840948899966108	205.38769382938457	0	-1	
-75.244431531647166	206.73237657290002	0	-1	
-71.624993980574516	208.01408663184986	0	-1	
-67.983738762488471	209.23243358493394	0	-1	
-46.897035381995757	211.53885629410871	-0.00047714158892845921	-1	
-43.209502587653326	212.38149045279357	-0.00043159697816298509	-1	
-39.485867357469466	213.04667547011394	-0.00040122287054475397	-1	
-35.752084701483163	213.64603371331575	-0.00036975696755919254	-1	
-32.035097074936161	214.35183963806296	-0.00031959732348768664	-1	
-28.281751863462013	214.82123303196377	-0.0002869694290715935	-1	
-64.321775039002105	210.38704631186795	0	-1	
-60.640218279739848	211.4775731064303	0	-1	
-56.940189922554588	212.50368178359514	0	-1	
-53.222817031926915	213.46505978071932	0	-1	
-49.489231955650311	214.36141425275184	0	-1	
38.202599086724923	216.65770566268699	0	-1	
34.415582308851015	217.29143493093153	0	-1	
41.977978982840121	215.9579803584873	0	-1	
45.740571979907337	215.19247216143845	0	-1	
30.618082211214602	217.85897512314671	0	-1	
26.811255549132628	218.36015336109213	0	-1	
15.346424223707688	219.46409105716262	0	-1	
11.513910373447743	219.69849764600755	0	-1	
19.17426340448494	219.16283358018532	0	-1	
22.996261918883924	218.7948169810214	0	-1	
1.8903142197140288	216.6085547573866	1.9853481219413247e-005	-1	
-1.8908213546644204	216.66666666666671	-1.8876710076909842e-005	-1	
-5.6703668511219618	216.54257369327385	-5.8264297011981866e-005	-1	
7.6778892745502922	219.86598194420239	0	-1	
3.8395294162024287	219.9664929344074	0	-1	
-24.521718240049655	215.22435878981938	-0.00025329101591985598	-1	
-20.772885587868927	215.73466533029816	-0.00020697752287041529	-1	
-17.000118053437252	216.00698052611381	-0.00017219544408018515	-1	
-13.224139453403904	216.21276885894176	-0.00013632022671739149	-1	
-9.451227136258634	216.46869047383862	-9.5623519483569431e-005	-1	
-45.740571979907067	215.19247216143734	0	-1	
-41.977978982839858	215.95798035848617	0	-1	
-38.202599086724682	216.65770566268583	0	-1	
-34.415582308850794	217.29143493093034	0	-1	
-30.618082211214404	217.85897512314551	0	-1	
-26.811255549132451	218.36015336109088	0	-1	
0	220	0	-1	
-3.8395294162023728	219.96649293440612	0	-1	
-7.6778892745502141	219.86598194420111	0	-1	
-22.996261918883764	218.79481698102018	0	-1	
-19.174263404484801	219.16283358018407	0	-1	
-15.346424223707569	219.46409105716137	0	-1	
-11.513910373447644	219.69849764600627	0	-1	
14978
1	0	3	7	0	-1	-1	0
0	2	4	7	0	-1	-1	0
0	4	3	7	-1	-1	-1	0
6	1	3	7	-1	-1	-1	0
5	1	6	7	0	-1	-1	0
8	4	2	7	-1	-1	-1	0
8	2	7	7	-1	0	-1	0
3	4	10	7	-1	-1	-1	0
3	9	6	7	-1	-1	-1	0
3	10	9	7	-1	-1	-1	0
4	8	11	7	-1	-1	-1	0
5	6	13	7	-1	-1	-1	0
11	10	4	7	-1	-1	-1	0
14	6	9	7	-1	-1	-1	0
12	5	13	7	0	-1	-1	0
7	16	8	7	-1	-1	-1	0
14	13	6	7	-1	-1	-1	0
11	8	17	7	-1	-1	-1	0
7	15	16	7	0	-1	-1	0
9	10	19	6	-1	-1	-1	0
10	11	20	6	-1	-1	-1	0
17	8	16	7	-1	-1	-1	0
14	9	18	6	-1	-1	-1	0
18	9	19	6	-1	-1	-1	0
23	12	13	7	-1	-1	-1	0
10	20	19	6	-1	-1	-1	0
21	11	17	6	-1	-1	-1	0
14	24	13	7	-1	-1	-1	0
21	20	11	6	-1	-1	-1	0
25	14	18	6	-1	-1	-1	0
12	23	22	7	-1	-1	0	0
15	27	16	7	-1	-1	-1	0
13	24	23	7	-1	-1	-1	0
28	17	16	7	-1	-1	-1	0
24	14	25	6	-1	-1	-1	0
29	21	17	6	-1	-1	-1	0
15	26	27	7	0	-1	-1	0
19	31	18	6	-1	-1	-1	0
19	20	32	6	-1	-1	-1	0
28	16	27	7	-1	-1	-1	0
25	18	30	6	-1	-1	-1	0
20	21	33	6	-1	-1	-1	0
17	28	29	6	-1	-1	-1	0
30	18	31	6	-1	-1	-1	0
22	23	36	7	-1	-1	-1	0
19	32	31	6	-1	-1	-1	0
37	23	24	7	-1	-1	-1	0
34	21	29	6	-1	-1	-1	0
33	32	20	6	-1	-1	-1	0
25	38	24	6	-1	-1	-1	0
33	21	34	6	-1	-1	-1	0
36	35	22	7	-1	0	-1	0
25	30	39	6	-1	-1	-1	0
26	41	27	7	-1	-1	-1	0
23	37	36	7	-1	-1	-1	0
28	27	42	7	-1	-1	-1	0
37	24	38	6	-1	-1	-1	0
29	28	43	6	-1	-1	-1	0
39	38	25	6	-1	-1	-1	0
34	29	44	6	-1	-1	-1	0
41	26	40	7	-1	0	-1	0
30	31	46	5	-1	-1	-1	0
27	41	42	7	-1	-1	-1	0
31	32	47	5	-1	-1	-1	0
32	33	48	5	-1	-1	-1	0
28	42	43	6	-1	-1	-1	0
39	30	45	5	-1	-1	-1	0
43	44	29	6	-1	-1	-1	0
33	34	49	5	-1	-1	-1	0
30	46	45	5	-1	-1	-1	0
35	36	52	7	-1	-1	-1	0
46	31	47	5	-1	-1	-1	0
36	37	53	7	-1	-1	-1	0
32	48	47	5	-1	-1	-1	0
34	44	50	5	-1	-1	-1	0
37	38	54	6	-1	-1	-1	0
33	49	48	5	-1	-1	-1	0
55	38	39	6	-1	-1	-1	0
34	50	49	5	-1	-1	-1	0
51	35	52	7	0	-1	-1	0
58	41	40	7	-1	-1	-1	0
56	39	45	5	-1	-1	-1	0
52	36	53	7	-1	-1	-1	0
41	59	42	7	-1	-1	-1	0
37	54	53	6	-1	-1	-1	0
43	42	60	6	-1	-1	-1	0
54	38	55	6	-1	-1	-1	0
44	43	61	6	-1	-1	-1	0
39	56	55	5	-1	-1	-1	0
40	57	58	7	0	-1	-1	0
64	45	46	5	-1	-1	-1	0
44	62	50	5	-1	-1	-1	0
58	59	41	7	-1	-1	-1	0
47	65	46	5	-1	-1	-1	0
47	48	66	5	-1	-1	-1	0
59	60	42	6	-1	-1	-1	0
43	60	61	6	-1	-1	-1	0
45	63	56	5	-1	-1	-1	0
49	67	48	5	-1	-1	-1	0
50	68	49	5	-1	-1	-1	0
62	44	61	5	-1	-1	-1	0
64	63	45	5	-1	-1	-1	0
52	71	51	7	-1	-1	-1	0
64	46	65	5	-1	-1	-1	0
53	72	52	7	-1	-1	-1	0
47	66	65	5	-1	-1	-1	0
73	53	54	6	-1	-1	-1	0
67	66	48	5	-1	-1	-1	0
62	69	50	5	-1	-1	-1	0
74	54	55	6	-1	-1	-1	0
49	68	67	5	-1	-1	-1	0
55	56	75	5	-1	-1	-1	0
68	50	69	5	-1	-1	-1	0
71	70	51	7	-1	0	-1	0
57	78	58	7	-1	-1	-1	0
52	72	71	7	-1	-1	-1	0
76	56	63	5	-1	-1	-1	0
79	59	58	7	-1	-1	-1	0
72	53	73	6	-1	-1	-1	0
80	60	59	6	-1	-1	-1	0
73	54	74	6	-1	-1	-1	0
61	60	81	6	-1	-1	-1	0
75	74	55	5	-1	-1	-1	0
82	62	61	5	-1	-1	-1	0
56	76	75	5	-1	-1	-1	0
63	64	84	0	-1	-1	-1	0
77	78	57	7	-1	-1	0	0
62	83	69	5	-1	-1	-1	0
58	78	79	7	-1	-1	-1	0
65	86	64	0	-1	-1	-1	0
87	65	66	0	-1	-1	-1	0
59	79	80	6	-1	-1	-1	0
88	66	67	0	-1	-1	-1	0
81	60	80	6	-1	-1	-1	0
76	63	85	0	-1	-1	-1	0
68	89	67	0	-1	-1	-1	0
61	81	82	5	-1	-1	-1	0
82	83	62	5	-1	-1	-1	0
69	90	68	0	-1	-1	-1	0
63	84	85	0	-1	-1	-1	0
70	71	93	7	-1	-1	-1	0
84	64	86	0	-1	-1	-1	0
94	71	72	7	-1	-1	-1	0
65	87	86	0	-1	-1	-1	0
73	95	72	6	-1	-1	-1	0
66	88	87	0	-1	-1	-1	0
91	69	83	0	-1	-1	-1	0
73	74	96	6	-1	-1	-1	0
88	67	89	0	-1	-1	-1	0
74	75	97	5	-1	-1	-1	0
68	90	89	0	-1	-1	-1	0
75	76	98	5	-1	-1	-1	0
69	91	90	0	-1	-1	-1	0
92	70	93	7	0	-1	-1	0
77	101	78	7	-1	-1	-1	0
93	71	94	7	-1	-1	-1	0
102	79	78	7	-1	-1	-1	0
76	85	99	0	-1	-1	-1	0
94	72	95	6	-1	-1	-1	0
103	80	79	6	-1	-1	-1	0
96	95	73	6	-1	-1	-1	0
104	81	80	6	-1	-1	-1	0
96	74	97	5	-1	-1	-1	0
81	105	82	5	-1	-1	-1	0
97	75	98	5	-1	-1	-1	0
83	82	106	5	-1	-1	-1	0
76	99	98	0	-1	-1	-1	0
100	101	77	7	-1	-1	0	0
84	109	85	0	-1	-1	-1	0
108	84	86	0	-1	-1	-1	0
107	91	83	0	-1	-1	-1	0
108	86	87	0	-1	-1	-1	0
102	78	101	7	-1	-1	-1	0
79	102	103	6	-1	-1	-1	0
88	112	87	0	-1	-1	-1	0
104	80	103	6	-1	-1	-1	0
88	89	112	0	-1	-1	-1	0
104	105	81	5	-1	-1	-1	0
89	90	113	0	-1	-1	-1	0
82	105	106	5	-1	-1	-1	0
113	90	91	0	-1	-1	-1	0
111	99	85	0	-1	-1	-1	0
83	106	107	0	-1	-1	-1	0
84	108	109	0	-1	-1	-1	0
92	93	118	7	-1	-1	-1	0
85	109	110	0	-1	-1	-1	0
111	85	110	0	-1	-1	-1	0
119	93	94	7	-1	-1	-1	0
87	112	108	0	-1	-1	-1	0
94	95	120	6	-1	-1	-1	0
121	95	96	6	-1	-1	-1	0
91	107	116	0	-1	-1	-1	0
114	112	89	0	-1	-1	-1	0
97	122	96	5	-1	-1	-1	0
89	113	114	0	-1	-1	-1	0
98	123	97	5	-1	-1	-1	0
113	91	115	0	-1	-1	-1	0
116	115	91	0	-1	-1	-1	0
124	98	99	0	-1	-1	-1	0
126	101	100	7	-1	-1	-1	0
92	118	117	7	-1	-1	0	0
102	101	127	7	-1	-1	-1	0
119	118	93	7	-1	-1	-1	0
119	94	120	6	-1	-1	-1	0
102	128	103	6	-1	-1	-1	0
124	99	111	0	-1	-1	-1	0
120	95	121	6	-1	-1	-1	0
104	103	129	6	-1	-1	-1	0
122	121	96	5	-1	-1	-1	0
104	130	105	5	-1	-1	-1	0
97	123	122	5	-1	-1	-1	0
105	131	106	5	-1	-1	-1	0
106	132	107	0	-1	-1	-1	0
123	98	124	0	-1	-1	-1	0
133	109	108	0	-1	-1	-1	0
126	100	125	7	-1	0	-1	0
108	112	133	0	-1	-1	-1	0
110	109	134	0	-1	-1	-1	0
126	127	101	7	-1	-1	-1	0
116	107	132	0	-1	-1	-1	0
110	135	111	0	-1	-1	-1	0
127	128	102	6	-1	-1	-1	0
112	114	133	0	-1	-1	-1	0
103	128	129	6	-1	-1	-1	0
104	129	130	5	-1	-1	-1	0
113	138	114	0	-1	-1	-1	0
115	138	113	0	-1	-1	-1	0
131	105	130	5	-1	-1	-1	0
106	131	132	0	-1	-1	-1	0
124	111	137	0	-1	-1	-1	0
116	141	115	0	-1	-1	-1	0
109	133	134	0	-1	-1	-1	0
118	145	117	7	-1	-1	-1	0
136	110	134	0	-1	-1	-1	0
135	110	136	0	-1	-1	-1	0
111	135	137	0	-1	-1	-1	0
119	146	118	7	-1	-1	-1	0
119	120	147	6	-1	-1	-1	0
140	133	114	0	-1	-1	-1	0
148	120	121	6	-1	-1	-1	0
143	116	132	0	-1	-1	-1	0
139	114	138	0	-1	-1	-1	0
121	122	149	5	-1	-1	-1	0
114	139	140	0	-1	-1	-1	0
138	115	142	0	-1	-1	-1	0
150	122	123	5	-1	-1	-1	0
115	141	142	0	-1	-1	-1	0
123	124	151	0	-1	-1	-1	0
116	143	141	0	-1	-1	-1	0
125	154	126	7	-1	-1	-1	0
144	117	145	7	0	-1	-1	0
140	134	133	0	-1	-1	-1	0
155	127	126	7	-1	-1	-1	0
118	146	145	7	-1	-1	-1	0
156	128	127	6	-1	-1	-1	0
146	119	147	6	-1	-1	-1	0
137	152	124	0	-1	-1	-1	0
129	128	157	6	-1	-1	-1	0
147	120	148	6	-1	-1	-1	0
129	158	130	5	-1	-1	-1	0
148	121	149	5	-1	-1	-1	0
138	142	139	0	-1	-1	-1	0
159	131	130	5	-1	-1	-1	0
149	122	150	5	-1	-1	-1	0
131	160	132	0	-1	-1	-1	0
150	123	151	0	-1	-1	-1	0
152	151	124	0	-1	-1	-1	0
125	153	154	7	0	-1	-1	0
162	136	134	0	-1	-1	-1	0
135	136	163	0	-1	-1	-1	0
155	126	154	7	-1	-1	-1	0
135	163	137	0	-1	-1	-1	0
161	143	132	0	-1	-1	-1	0
134	140	162	0	-1	-1	-1	0
127	155	156	6	-1	-1	-1	0
157	128	156	6	-1	-1	-1	0
129	157	158	5	-1	-1	-1	0
166	140	139	0	-1	-1	-1	0
130	158	159	5	-1	-1	-1	0
142	167	139	0	-1	-1	-1	0
160	131	159	0	-1	-1	-1	0
168	142	141	0	-1	-1	-1	0
141	143	168	0	-1	-1	-1	0
132	160	161	0	-1	-1	-1	0
137	165	152	0	-1	-1	-1	0
144	145	171	7	-1	-1	-1	0
162	164	136	0	-1	-1	-1	0
163	136	164	0	-1	-1	-1	0
172	145	146	7	-1	-1	-1	0
137	163	165	0	-1	-1	-1	0
173	146	147	6	-1	-1	-1	0
162	140	166	0	-1	-1	-1	0
139	167	166	0	-1	-1	-1	0
148	174	147	6	-1	-1	-1	0
148	149	175	5	-1	-1	-1	0
169	143	161	0	-1	-1	-1	0
176	149	150	5	-1	-1	-1	0
168	167	142	0	-1	-1	-1	0
150	151	177	0	-1	-1	-1	0
168	143	169	0	-1	-1	-1	0
152	177	151	0	-1	-1	-1	0
170	144	171	7	0	-1	-1	0
153	180	154	7	-1	-1	-1	0
145	172	171	7	-1	-1	-1	0
155	154	181	7	-1	-1	-1	0
172	146	173	6	-1	-1	-1	0
155	182	156	6	-1	-1	-1	0
174	173	147	6	-1	-1	-1	0
152	165	178	0	-1	-1	-1	0
157	156	183	6	-1	-1	-1	0
174	148	175	5	-1	-1	-1	0
157	184	158	5	-1	-1	-1	0
176	175	149	5	-1	-1	-1	0
158	185	159	5	-1	-1	-1	0
150	177	176	0	-1	-1	-1	0
160	159	186	0	-1	-1	-1	0
177	152	178	0	-1	-1	-1	0
187	161	160	0	-1	-1	-1	0
180	153	179	7	-1	0	-1	0
181	154	180	7	-1	-1	-1	0
190	164	162	0	-1	-1	-1	0
155	181	182	6	-1	-1	-1	0
169	161	188	0	-1	-1	-1	0
162	166	191	0	-1	-1	-1	0
192	165	163	0	-1	-1	-1	0
163	164	193	0	-1	-1	-1	0
182	183	156	6	-1	-1	-1	0
183	184	157	5	-1	-1	-1	0
167	194	166	0	-1	-1	-1	0
184	185	158	5	-1	-1	-1	0
159	185	186	0	-1	-1	-1	0
168	196	167	0	-1	-1	-1	0
169	197	168	0	-1	-1	-1	0
187	160	186	0	-1	-1	-1	0
178	165	192	0	-1	-1	-1	0
161	187	188	0	-1	-1	-1	0
170	171	200	7	-1	-1	-1	0
189	190	162	0	-1	-1	-1	0
162	191	189	0	-1	-1	-1	0
171	172	201	7	-1	-1	-1	0
172	173	202	6	-1	-1	-1	0
193	164	190	0	-1	-1	-1	0
193	192	163	0	-1	-1	-1	0
203	173	174	6	-1	-1	-1	0
191	166	194	0	-1	-1	-1	0
175	204	174	5	-1	-1	-1	0
188	198	169	0	-1	-1	-1	0
176	205	175	5	-1	-1	-1	0
195	194	167	0	-1	-1	-1	0
167	196	195	0	-1	-1	-1	0
206	176	177	0	-1	-1	-1	0
168	197	196	0	-1	-1	-1	0
178	207	177	0	-1	-1	-1	0
169	198	197	0	-1	-1	-1	0
199	170	200	7	0	-1	-1	0
211	180	179	7	-1	-1	-1	0
181	180	212	7	-1	-1	-1	0
171	201	200	7	-1	-1	-1	0
201	172	202	6	-1	-1	-1	0
213	182	181	6	-1	-1	-1	0
202	173	203	6	-1	-1	-1	0
183	182	214	6	-1	-1	-1	0
209	178	192	0	-1	-1	-1	0
174	204	203	5	-1	-1	-1	0
183	215	184	5	-1	-1	-1	0
205	204	175	5	-1	-1	-1	0
185	184	216	5	-1	-1	-1	0
206	205	176	0	-1	-1	-1	0
185	217	186	0	-1	-1	-1	0
206	177	207	0	-1	-1	-1	0
187	186	217	0	-1	-1	-1	0
188	187	218	0	-1	-1	-1	0
207	178	208	0	-1	-1	-1	0
192	193	209	0	-1	-1	-1	0
209	208	178	0	-1	-1	-1	0
179	210	211	7	0	-1	-1	0
221	190	189	0	-1	-1	-1	0
191	222	189	0	-1	-1	-1	0
211	212	180	7	-1	-1	-1	0
198	188	219	0	-1	-1	-1	0
193	190	223	0	-1	-1	-1	0
212	213	181	6	-1	-1	-1	0
194	224	191	0	-1	-1	-1	0
182	213	214	6	-1	-1	-1	0
214	215	183	5	-1	-1	-1	0
194	195	224	0	-1	-1	-1	0
215	216	184	5	-1	-1	-1	0
226	195	196	0	-1	-1	-1	0
217	185	216	0	-1	-1	-1	0
197	228	196	0	-1	-1	-1	0
217	218	187	0	-1	-1	-1	0
228	197	198	0	-1	-1	-1	0
218	220	188	0	-1	-1	-1	0
209	193	225	0	-1	-1	-1	0
220	219	188	0	-1	-1	-1	0
221	189	222	0	-1	-1	-1	0
223	190	221	0	-1	-1	-1	0
235	199	200	7	-1	-1	-1	0
201	236	200	7	-1	-1	-1	0
222	191	224	0	-1	-1	-1	0
201	202	237	6	-1	-1	-1	0
193	223	225	0	-1	-1	-1	0
203	238	202	6	-1	-1	-1	0
239	203	204	5	-1	-1	-1	0
195	227	224	0	-1	-1	-1	0
227	195	226	0	-1	-1	-1	0
232	198	219	0	-1	-1	-1	0
240	204	205	5	-1	-1	-1	0
216	218	217	0	-1	-1	-1	0
229	226	196	0	-1	-1	-1	0
205	206	241	0	-1	-1	-1	0
196	228	230	0	-1	-1	-1	0
206	207	241	0	-1	-1	-1	0
196	230	229	0	-1	-1	-1	0
198	231	228	0	-1	-1	-1	0
242	207	208	0	-1	-1	-1	0
208	209	244	0	-1	-1	-1	0
231	198	233	0	-1	-1	-1	0
198	232	233	0	-1	-1	-1	0
210	247	211	7	-1	-1	-1	0
234	199	235	7	0	-1	-1	0
248	212	211	7	-1	-1	-1	0
200	236	235	7	-1	-1	-1	0
212	249	213	6	-1	-1	-1	0
236	201	237	6	-1	-1	-1	0
250	214	213	6	-1	-1	-1	0
202	238	237	6	-1	-1	-1	0
245	209	225	0	-1	-1	-1	0
238	203	239	5	-1	-1	-1	0
251	215	214	5	-1	-1	-1	0
215	252	216	5	-1	-1	-1	0
239	204	240	5	-1	-1	-1	0
218	216	252	0	-1	-1	-1	0
241	240	205	0	-1	-1	-1	0
230	228	231	0	-1	-1	-1	0
207	242	241	0	-1	-1	-1	0
220	218	253	0	-1	-1	-1	0
208	243	242	0	-1	-1	-1	0
220	254	219	0	-1	-1	-1	0
243	208	244	0	-1	-1	-1	0
245	244	209	0	-1	-1	-1	0
222	257	221	0	-1	-1	-1	0
223	221	256	0	-1	-1	-1	0
246	247	210	7	-1	-1	0	0
224	258	222	0	-1	-1	-1	0
219	254	232	0	-1	-1	-1	0
211	247	248	7	-1	-1	-1	0
212	248	249	6	-1	-1	-1	0
258	224	227	0	-1	-1	-1	0
225	223	261	0	-1	-1	-1	0
250	213	249	6	-1	-1	-1	0
214	250	251	5	-1	-1	-1	0
263	227	226	0	-1	-1	-1	0
251	252	215	5	-1	-1	-1	0
226	229	264	0	-1	-1	-1	0
218	252	253	0	-1	-1	-1	0
267	229	230	0	-1	-1	-1	0
220	253	255	0	-1	-1	-1	0
255	254	220	0	-1	-1	-1	0
230	231	269	0	-1	-1	-1	0
245	225	262	0	-1	-1	-1	0
269	231	233	0	-1	-1	-1	0
221	257	256	0	-1	-1	-1	0
232	270	233	0	-1	-1	-1	0
259	257	222	0	-1	-1	-1	0
261	223	256	0	-1	-1	-1	0
260	222	258	0	-1	-1	-1	0
259	222	260	0	-1	-1	-1	0
234	235	275	7	-1	-1	-1	0
276	235	236	7	-1	-1	-1	0
261	262	225	0	-1	-1	-1	0
236	237	277	6	-1	-1	-1	0
227	266	258	0	-1	-1	-1	0
263	226	264	0	-1	-1	-1	0
278	237	238	6	-1	-1	-1	0
227	263	265	0	-1	-1	-1	0
238	239	279	5	-1	-1	-1	0
232	254	271	0	-1	-1	-1	0
265	266	227	0	-1	-1	-1	0
280	239	240	5	-1	-1	-1	0
268	264	229	0	-1	-1	-1	0
240	241	281	0	-1	-1	-1	0
229	267	268	0	-1	-1	-1	0
242	281	241	0	-1	-1	-1	0
230	269	267	0	-1	-1	-1	0
282	242	243	0	-1	-1	-1	0
283	243	244	0	-1	-1	-1	0
245	284	244	0	-1	-1	-1	0
232	271	270	0	-1	-1	-1	0
270	272	233	0	-1	-1	-1	0
269	233	273	0	-1	-1	-1	0
273	233	272	0	-1	-1	-1	0
246	287	247	7	-1	-1	-1	0
274	234	275	7	0	-1	-1	0
247	288	248	7	-1	-1	-1	0
258	266	260	0	-1	-1	-1	0
276	275	235	7	-1	-1	-1	0
248	289	249	6	-1	-1	-1	0
236	277	276	6	-1	-1	-1	0
250	249	290	6	-1	-1	-1	0
251	250	291	5	-1	-1	-1	0
277	237	278	6	-1	-1	-1	0
285	245	262	0	-1	-1	-1	0
252	251	292	5	-1	-1	-1	0
278	238	279	5	-1	-1	-1	0
292	253	252	0	-1	-1	-1	0
239	280	279	5	-1	-1	-1	0
292	255	253	0	-1	-1	-1	0
280	240	281	0	-1	-1	-1	0
255	293	254	0	-1	-1	-1	0
242	282	281	0	-1	-1	-1	0
283	282	243	0	-1	-1	-1	0
257	296	256	0	-1	-1	-1	0
284	283	244	0	-1	-1	-1	0
261	256	296	0	-1	-1	-1	0
284	245	285	0	-1	-1	-1	0
298	257	259	0	-1	-1	-1	0
259	260	299	0	-1	-1	-1	0
293	271	254	0	-1	-1	-1	0
246	286	287	7	0	-1	-1	0
287	288	247	7	-1	-1	-1	0
261	301	262	0	-1	-1	-1	0
289	248	288	6	-1	-1	-1	0
266	300	260	0	-1	-1	-1	0
249	289	290	6	-1	-1	-1	0
304	263	264	0	-1	-1	-1	0
290	291	250	5	-1	-1	-1	0
263	304	265	0	-1	-1	-1	0
251	291	292	5	-1	-1	-1	0
264	268	305	0	-1	-1	-1	0
307	266	265	0	-1	-1	-1	0
295	255	292	0	-1	-1	-1	0
294	293	255	0	-1	-1	-1	0
267	308	268	0	-1	-1	-1	0
282	280	281	0	-1	-1	-1	0
295	294	255	0	-1	-1	-1	0
308	267	269	0	-1	-1	-1	0
262	301	285	0	-1	-1	-1	0
296	257	297	0	-1	-1	-1	0
297	257	298	0	-1	-1	-1	0
312	270	271	0	-1	-1	-1	0
273	311	269	0	-1	-1	-1	0
270	313	272	0	-1	-1	-1	0
298	259	299	0	-1	-1	-1	0
261	296	302	0	-1	-1	-1	0
299	260	300	0	-1	-1	-1	0
273	272	316	0	-1	-1	-1	0
303	301	261	0	-1	-1	-1	0
302	303	261	0	-1	-1	-1	0
319	274	275	7	-1	-1	-1	0
320	275	276	7	-1	-1	-1	0
266	307	300	0	-1	-1	-1	0
304	264	305	0	-1	-1	-1	0
277	321	276	6	-1	-1	-1	0
306	265	304	0	-1	-1	-1	0
277	278	322	6	-1	-1	-1	0
306	307	265	0	-1	-1	-1	0
295	292	291	5	-1	-1	-1	0
315	271	293	0	-1	-1	-1	0
278	279	323	5	-1	-1	-1	0
309	305	268	0	-1	-1	-1	0
279	280	324	5	-1	-1	-1	0
282	324	280	0	-1	-1	-1	0
308	310	268	0	-1	-1	-1	0
310	309	268	0	-1	-1	-1	0
269	311	308	0	-1	-1	-1	0
325	282	283	0	-1	-1	-1	0
284	326	283	0	-1	-1	-1	0
312	313	270	0	-1	-1	-1	0
328	284	285	0	-1	-1	-1	0
312	271	314	0	-1	-1	-1	0
315	314	271	0	-1	-1	-1	0
316	272	313	0	-1	-1	-1	0
273	317	311	0	-1	-1	-1	0
293	294	315	0	-1	-1	-1	0
316	317	273	0	-1	-1	-1	0
286	333	287	7	-1	-1	-1	0
287	334	288	7	-1	-1	-1	0
274	319	318	7	-1	-1	0	0
288	335	289	6	-1	-1	-1	0
275	320	319	7	-1	-1	-1	0
289	336	290	6	-1	-1	-1	0
301	330	285	0	-1	-1	-1	0
320	276	321	6	-1	-1	-1	0
290	337	291	5	-1	-1	-1	0
322	321	277	6	-1	-1	-1	0
295	291	337	5	-1	-1	-1	0
322	278	323	5	-1	-1	-1	0
324	323	279	5	-1	-1	-1	0
338	294	295	0	-1	-1	-1	0
282	325	324	0	-1	-1	-1	0
339	296	297	0	-1	-1	-1	0
330	301	303	0	-1	-1	-1	0
325	283	327	0	-1	-1	-1	0
298	341	297	0	-1	-1	-1	0
326	327	283	0	-1	-1	-1	0
339	302	296	0	-1	-1	-1	0
284	328	326	0	-1	-1	-1	0
343	298	299	0	-1	-1	-1	0
299	300	343	0	-1	-1	-1	0
331	328	285	0	-1	-1	-1	0
285	330	329	0	-1	-1	-1	0
329	331	285	0	-1	-1	-1	0
338	315	294	0	-1	-1	-1	0
303	302	345	0	-1	-1	-1	0
344	300	307	0	-1	-1	-1	0
286	332	333	7	0	-1	-1	0
287	333	334	7	-1	-1	-1	0
304	305	347	0	-1	-1	-1	0
288	334	335	6	-1	-1	-1	0
348	306	304	0	-1	-1	-1	0
335	336	289	6	-1	-1	-1	0
309	347	305	0	-1	-1	-1	0
306	349	307	0	-1	-1	-1	0
290	336	337	5	-1	-1	-1	0
310	308	351	0	-1	-1	-1	0
338	295	337	5	-1	-1	-1	0
351	308	311	0	-1	-1	-1	0
352	309	310	0	-1	-1	-1	0
339	297	340	0	-1	-1	-1	0
341	340	297	0	-1	-1	-1	0
313	312	354	0	-1	-1	-1	0
311	317	351	0	-1	-1	-1	0
330	303	346	0	-1	-1	-1	0
314	354	312	0	-1	-1	-1	0
342	341	298	0	-1	-1	-1	0
343	342	298	0	-1	-1	-1	0
316	313	355	0	-1	-1	-1	0
314	315	356	0	-1	-1	-1	0
339	345	302	0	-1	-1	-1	0
343	300	344	0	-1	-1	-1	0
316	360	317	0	-1	-1	-1	0
346	303	345	0	-1	-1	-1	0
347	348	304	0	-1	-1	-1	0
307	349	344	0	-1	-1	-1	0
318	319	364	7	-1	-1	-1	0
348	350	306	0	-1	-1	-1	0
365	319	320	7	-1	-1	-1	0
306	350	349	0	-1	-1	-1	0
320	321	366	6	-1	-1	-1	0
347	309	352	0	-1	-1	-1	0
322	367	321	6	-1	-1	-1	0
338	358	315	0	-1	-1	-1	0
368	322	323	5	-1	-1	-1	0
353	310	351	0	-1	-1	-1	0
352	310	353	0	-1	-1	-1	0
369	323	324	5	-1	-1	-1	0
369	324	325	0	-1	-1	-1	0
354	355	313	0	-1	-1	-1	0
327	370	325	0	-1	-1	-1	0
371	327	326	0	-1	-1	-1	0
371	326	328	0	-1	-1	-1	0
357	354	314	0	-1	-1	-1	0
314	356	357	0	-1	-1	-1	0
356	315	358	0	-1	-1	-1	0
355	359	316	0	-1	-1	-1	0
362	351	317	0	-1	-1	-1	0
328	331	373	0	-1	-1	-1	0
375	329	330	0	-1	-1	-1	0
374	331	329	0	-1	-1	-1	0
360	316	359	0	-1	-1	-1	0
317	360	361	0	-1	-1	-1	0
361	362	317	0	-1	-1	-1	0
380	333	332	7	-1	-1	-1	0
363	318	364	7	0	-1	-1	0
333	381	334	7	-1	-1	-1	0
365	364	319	7	-1	-1	-1	0
365	320	366	6	-1	-1	-1	0
334	382	335	6	-1	-1	-1	0
330	346	376	0	-1	-1	-1	0
321	367	366	6	-1	-1	-1	0
336	335	383	6	-1	-1	-1	0
322	368	367	5	-1	-1	-1	0
384	337	336	5	-1	-1	-1	0
338	337	384	5	-1	-1	-1	0
323	369	368	5	-1	-1	-1	0
339	340	385	0	-1	-1	-1	0
369	325	370	0	-1	-1	-1	0
386	340	341	0	-1	-1	-1	0
385	345	339	0	-1	-1	-1	0
370	327	372	0	-1	-1	-1	0
371	372	327	0	-1	-1	-1	0
341	342	388	0	-1	-1	-1	0
371	328	373	0	-1	-1	-1	0
342	343	390	0	-1	-1	-1	0
343	344	390	0	-1	-1	-1	0
374	329	375	0	-1	-1	-1	0
338	384	358	5	-1	-1	-1	0
376	375	330	0	-1	-1	-1	0
331	377	373	0	-1	-1	-1	0
374	378	331	0	-1	-1	-1	0
346	345	392	0	-1	-1	-1	0
391	344	349	0	-1	-1	-1	0
377	331	378	0	-1	-1	-1	0
350	391	349	0	-1	-1	-1	0
347	396	348	0	-1	-1	-1	0
332	379	380	7	0	-1	-1	0
352	395	347	0	-1	-1	-1	0
380	381	333	7	-1	-1	-1	0
348	397	350	0	-1	-1	-1	0
383	335	382	6	-1	-1	-1	0
334	381	382	6	-1	-1	-1	0
383	384	336	5	-1	-1	-1	0
353	351	401	0	-1	-1	-1	0
402	352	353	0	-1	-1	-1	0
340	387	385	0	-1	-1	-1	0
386	387	340	0	-1	-1	-1	0
355	354	404	0	-1	-1	-1	0
362	401	351	0	-1	-1	-1	0
388	386	341	0	-1	-1	-1	0
404	354	357	0	-1	-1	-1	0
393	376	346	0	-1	-1	-1	0
389	388	342	0	-1	-1	-1	0
407	357	356	0	-1	-1	-1	0
355	406	359	0	-1	-1	-1	0
407	356	358	0	-1	-1	-1	0
389	342	390	0	-1	-1	-1	0
345	385	392	0	-1	-1	-1	0
390	344	391	0	-1	-1	-1	0
359	411	360	0	-1	-1	-1	0
346	392	394	0	-1	-1	-1	0
346	394	393	0	-1	-1	-1	0
361	360	413	0	-1	-1	-1	0
361	414	362	0	-1	-1	-1	0
395	396	347	0	-1	-1	-1	0
400	391	350	0	-1	-1	-1	0
348	396	398	0	-1	-1	-1	0
348	399	397	0	-1	-1	-1	0
363	364	417	7	-1	-1	-1	0
398	399	348	0	-1	-1	-1	0
365	418	364	7	-1	-1	-1	0
400	350	397	0	-1	-1	-1	0
352	402	395	0	-1	-1	-1	0
365	366	419	6	-1	-1	-1	0
358	384	410	5	-1	-1	-1	0
367	420	366	6	-1	-1	-1	0
367	368	421	5	-1	-1	-1	0
403	353	401	0	-1	-1	-1	0
403	402	353	0	-1	-1	-1	0
368	369	422	5	-1	-1	-1	0
369	370	422	0	-1	-1	-1	0
405	355	404	0	-1	-1	-1	0
372	423	370	0	-1	-1	-1	0
355	405	406	0	-1	-1	-1	0
372	371	424	0	-1	-1	-1	0
424	371	373	0	-1	-1	-1	0
357	409	404	0	-1	-1	-1	0
357	407	408	0	-1	-1	-1	0
424	373	377	0	-1	-1	-1	0
426	374	375	0	-1	-1	-1	0
357	408	409	0	-1	-1	-1	0
407	358	410	5	-1	-1	-1	0
410	384	383	5	-1	-1	-1	0
406	412	359	0	-1	-1	-1	0
415	401	362	0	-1	-1	-1	0
374	426	378	0	-1	-1	-1	0
375	376	427	0	-1	-1	-1	0
411	359	412	0	-1	-1	-1	0
360	411	413	0	-1	-1	-1	0
430	377	378	0	-1	-1	-1	0
413	414	361	0	-1	-1	-1	0
414	415	362	0	-1	-1	-1	0
379	433	380	7	-1	-1	-1	0
434	381	380	7	-1	-1	-1	0
363	417	416	7	-1	-1	0	0
428	376	393	0	-1	-1	-1	0
435	382	381	6	-1	-1	-1	0
418	417	364	7	-1	-1	-1	0
436	383	382	6	-1	-1	-1	0
365	419	418	6	-1	-1	-1	0
420	419	366	6	-1	-1	-1	0
367	421	420	5	-1	-1	-1	0
385	387	437	0	-1	-1	-1	0
387	386	438	0	-1	-1	-1	0
421	368	422	5	-1	-1	-1	0
439	386	388	0	-1	-1	-1	0
385	437	392	0	-1	-1	-1	0
370	423	422	0	-1	-1	-1	0
388	389	439	0	-1	-1	-1	0
415	403	401	0	-1	-1	-1	0
423	372	425	0	-1	-1	-1	0
442	389	390	0	-1	-1	-1	0
372	424	425	0	-1	-1	-1	0
390	391	442	0	-1	-1	-1	0
426	375	427	0	-1	-1	-1	0
383	436	410	5	-1	-1	-1	0
424	377	429	0	-1	-1	-1	0
394	392	444	0	-1	-1	-1	0
376	428	427	0	-1	-1	-1	0
445	393	394	0	-1	-1	-1	0
442	391	400	0	-1	-1	-1	0
431	378	426	0	-1	-1	-1	0
429	377	430	0	-1	-1	-1	0
395	446	396	0	-1	-1	-1	0
378	431	430	0	-1	-1	-1	0
447	398	396	0	-1	-1	-1	0
402	446	395	0	-1	-1	-1	0
448	397	399	0	-1	-1	-1	0
433	379	432	7	-1	0	-1	0
448	400	397	0	-1	-1	-1	0
434	380	433	7	-1	-1	-1	0
399	398	450	0	-1	-1	-1	0
434	435	381	6	-1	-1	-1	0
435	436	382	6	-1	-1	-1	0
453	402	403	0	-1	-1	-1	0
386	439	438	0	-1	-1	-1	0
437	387	440	0	-1	-1	-1	0
456	405	404	0	-1	-1	-1	0
438	441	387	0	-1	-1	-1	0
445	428	393	0	-1	-1	-1	0
441	440	387	0	-1	-1	-1	0
405	457	406	0	-1	-1	-1	0
409	456	404	0	-1	-1	-1	0
439	389	443	0	-1	-1	-1	0
403	415	455	0	-1	-1	-1	0
444	392	437	0	-1	-1	-1	0
407	459	408	5	-1	-1	-1	0
443	389	442	0	-1	-1	-1	0
458	412	406	0	-1	-1	-1	0
410	459	407	5	-1	-1	-1	0
409	408	461	0	-1	-1	-1	0
424	429	425	0	-1	-1	-1	0
445	394	444	0	-1	-1	-1	0
411	412	463	0	-1	-1	-1	0
413	411	464	0	-1	-1	-1	0
447	396	446	0	-1	-1	-1	0
413	464	414	0	-1	-1	-1	0
398	447	449	0	-1	-1	-1	0
452	442	400	0	-1	-1	-1	0
468	415	414	0	-1	-1	-1	0
398	449	450	0	-1	-1	-1	0
451	448	399	0	-1	-1	-1	0
399	450	451	0	-1	-1	-1	0
400	448	452	0	-1	-1	-1	0
454	446	402	0	-1	-1	-1	0
417	471	416	7	-1	-1	-1	0
410	436	459	5	-1	-1	-1	0
472	417	418	7	-1	-1	-1	0
454	402	453	0	-1	-1	-1	0
473	418	419	6	-1	-1	-1	0
453	403	455	0	-1	-1	-1	0
419	420	474	6	-1	-1	-1	0
421	475	420	5	-1	-1	-1	0
457	405	456	0	-1	-1	-1	0
422	476	421	5	-1	-1	-1	0
422	423	476	0	-1	-1	-1	0
406	457	458	0	-1	-1	-1	0
425	476	423	0	-1	-1	-1	0
408	459	460	5	-1	-1	-1	0
456	409	462	0	-1	-1	-1	0
461	408	460	5	-1	-1	-1	0
426	427	479	0	-1	-1	-1	0
429	478	425	0	-1	-1	-1	0
461	462	409	0	-1	-1	-1	0
465	412	458	0	-1	-1	-1	0
427	428	481	0	-1	-1	-1	0
431	426	480	0	-1	-1	-1	0
452	443	442	0	-1	-1	-1	0
464	411	463	0	-1	-1	-1	0
415	468	455	0	-1	-1	-1	0
430	483	429	0	-1	-1	-1	0
463	412	467	0	-1	-1	-1	0
412	465	466	0	-1	-1	-1	0
431	484	430	0	-1	-1	-1	0
412	466	467	0	-1	-1	-1	0
464	469	414	0	-1	-1	-1	0
469	468	414	0	-1	-1	-1	0
433	432	488	7	-1	-1	-1	0
489	434	433	7	-1	-1	-1	0
428	445	482	0	-1	-1	-1	0
470	416	471	7	0	-1	-1	0
434	490	435	6	-1	-1	-1	0
417	472	471	7	-1	-1	-1	0
436	435	491	6	-1	-1	-1	0
472	418	473	6	-1	-1	-1	0
473	419	474	6	-1	-1	-1	0
474	420	475	5	-1	-1	-1	0
437	440	492	0	-1	-1	-1	0
493	438	439	0	-1	-1	-1	0
441	438	493	0	-1	-1	-1	0
476	475	421	5	-1	-1	-1	0
492	444	437	0	-1	-1	-1	0
494	439	443	0	-1	-1	-1	0
441	496	440	0	-1	-1	-1	0
477	476	425	0	-1	-1	-1	0
425	478	477	0	-1	-1	-1	0
479	480	426	0	-1	-1	-1	0
491	459	436	5	-1	-1	-1	0
479	427	481	0	-1	-1	-1	0
429	483	478	0	-1	-1	-1	0
501	445	444	0	-1	-1	-1	0
481	428	482	0	-1	-1	-1	0
452	500	443	0	-1	-1	-1	0
484	483	430	0	-1	-1	-1	0
446	504	447	0	-1	-1	-1	0
480	486	431	0	-1	-1	-1	0
484	431	485	0	-1	-1	-1	0
505	449	447	0	-1	-1	-1	0
485	431	486	0	-1	-1	-1	0
446	454	504	0	-1	-1	-1	0
448	506	452	0	-1	-1	-1	0
507	448	451	0	-1	-1	-1	0
449	508	450	0	-1	-1	-1	0
487	488	432	7	-1	-1	0	0
459	491	460	5	-1	-1	-1	0
488	489	433	7	-1	-1	-1	0
451	450	510	0	-1	-1	-1	0
489	490	434	6	-1	-1	-1	0
490	491	435	6	-1	-1	-1	0
454	453	512	0	-1	-1	-1	0
455	512	453	0	-1	-1	-1	0
493	439	494	0	-1	-1	-1	0
492	440	495	0	-1	-1	-1	0
477	475	476	5	-1	-1	-1	0
445	503	482	0	-1	-1	-1	0
457	456	517	0	-1	-1	-1	0
497	441	493	0	-1	-1	-1	0
496	495	440	0	-1	-1	-1	0
518	458	457	0	-1	-1	-1	0
456	462	516	0	-1	-1	-1	0
498	496	441	0	-1	-1	-1	0
497	498	441	0	-1	-1	-1	0
443	499	494	0	-1	-1	-1	0
492	502	444	0	-1	-1	-1	0
455	468	515	0	-1	-1	-1	0
465	458	519	0	-1	-1	-1	0
443	500	499	0	-1	-1	-1	0
461	460	521	5	-1	-1	-1	0
461	522	462	0	-1	-1	-1	0
501	444	502	0	-1	-1	-1	0
501	503	445	0	-1	-1	-1	0
523	464	463	0	-1	-1	-1	0
515	468	469	0	-1	-1	-1	0
523	463	467	0	-1	-1	-1	0
504	505	447	0	-1	-1	-1	0
465	525	466	0	-1	-1	-1	0
464	524	469	0	-1	-1	-1	0
506	500	452	0	-1	-1	-1	0
467	466	527	0	-1	-1	-1	0
507	506	448	0	-1	-1	-1	0
505	508	449	0	-1	-1	-1	0
509	450	508	0	-1	-1	-1	0
510	450	509	0	-1	-1	-1	0
507	451	511	0	-1	-1	-1	0
491	520	460	5	-1	-1	-1	0
514	504	454	0	-1	-1	-1	0
510	511	451	0	-1	-1	-1	0
471	533	470	7	-1	-1	-1	0
534	471	472	7	-1	-1	-1	0
513	454	512	0	-1	-1	-1	0
473	535	472	6	-1	-1	-1	0
454	513	514	0	-1	-1	-1	0
455	515	512	0	-1	-1	-1	0
473	474	536	6	-1	-1	-1	0
474	475	537	5	-1	-1	-1	0
477	537	475	5	-1	-1	-1	0
516	517	456	0	-1	-1	-1	0
457	517	518	0	-1	-1	-1	0
477	478	538	0	-1	-1	-1	0
519	458	518	0	-1	-1	-1	0
479	540	480	0	-1	-1	-1	0
483	539	478	0	-1	-1	-1	0
522	516	462	0	-1	-1	-1	0
481	541	479	0	-1	-1	-1	0
520	521	460	5	-1	-1	-1	0
490	520	491	6	-1	-1	-1	0
521	522	461	5	-1	-1	-1	0
481	482	544	0	-1	-1	-1	0
542	486	480	0	-1	-1	-1	0
525	465	519	0	-1	-1	-1	0
464	523	524	0	-1	-1	-1	0
547	483	484	0	-1	-1	-1	0
469	530	515	0	-1	-1	-1	0
485	548	484	0	-1	-1	-1	0
525	526	466	0	-1	-1	-1	0
526	527	466	0	-1	-1	-1	0
523	467	529	0	-1	-1	-1	0
549	485	486	0	-1	-1	-1	0
527	528	467	0	-1	-1	-1	0
504	514	505	0	-1	-1	-1	0
529	467	528	0	-1	-1	-1	0
531	469	524	0	-1	-1	-1	0
487	551	488	7	-1	-1	-1	0
489	488	552	7	-1	-1	-1	0
531	530	469	0	-1	-1	-1	0
546	482	503	0	-1	-1	-1	0
489	553	490	6	-1	-1	-1	0
470	533	532	7	-1	-1	0	0
471	534	533	7	-1	-1	-1	0
534	472	535	6	-1	-1	-1	0
495	554	492	0	-1	-1	-1	0
555	493	494	0	-1	-1	-1	0
536	535	473	6	-1	-1	-1	0
493	555	497	0	-1	-1	-1	0
556	495	496	0	-1	-1	-1	0
536	474	537	5	-1	-1	-1	0
494	499	555	0	-1	-1	-1	0
502	492	554	0	-1	-1	-1	0
498	557	496	0	-1	-1	-1	0
477	538	537	5	-1	-1	-1	0
498	497	559	0	-1	-1	-1	0
478	539	538	0	-1	-1	-1	0
541	540	479	0	-1	-1	-1	0
562	499	500	0	-1	-1	-1	0
553	520	490	6	-1	-1	-1	0
480	540	543	0	-1	-1	-1	0
480	543	542	0	-1	-1	-1	0
481	545	541	0	-1	-1	-1	0
566	501	502	0	-1	-1	-1	0
501	565	503	0	-1	-1	-1	0
539	483	547	0	-1	-1	-1	0
544	545	481	0	-1	-1	-1	0
506	564	500	0	-1	-1	-1	0
544	482	546	0	-1	-1	-1	0
506	507	564	0	-1	-1	-1	0
549	486	542	0	-1	-1	-1	0
484	548	547	0	-1	-1	-1	0
569	508	505	0	-1	-1	-1	0
548	485	549	0	-1	-1	-1	0
570	507	511	0	-1	-1	-1	0
508	571	509	0	-1	-1	-1	0
487	550	551	7	0	-1	-1	0
514	569	505	0	-1	-1	-1	0
510	509	572	0	-1	-1	-1	0
551	552	488	7	-1	-1	-1	0
489	552	553	6	-1	-1	-1	0
573	511	510	0	-1	-1	-1	0
512	576	513	0	-1	-1	-1	0
514	513	576	0	-1	-1	-1	0
515	577	512	0	-1	-1	-1	0
495	556	554	0	-1	-1	-1	0
556	496	557	0	-1	-1	-1	0
497	555	558	0	-1	-1	-1	0
580	517	516	0	-1	-1	-1	0
558	559	497	0	-1	-1	-1	0
499	562	555	0	-1	-1	-1	0
517	581	518	0	-1	-1	-1	0
561	557	498	0	-1	-1	-1	0
498	559	560	0	-1	-1	-1	0
568	546	503	0	-1	-1	-1	0
516	522	580	0	-1	-1	-1	0
498	560	561	0	-1	-1	-1	0
518	583	519	0	-1	-1	-1	0
515	530	577	0	-1	-1	-1	0
502	554	567	0	-1	-1	-1	0
562	500	563	0	-1	-1	-1	0
585	521	520	5	-1	-1	-1	0
500	564	563	0	-1	-1	-1	0
519	584	525	0	-1	-1	-1	0
521	586	522	5	-1	-1	-1	0
566	565	501	0	-1	-1	-1	0
587	524	523	0	-1	-1	-1	0
566	502	567	0	-1	-1	-1	0
503	565	568	0	-1	-1	-1	0
529	587	523	0	-1	-1	-1	0
525	589	526	0	-1	-1	-1	0
507	570	564	0	-1	-1	-1	0
527	526	590	0	-1	-1	-1	0
588	531	524	0	-1	-1	-1	0
591	528	527	0	-1	-1	-1	0
508	569	571	0	-1	-1	-1	0
528	592	529	0	-1	-1	-1	0
572	509	571	0	-1	-1	-1	0
511	574	570	0	-1	-1	-1	0
572	573	510	0	-1	-1	-1	0
531	595	530	0	-1	-1	-1	0
520	553	585	6	-1	-1	-1	0
511	573	575	0	-1	-1	-1	0
511	575	574	0	-1	-1	-1	0
569	514	579	0	-1	-1	-1	0
532	533	599	7	-1	-1	-1	0
576	512	577	0	-1	-1	-1	0
600	533	534	7	-1	-1	-1	0
576	578	514	0	-1	-1	-1	0
534	535	601	6	-1	-1	-1	0
579	514	578	0	-1	-1	-1	0
602	535	536	6	-1	-1	-1	0
555	562	558	0	-1	-1	-1	0
537	603	536	5	-1	-1	-1	0
517	580	581	0	-1	-1	-1	0
603	537	538	5	-1	-1	-1	0
518	581	582	0	-1	-1	-1	0
538	539	604	0	-1	-1	-1	0
583	518	582	0	-1	-1	-1	0
519	583	584	0	-1	-1	-1	0
541	605	540	0	-1	-1	-1	0
586	580	522	5	-1	-1	-1	0
543	540	606	0	-1	-1	-1	0
547	604	539	0	-1	-1	-1	0
585	586	521	5	-1	-1	-1	0
543	608	542	0	-1	-1	-1	0
545	607	541	0	-1	-1	-1	0
525	584	589	0	-1	-1	-1	0
524	587	588	0	-1	-1	-1	0
542	609	549	0	-1	-1	-1	0
545	544	611	0	-1	-1	-1	0
611	544	546	0	-1	-1	-1	0
530	595	577	0	-1	-1	-1	0
526	589	590	0	-1	-1	-1	0
590	591	527	0	-1	-1	-1	0
548	614	547	0	-1	-1	-1	0
587	529	594	0	-1	-1	-1	0
528	591	592	0	-1	-1	-1	0
549	616	548	0	-1	-1	-1	0
592	593	529	0	-1	-1	-1	0
597	531	588	0	-1	-1	-1	0
594	529	593	0	-1	-1	-1	0
550	618	551	7	-1	-1	-1	0
569	579	571	0	-1	-1	-1	0
595	531	596	0	-1	-1	-1	0
551	619	552	7	-1	-1	-1	0
597	596	531	0	-1	-1	-1	0
552	620	553	6	-1	-1	-1	0
568	613	546	0	-1	-1	-1	0
598	532	599	7	0	-1	-1	0
554	556	621	0	-1	-1	-1	0
533	600	599	7	-1	-1	-1	0
534	601	600	6	-1	-1	-1	0
557	623	556	0	-1	-1	-1	0
602	601	535	6	-1	-1	-1	0
561	623	557	0	-1	-1	-1	0
558	624	559	0	-1	-1	-1	0
536	603	602	5	-1	-1	-1	0
554	622	567	0	-1	-1	-1	0
558	562	625	0	-1	-1	-1	0
604	603	538	5	-1	-1	-1	0
559	626	560	0	-1	-1	-1	0
561	560	628	0	-1	-1	-1	0
563	625	562	0	-1	-1	-1	0
605	606	540	0	-1	-1	-1	0
607	605	541	0	-1	-1	-1	0
630	563	564	0	-1	-1	-1	0
585	553	620	6	-1	-1	-1	0
606	610	543	0	-1	-1	-1	0
609	542	608	0	-1	-1	-1	0
610	608	543	0	-1	-1	-1	0
632	565	566	0	-1	-1	-1	0
607	545	612	0	-1	-1	-1	0
565	632	568	0	-1	-1	-1	0
614	604	547	0	-1	-1	-1	0
631	564	570	0	-1	-1	-1	0
566	567	633	0	-1	-1	-1	0
611	612	545	0	-1	-1	-1	0
546	613	611	0	-1	-1	-1	0
616	549	609	0	-1	-1	-1	0
574	631	570	0	-1	-1	-1	0
615	614	548	0	-1	-1	-1	0
548	616	615	0	-1	-1	-1	0
572	571	636	0	-1	-1	-1	0
572	639	573	0	-1	-1	-1	0
550	617	618	7	0	-1	-1	0
637	571	579	0	-1	-1	-1	0
575	573	639	0	-1	-1	-1	0
618	619	551	7	-1	-1	-1	0
575	640	574	0	-1	-1	-1	0
552	619	620	6	-1	-1	-1	0
622	554	621	0	-1	-1	-1	0
577	645	576	0	-1	-1	-1	0
576	644	578	0	-1	-1	-1	0
556	623	621	0	-1	-1	-1	0
579	578	647	0	-1	-1	-1	0
624	558	625	0	-1	-1	-1	0
624	626	559	0	-1	-1	-1	0
648	581	580	5	-1	-1	-1	0
649	582	581	5	-1	-1	-1	0
561	629	623	0	-1	-1	-1	0
627	560	626	0	-1	-1	-1	0
648	580	586	5	-1	-1	-1	0
650	583	582	0	-1	-1	-1	0
560	627	628	0	-1	-1	-1	0
568	635	613	0	-1	-1	-1	0
630	625	563	0	-1	-1	-1	0
577	595	646	0	-1	-1	-1	0
629	561	628	0	-1	-1	-1	0
652	584	583	0	-1	-1	-1	0
634	567	622	0	-1	-1	-1	0
631	630	564	0	-1	-1	-1	0
586	585	654	5	-1	-1	-1	0
653	589	584	0	-1	-1	-1	0
655	588	587	0	-1	-1	-1	0
566	633	632	0	-1	-1	-1	0
567	634	633	0	-1	-1	-1	0
590	589	656	0	-1	-1	-1	0
635	568	632	0	-1	-1	-1	0
655	587	594	0	-1	-1	-1	0
657	591	590	0	-1	-1	-1	0
588	655	597	0	-1	-1	-1	0
659	592	591	0	-1	-1	-1	0
571	637	636	0	-1	-1	-1	0
636	638	572	0	-1	-1	-1	0
661	593	592	0	-1	-1	-1	0
631	574	641	0	-1	-1	-1	0
662	594	593	0	-1	-1	-1	0
572	638	639	0	-1	-1	-1	0
641	574	640	0	-1	-1	-1	0
575	639	642	0	-1	-1	-1	0
595	596	665	0	-1	-1	-1	0
643	640	575	0	-1	-1	-1	0
597	666	596	0	-1	-1	-1	0
585	620	654	6	-1	-1	-1	0
575	642	643	0	-1	-1	-1	0
637	579	647	0	-1	-1	-1	0
576	645	644	0	-1	-1	-1	0
645	577	646	0	-1	-1	-1	0
669	598	599	7	-1	-1	-1	0
644	647	578	0	-1	-1	-1	0
670	599	600	7	-1	-1	-1	0
600	601	671	6	-1	-1	-1	0
672	601	602	6	-1	-1	-1	0
602	603	673	5	-1	-1	-1	0
649	581	648	5	-1	-1	-1	0
604	673	603	5	-1	-1	-1	0
651	582	649	5	-1	-1	-1	0
651	650	582	5	-1	-1	-1	0
583	650	652	0	-1	-1	-1	0
674	605	607	0	-1	-1	-1	0
606	605	674	0	-1	-1	-1	0
648	586	654	5	-1	-1	-1	0
584	652	653	0	-1	-1	-1	0
673	604	614	5	-1	-1	-1	0
606	675	610	0	-1	-1	-1	0
608	678	609	0	-1	-1	-1	0
608	610	678	0	-1	-1	-1	0
612	677	607	0	-1	-1	-1	0
589	653	656	0	-1	-1	-1	0
641	630	631	0	-1	-1	-1	0
609	679	616	0	-1	-1	-1	0
611	682	612	0	-1	-1	-1	0
656	658	590	0	-1	-1	-1	0
657	590	658	0	-1	-1	-1	0
613	682	611	0	-1	-1	-1	0
665	646	595	0	-1	-1	-1	0
657	659	591	0	-1	-1	-1	0
660	592	659	0	-1	-1	-1	0
664	655	594	0	-1	-1	-1	0
660	661	592	0	-1	-1	-1	0
615	685	614	5	-1	-1	-1	0
593	661	662	0	-1	-1	-1	0
615	616	687	0	-1	-1	-1	0
655	667	597	0	-1	-1	-1	0
594	662	663	0	-1	-1	-1	0
594	663	664	0	-1	-1	-1	0
618	617	689	7	-1	-1	-1	0
665	596	666	0	-1	-1	-1	0
690	619	618	7	-1	-1	-1	0
666	597	667	0	-1	-1	-1	0
691	620	619	6	-1	-1	-1	0
684	613	635	0	-1	-1	-1	0
598	669	668	7	-1	-1	0	0
621	692	622	0	-1	-1	-1	0
623	692	621	0	-1	-1	-1	0
670	669	599	7	-1	-1	-1	0
600	671	670	6	-1	-1	-1	0
625	694	624	0	-1	-1	-1	0
623	629	692	0	-1	-1	-1	0
601	672	671	6	-1	-1	-1	0
626	624	694	0	-1	-1	-1	0
627	626	696	0	-1	-1	-1	0
602	673	672	5	-1	-1	-1	0
622	693	634	0	-1	-1	-1	0
625	630	695	0	-1	-1	-1	0
697	628	627	0	-1	-1	-1	0
675	606	674	0	-1	-1	-1	0
628	699	629	0	-1	-1	-1	0
665	645	646	0	-1	-1	-1	0
607	676	674	0	-1	-1	-1	0
676	607	677	0	-1	-1	-1	0
691	654	620	6	-1	-1	-1	0
641	695	630	0	-1	-1	-1	0
681	610	675	0	-1	-1	-1	0
609	678	679	0	-1	-1	-1	0
633	702	632	0	-1	-1	-1	0
610	680	678	0	-1	-1	-1	0
701	635	632	0	-1	-1	-1	0
703	633	634	0	-1	-1	-1	0
680	610	681	0	-1	-1	-1	0
677	612	682	0	-1	-1	-1	0
685	673	614	5	-1	-1	-1	0
683	682	613	0	-1	-1	-1	0
636	637	707	0	-1	-1	-1	0
638	636	706	0	-1	-1	-1	0
613	684	683	0	-1	-1	-1	0
679	687	616	0	-1	-1	-1	0
639	638	709	0	-1	-1	-1	0
615	686	685	5	-1	-1	-1	0
686	615	687	5	-1	-1	-1	0
709	642	639	0	-1	-1	-1	0
641	640	711	0	-1	-1	-1	0
637	647	708	0	-1	-1	-1	0
640	643	710	0	-1	-1	-1	0
689	617	688	7	-1	0	-1	0
689	690	618	7	-1	-1	-1	0
713	643	642	0	-1	-1	-1	0
619	690	691	6	-1	-1	-1	0
715	644	645	0	-1	-1	-1	0
647	644	714	0	-1	-1	-1	0
692	693	622	0	-1	-1	-1	0
695	694	625	0	-1	-1	-1	0
718	649	648	5	-1	-1	-1	0
696	626	694	0	-1	-1	-1	0
651	649	719	5	-1	-1	-1	0
718	648	654	5	-1	-1	-1	0
698	627	696	0	-1	-1	-1	0
692	629	700	0	-1	-1	-1	0
698	697	627	0	-1	-1	-1	0
720	652	650	0	-1	-1	-1	0
650	651	721	5	-1	-1	-1	0
699	628	697	0	-1	-1	-1	0
684	635	705	0	-1	-1	-1	0
720	653	652	0	-1	-1	-1	0
716	645	665	0	-1	-1	-1	0
699	700	629	0	-1	-1	-1	0
673	685	672	5	-1	-1	-1	0
634	693	704	0	-1	-1	-1	0
653	723	656	0	-1	-1	-1	0
701	632	702	0	-1	-1	-1	0
658	656	725	0	-1	-1	-1	0
703	702	633	0	-1	-1	-1	0
726	657	658	0	-1	-1	-1	0
701	705	635	0	-1	-1	-1	0
703	634	704	0	-1	-1	-1	0
659	657	726	0	-1	-1	-1	0
655	664	724	0	-1	-1	-1	0
655	724	667	0	-1	-1	-1	0
712	695	641	0	-1	-1	-1	0
659	729	660	0	-1	-1	-1	0
636	707	706	0	-1	-1	-1	0
660	731	661	0	-1	-1	-1	0
707	637	708	0	-1	-1	-1	0
638	706	709	0	-1	-1	-1	0
662	661	733	0	-1	-1	-1	0
662	735	663	0	-1	-1	-1	0
710	711	640	0	-1	-1	-1	0
718	654	691	6	-1	-1	-1	0
663	736	664	0	-1	-1	-1	0
711	712	641	0	-1	-1	-1	0
713	642	709	0	-1	-1	-1	0
713	710	643	0	-1	-1	-1	0
666	737	665	0	-1	-1	-1	0
666	667	739	0	-1	-1	-1	0
708	647	717	0	-1	-1	-1	0
644	715	714	0	-1	-1	-1	0
716	715	645	0	-1	-1	-1	0
668	669	741	7	-1	-1	-1	0
717	647	714	0	-1	-1	-1	0
669	670	742	7	-1	-1	-1	0
670	671	743	6	-1	-1	-1	0
649	718	719	5	-1	-1	-1	0
671	672	744	6	-1	-1	-1	0
720	650	721	5	-1	-1	-1	0
719	722	651	5	-1	-1	-1	0
721	651	722	5	-1	-1	-1	0
745	675	674	0	-1	-1	-1	0
723	653	720	0	-1	-1	-1	0
676	746	674	0	-1	-1	-1	0
744	672	685	5	-1	-1	-1	0
675	745	681	0	-1	-1	-1	0
676	677	749	0	-1	-1	-1	0
725	656	723	0	-1	-1	-1	0
682	750	677	0	-1	-1	-1	0
678	753	679	0	-1	-1	-1	0
752	678	680	0	-1	-1	-1	0
728	658	725	0	-1	-1	-1	0
726	658	727	0	-1	-1	-1	0
727	658	728	0	-1	-1	-1	0
685	686	744	5	-1	-1	-1	0
659	726	730	0	-1	-1	-1	0
682	683	750	0	-1	-1	-1	0
754	680	681	0	-1	-1	-1	0
659	730	729	0	-1	-1	-1	0
687	679	753	0	-1	-1	-1	0
665	738	716	0	-1	-1	-1	0
660	729	731	0	-1	-1	-1	0
664	736	724	0	-1	-1	-1	0
661	731	732	0	-1	-1	-1	0
758	683	684	0	-1	-1	-1	0
732	733	661	0	-1	-1	-1	0
662	733	734	0	-1	-1	-1	0
667	724	739	0	-1	-1	-1	0
662	734	735	0	-1	-1	-1	0
707	708	717	0	-1	-1	-1	0
761	686	687	5	-1	-1	-1	0
663	735	736	0	-1	-1	-1	0
688	763	689	7	-1	-1	-1	0
737	738	665	0	-1	-1	-1	0
666	739	737	0	-1	-1	-1	0
690	689	764	7	-1	-1	-1	0
690	765	691	6	-1	-1	-1	0
759	684	705	0	-1	-1	-1	0
740	668	741	7	0	-1	-1	0
693	692	766	0	-1	-1	-1	0
741	669	742	7	-1	-1	-1	0
742	670	743	6	-1	-1	-1	0
767	694	695	0	-1	-1	-1	0
694	767	696	0	-1	-1	-1	0
700	766	692	0	-1	-1	-1	0
743	671	744	6	-1	-1	-1	0
696	768	698	0	-1	-1	-1	0
766	704	693	0	-1	-1	-1	0
697	698	769	0	-1	-1	-1	0
674	746	745	0	-1	-1	-1	0
697	769	699	0	-1	-1	-1	0
747	746	676	0	-1	-1	-1	0
699	772	700	0	-1	-1	-1	0
747	676	748	0	-1	-1	-1	0
749	748	676	0	-1	-1	-1	0
712	767	695	0	-1	-1	-1	0
691	765	718	6	-1	-1	-1	0
677	751	749	0	-1	-1	-1	0
750	751	677	0	-1	-1	-1	0
775	701	702	0	-1	-1	-1	0
703	777	702	0	-1	-1	-1	0
776	705	701	0	-1	-1	-1	0
757	681	745	0	-1	-1	-1	0
678	752	753	0	-1	-1	-1	0
703	704	778	0	-1	-1	-1	0
680	755	752	0	-1	-1	-1	0
755	680	754	0	-1	-1	-1	0
744	686	760	5	-1	-1	-1	0
683	758	750	0	-1	-1	-1	0
681	756	754	0	-1	-1	-1	0
781	706	707	0	-1	-1	-1	0
681	757	756	0	-1	-1	-1	0
709	706	782	0	-1	-1	-1	0
687	753	761	5	-1	-1	-1	0
684	759	758	0	-1	-1	-1	0
765	719	718	6	-1	-1	-1	0
713	709	782	0	-1	-1	-1	0
710	786	711	4	-1	-1	-1	0
760	686	761	5	-1	-1	-1	0
710	713	785	4	-1	-1	-1	0
707	717	784	0	-1	-1	-1	0
711	788	712	0	-1	-1	-1	0
688	762	763	7	0	-1	-1	0
764	689	763	7	-1	-1	-1	0
764	765	690	6	-1	-1	-1	0
714	715	790	0	-1	-1	-1	0
717	714	791	0	-1	-1	-1	0
792	715	716	0	-1	-1	-1	0
696	767	768	0	-1	-1	-1	0
794	722	719	6	-1	-1	-1	0
770	698	768	4	-1	-1	-1	0
721	795	720	5	-1	-1	-1	0
769	698	771	4	-1	-1	-1	0
770	771	698	4	-1	-1	-1	0
720	795	723	5	-1	-1	-1	0
722	796	721	5	-1	-1	-1	0
766	700	774	0	-1	-1	-1	0
699	769	773	0	-1	-1	-1	0
705	780	759	0	-1	-1	-1	0
773	772	699	0	-1	-1	-1	0
774	704	766	0	-1	-1	-1	0
725	723	798	5	-1	-1	-1	0
716	738	792	0	-1	-1	-1	0
772	774	700	0	-1	-1	-1	0
744	760	743	6	-1	-1	-1	0
746	757	745	0	-1	-1	-1	0
775	776	701	0	-1	-1	-1	0
775	702	777	0	-1	-1	-1	0
728	725	802	5	-1	-1	-1	0
726	727	803	0	-1	-1	-1	0
774	779	704	0	-1	-1	-1	0
778	777	703	0	-1	-1	-1	0
803	730	726	0	-1	-1	-1	0
751	750	758	0	-1	-1	-1	0
804	727	728	0	-1	-1	-1	0
801	724	736	0	-1	-1	-1	0
779	778	704	0	-1	-1	-1	0
705	776	780	0	-1	-1	-1	0
724	800	739	0	-1	-1	-1	0
806	729	730	0	-1	-1	-1	0
806	731	729	0	-1	-1	-1	0
767	712	788	0	-1	-1	-1	0
781	782	706	0	-1	-1	-1	0
707	783	781	0	-1	-1	-1	0
731	810	732	0	-1	-1	-1	0
707	784	783	0	-1	-1	-1	0
732	811	733	0	-1	-1	-1	0
794	719	765	6	-1	-1	-1	0
733	812	734	0	-1	-1	-1	0
786	710	785	4	-1	-1	-1	0
734	813	735	0	-1	-1	-1	0
786	787	711	4	-1	-1	-1	0
713	782	789	4	-1	-1	-1	0
815	736	735	0	-1	-1	-1	0
711	787	788	4	-1	-1	-1	0
713	789	785	4	-1	-1	-1	0
738	737	816	0	-1	-1	-1	0
791	784	717	0	-1	-1	-1	0
739	816	737	0	-1	-1	-1	0
714	790	791	0	-1	-1	-1	0
715	793	790	0	-1	-1	-1	0
740	741	819	7	-1	-1	-1	0
715	792	793	0	-1	-1	-1	0
742	820	741	7	-1	-1	-1	0
742	743	821	6	-1	-1	-1	0
796	795	721	5	-1	-1	-1	0
794	797	722	6	-1	-1	-1	0
796	722	797	6	-1	-1	-1	0
723	795	798	5	-1	-1	-1	0
747	823	746	0	-1	-1	-1	0
747	748	824	0	-1	-1	-1	0
825	748	749	0	-1	-1	-1	0
788	768	767	0	-1	-1	-1	0
764	794	765	6	-1	-1	-1	0
724	799	800	0	-1	-1	-1	0
821	743	760	6	-1	-1	-1	0
801	799	724	0	-1	-1	-1	0
725	798	802	5	-1	-1	-1	0
822	757	746	0	-1	-1	-1	0
751	826	749	0	-1	-1	-1	0
752	828	753	5	-1	-1	-1	0
727	804	803	0	-1	-1	-1	0
728	802	805	5	-1	-1	-1	0
755	829	752	5	-1	-1	-1	0
758	827	751	0	-1	-1	-1	0
804	728	805	5	-1	-1	-1	0
754	830	755	0	-1	-1	-1	0
830	754	756	0	-1	-1	-1	0
809	730	803	0	-1	-1	-1	0
753	828	761	5	-1	-1	-1	0
730	807	806	0	-1	-1	-1	0
757	832	756	0	-1	-1	-1	0
730	808	807	0	-1	-1	-1	0
738	817	792	0	-1	-1	-1	0
809	808	730	0	-1	-1	-1	0
731	806	810	0	-1	-1	-1	0
758	759	834	0	-1	-1	-1	0
736	815	801	0	-1	-1	-1	0
732	810	811	0	-1	-1	-1	0
739	800	816	0	-1	-1	-1	0
811	812	733	0	-1	-1	-1	0
760	761	836	5	-1	-1	-1	0
734	812	813	0	-1	-1	-1	0
813	814	735	0	-1	-1	-1	0
838	763	762	7	-1	-1	-1	0
735	814	815	0	-1	-1	-1	0
763	839	764	7	-1	-1	-1	0
817	738	816	0	-1	-1	-1	0
835	759	780	0	-1	-1	-1	0
740	819	818	7	-1	-1	0	0
840	770	768	4	-1	-1	-1	0
819	741	820	7	-1	-1	-1	0
771	841	769	4	-1	-1	-1	0
820	742	821	6	-1	-1	-1	0
771	770	843	4	-1	-1	-1	0
769	842	773	4	-1	-1	-1	0
845	772	773	0	-1	-1	-1	0
823	822	746	0	-1	-1	-1	0
772	846	774	0	-1	-1	-1	0
824	823	747	0	-1	-1	-1	0
788	840	768	4	-1	-1	-1	0
825	824	748	0	-1	-1	-1	0
764	839	794	6	-1	-1	-1	0
776	775	848	0	-1	-1	-1	0
846	779	774	0	-1	-1	-1	0
826	825	749	0	-1	-1	-1	0
848	775	777	0	-1	-1	-1	0
751	827	826	0	-1	-1	-1	0
849	780	776	0	-1	-1	-1	0
850	777	778	0	-1	-1	-1	0
778	779	851	0	-1	-1	-1	0
829	828	752	5	-1	-1	-1	0
822	833	757	0	-1	-1	-1	0
755	831	829	5	-1	-1	-1	0
830	831	755	5	-1	-1	-1	0
803	804	809	0	-1	-1	-1	0
821	760	836	6	-1	-1	-1	0
830	756	832	0	-1	-1	-1	0
758	834	827	0	-1	-1	-1	0
782	781	858	4	-1	-1	-1	0
781	783	857	4	-1	-1	-1	0
757	833	832	0	-1	-1	-1	0
836	761	828	5	-1	-1	-1	0
783	784	860	0	-1	-1	-1	0
759	835	834	0	-1	-1	-1	0
858	789	782	4	-1	-1	-1	0
839	797	794	6	-1	-1	-1	0
864	786	785	4	-1	-1	-1	0
762	837	838	7	0	-1	-1	0
791	862	784	0	-1	-1	-1	0
789	865	785	4	-1	-1	-1	0
763	838	839	7	-1	-1	-1	0
787	786	868	4	-1	-1	-1	0
787	869	788	4	-1	-1	-1	0
870	791	790	0	-1	-1	-1	0
842	769	841	4	-1	-1	-1	0
793	870	790	0	-1	-1	-1	0
843	770	840	4	-1	-1	-1	0
771	844	841	4	-1	-1	-1	0
872	793	792	0	-1	-1	-1	0
844	771	843	4	-1	-1	-1	0
847	773	842	4	-1	-1	-1	0
845	846	772	0	-1	-1	-1	0
773	847	845	4	-1	-1	-1	0
796	875	795	5	-1	-1	-1	0
795	875	798	5	-1	-1	-1	0
876	796	797	6	-1	-1	-1	0
780	856	835	0	-1	-1	-1	0
849	776	848	0	-1	-1	-1	0
848	777	850	0	-1	-1	-1	0
878	802	798	5	-1	-1	-1	0
799	879	800	0	-1	-1	-1	0
846	854	779	0	-1	-1	-1	0
801	880	799	0	-1	-1	-1	0
778	852	850	0	-1	-1	-1	0
872	792	817	0	-1	-1	-1	0
851	853	778	0	-1	-1	-1	0
852	778	853	0	-1	-1	-1	0
855	780	849	0	-1	-1	-1	0
779	854	851	0	-1	-1	-1	0
884	805	802	5	-1	-1	-1	0
780	855	856	0	-1	-1	-1	0
804	805	885	5	-1	-1	-1	0
781	857	858	4	-1	-1	-1	0
788	869	840	4	-1	-1	-1	0
816	800	881	0	-1	-1	-1	0
801	815	882	0	-1	-1	-1	0
809	804	885	5	-1	-1	-1	0
859	857	783	4	-1	-1	-1	0
806	807	887	0	-1	-1	-1	0
783	860	859	4	-1	-1	-1	0
887	810	806	0	-1	-1	-1	0
888	807	808	0	-1	-1	-1	0
860	784	861	0	-1	-1	-1	0
808	809	889	5	-1	-1	-1	0
862	861	784	0	-1	-1	-1	0
789	858	865	4	-1	-1	-1	0
891	811	810	0	-1	-1	-1	0
785	863	864	4	-1	-1	-1	0
785	865	863	4	-1	-1	-1	0
877	797	839	6	-1	-1	-1	0
812	811	892	0	-1	-1	-1	0
867	786	864	4	-1	-1	-1	0
894	813	812	0	-1	-1	-1	0
867	866	786	4	-1	-1	-1	0
786	866	868	4	-1	-1	-1	0
896	814	813	0	-1	-1	-1	0
862	791	871	0	-1	-1	-1	0
869	787	868	4	-1	-1	-1	0
897	815	814	0	-1	-1	-1	0
817	816	899	0	-1	-1	-1	0
870	871	791	0	-1	-1	-1	0
874	870	793	0	-1	-1	-1	0
872	873	793	0	-1	-1	-1	0
793	873	874	0	-1	-1	-1	0
818	819	903	7	-1	-1	-1	0
904	819	820	7	-1	-1	-1	0
905	820	821	6	-1	-1	-1	0
796	876	875	6	-1	-1	-1	0
876	797	877	6	-1	-1	-1	0
875	878	798	5	-1	-1	-1	0
823	906	822	0	-1	-1	-1	0
838	877	839	7	-1	-1	-1	0
824	908	823	0	-1	-1	-1	0
825	909	824	0	-1	-1	-1	0
880	879	799	0	-1	-1	-1	0
800	879	881	0	-1	-1	-1	0
826	910	825	0	-1	-1	-1	0
907	833	822	0	-1	-1	-1	0
905	821	836	6	-1	-1	-1	0
878	884	802	5	-1	-1	-1	0
883	880	801	0	-1	-1	-1	0
826	827	912	0	-1	-1	-1	0
882	883	801	0	-1	-1	-1	0
829	914	828	5	-1	-1	-1	0
912	827	834	0	-1	-1	-1	0
829	831	915	5	-1	-1	-1	0
884	886	805	5	-1	-1	-1	0
886	885	805	5	-1	-1	-1	0
830	916	831	5	-1	-1	-1	0
914	836	828	5	-1	-1	-1	0
832	916	830	5	-1	-1	-1	0
887	807	888	0	-1	-1	-1	0
809	885	889	5	-1	-1	-1	0
918	832	833	5	-1	-1	-1	0
890	888	808	5	-1	-1	-1	0
889	890	808	5	-1	-1	-1	0
810	887	891	0	-1	-1	-1	0
900	872	817	0	-1	-1	-1	0
835	920	834	0	-1	-1	-1	0
891	893	811	0	-1	-1	-1	0
815	898	882	0	-1	-1	-1	0
893	892	811	0	-1	-1	-1	0
816	881	899	0	-1	-1	-1	0
838	837	922	7	-1	-1	-1	0
892	894	812	0	-1	-1	-1	0
895	813	894	0	-1	-1	-1	0
895	896	813	0	-1	-1	-1	0
843	840	923	4	-1	-1	-1	0
814	896	897	0	-1	-1	-1	0
842	841	924	4	-1	-1	-1	0
924	841	844	4	-1	-1	-1	0
898	815	897	0	-1	-1	-1	0
856	920	835	0	-1	-1	-1	0
927	844	843	4	-1	-1	-1	0
925	847	842	4	-1	-1	-1	0
899	901	817	0	-1	-1	-1	0
901	900	817	0	-1	-1	-1	0
845	929	846	0	-1	-1	-1	0
818	903	902	7	-1	-1	0	0
930	845	847	4	-1	-1	-1	0
904	903	819	7	-1	-1	-1	0
820	905	904	6	-1	-1	-1	0
931	854	846	0	-1	-1	-1	0
850	934	848	0	-1	-1	-1	0
923	840	869	4	-1	-1	-1	0
849	848	935	0	-1	-1	-1	0
822	906	907	0	-1	-1	-1	0
850	852	934	0	-1	-1	-1	0
906	823	908	0	-1	-1	-1	0
838	922	877	7	-1	-1	-1	0
936	855	849	0	-1	-1	-1	0
851	937	853	0	-1	-1	-1	0
908	824	909	0	-1	-1	-1	0
854	938	851	0	-1	-1	-1	0
852	853	939	0	-1	-1	-1	0
825	911	909	0	-1	-1	-1	0
911	825	910	0	-1	-1	-1	0
913	910	826	0	-1	-1	-1	0
913	826	912	0	-1	-1	-1	0
905	836	914	6	-1	-1	-1	0
856	855	944	0	-1	-1	-1	0
915	914	829	5	-1	-1	-1	0
907	919	833	5	-1	-1	-1	0
858	857	946	4	-1	-1	-1	0
917	915	831	5	-1	-1	-1	0
898	883	882	0	-1	-1	-1	0
916	917	831	5	-1	-1	-1	0
857	859	948	4	-1	-1	-1	0
916	832	918	5	-1	-1	-1	0
920	912	834	0	-1	-1	-1	0
859	860	951	4	-1	-1	-1	0
833	919	918	5	-1	-1	-1	0
860	861	951	4	-1	-1	-1	0
865	858	950	4	-1	-1	-1	0
862	952	861	0	-1	-1	-1	0
921	922	837	7	-1	-1	0	0
955	863	865	4	-1	-1	-1	0
864	863	956	4	-1	-1	-1	0
862	871	954	0	-1	-1	-1	0
867	864	956	4	-1	-1	-1	0
842	924	925	4	-1	-1	-1	0
868	866	958	4	-1	-1	-1	0
959	866	867	4	-1	-1	-1	0
923	926	843	4	-1	-1	-1	0
869	868	958	4	-1	-1	-1	0
843	926	927	4	-1	-1	-1	0
924	844	928	4	-1	-1	-1	0
844	927	928	4	-1	-1	-1	0
930	929	845	4	-1	-1	-1	0
871	870	960	0	-1	-1	-1	0
874	960	870	0	-1	-1	-1	0
925	933	847	4	-1	-1	-1	0
929	931	846	0	-1	-1	-1	0
961	873	872	0	-1	-1	-1	0
873	962	874	0	-1	-1	-1	0
932	847	933	4	-1	-1	-1	0
876	964	875	6	-1	-1	-1	0
930	847	932	4	-1	-1	-1	0
934	935	848	0	-1	-1	-1	0
964	878	875	6	-1	-1	-1	0
965	876	877	6	-1	-1	-1	0
849	935	936	0	-1	-1	-1	0
920	856	945	0	-1	-1	-1	0
852	940	934	0	-1	-1	-1	0
937	851	938	0	-1	-1	-1	0
967	879	880	0	-1	-1	-1	0
967	881	879	0	-1	-1	-1	0
878	966	884	6	-1	-1	-1	0
854	931	943	0	-1	-1	-1	0
883	968	880	0	-1	-1	-1	0
852	939	940	0	-1	-1	-1	0
941	939	853	0	-1	-1	-1	0
853	937	942	0	-1	-1	-1	0
961	872	900	0	-1	-1	-1	0
938	854	943	0	-1	-1	-1	0
944	855	936	0	-1	-1	-1	0
941	853	942	0	-1	-1	-1	0
884	972	886	6	-1	-1	-1	0
886	973	885	5	-1	-1	-1	0
945	856	944	0	-1	-1	-1	0
885	973	889	5	-1	-1	-1	0
969	899	881	0	-1	-1	-1	0
947	946	857	4	-1	-1	-1	0
923	869	958	4	-1	-1	-1	0
975	887	888	0	-1	-1	-1	0
947	857	948	4	-1	-1	-1	0
971	883	898	0	-1	-1	-1	0
949	858	946	4	-1	-1	-1	0
887	975	891	0	-1	-1	-1	0
888	890	976	5	-1	-1	-1	0
977	890	889	5	-1	-1	-1	0
950	858	949	4	-1	-1	-1	0
951	948	859	4	-1	-1	-1	0
893	891	979	0	-1	-1	-1	0
877	922	965	7	-1	-1	-1	0
980	892	893	0	-1	-1	-1	0
953	951	861	4	-1	-1	-1	0
894	892	980	0	-1	-1	-1	0
861	952	953	4	-1	-1	-1	0
862	954	952	0	-1	-1	-1	0
901	899	969	0	-1	-1	-1	0
894	983	895	0	-1	-1	-1	0
950	957	865	4	-1	-1	-1	0
956	863	955	4	-1	-1	-1	0
895	985	896	0	-1	-1	-1	0
865	957	955	4	-1	-1	-1	0
896	987	897	0	-1	-1	-1	0
867	956	959	4	-1	-1	-1	0
959	958	866	4	-1	-1	-1	0
897	989	898	0	-1	-1	-1	0
960	954	871	0	-1	-1	-1	0
901	992	900	0	-1	-1	-1	0
873	961	962	0	-1	-1	-1	0
874	963	960	0	-1	-1	-1	0
963	874	962	0	-1	-1	-1	0
902	903	996	7	-1	-1	-1	0
904	997	903	7	-1	-1	-1	0
965	964	876	6	-1	-1	-1	0
904	905	998	6	-1	-1	-1	0
878	964	966	6	-1	-1	-1	0
908	999	906	0	-1	-1	-1	0
906	1000	907	0	-1	-1	-1	0
880	968	967	0	-1	-1	-1	0
914	998	905	6	-1	-1	-1	0
967	970	881	0	-1	-1	-1	0
908	909	1002	0	-1	-1	-1	0
881	970	969	0	-1	-1	-1	0
968	883	971	0	-1	-1	-1	0
972	884	966	6	-1	-1	-1	0
911	1002	909	0	-1	-1	-1	0
1003	911	910	0	-1	-1	-1	0
998	914	915	6	-1	-1	-1	0
910	913	1004	0	-1	-1	-1	0
907	1001	919	5	-1	-1	-1	0
912	1006	913	0	-1	-1	-1	0
886	972	974	6	-1	-1	-1	0
973	886	974	6	-1	-1	-1	0
920	1006	912	0	-1	-1	-1	0
973	977	889	5	-1	-1	-1	0
975	888	976	5	-1	-1	-1	0
1009	915	917	6	-1	-1	-1	0
1010	917	916	5	-1	-1	-1	0
1010	916	918	5	-1	-1	-1	0
978	976	890	5	-1	-1	-1	0
977	978	890	5	-1	-1	-1	0
975	979	891	0	-1	-1	-1	0
918	919	1012	5	-1	-1	-1	0
991	961	900	0	-1	-1	-1	0
980	893	981	0	-1	-1	-1	0
893	979	982	0	-1	-1	-1	0
982	981	893	0	-1	-1	-1	0
894	980	984	0	-1	-1	-1	0
898	990	971	0	-1	-1	-1	0
894	984	983	0	-1	-1	-1	0
921	1018	922	7	-1	-1	-1	0
993	901	969	0	-1	-1	-1	0
895	983	985	0	-1	-1	-1	0
896	985	986	0	-1	-1	-1	0
923	1019	926	4	-1	-1	-1	0
986	987	896	0	-1	-1	-1	0
1021	925	924	4	-1	-1	-1	0
928	1020	924	4	-1	-1	-1	0
897	987	988	0	-1	-1	-1	0
897	988	989	0	-1	-1	-1	0
927	926	1024	0	-1	-1	-1	0
898	989	990	0	-1	-1	-1	0
920	945	1015	0	-1	-1	-1	0
928	927	1026	0	-1	-1	-1	0
925	1023	933	4	-1	-1	-1	0
992	991	900	0	-1	-1	-1	0
994	992	901	0	-1	-1	-1	0
930	1028	929	4	-1	-1	-1	0
901	993	994	0	-1	-1	-1	0
1029	931	929	0	-1	-1	-1	0
932	1030	930	4	-1	-1	-1	0
902	996	995	7	-1	-1	0	0
996	903	997	7	-1	-1	-1	0
933	1032	932	4	-1	-1	-1	0
997	904	998	6	-1	-1	-1	0
923	958	1019	4	-1	-1	-1	0
935	934	1034	0	-1	-1	-1	0
943	931	1029	0	-1	-1	-1	0
965	922	1018	7	-1	-1	-1	0
1000	906	999	0	-1	-1	-1	0
1035	936	935	0	-1	-1	-1	0
1034	934	940	0	-1	-1	-1	0
1000	1001	907	5	-1	-1	-1	0
908	1002	999	0	-1	-1	-1	0
937	938	1037	0	-1	-1	-1	0
944	936	1036	0	-1	-1	-1	0
1003	910	1004	0	-1	-1	-1	0
937	1038	942	0	-1	-1	-1	0
911	1005	1002	0	-1	-1	-1	0
911	1003	1005	0	-1	-1	-1	0
1040	938	943	0	-1	-1	-1	0
941	1042	939	0	-1	-1	-1	0
915	1009	998	6	-1	-1	-1	0
940	939	1043	0	-1	-1	-1	0
913	1007	1004	0	-1	-1	-1	0
1006	1008	913	0	-1	-1	-1	0
1007	913	1008	0	-1	-1	-1	0
1045	941	942	0	-1	-1	-1	0
970	993	969	0	-1	-1	-1	0
1001	1013	919	5	-1	-1	-1	0
958	959	1019	4	-1	-1	-1	0
1011	1009	917	6	-1	-1	-1	0
1049	945	944	0	-1	-1	-1	0
917	1010	1011	6	-1	-1	-1	0
1012	1010	918	5	-1	-1	-1	0
920	1016	1006	0	-1	-1	-1	0
1013	1012	919	5	-1	-1	-1	0
946	947	1051	4	-1	-1	-1	0
946	1051	949	4	-1	-1	-1	0
1052	947	948	4	-1	-1	-1	0
920	1015	1014	0	-1	-1	-1	0
920	1014	1016	0	-1	-1	-1	0
951	1053	948	4	-1	-1	-1	0
1054	950	949	4	-1	-1	-1	0
921	1017	1018	7	0	-1	-1	0
953	1053	951	4	-1	-1	-1	0
1056	953	952	4	-1	-1	-1	0
950	1055	957	4	-1	-1	-1	0
1057	952	954	0	-1	-1	-1	0
924	1020	1021	4	-1	-1	-1	0
1022	925	1021	4	-1	-1	-1	0
1022	1023	925	4	-1	-1	-1	0
926	1019	1025	0	-1	-1	-1	0
955	957	1062	0	-1	-1	-1	0
955	1063	956	0	-1	-1	-1	0
1024	926	1025	0	-1	-1	-1	0
1027	1020	928	0	-1	-1	-1	0
1061	954	960	0	-1	-1	-1	0
1026	927	1024	0	-1	-1	-1	0
959	956	1064	0	-1	-1	-1	0
1027	928	1026	0	-1	-1	-1	0
960	963	1061	0	-1	-1	-1	0
1029	929	1028	4	-1	-1	-1	0
1030	1028	930	4	-1	-1	-1	0
1033	933	1023	4	-1	-1	-1	0
961	1067	962	0	-1	-1	-1	0
1068	963	962	0	-1	-1	-1	0
1030	932	1031	4	-1	-1	-1	0
932	1032	1031	4	-1	-1	-1	0
933	1033	1032	4	-1	-1	-1	0
965	1073	964	6	-1	-1	-1	0
1073	966	964	6	-1	-1	-1	0
998	1009	997	6	-1	-1	-1	0
1034	1035	935	0	-1	-1	-1	0
936	1035	1036	0	-1	-1	-1	0
1050	1015	945	0	-1	-1	-1	0
968	1075	967	0	-1	-1	-1	0
1037	1038	937	0	-1	-1	-1	0
966	1074	972	6	-1	-1	-1	0
970	967	1076	0	-1	-1	-1	0
1077	968	971	0	-1	-1	-1	0
938	1041	1037	0	-1	-1	-1	0
1039	938	1040	0	-1	-1	-1	0
940	1044	1034	0	-1	-1	-1	0
938	1039	1041	0	-1	-1	-1	0
991	1067	961	0	-1	-1	-1	0
1029	1048	943	0	-1	-1	-1	0
1043	939	1042	0	-1	-1	-1	0
974	972	1079	6	-1	-1	-1	0
973	974	1080	6	-1	-1	-1	0
1043	1044	940	0	-1	-1	-1	0
942	1038	1047	0	-1	-1	-1	0
1046	1042	941	0	-1	-1	-1	0
1049	944	1036	0	-1	-1	-1	0
973	1080	977	6	-1	-1	-1	0
1048	1040	943	0	-1	-1	-1	0
941	1045	1046	0	-1	-1	-1	0
976	1082	975	5	-1	-1	-1	0
1045	942	1047	0	-1	-1	-1	0
975	1082	979	5	-1	-1	-1	0
978	1083	976	5	-1	-1	-1	0
990	1077	971	0	-1	-1	-1	0
977	1084	978	6	-1	-1	-1	0
993	970	1078	0	-1	-1	-1	0
1049	1050	945	0	-1	-1	-1	0
1066	1019	959	0	-1	-1	-1	0
982	979	1086	5	-1	-1	-1	0
980	981	1087	0	-1	-1	-1	0
947	1052	1051	4	-1	-1	-1	0
1087	984	980	0	-1	-1	-1	0
1088	981	982	0	-1	-1	-1	0
948	1053	1052	4	-1	-1	-1	0
949	1051	1054	4	-1	-1	-1	0
1073	965	1018	7	-1	-1	-1	0
1090	983	984	0	-1	-1	-1	0
1090	985	983	0	-1	-1	-1	0
1054	1055	950	4	-1	-1	-1	0
1053	953	1058	4	-1	-1	-1	0
985	1094	986	0	-1	-1	-1	0
1057	1056	952	4	-1	-1	-1	0
986	1095	987	0	-1	-1	-1	0
1059	953	1056	4	-1	-1	-1	0
987	1096	988	0	-1	-1	-1	0
953	1060	1058	4	-1	-1	-1	0
1057	954	1061	0	-1	-1	-1	0
953	1059	1060	4	-1	-1	-1	0
988	1097	989	0	-1	-1	-1	0
1098	990	989	0	-1	-1	-1	0
957	1055	1065	0	-1	-1	-1	0
1063	955	1062	0	-1	-1	-1	0
1063	1064	956	0	-1	-1	-1	0
1101	991	992	0	-1	-1	-1	0
1062	957	1065	0	-1	-1	-1	0
1103	992	994	0	-1	-1	-1	0
1064	1066	959	0	-1	-1	-1	0
994	993	1105	0	-1	-1	-1	0
963	1071	1061	0	-1	-1	-1	0
1067	1069	962	0	-1	-1	-1	0
1068	962	1069	0	-1	-1	-1	0
1109	995	996	7	-1	-1	-1	0
997	1110	996	7	-1	-1	-1	0
1072	963	1068	0	-1	-1	-1	0
963	1070	1071	0	-1	-1	-1	0
1070	963	1072	0	-1	-1	-1	0
1066	1025	1019	0	-1	-1	-1	0
1000	999	1111	0	-1	-1	-1	0
1002	1111	999	0	-1	-1	-1	0
1073	1074	966	6	-1	-1	-1	0
1000	1112	1001	5	-1	-1	-1	0
1035	1034	1044	0	-1	-1	-1	0
1035	1044	1036	0	-1	-1	-1	0
997	1009	1110	6	-1	-1	-1	0
1075	1076	967	0	-1	-1	-1	0
968	1077	1075	0	-1	-1	-1	0
1114	1002	1005	0	-1	-1	-1	0
1004	1116	1003	0	-1	-1	-1	0
1005	1003	1116	0	-1	-1	-1	0
1078	970	1076	0	-1	-1	-1	0
1079	972	1074	6	-1	-1	-1	0
1013	1001	1113	5	-1	-1	-1	0
1007	1117	1004	0	-1	-1	-1	0
1110	1009	1011	6	-1	-1	-1	0
1079	1081	974	6	-1	-1	-1	0
1120	1008	1006	0	-1	-1	-1	0
974	1081	1080	6	-1	-1	-1	0
1007	1008	1122	0	-1	-1	-1	0
1083	1082	976	5	-1	-1	-1	0
1080	1084	977	6	-1	-1	-1	0
1006	1016	1121	0	-1	-1	-1	0
1123	1011	1010	6	-1	-1	-1	0
1123	1010	1012	6	-1	-1	-1	0
978	1085	1083	6	-1	-1	-1	0
1085	978	1084	6	-1	-1	-1	0
1082	1086	979	5	-1	-1	-1	0
1012	1013	1125	6	-1	-1	-1	0
981	1088	1087	0	-1	-1	-1	0
982	1086	1089	5	-1	-1	-1	0
1015	1128	1014	0	-1	-1	-1	0
1127	1016	1014	0	-1	-1	-1	0
982	1089	1088	5	-1	-1	-1	0
991	1102	1067	0	-1	-1	-1	0
1093	984	1087	0	-1	-1	-1	0
1090	984	1091	0	-1	-1	-1	0
1018	1017	1131	7	-1	-1	-1	0
1077	990	1100	0	-1	-1	-1	0
984	1092	1091	0	-1	-1	-1	0
1093	1092	984	0	-1	-1	-1	0
985	1090	1094	0	-1	-1	-1	0
1021	1020	1132	4	-1	-1	-1	0
1095	986	1094	0	-1	-1	-1	0
993	1078	1105	0	-1	-1	-1	0
1022	1021	1134	4	-1	-1	-1	0
1096	987	1095	0	-1	-1	-1	0
1135	1023	1022	4	-1	-1	-1	0
1027	1133	1020	0	-1	-1	-1	0
988	1096	1097	0	-1	-1	-1	0
1097	1098	989	0	-1	-1	-1	0
1025	1137	1024	0	-1	-1	-1	0
990	1098	1099	0	-1	-1	-1	0
1026	1024	1138	0	-1	-1	-1	0
990	1099	1100	0	-1	-1	-1	0
1136	1033	1023	4	-1	-1	-1	0
1128	1015	1050	0	-1	-1	-1	0
1102	991	1101	0	-1	-1	-1	0
1142	1027	1026	0	-1	-1	-1	0
1104	1101	992	0	-1	-1	-1	0
1104	992	1103	0	-1	-1	-1	0
1103	994	1106	0	-1	-1	-1	0
1028	1146	1029	4	-1	-1	-1	0
1028	1030	1145	4	-1	-1	-1	0
1107	994	1105	0	-1	-1	-1	0
994	1107	1106	0	-1	-1	-1	0
1147	1030	1031	4	-1	-1	-1	0
1032	1148	1031	4	-1	-1	-1	0
1108	995	1109	7	0	-1	-1	0
1110	1109	996	7	-1	-1	-1	0
1151	1032	1033	4	-1	-1	-1	0
1018	1131	1073	7	-1	-1	-1	0
1112	1000	1111	5	-1	-1	-1	0
1146	1048	1029	4	-1	-1	-1	0
1113	1001	1112	5	-1	-1	-1	0
1115	1111	1002	0	-1	-1	-1	0
1037	1154	1038	0	-1	-1	-1	0
1066	1139	1025	0	-1	-1	-1	0
1115	1002	1114	0	-1	-1	-1	0
1036	1044	1153	0	-1	-1	-1	0
1041	1155	1037	0	-1	-1	-1	0
1039	1040	1158	0	-1	-1	-1	0
1041	1039	1157	0	-1	-1	-1	0
1049	1036	1153	0	-1	-1	-1	0
1005	1119	1114	0	-1	-1	-1	0
1118	1116	1004	0	-1	-1	-1	0
1004	1117	1118	0	-1	-1	-1	0
1005	1116	1119	0	-1	-1	-1	0
1156	1047	1038	0	-1	-1	-1	0
1124	1110	1011	6	-1	-1	-1	0
1122	1117	1007	0	-1	-1	-1	0
1161	1043	1042	0	-1	-1	-1	0
1048	1158	1040	0	-1	-1	-1	0
1006	1121	1120	0	-1	-1	-1	0
1046	1160	1042	0	-1	-1	-1	0
1122	1008	1120	0	-1	-1	-1	0
1043	1164	1044	0	-1	-1	-1	0
1113	1126	1013	6	-1	-1	-1	0
1166	1046	1045	0	-1	-1	-1	0
1011	1123	1124	6	-1	-1	-1	0
1047	1166	1045	0	-1	-1	-1	0
1123	1012	1125	6	-1	-1	-1	0
1013	1126	1125	6	-1	-1	-1	0
1121	1016	1129	0	-1	-1	-1	0
1087	1088	1093	0	-1	-1	-1	0
1128	1127	1014	0	-1	-1	-1	0
1171	1050	1049	0	-1	-1	-1	0
1129	1016	1127	0	-1	-1	-1	0
1051	1052	1172	4	-1	-1	-1	0
1054	1051	1172	4	-1	-1	-1	0
1017	1130	1131	7	0	-1	-1	0
1073	1131	1074	7	-1	-1	-1	0
1053	1175	1052	4	-1	-1	-1	0
1054	1176	1055	4	-1	-1	-1	0
1132	1020	1133	0	-1	-1	-1	0
1058	1175	1053	4	-1	-1	-1	0
1134	1021	1132	4	-1	-1	-1	0
1022	1134	1135	4	-1	-1	-1	0
1178	1056	1057	4	-1	-1	-1	0
1056	1178	1059	4	-1	-1	-1	0
1023	1135	1136	4	-1	-1	-1	0
1065	1055	1177	0	-1	-1	-1	0
1061	1179	1057	0	-1	-1	-1	0
1180	1058	1060	4	-1	-1	-1	0
1024	1137	1138	0	-1	-1	-1	0
1181	1060	1059	4	-1	-1	-1	0
1137	1025	1140	0	-1	-1	-1	0
1025	1139	1140	0	-1	-1	-1	0
1133	1027	1144	0	-1	-1	-1	0
1026	1138	1141	0	-1	-1	-1	0
1141	1142	1026	0	-1	-1	-1	0
1185	1063	1062	0	-1	-1	-1	0
1062	1065	1184	0	-1	-1	-1	0
1179	1061	1071	0	-1	-1	-1	0
1142	1143	1027	0	-1	-1	-1	0
1027	1143	1144	0	-1	-1	-1	0
1187	1064	1063	0	-1	-1	-1	0
1028	1145	1146	4	-1	-1	-1	0
1064	1188	1066	0	-1	-1	-1	0
1136	1151	1033	4	-1	-1	-1	0
1030	1147	1145	4	-1	-1	-1	0
1149	1147	1031	4	-1	-1	-1	0
1067	1191	1069	0	-1	-1	-1	0
1149	1031	1148	4	-1	-1	-1	0
1069	1192	1068	0	-1	-1	-1	0
1150	1148	1032	4	-1	-1	-1	0
1068	1193	1072	0	-1	-1	-1	0
1032	1152	1150	4	-1	-1	-1	0
1152	1032	1151	4	-1	-1	-1	0
1070	1196	1071	0	-1	-1	-1	0
1070	1072	1195	0	-1	-1	-1	0
1124	1109	1110	7	-1	-1	-1	0
1037	1155	1154	0	-1	-1	-1	0
1154	1156	1038	0	-1	-1	-1	0
1128	1050	1171	0	-1	-1	-1	0
1198	1079	1074	7	-1	-1	-1	0
1199	1075	1077	0	-1	-1	-1	0
1200	1076	1075	0	-1	-1	-1	0
1039	1158	1157	0	-1	-1	-1	0
1201	1078	1076	0	-1	-1	-1	0
1159	1155	1041	0	-1	-1	-1	0
1159	1041	1157	0	-1	-1	-1	0
1067	1102	1191	0	-1	-1	-1	0
1044	1165	1153	0	-1	-1	-1	0
1079	1203	1081	7	-1	-1	-1	0
1048	1146	1169	4	-1	-1	-1	0
1160	1162	1042	0	-1	-1	-1	0
1162	1161	1042	0	-1	-1	-1	0
1081	1204	1080	6	-1	-1	-1	0
1161	1163	1043	0	-1	-1	-1	0
1204	1084	1080	6	-1	-1	-1	0
1164	1043	1163	0	-1	-1	-1	0
1083	1206	1082	5	-1	-1	-1	0
1047	1156	1168	0	-1	-1	-1	0
1170	1049	1153	0	-1	-1	-1	0
1167	1160	1046	0	-1	-1	-1	0
1044	1164	1165	0	-1	-1	-1	0
1206	1086	1082	5	-1	-1	-1	0
1083	1085	1207	6	-1	-1	-1	0
1158	1048	1169	4	-1	-1	-1	0
1100	1199	1077	0	-1	-1	-1	0
1085	1084	1208	6	-1	-1	-1	0
1166	1167	1046	0	-1	-1	-1	0
1168	1166	1047	0	-1	-1	-1	0
1078	1202	1105	0	-1	-1	-1	0
1210	1089	1086	5	-1	-1	-1	0
1088	1089	1211	5	-1	-1	-1	0
1049	1170	1171	0	-1	-1	-1	0
1088	1211	1093	5	-1	-1	-1	0
1139	1066	1188	0	-1	-1	-1	0
1090	1091	1213	0	-1	-1	-1	0
1052	1173	1172	4	-1	-1	-1	0
1214	1091	1092	0	-1	-1	-1	0
1213	1094	1090	0	-1	-1	-1	0
1092	1093	1215	5	-1	-1	-1	0
1052	1174	1173	4	-1	-1	-1	0
1175	1174	1052	4	-1	-1	-1	0
1172	1176	1054	4	-1	-1	-1	0
1074	1131	1198	7	-1	-1	-1	0
1095	1094	1217	0	-1	-1	-1	0
1055	1176	1177	0	-1	-1	-1	0
1096	1095	1218	0	-1	-1	-1	0
1220	1097	1096	0	-1	-1	-1	0
1058	1180	1175	4	-1	-1	-1	0
1178	1057	1179	4	-1	-1	-1	0
1202	1107	1105	0	-1	-1	-1	0
1222	1098	1097	0	-1	-1	-1	0
1178	1182	1059	4	-1	-1	-1	0
1099	1098	1223	0	-1	-1	-1	0
1059	1182	1181	4	-1	-1	-1	0
1183	1180	1060	4	-1	-1	-1	0
1099	1224	1100	0	-1	-1	-1	0
1181	1183	1060	4	-1	-1	-1	0
1177	1189	1065	0	-1	-1	-1	0
1101	1228	1102	0	-1	-1	-1	0
1101	1104	1228	0	-1	-1	-1	0
1062	1184	1185	0	-1	-1	-1	0
1185	1186	1063	0	-1	-1	-1	0
1187	1063	1186	0	-1	-1	-1	0
1104	1103	1230	0	-1	-1	-1	0
1184	1065	1190	0	-1	-1	-1	0
1188	1064	1187	0	-1	-1	-1	0
1106	1231	1103	0	-1	-1	-1	0
1190	1065	1189	0	-1	-1	-1	0
1071	1196	1179	0	-1	-1	-1	0
1107	1235	1106	0	-1	-1	-1	0
1192	1193	1068	0	-1	-1	-1	0
1194	1069	1191	0	-1	-1	-1	0
1194	1192	1069	0	-1	-1	-1	0
1108	1109	1239	7	-1	-1	-1	0
1130	1198	1131	7	-1	-1	-1	0
1070	1195	1196	0	-1	-1	-1	0
1193	1197	1072	0	-1	-1	-1	0
1240	1112	1111	5	-1	-1	-1	0
1072	1197	1195	0	-1	-1	-1	0
1112	1241	1113	5	-1	-1	-1	0
1111	1115	1240	5	-1	-1	-1	0
1124	1239	1109	7	-1	-1	-1	0
1114	1243	1115	0	-1	-1	-1	0
1075	1199	1200	0	-1	-1	-1	0
1119	1243	1114	0	-1	-1	-1	0
1076	1200	1201	0	-1	-1	-1	0
1203	1079	1198	7	-1	-1	-1	0
1118	1246	1116	0	-1	-1	-1	0
1119	1116	1245	0	-1	-1	-1	0
1242	1126	1113	6	-1	-1	-1	0
1201	1202	1078	0	-1	-1	-1	0
1117	1247	1118	0	-1	-1	-1	0
1122	1248	1117	0	-1	-1	-1	0
1081	1203	1205	7	-1	-1	-1	0
1204	1081	1205	7	-1	-1	-1	0
1120	1250	1122	0	-1	-1	-1	0
1121	1251	1120	0	-1	-1	-1	0
1083	1207	1206	6	-1	-1	-1	0
1204	1208	1084	6	-1	-1	-1	0
1253	1124	1123	6	-1	-1	-1	0
1209	1207	1085	6	-1	-1	-1	0
1253	1123	1125	6	-1	-1	-1	0
1168	1167	1166	0	-1	-1	-1	0
1208	1209	1085	6	-1	-1	-1	0
1206	1210	1086	5	-1	-1	-1	0
1129	1252	1121	0	-1	-1	-1	0
1254	1125	1126	6	-1	-1	-1	0
1127	1128	1256	0	-1	-1	-1	0
1210	1212	1089	5	-1	-1	-1	0
1212	1211	1089	5	-1	-1	-1	0
1256	1129	1127	0	-1	-1	-1	0
1214	1213	1091	0	-1	-1	-1	0
1093	1211	1215	5	-1	-1	-1	0
1229	1191	1102	0	-1	-1	-1	0
1214	1092	1216	5	-1	-1	-1	0
1092	1215	1216	5	-1	-1	-1	0
1094	1213	1217	0	-1	-1	-1	0
1199	1100	1226	0	-1	-1	-1	0
1261	1132	1133	0	-1	-1	-1	0
1261	1134	1132	0	-1	-1	-1	0
1217	1219	1095	0	-1	-1	-1	0
1134	1262	1135	0	-1	-1	-1	0
1095	1219	1218	0	-1	-1	-1	0
1218	1220	1096	0	-1	-1	-1	0
1263	1136	1135	0	-1	-1	-1	0
1221	1097	1220	0	-1	-1	-1	0
1261	1133	1144	0	-1	-1	-1	0
1221	1222	1097	0	-1	-1	-1	0
1138	1137	1267	3	-1	-1	-1	0
1223	1098	1222	0	-1	-1	-1	0
1140	1266	1137	3	-1	-1	-1	0
1107	1202	1236	0	-1	-1	-1	0
1225	1099	1223	0	-1	-1	-1	0
1138	1268	1141	3	-1	-1	-1	0
1269	1140	1139	3	-1	-1	-1	0
1224	1099	1225	0	-1	-1	-1	0
1227	1100	1224	0	-1	-1	-1	0
1136	1264	1151	0	-1	-1	-1	0
1142	1141	1270	3	-1	-1	-1	0
1100	1227	1226	0	-1	-1	-1	0
1271	1143	1142	0	-1	-1	-1	0
1128	1171	1258	0	-1	-1	-1	0
1229	1102	1228	0	-1	-1	-1	0
1143	1273	1144	0	-1	-1	-1	0
1230	1103	1231	0	-1	-1	-1	0
1233	1228	1104	0	-1	-1	-1	0
1232	1104	1230	0	-1	-1	-1	0
1146	1145	1276	4	-1	-1	-1	0
1147	1276	1145	4	-1	-1	-1	0
1232	1233	1104	0	-1	-1	-1	0
1231	1106	1234	0	-1	-1	-1	0
1147	1149	1278	4	-1	-1	-1	0
1235	1234	1106	0	-1	-1	-1	0
1148	1280	1149	4	-1	-1	-1	0
1279	1148	1150	4	-1	-1	-1	0
1107	1237	1235	0	-1	-1	-1	0
1237	1107	1236	0	-1	-1	-1	0
1238	1108	1239	7	0	-1	-1	0
1150	1152	1283	4	-1	-1	-1	0
1284	1152	1151	0	-1	-1	-1	0
1260	1198	1130	7	-1	-1	0	0
1169	1146	1277	4	-1	-1	-1	0
1240	1241	1112	5	-1	-1	-1	0
1113	1241	1242	6	-1	-1	-1	0
1188	1269	1139	3	-1	-1	-1	0
1288	1154	1155	0	-1	-1	-1	0
1240	1115	1244	5	-1	-1	-1	0
1156	1154	1289	0	-1	-1	-1	0
1244	1115	1243	5	-1	-1	-1	0
1155	1159	1291	0	-1	-1	-1	0
1287	1153	1165	0	-1	-1	-1	0
1119	1245	1243	0	-1	-1	-1	0
1116	1246	1245	0	-1	-1	-1	0
1158	1293	1157	4	-1	-1	-1	0
1287	1170	1153	0	-1	-1	-1	0
1294	1159	1157	4	-1	-1	-1	0
1247	1117	1248	0	-1	-1	-1	0
1249	1246	1118	0	-1	-1	-1	0
1118	1247	1249	0	-1	-1	-1	0
1229	1194	1191	0	-1	-1	-1	0
1168	1156	1292	0	-1	-1	-1	0
1124	1253	1239	7	-1	-1	-1	0
1162	1160	1296	0	-1	-1	-1	0
1293	1158	1169	4	-1	-1	-1	0
1162	1297	1161	0	-1	-1	-1	0
1248	1122	1250	0	-1	-1	-1	0
1250	1120	1251	0	-1	-1	-1	0
1161	1299	1163	0	-1	-1	-1	0
1255	1126	1242	6	-1	-1	-1	0
1296	1160	1167	0	-1	-1	-1	0
1121	1252	1251	0	-1	-1	-1	0
1303	1164	1163	0	-1	-1	-1	0
1125	1254	1253	6	-1	-1	-1	0
1304	1165	1164	0	-1	-1	-1	0
1255	1254	1126	6	-1	-1	-1	0
1305	1167	1168	0	-1	-1	-1	0
1252	1129	1259	0	-1	-1	-1	0
1257	1256	1128	0	-1	-1	-1	0
1258	1257	1128	0	-1	-1	-1	0
1256	1259	1129	0	-1	-1	-1	0
1307	1171	1170	0	-1	-1	-1	0
1172	1173	1309	4	-1	-1	-1	0
1172	1309	1176	4	-1	-1	-1	0
1310	1173	1174	4	-1	-1	-1	0
1134	1261	1262	0	-1	-1	-1	0
1311	1174	1175	4	-1	-1	-1	0
1263	1135	1262	0	-1	-1	-1	0
1203	1198	1260	7	-1	-1	-1	0
1265	1136	1263	0	-1	-1	-1	0
1136	1265	1264	0	-1	-1	-1	0
1315	1177	1176	0	-1	-1	-1	0
1313	1175	1180	4	-1	-1	-1	0
1267	1137	1266	3	-1	-1	-1	0
1138	1267	1268	3	-1	-1	-1	0
1317	1178	1179	4	-1	-1	-1	0
1140	1269	1266	3	-1	-1	-1	0
1317	1182	1178	4	-1	-1	-1	0
1268	1270	1141	3	-1	-1	-1	0
1144	1275	1261	0	-1	-1	-1	0
1180	1183	1318	4	-1	-1	-1	0
1177	1316	1189	0	-1	-1	-1	0
1182	1320	1181	4	-1	-1	-1	0
1142	1270	1272	3	-1	-1	-1	0
1271	1142	1272	3	-1	-1	-1	0
1321	1183	1181	4	-1	-1	-1	0
1143	1271	1274	0	-1	-1	-1	0
1273	1143	1274	0	-1	-1	-1	0
1179	1196	1317	4	-1	-1	-1	0
1273	1275	1144	0	-1	-1	-1	0
1328	1185	1184	3	-1	-1	-1	0
1276	1277	1146	4	-1	-1	-1	0
1151	1264	1284	0	-1	-1	-1	0
1185	1329	1186	3	-1	-1	-1	0
1184	1190	1327	3	-1	-1	-1	0
1276	1147	1278	4	-1	-1	-1	0
1187	1186	1330	3	-1	-1	-1	0
1187	1331	1188	3	-1	-1	-1	0
1279	1280	1148	4	-1	-1	-1	0
1278	1149	1282	4	-1	-1	-1	0
1332	1190	1189	0	-1	-1	-1	0
1280	1281	1149	4	-1	-1	-1	0
1281	1282	1149	4	-1	-1	-1	0
1279	1150	1283	4	-1	-1	-1	0
1334	1193	1192	0	-1	-1	-1	0
1152	1285	1283	0	-1	-1	-1	0
1192	1194	1335	0	-1	-1	-1	0
1152	1284	1286	0	-1	-1	-1	0
1152	1286	1285	0	-1	-1	-1	0
1197	1193	1337	0	-1	-1	-1	0
1196	1195	1339	4	-1	-1	-1	0
1289	1154	1288	0	-1	-1	-1	0
1195	1197	1340	4	-1	-1	-1	0
1288	1155	1290	0	-1	-1	-1	0
1291	1290	1155	0	-1	-1	-1	0
1307	1258	1171	0	-1	-1	-1	0
1292	1156	1289	0	-1	-1	-1	0
1277	1293	1169	4	-1	-1	-1	0
1199	1342	1200	0	-1	-1	-1	0
1157	1293	1294	4	-1	-1	-1	0
1159	1295	1291	4	-1	-1	-1	0
1344	1201	1200	0	-1	-1	-1	0
1344	1202	1201	0	-1	-1	-1	0
1159	1294	1295	4	-1	-1	-1	0
1346	1205	1203	7	-1	-1	-1	0
1204	1205	1347	7	-1	-1	-1	0
1304	1287	1165	0	-1	-1	-1	0
1297	1298	1161	0	-1	-1	-1	0
1300	1162	1296	0	-1	-1	-1	0
1299	1161	1298	0	-1	-1	-1	0
1204	1347	1208	7	-1	-1	-1	0
1301	1297	1162	0	-1	-1	-1	0
1194	1229	1338	0	-1	-1	-1	0
1207	1349	1206	6	-1	-1	-1	0
1300	1301	1162	0	-1	-1	-1	0
1302	1163	1299	0	-1	-1	-1	0
1349	1210	1206	6	-1	-1	-1	0
1308	1170	1287	0	-1	-1	-1	0
1292	1306	1168	0	-1	-1	-1	0
1350	1207	1209	6	-1	-1	-1	0
1199	1226	1342	0	-1	-1	-1	0
1209	1208	1351	7	-1	-1	-1	0
1163	1302	1303	0	-1	-1	-1	0
1305	1296	1167	0	-1	-1	-1	0
1164	1303	1304	0	-1	-1	-1	0
1212	1210	1353	6	-1	-1	-1	0
1212	1354	1211	5	-1	-1	-1	0
1306	1305	1168	0	-1	-1	-1	0
1215	1211	1354	5	-1	-1	-1	0
1213	1214	1356	0	-1	-1	-1	0
1202	1345	1236	0	-1	-1	-1	0
1308	1307	1170	0	-1	-1	-1	0
1217	1213	1356	0	-1	-1	-1	0
1357	1214	1216	5	-1	-1	-1	0
1269	1188	1331	3	-1	-1	-1	0
1358	1216	1215	5	-1	-1	-1	0
1173	1310	1309	4	-1	-1	-1	0
1310	1174	1312	4	-1	-1	-1	0
1219	1217	1360	0	-1	-1	-1	0
1174	1311	1312	4	-1	-1	-1	0
1361	1218	1219	0	-1	-1	-1	0
1176	1309	1314	0	-1	-1	-1	0
1218	1361	1220	0	-1	-1	-1	0
1311	1175	1313	4	-1	-1	-1	0
1314	1315	1176	0	-1	-1	-1	0
1220	1364	1221	0	-1	-1	-1	0
1315	1316	1177	0	-1	-1	-1	0
1221	1366	1222	0	-1	-1	-1	0
1346	1203	1260	7	-1	-1	0	0
1319	1313	1180	4	-1	-1	-1	0
1368	1223	1222	0	-1	-1	-1	0
1369	1225	1223	0	-1	-1	-1	0
1180	1318	1319	4	-1	-1	-1	0
1370	1224	1225	0	-1	-1	-1	0
1227	1224	1370	0	-1	-1	-1	0
1320	1322	1181	4	-1	-1	-1	0
1325	1182	1317	4	-1	-1	-1	0
1321	1181	1322	4	-1	-1	-1	0
1227	1372	1226	0	-1	-1	-1	0
1182	1324	1320	4	-1	-1	-1	0
1326	1318	1183	4	-1	-1	-1	0
1323	1324	1182	4	-1	-1	-1	0
1323	1182	1325	4	-1	-1	-1	0
1326	1183	1321	4	-1	-1	-1	0
1374	1229	1228	0	-1	-1	-1	0
1233	1374	1228	0	-1	-1	-1	0
1231	1375	1230	0	-1	-1	-1	0
1332	1189	1316	0	-1	-1	-1	0
1376	1232	1230	0	-1	-1	-1	0
1327	1328	1184	3	-1	-1	-1	0
1185	1328	1329	3	-1	-1	-1	0
1234	1377	1231	0	-1	-1	-1	0
1378	1233	1232	0	-1	-1	-1	0
1329	1330	1186	3	-1	-1	-1	0
1331	1187	1330	3	-1	-1	-1	0
1234	1235	1380	0	-1	-1	-1	0
1190	1333	1327	3	-1	-1	-1	0
1339	1317	1196	4	-1	-1	-1	0
1235	1237	1382	0	-1	-1	-1	0
1333	1190	1332	3	-1	-1	-1	0
1237	1236	1383	0	-1	-1	-1	0
1335	1334	1192	0	-1	-1	-1	0
1334	1336	1193	0	-1	-1	-1	0
1387	1238	1239	7	-1	-1	-1	0
1337	1193	1336	0	-1	-1	-1	0
1338	1335	1194	0	-1	-1	-1	0
1388	1241	1240	5	-1	-1	-1	0
1389	1242	1241	6	-1	-1	-1	0
1388	1240	1244	5	-1	-1	-1	0
1340	1339	1195	4	-1	-1	-1	0
1197	1337	1341	4	-1	-1	-1	0
1391	1244	1243	5	-1	-1	-1	0
1197	1341	1340	4	-1	-1	-1	0
1253	1387	1239	7	-1	-1	-1	0
1391	1243	1245	5	-1	-1	-1	0
1245	1246	1393	5	-1	-1	-1	0
1342	1343	1200	0	-1	-1	-1	0
1200	1343	1344	0	-1	-1	-1	0
1242	1390	1255	6	-1	-1	-1	0
1249	1394	1246	5	-1	-1	-1	0
1248	1395	1247	0	-1	-1	-1	0
1202	1344	1345	0	-1	-1	-1	0
1396	1249	1247	0	-1	-1	-1	0
1254	1387	1253	7	-1	-1	-1	0
1248	1250	1397	0	-1	-1	-1	0
1251	1397	1250	0	-1	-1	-1	0
1346	1348	1205	7	0	-1	-1	0
1308	1287	1304	0	-1	-1	-1	0
1348	1347	1205	7	-1	-1	-1	0
1251	1252	1400	0	-1	-1	-1	0
1351	1208	1347	7	-1	-1	-1	0
1350	1349	1207	6	-1	-1	-1	0
1255	1402	1254	7	-1	-1	-1	0
1352	1350	1209	7	-1	-1	-1	0
1401	1252	1259	0	-1	-1	-1	0
1210	1349	1353	6	-1	-1	-1	0
1209	1351	1352	7	-1	-1	-1	0
1257	1404	1256	0	-1	-1	-1	0
1256	1405	1259	0	-1	-1	-1	0
1355	1212	1353	6	-1	-1	-1	0
1355	1354	1212	6	-1	-1	-1	0
1257	1258	1407	0	-1	-1	-1	0
1354	1358	1215	5	-1	-1	-1	0
1214	1357	1356	5	-1	-1	-1	0
1359	1357	1216	5	-1	-1	-1	0
1262	1261	1409	0	-1	-1	-1	0
1356	1360	1217	0	-1	-1	-1	0
1358	1359	1216	5	-1	-1	-1	0
1263	1410	1265	0	-1	-1	-1	0
1263	1262	1409	0	-1	-1	-1	0
1372	1342	1226	0	-1	-1	-1	0
1265	1411	1264	0	-1	-1	-1	0
1338	1229	1374	0	-1	-1	-1	0
1361	1219	1362	0	-1	-1	-1	0
1219	1360	1363	0	-1	-1	-1	0
1363	1362	1219	0	-1	-1	-1	0
1409	1261	1275	0	-1	-1	-1	0
1220	1361	1365	0	-1	-1	-1	0
1266	1414	1267	3	-1	-1	-1	0
1220	1365	1364	0	-1	-1	-1	0
1269	1415	1266	3	-1	-1	-1	0
1221	1364	1366	0	-1	-1	-1	0
1417	1268	1267	3	-1	-1	-1	0
1222	1366	1367	0	-1	-1	-1	0
1418	1270	1268	3	-1	-1	-1	0
1367	1368	1222	0	-1	-1	-1	0
1412	1284	1264	0	-1	-1	-1	0
1369	1223	1368	0	-1	-1	-1	0
1236	1345	1383	0	-1	-1	-1	0
1272	1270	1422	3	-1	-1	-1	0
1369	1371	1225	0	-1	-1	-1	0
1271	1272	1423	3	-1	-1	-1	0
1225	1371	1370	0	-1	-1	-1	0
1373	1227	1370	0	-1	-1	-1	0
1424	1274	1271	0	-1	-1	-1	0
1408	1258	1307	0	-1	-1	-1	0
1227	1373	1372	0	-1	-1	-1	0
1274	1426	1273	0	-1	-1	-1	0
1275	1273	1426	0	-1	-1	-1	0
1230	1375	1376	0	-1	-1	-1	0
1317	1339	1325	4	-1	-1	-1	0
1286	1284	1412	0	-1	-1	-1	0
1430	1276	1278	4	-1	-1	-1	0
1375	1231	1377	0	-1	-1	-1	0
1276	1431	1277	4	-1	-1	-1	0
1378	1232	1376	0	-1	-1	-1	0
1233	1379	1374	0	-1	-1	-1	0
1379	1233	1378	0	-1	-1	-1	0
1234	1380	1377	0	-1	-1	-1	0
1278	1282	1433	4	-1	-1	-1	0
1435	1280	1279	4	-1	-1	-1	0
1380	1235	1381	0	-1	-1	-1	0
1279	1283	1434	4	-1	-1	-1	0
1382	1381	1235	0	-1	-1	-1	0
1280	1437	1281	4	-1	-1	-1	0
1432	1293	1277	4	-1	-1	-1	0
1282	1281	1439	4	-1	-1	-1	0
1237	1384	1382	0	-1	-1	-1	0
1339	1340	1325	4	-1	-1	-1	0
1237	1383	1385	0	-1	-1	-1	0
1384	1237	1385	0	-1	-1	-1	0
1283	1285	1443	0	-1	-1	-1	0
1386	1238	1387	7	0	-1	-1	0
1444	1285	1286	0	-1	-1	-1	0
1389	1241	1388	6	-1	-1	-1	0
1294	1293	1432	4	-1	-1	-1	0
1389	1390	1242	6	-1	-1	-1	0
1269	1331	1421	3	-1	-1	-1	0
1388	1244	1392	5	-1	-1	-1	0
1290	1447	1288	0	-1	-1	-1	0
1448	1289	1288	0	-1	-1	-1	0
1392	1244	1391	5	-1	-1	-1	0
1393	1391	1245	5	-1	-1	-1	0
1289	1449	1292	0	-1	-1	-1	0
1451	1290	1291	0	-1	-1	-1	0
1246	1394	1393	5	-1	-1	-1	0
1452	1291	1295	4	-1	-1	-1	0
1395	1396	1247	0	-1	-1	-1	0
1248	1397	1395	0	-1	-1	-1	0
1394	1249	1398	5	-1	-1	-1	0
1453	1295	1294	4	-1	-1	-1	0
1398	1249	1396	5	-1	-1	-1	0
1254	1402	1387	7	-1	-1	-1	0
1292	1449	1306	0	-1	-1	-1	0
1251	1399	1397	0	-1	-1	-1	0
1390	1403	1255	7	-1	-1	-1	0
1399	1251	1400	0	-1	-1	-1	0
1400	1252	1401	0	-1	-1	-1	0
1300	1296	1457	0	-1	-1	-1	0
1458	1298	1297	0	-1	-1	-1	0
1301	1458	1297	0	-1	-1	-1	0
1460	1299	1298	0	-1	-1	-1	0
1305	1457	1296	0	-1	-1	-1	0
1403	1402	1255	7	-1	-1	-1	0
1461	1302	1299	0	-1	-1	-1	0
1301	1300	1463	0	-1	-1	-1	0
1259	1405	1401	0	-1	-1	-1	0
1406	1256	1404	0	-1	-1	-1	0
1406	1405	1256	0	-1	-1	-1	0
1407	1404	1257	0	-1	-1	-1	0
1302	1466	1303	0	-1	-1	-1	0
1408	1407	1258	0	-1	-1	-1	0
1306	1468	1305	0	-1	-1	-1	0
1467	1304	1303	0	-1	-1	-1	0
1304	1467	1308	0	-1	-1	-1	0
1409	1410	1263	0	-1	-1	-1	0
1470	1307	1308	0	-1	-1	-1	0
1264	1411	1412	0	-1	-1	-1	0
1265	1410	1413	0	-1	-1	-1	0
1411	1265	1413	0	-1	-1	-1	0
1473	1309	1310	0	-1	-1	-1	0
1414	1266	1415	3	-1	-1	-1	0
1314	1309	1473	0	-1	-1	-1	0
1474	1310	1312	0	-1	-1	-1	0
1414	1416	1267	3	-1	-1	-1	0
1311	1475	1312	4	-1	-1	-1	0
1313	1475	1311	4	-1	-1	-1	0
1417	1267	1416	3	-1	-1	-1	0
1420	1415	1269	3	-1	-1	-1	0
1417	1419	1268	3	-1	-1	-1	0
1419	1418	1268	3	-1	-1	-1	0
1478	1315	1314	0	-1	-1	-1	0
1313	1319	1477	4	-1	-1	-1	0
1270	1418	1422	3	-1	-1	-1	0
1316	1315	1479	0	-1	-1	-1	0
1269	1421	1420	3	-1	-1	-1	0
1429	1409	1275	0	-1	-1	-1	0
1373	1370	1371	0	-1	-1	-1	0
1319	1318	1481	4	-1	-1	-1	0
1424	1271	1423	3	-1	-1	-1	0
1422	1425	1272	3	-1	-1	-1	0
1423	1272	1425	3	-1	-1	-1	0
1326	1481	1318	4	-1	-1	-1	0
1427	1274	1424	0	-1	-1	-1	0
1322	1320	1483	4	-1	-1	-1	0
1274	1428	1426	0	-1	-1	-1	0
1332	1316	1480	0	-1	-1	-1	0
1324	1484	1320	4	-1	-1	-1	0
1321	1322	1486	4	-1	-1	-1	0
1274	1427	1428	0	-1	-1	-1	0
1426	1429	1275	0	-1	-1	-1	0
1485	1326	1321	4	-1	-1	-1	0
1323	1489	1324	4	-1	-1	-1	0
1431	1276	1430	4	-1	-1	-1	0
1323	1325	1490	4	-1	-1	-1	0
1431	1432	1277	4	-1	-1	-1	0
1433	1430	1278	4	-1	-1	-1	0
1286	1412	1446	0	-1	-1	-1	0
1493	1328	1327	3	-1	-1	-1	0
1435	1279	1434	4	-1	-1	-1	0
1495	1329	1328	3	-1	-1	-1	0
1438	1280	1435	4	-1	-1	-1	0
1436	1437	1280	4	-1	-1	-1	0
1436	1280	1438	4	-1	-1	-1	0
1327	1333	1494	3	-1	-1	-1	0
1329	1496	1330	3	-1	-1	-1	0
1325	1340	1490	4	-1	-1	-1	0
1496	1331	1330	3	-1	-1	-1	0
1437	1440	1281	4	-1	-1	-1	0
1433	1282	1442	4	-1	-1	-1	0
1443	1434	1283	0	-1	-1	-1	0
1281	1440	1439	4	-1	-1	-1	0
1441	1282	1439	4	-1	-1	-1	0
1333	1332	1498	3	-1	-1	-1	0
1282	1441	1442	4	-1	-1	-1	0
1334	1335	1500	0	-1	-1	-1	0
1336	1334	1501	0	-1	-1	-1	0
1443	1285	1444	0	-1	-1	-1	0
1387	1402	1386	7	-1	-1	-1	0
1444	1286	1445	0	-1	-1	-1	0
1502	1335	1338	0	-1	-1	-1	0
1337	1336	1503	0	-1	-1	-1	0
1445	1286	1446	0	-1	-1	-1	0
1454	1294	1432	4	-1	-1	-1	0
1337	1504	1341	4	-1	-1	-1	0
1288	1447	1448	0	-1	-1	-1	0
1408	1307	1470	0	-1	-1	-1	0
1341	1506	1340	4	-1	-1	-1	0
1448	1450	1289	0	-1	-1	-1	0
1451	1447	1290	0	-1	-1	-1	0
1450	1449	1289	0	-1	-1	-1	0
1291	1452	1451	4	-1	-1	-1	0
1343	1342	1510	0	-1	-1	-1	0
1511	1344	1343	0	-1	-1	-1	0
1345	1344	1511	0	-1	-1	-1	0
1294	1454	1453	4	-1	-1	-1	0
1295	1455	1452	4	-1	-1	-1	0
1453	1456	1295	4	-1	-1	-1	0
1295	1456	1455	4	-1	-1	-1	0
1348	1513	1347	7	0	-1	-1	0
1347	1513	1351	7	-1	-1	-1	0
1350	1514	1349	6	-1	-1	-1	0
1298	1458	1459	0	-1	-1	-1	0
1514	1353	1349	6	-1	-1	-1	0
1298	1459	1460	0	-1	-1	-1	0
1374	1505	1338	0	-1	-1	-1	0
1352	1515	1350	7	-1	-1	-1	0
1516	1352	1351	7	-1	-1	-1	0
1300	1457	1463	0	-1	-1	-1	0
1299	1460	1462	0	-1	-1	-1	0
1461	1299	1462	0	-1	-1	-1	0
1342	1372	1509	0	-1	-1	-1	0
1464	1458	1301	0	-1	-1	-1	0
1449	1469	1306	0	-1	-1	-1	0
1353	1518	1355	6	-1	-1	-1	0
1354	1355	1519	6	-1	-1	-1	0
1465	1301	1463	0	-1	-1	-1	0
1461	1466	1302	0	-1	-1	-1	0
1465	1464	1301	0	-1	-1	-1	0
1468	1457	1305	0	-1	-1	-1	0
1358	1354	1519	6	-1	-1	-1	0
1521	1356	1357	5	-1	-1	-1	0
1466	1467	1303	0	-1	-1	-1	0
1356	1521	1360	5	-1	-1	-1	0
1359	1522	1357	5	-1	-1	-1	0
1523	1359	1358	6	-1	-1	-1	0
1383	1345	1512	0	-1	-1	-1	0
1469	1468	1306	0	-1	-1	-1	0
1308	1467	1472	0	-1	-1	-1	0
1525	1363	1360	5	-1	-1	-1	0
1496	1421	1331	3	-1	-1	-1	0
1410	1409	1429	0	-1	-1	-1	0
1361	1362	1526	0	-1	-1	-1	0
1471	1470	1308	0	-1	-1	-1	0
1472	1471	1308	0	-1	-1	-1	0
1362	1363	1527	0	-1	-1	-1	0
1526	1365	1361	0	-1	-1	-1	0
1473	1310	1474	0	-1	-1	-1	0
1529	1364	1365	0	-1	-1	-1	0
1505	1374	1379	0	-1	-1	-1	0
1529	1366	1364	0	-1	-1	-1	0
1474	1312	1476	0	-1	-1	-1	0
1476	1312	1475	0	-1	-1	-1	0
1475	1313	1477	4	-1	-1	-1	0
1478	1314	1473	0	-1	-1	-1	0
1366	1533	1367	0	-1	-1	-1	0
1367	1534	1368	0	-1	-1	-1	0
1478	1479	1315	0	-1	-1	-1	0
1369	1368	1535	0	-1	-1	-1	0
1479	1480	1316	0	-1	-1	-1	0
1536	1371	1369	0	-1	-1	-1	0
1319	1482	1477	4	-1	-1	-1	0
1538	1373	1371	0	-1	-1	-1	0
1319	1481	1482	4	-1	-1	-1	0
1372	1373	1539	0	-1	-1	-1	0
1320	1484	1483	4	-1	-1	-1	0
1487	1322	1483	4	-1	-1	-1	0
1375	1541	1376	0	-1	-1	-1	0
1540	1375	1377	0	-1	-1	-1	0
1486	1485	1321	4	-1	-1	-1	0
1486	1322	1488	4	-1	-1	-1	0
1484	1324	1489	4	-1	-1	-1	0
1322	1487	1488	4	-1	-1	-1	0
1376	1543	1378	0	-1	-1	-1	0
1380	1540	1377	0	-1	-1	-1	0
1326	1491	1481	4	-1	-1	-1	0
1490	1489	1323	4	-1	-1	-1	0
1379	1378	1545	0	-1	-1	-1	0
1492	1326	1485	4	-1	-1	-1	0
1381	1547	1380	0	-1	-1	-1	0
1326	1492	1491	4	-1	-1	-1	0
1332	1480	1498	3	-1	-1	-1	0
1549	1381	1382	0	-1	-1	-1	0
1327	1494	1493	3	-1	-1	-1	0
1328	1493	1495	3	-1	-1	-1	0
1550	1382	1384	0	-1	-1	-1	0
1383	1552	1385	0	-1	-1	-1	0
1495	1497	1329	3	-1	-1	-1	0
1497	1496	1329	3	-1	-1	-1	0
1385	1553	1384	0	-1	-1	-1	0
1494	1333	1499	3	-1	-1	-1	0
1333	1498	1499	3	-1	-1	-1	0
1556	1389	1388	6	-1	-1	-1	0
1334	1500	1501	0	-1	-1	-1	0
1557	1390	1389	6	-1	-1	-1	0
1556	1388	1392	6	-1	-1	-1	0
1340	1506	1490	4	-1	-1	-1	0
1502	1500	1335	0	-1	-1	-1	0
1336	1501	1503	0	-1	-1	-1	0
1559	1392	1391	5	-1	-1	-1	0
1391	1393	1559	5	-1	-1	-1	0
1402	1555	1386	7	-1	0	-1	0
1504	1337	1503	4	-1	-1	-1	0
1502	1338	1505	0	-1	-1	-1	0
1561	1393	1394	5	-1	-1	-1	0
1403	1390	1558	7	-1	-1	-1	0
1507	1341	1504	4	-1	-1	-1	0
1396	1395	1563	0	-1	-1	-1	0
1562	1394	1398	5	-1	-1	-1	0
1341	1508	1506	4	-1	-1	-1	0
1397	1563	1395	0	-1	-1	-1	0
1508	1341	1507	4	-1	-1	-1	0
1398	1396	1564	5	-1	-1	-1	0
1403	1555	1402	7	-1	-1	-1	0
1565	1397	1399	0	-1	-1	-1	0
1342	1509	1510	0	-1	-1	-1	0
1510	1511	1343	0	-1	-1	-1	0
1511	1512	1345	0	-1	-1	-1	0
1399	1400	1569	0	-1	-1	-1	0
1570	1400	1401	0	-1	-1	-1	0
1405	1571	1401	0	-1	-1	-1	0
1514	1350	1515	7	-1	-1	-1	0
1351	1513	1516	7	-1	0	-1	0
1573	1406	1404	0	-1	-1	-1	0
1407	1573	1404	0	-1	-1	-1	0
1515	1352	1517	7	-1	-1	-1	0
1516	1517	1352	7	0	-1	-1	0
1406	1574	1405	0	-1	-1	-1	0
1514	1518	1353	6	-1	-1	-1	0
1408	1577	1407	0	-1	-1	-1	0
1518	1520	1355	6	-1	-1	-1	0
1520	1519	1355	6	-1	-1	-1	0
1357	1522	1521	5	-1	-1	-1	0
1523	1358	1519	6	-1	-1	-1	0
1410	1580	1413	0	-1	-1	-1	0
1581	1412	1411	0	-1	-1	-1	0
1524	1522	1359	6	-1	-1	-1	0
1413	1581	1411	0	-1	-1	-1	0
1524	1359	1523	6	-1	-1	-1	0
1360	1521	1525	5	-1	-1	-1	0
1586	1414	1415	3	-1	-1	-1	0
1362	1527	1526	0	-1	-1	-1	0
1525	1528	1363	5	-1	-1	-1	0
1414	1586	1416	3	-1	-1	-1	0
1363	1528	1527	5	-1	-1	-1	0
1410	1429	1580	0	-1	-1	-1	0
1539	1509	1372	0	-1	-1	-1	0
1586	1415	1420	3	-1	-1	-1	0
1588	1417	1416	3	-1	-1	-1	0
1532	1365	1526	0	-1	-1	-1	0
1529	1365	1530	0	-1	-1	-1	0
1417	1589	1419	3	-1	-1	-1	0
1365	1531	1530	0	-1	-1	-1	0
1532	1531	1365	0	-1	-1	-1	0
1366	1529	1533	0	-1	-1	-1	0
1546	1505	1379	0	-1	-1	-1	0
1418	1419	1592	3	-1	-1	-1	0
1422	1418	1591	3	-1	-1	-1	0
1367	1533	1534	0	-1	-1	-1	0
1596	1420	1421	3	-1	-1	-1	0
1535	1368	1534	0	-1	-1	-1	0
1446	1412	1582	0	-1	-1	-1	0
1537	1369	1535	0	-1	-1	-1	0
1369	1537	1536	0	-1	-1	-1	0
1598	1425	1422	3	-1	-1	-1	0
1538	1371	1536	0	-1	-1	-1	0
1552	1383	1512	0	-1	-1	-1	0
1423	1600	1424	3	-1	-1	-1	0
1600	1423	1425	3	-1	-1	-1	0
1373	1538	1539	0	-1	-1	-1	0
1601	1427	1424	0	-1	-1	-1	0
1470	1579	1408	0	-1	-1	-1	0
1426	1428	1603	0	-1	-1	-1	0
1542	1375	1540	0	-1	-1	-1	0
1541	1375	1542	0	-1	-1	-1	0
1603	1429	1426	0	-1	-1	-1	0
1427	1604	1428	0	-1	-1	-1	0
1544	1376	1541	0	-1	-1	-1	0
1544	1543	1376	0	-1	-1	-1	0
1545	1378	1543	0	-1	-1	-1	0
1547	1540	1380	0	-1	-1	-1	0
1431	1430	1607	4	-1	-1	-1	0
1545	1546	1379	0	-1	-1	-1	0
1607	1430	1433	4	-1	-1	-1	0
1432	1431	1609	4	-1	-1	-1	0
1547	1381	1548	0	-1	-1	-1	0
1548	1381	1549	0	-1	-1	-1	0
1434	1612	1435	4	-1	-1	-1	0
1382	1551	1549	0	-1	-1	-1	0
1551	1382	1550	0	-1	-1	-1	0
1610	1433	1442	4	-1	-1	-1	0
1613	1438	1435	4	-1	-1	-1	0
1436	1614	1437	4	-1	-1	-1	0
1384	1553	1550	0	-1	-1	-1	0
1434	1443	1611	0	-1	-1	-1	0
1436	1438	1615	4	-1	-1	-1	0
1554	1385	1552	0	-1	-1	-1	0
1440	1437	1614	4	-1	-1	-1	0
1554	1553	1385	0	-1	-1	-1	0
1454	1432	1609	4	-1	-1	-1	0
1440	1617	1439	4	-1	-1	-1	0
1441	1439	1617	4	-1	-1	-1	0
1557	1389	1556	6	-1	-1	-1	0
1621	1442	1441	0	-1	-1	-1	0
1558	1390	1557	7	-1	-1	-1	0
1443	1444	1623	0	-1	-1	-1	0
1392	1559	1560	6	-1	-1	-1	0
1560	1556	1392	6	-1	-1	-1	0
1496	1597	1421	3	-1	-1	-1	0
1562	1561	1394	5	-1	-1	-1	0
1561	1559	1393	5	-1	-1	-1	0
1446	1627	1445	0	-1	-1	-1	0
1471	1579	1470	0	-1	-1	-1	0
1626	1444	1445	0	-1	-1	-1	0
1448	1447	1630	0	-1	-1	-1	0
1563	1564	1396	5	-1	-1	-1	0
1566	1563	1397	0	-1	-1	-1	0
1566	1397	1565	0	-1	-1	-1	0
1567	1562	1398	5	-1	-1	-1	0
1631	1447	1451	0	-1	-1	-1	0
1567	1398	1564	5	-1	-1	-1	0
1632	1450	1448	0	-1	-1	-1	0
1572	1555	1403	7	0	-1	-1	0
1450	1633	1449	0	-1	-1	-1	0
1399	1568	1565	0	-1	-1	-1	0
1403	1558	1572	7	-1	-1	-1	0
1399	1569	1568	0	-1	-1	-1	0
1635	1451	1452	4	-1	-1	-1	0
1570	1569	1400	0	-1	-1	-1	0
1401	1571	1570	0	-1	-1	-1	0
1452	1455	1636	4	-1	-1	-1	0
1637	1453	1454	4	-1	-1	-1	0
1456	1453	1637	4	-1	-1	-1	0
1405	1574	1571	0	-1	-1	-1	0
1456	1639	1455	4	-1	-1	-1	0
1469	1449	1633	0	-1	-1	-1	0
1406	1575	1574	0	-1	-1	-1	0
1576	1406	1573	0	-1	-1	-1	0
1577	1573	1407	0	-1	-1	-1	0
1575	1406	1576	0	-1	-1	-1	0
1641	1459	1458	0	-1	-1	-1	0
1640	1463	1457	0	-1	-1	-1	0
1643	1460	1459	0	-1	-1	-1	0
1408	1578	1577	0	-1	-1	-1	0
1641	1458	1464	0	-1	-1	-1	0
1408	1579	1578	0	-1	-1	-1	0
1457	1468	1640	0	-1	-1	-1	0
1644	1462	1460	0	-1	-1	-1	0
1461	1462	1647	0	-1	-1	-1	0
1466	1461	1645	0	-1	-1	-1	0
1583	1412	1581	0	-1	-1	-1	0
1583	1582	1412	0	-1	-1	-1	0
1413	1584	1581	0	-1	-1	-1	0
1413	1580	1585	0	-1	-1	-1	0
1463	1651	1465	0	-1	-1	-1	0
1465	1652	1464	0	-1	-1	-1	0
1413	1585	1584	0	-1	-1	-1	0
1526	1527	1532	0	-1	-1	-1	0
1655	1467	1466	0	-1	-1	-1	0
1416	1586	1587	3	-1	-1	-1	0
1416	1587	1588	3	-1	-1	-1	0
1656	1468	1469	0	-1	-1	-1	0
1467	1655	1472	0	-1	-1	-1	0
1588	1590	1417	3	-1	-1	-1	0
1417	1590	1589	3	-1	-1	-1	0
1420	1595	1586	3	-1	-1	-1	0
1591	1418	1592	3	-1	-1	-1	0
1589	1594	1419	3	-1	-1	-1	0
1472	1659	1471	0	-1	-1	-1	0
1593	1592	1419	3	-1	-1	-1	0
1593	1419	1594	3	-1	-1	-1	0
1473	1474	1663	0	-1	-1	-1	0
1595	1420	1596	3	-1	-1	-1	0
1591	1599	1422	3	-1	-1	-1	0
1580	1429	1603	0	-1	-1	-1	0
1473	1662	1478	0	-1	-1	-1	0
1474	1476	1664	0	-1	-1	-1	0
1597	1596	1421	3	-1	-1	-1	0
1475	1665	1476	0	-1	-1	-1	0
1665	1475	1477	0	-1	-1	-1	0
1599	1598	1422	3	-1	-1	-1	0
1601	1424	1600	3	-1	-1	-1	0
1477	1482	1666	0	-1	-1	-1	0
1478	1668	1479	0	-1	-1	-1	0
1425	1598	1602	3	-1	-1	-1	0
1600	1425	1602	3	-1	-1	-1	0
1669	1480	1479	0	-1	-1	-1	0
1605	1427	1601	0	-1	-1	-1	0
1481	1672	1482	4	-1	-1	-1	0
1604	1427	1605	0	-1	-1	-1	0
1606	1603	1428	0	-1	-1	-1	0
1604	1606	1428	0	-1	-1	-1	0
1484	1674	1483	4	-1	-1	-1	0
1671	1481	1491	4	-1	-1	-1	0
1487	1483	1674	4	-1	-1	-1	0
1608	1431	1607	4	-1	-1	-1	0
1670	1498	1480	3	-1	-1	-1	0
1431	1608	1609	4	-1	-1	-1	0
1677	1485	1486	4	-1	-1	-1	0
1676	1484	1489	4	-1	-1	-1	0
1607	1433	1610	4	-1	-1	-1	0
1678	1486	1488	4	-1	-1	-1	0
1492	1485	1677	4	-1	-1	-1	0
1680	1488	1487	0	-1	-1	-1	0
1490	1676	1489	4	-1	-1	-1	0
1582	1629	1446	0	-1	-1	-1	0
1611	1612	1434	0	-1	-1	-1	0
1613	1435	1612	4	-1	-1	-1	0
1615	1614	1436	4	-1	-1	-1	0
1492	1684	1491	4	-1	-1	-1	0
1613	1616	1438	4	-1	-1	-1	0
1438	1616	1615	4	-1	-1	-1	0
1619	1440	1614	4	-1	-1	-1	0
1622	1610	1442	0	-1	-1	-1	0
1494	1687	1493	3	-1	-1	-1	0
1440	1618	1617	4	-1	-1	-1	0
1688	1495	1493	3	-1	-1	-1	0
1618	1440	1619	4	-1	-1	-1	0
1443	1624	1611	0	-1	-1	-1	0
1506	1682	1490	4	-1	-1	-1	0
1441	1617	1620	0	-1	-1	-1	0
1620	1621	1441	0	-1	-1	-1	0
1497	1495	1691	3	-1	-1	-1	0
1499	1690	1494	3	-1	-1	-1	0
1692	1496	1497	3	-1	-1	-1	0
1621	1622	1442	0	-1	-1	-1	0
1443	1623	1624	0	-1	-1	-1	0
1695	1499	1498	3	-1	-1	-1	0
1625	1623	1444	0	-1	-1	-1	0
1444	1626	1625	0	-1	-1	-1	0
1682	1506	1508	4	-1	-1	-1	0
1500	1696	1501	0	-1	-1	-1	0
1500	1502	1697	0	-1	-1	-1	0
1628	1626	1445	0	-1	-1	-1	0
1627	1628	1445	0	-1	-1	-1	0
1609	1638	1454	4	-1	-1	-1	0
1629	1627	1446	0	-1	-1	-1	0
1503	1501	1698	0	-1	-1	-1	0
1505	1700	1502	0	-1	-1	-1	0
1503	1701	1504	4	-1	-1	-1	0
1631	1630	1447	0	-1	-1	-1	0
1579	1471	1659	0	-1	-1	-1	0
1630	1632	1448	0	-1	-1	-1	0
1504	1702	1507	4	-1	-1	-1	0
1632	1634	1450	0	-1	-1	-1	0
1635	1631	1451	4	-1	-1	-1	0
1634	1633	1450	0	-1	-1	-1	0
1508	1507	1703	4	-1	-1	-1	0
1635	1452	1636	4	-1	-1	-1	0
1509	1705	1510	0	-1	-1	-1	0
1707	1511	1510	0	-1	-1	-1	0
1637	1454	1638	4	-1	-1	-1	0
1511	1707	1512	0	-1	-1	-1	0
1636	1455	1639	4	-1	-1	-1	0
1639	1456	1637	4	-1	-1	-1	0
1514	1515	1711	7	-1	-1	-1	0
1641	1642	1459	0	-1	-1	-1	0
1518	1514	1711	7	-1	-1	-1	0
1642	1643	1459	0	-1	-1	-1	0
1517	1712	1515	7	0	-1	-1	0
1460	1643	1644	0	-1	-1	-1	0
1520	1518	1713	7	-1	-1	-1	0
1546	1700	1505	0	-1	-1	-1	0
1646	1645	1461	0	-1	-1	-1	0
1519	1520	1714	6	-1	-1	-1	0
1539	1705	1509	0	-1	-1	-1	0
1640	1651	1463	0	-1	-1	-1	0
1646	1461	1647	0	-1	-1	-1	0
1462	1644	1648	0	-1	-1	-1	0
1523	1519	1714	6	-1	-1	-1	0
1641	1464	1652	0	-1	-1	-1	0
1650	1647	1462	0	-1	-1	-1	0
1716	1521	1522	5	-1	-1	-1	0
1462	1648	1649	0	-1	-1	-1	0
1633	1658	1469	0	-1	-1	-1	0
1650	1462	1649	0	-1	-1	-1	0
1525	1521	1716	5	-1	-1	-1	0
1542	1540	1680	0	-1	-1	-1	0
1522	1524	1717	6	-1	-1	-1	0
1524	1523	1718	6	-1	-1	-1	0
1657	1640	1468	0	-1	-1	-1	0
1466	1645	1655	0	-1	-1	-1	0
1547	1680	1540	0	-1	-1	-1	0
1603	1585	1580	0	-1	-1	-1	0
1586	1595	1587	3	-1	-1	-1	0
1651	1654	1465	0	-1	-1	-1	0
1653	1652	1465	0	-1	-1	-1	0
1654	1653	1465	0	-1	-1	-1	0
1525	1720	1528	5	-1	-1	-1	0
1709	1552	1512	0	-1	-1	-1	0
1721	1527	1528	5	-1	-1	-1	0
1532	1527	1721	5	-1	-1	-1	0
1656	1657	1468	0	-1	-1	-1	0
1529	1530	1723	0	-1	-1	-1	0
1658	1656	1469	0	-1	-1	-1	0
1723	1533	1529	0	-1	-1	-1	0
1496	1692	1597	3	-1	-1	-1	0
1724	1530	1531	0	-1	-1	-1	0
1532	1725	1531	5	-1	-1	-1	0
1655	1661	1472	0	-1	-1	-1	0
1472	1660	1659	0	-1	-1	-1	0
1660	1472	1661	0	-1	-1	-1	0
1606	1585	1603	0	-1	-1	-1	0
1534	1533	1727	0	-1	-1	-1	0
1728	1535	1534	0	-1	-1	-1	0
1662	1473	1663	0	-1	-1	-1	0
1663	1474	1664	0	-1	-1	-1	0
1730	1537	1535	0	-1	-1	-1	0
1537	1731	1536	0	-1	-1	-1	0
1665	1664	1476	0	-1	-1	-1	0
1538	1536	1732	0	-1	-1	-1	0
1478	1662	1668	0	-1	-1	-1	0
1665	1477	1667	0	-1	-1	-1	0
1667	1477	1666	0	-1	-1	-1	0
1538	1735	1539	0	-1	-1	-1	0
1554	1552	1709	0	-1	-1	-1	0
1668	1669	1479	0	-1	-1	-1	0
1480	1669	1670	3	-1	-1	-1	0
1542	1737	1541	0	-1	-1	-1	0
1666	1482	1673	0	-1	-1	-1	0
1541	1738	1544	0	-1	-1	-1	0
1672	1481	1671	4	-1	-1	-1	0
1739	1543	1544	0	-1	-1	-1	0
1739	1545	1543	0	-1	-1	-1	0
1482	1672	1673	0	-1	-1	-1	0
1546	1545	1741	0	-1	-1	-1	0
1484	1675	1674	4	-1	-1	-1	0
1675	1484	1676	4	-1	-1	-1	0
1743	1547	1548	0	-1	-1	-1	0
1487	1674	1679	0	-1	-1	-1	0
1677	1486	1678	4	-1	-1	-1	0
1549	1745	1548	0	-1	-1	-1	0
1491	1683	1671	4	-1	-1	-1	0
1679	1680	1487	0	-1	-1	-1	0
1746	1549	1551	0	-1	-1	-1	0
1681	1678	1488	0	-1	-1	-1	0
1682	1676	1490	4	-1	-1	-1	0
1615	1619	1614	4	-1	-1	-1	0
1680	1681	1488	0	-1	-1	-1	0
1551	1550	1748	0	-1	-1	-1	0
1553	1747	1550	0	-1	-1	-1	0
1685	1492	1677	4	-1	-1	-1	0
1554	1751	1553	0	-1	-1	-1	0
1684	1683	1491	4	-1	-1	-1	0
1684	1492	1686	4	-1	-1	-1	0
1670	1695	1498	3	-1	-1	-1	0
1492	1685	1686	4	-1	-1	-1	0
1557	1556	1753	6	-1	-1	-1	0
1688	1493	1687	3	-1	-1	-1	0
1753	1556	1560	6	-1	-1	-1	0
1557	1754	1558	7	-1	-1	-1	0
1689	1687	1494	3	-1	-1	-1	0
1689	1494	1690	3	-1	-1	-1	0
1691	1495	1688	3	-1	-1	-1	0
1560	1559	1756	6	-1	-1	-1	0
1756	1559	1561	6	-1	-1	-1	0
1561	1562	1758	6	-1	-1	-1	0
1694	1497	1691	3	-1	-1	-1	0
1497	1693	1692	3	-1	-1	-1	0
1695	1690	1499	3	-1	-1	-1	0
1693	1497	1694	3	-1	-1	-1	0
1755	1572	1558	7	0	-1	-1	0
1622	1621	1643	0	-1	-1	-1	0
1563	1760	1564	5	-1	-1	-1	0
1562	1567	1759	6	-1	-1	-1	0
1566	1760	1563	5	-1	-1	-1	0
1567	1564	1761	5	-1	-1	-1	0
1500	1697	1696	0	-1	-1	-1	0
1565	1762	1566	0	-1	-1	-1	0
1682	1508	1704	4	-1	-1	-1	0
1698	1501	1696	0	-1	-1	-1	0
1568	1762	1565	0	-1	-1	-1	0
1699	1697	1502	0	-1	-1	-1	0
1680	1679	1542	0	-1	-1	-1	0
1502	1700	1699	0	-1	-1	-1	0
1765	1568	1569	0	-1	-1	-1	0
1698	1701	1503	4	-1	-1	-1	0
1766	1569	1570	0	-1	-1	-1	0
1622	1643	1642	0	-1	-1	-1	0
1701	1702	1504	4	-1	-1	-1	0
1571	1767	1570	0	-1	-1	-1	0
1681	1680	1547	0	-1	-1	-1	0
1702	1703	1507	4	-1	-1	-1	0
1769	1571	1574	0	-1	-1	-1	0
1704	1508	1703	4	-1	-1	-1	0
1576	1573	1770	0	-1	-1	-1	0
1573	1577	1771	0	-1	-1	-1	0
1510	1705	1706	0	-1	-1	-1	0
1574	1575	1772	0	-1	-1	-1	0
1773	1575	1576	0	-1	-1	-1	0
1510	1706	1708	0	-1	-1	-1	0
1708	1707	1510	0	-1	-1	-1	0
1707	1710	1512	0	-1	-1	-1	0
1577	1578	1776	0	-1	-1	-1	0
1710	1709	1512	0	-1	-1	-1	0
1777	1578	1579	0	-1	-1	-1	0
1712	1711	1515	7	-1	-1	-1	0
1518	1711	1713	7	-1	-1	-1	0
1581	1780	1583	0	-1	-1	-1	0
1780	1581	1584	0	-1	-1	-1	0
1582	1583	1781	0	-1	-1	-1	0
1713	1715	1520	7	-1	-1	-1	0
1657	1651	1640	0	-1	-1	-1	0
1715	1714	1520	7	-1	-1	-1	0
1785	1584	1585	0	-1	-1	-1	0
1522	1717	1716	6	-1	-1	-1	0
1714	1718	1523	6	-1	-1	-1	0
1542	1679	1737	0	-1	-1	-1	0
1719	1717	1524	6	-1	-1	-1	0
1716	1720	1525	5	-1	-1	-1	0
1786	1588	1587	3	-1	-1	-1	0
1719	1524	1718	6	-1	-1	-1	0
1588	1788	1590	3	-1	-1	-1	0
1589	1590	1789	3	-1	-1	-1	0
1787	1587	1595	3	-1	-1	-1	0
1720	1722	1528	5	-1	-1	-1	0
1721	1528	1722	5	-1	-1	-1	0
1681	1547	1743	0	-1	-1	-1	0
1589	1789	1594	3	-1	-1	-1	0
1591	1592	1791	3	-1	-1	-1	0
1585	1606	1785	0	-1	-1	-1	0
1792	1592	1593	3	-1	-1	-1	0
1724	1723	1530	0	-1	-1	-1	0
1721	1725	1532	5	-1	-1	-1	0
1705	1539	1736	0	-1	-1	-1	0
1599	1591	1791	3	-1	-1	-1	0
1724	1531	1726	5	-1	-1	-1	0
1593	1594	1794	3	-1	-1	-1	0
1726	1531	1725	5	-1	-1	-1	0
1533	1723	1727	0	-1	-1	-1	0
1595	1596	1796	3	-1	-1	-1	0
1546	1742	1700	0	-1	-1	-1	0
1597	1797	1596	3	-1	-1	-1	0
1727	1729	1534	0	-1	-1	-1	0
1728	1534	1729	0	-1	-1	-1	0
1728	1730	1535	0	-1	-1	-1	0
1582	1782	1629	0	-1	-1	-1	0
1599	1801	1598	3	-1	-1	-1	0
1536	1731	1732	0	-1	-1	-1	0
1733	1537	1730	0	-1	-1	-1	0
1598	1802	1602	3	-1	-1	-1	0
1537	1734	1731	0	-1	-1	-1	0
1537	1733	1734	0	-1	-1	-1	0
1732	1735	1538	0	-1	-1	-1	0
1600	1804	1601	3	-1	-1	-1	0
1804	1600	1602	3	-1	-1	-1	0
1539	1735	1736	0	-1	-1	-1	0
1804	1605	1601	3	-1	-1	-1	0
1605	1806	1604	0	-1	-1	-1	0
1709	1752	1554	0	-1	-1	-1	0
1778	1579	1659	0	-1	-1	-1	0
1606	1604	1806	0	-1	-1	-1	0
1541	1737	1738	0	-1	-1	-1	0
1740	1544	1738	0	-1	-1	-1	0
1608	1607	1808	4	-1	-1	-1	0
1740	1739	1544	0	-1	-1	-1	0
1610	1808	1607	4	-1	-1	-1	0
1545	1739	1741	0	-1	-1	-1	0
1608	1809	1609	4	-1	-1	-1	0
1741	1742	1546	0	-1	-1	-1	0
1812	1612	1611	0	-1	-1	-1	0
1744	1743	1548	0	-1	-1	-1	0
1744	1548	1745	0	-1	-1	-1	0
1612	1813	1613	4	-1	-1	-1	0
1745	1549	1746	0	-1	-1	-1	0
1616	1613	1813	4	-1	-1	-1	0
1622	1811	1610	0	-1	-1	-1	0
1616	1814	1615	4	-1	-1	-1	0
1550	1747	1748	0	-1	-1	-1	0
1750	1746	1551	0	-1	-1	-1	0
1624	1812	1611	0	-1	-1	-1	0
1551	1748	1749	0	-1	-1	-1	0
1815	1619	1615	4	-1	-1	-1	0
1551	1749	1750	0	-1	-1	-1	0
1747	1553	1751	0	-1	-1	-1	0
1618	1818	1617	0	-1	-1	-1	0
1818	1620	1617	0	-1	-1	-1	0
1638	1609	1809	4	-1	-1	-1	0
1554	1752	1751	0	-1	-1	-1	0
1820	1618	1619	4	-1	-1	-1	0
1621	1620	1822	0	-1	-1	-1	0
1753	1754	1557	7	-1	-1	-1	0
1755	1558	1754	7	-1	-1	-1	0
1757	1753	1560	6	-1	-1	-1	0
1824	1623	1625	0	-1	-1	-1	0
1624	1623	1825	0	-1	-1	-1	0
1756	1757	1560	6	-1	-1	-1	0
1758	1756	1561	6	-1	-1	-1	0
1642	1811	1622	0	-1	-1	-1	0
1625	1626	1828	0	-1	-1	-1	0
1759	1758	1562	6	-1	-1	-1	0
1628	1829	1626	0	-1	-1	-1	0
1761	1564	1760	5	-1	-1	-1	0
1675	1737	1674	0	-1	-1	-1	0
1627	1831	1628	0	-1	-1	-1	0
1629	1831	1627	0	-1	-1	-1	0
1643	1621	1823	0	-1	-1	-1	0
1692	1799	1597	3	-1	-1	-1	0
1760	1566	1763	5	-1	-1	-1	0
1567	1764	1759	6	-1	-1	-1	0
1737	1679	1674	0	-1	-1	-1	0
1762	1763	1566	5	-1	-1	-1	0
1764	1567	1761	6	-1	-1	-1	0
1811	1642	1641	0	-1	-1	-1	0
1568	1765	1762	0	-1	-1	-1	0
1835	1630	1631	0	-1	-1	-1	0
1632	1630	1835	0	-1	-1	-1	0
1569	1766	1765	0	-1	-1	-1	0
1635	1836	1631	4	-1	-1	-1	0
1837	1634	1632	0	-1	-1	-1	0
1768	1766	1570	0	-1	-1	-1	0
1652	1811	1641	0	-1	-1	-1	0
1768	1570	1767	0	-1	-1	-1	0
1634	1838	1633	0	-1	-1	-1	0
1769	1767	1571	0	-1	-1	-1	0
1643	1823	1644	0	-1	-1	-1	0
1635	1636	1839	4	-1	-1	-1	0
1771	1770	1573	0	-1	-1	-1	0
1639	1840	1636	4	-1	-1	-1	0
1769	1574	1772	0	-1	-1	-1	0
1652	1653	1810	0	-1	-1	-1	0
1654	1809	1653	0	-1	-1	-1	0
1637	1638	1841	4	-1	-1	-1	0
1639	1637	1841	4	-1	-1	-1	0
1773	1772	1575	0	-1	-1	-1	0
1770	1775	1576	0	-1	-1	-1	0
1774	1773	1576	0	-1	-1	-1	0
1771	1577	1776	0	-1	-1	-1	0
1707	1708	1710	0	-1	-1	-1	0
1576	1775	1774	0	-1	-1	-1	0
1838	1658	1633	0	-1	-1	-1	0
1578	1777	1776	0	-1	-1	-1	0
1648	1644	1843	0	-1	-1	-1	0
1646	1844	1645	0	-1	-1	-1	0
1579	1779	1777	0	-1	-1	-1	0
1579	1778	1779	0	-1	-1	-1	0
1646	1647	1846	0	-1	-1	-1	0
1650	1847	1647	0	-1	-1	-1	0
1655	1645	1844	0	-1	-1	-1	0
1582	1781	1782	0	-1	-1	-1	0
1648	1848	1649	0	-1	-1	-1	0
1583	1780	1783	0	-1	-1	-1	0
1583	1784	1781	0	-1	-1	-1	0
1849	1650	1649	0	-1	-1	-1	0
1584	1785	1780	0	-1	-1	-1	0
1737	1675	1738	0	-1	-1	-1	0
1783	1784	1583	0	-1	-1	-1	0
1654	1651	1853	0	-1	-1	-1	0
1787	1786	1587	3	-1	-1	-1	0
1844	1661	1655	0	-1	-1	-1	0
1657	1853	1651	0	-1	-1	-1	0
1786	1788	1588	3	-1	-1	-1	0
1657	1656	1854	0	-1	-1	-1	0
1788	1790	1590	3	-1	-1	-1	0
1790	1789	1590	3	-1	-1	-1	0
1658	1855	1656	0	-1	-1	-1	0
1791	1592	1792	3	-1	-1	-1	0
1660	1857	1659	0	-1	-1	-1	0
1594	1789	1795	3	-1	-1	-1	0
1793	1792	1593	3	-1	-1	-1	0
1796	1787	1595	3	-1	-1	-1	0
1661	1859	1660	0	-1	-1	-1	0
1593	1794	1793	3	-1	-1	-1	0
1794	1594	1795	3	-1	-1	-1	0
1663	1862	1662	0	-1	-1	-1	0
1796	1596	1798	3	-1	-1	-1	0
1863	1663	1664	0	-1	-1	-1	0
1668	1662	1861	0	-1	-1	-1	0
1797	1798	1596	3	-1	-1	-1	0
1791	1803	1599	3	-1	-1	-1	0
1664	1665	1865	0	-1	-1	-1	0
1597	1800	1797	3	-1	-1	-1	0
1597	1799	1800	3	-1	-1	-1	0
1785	1606	1806	0	-1	-1	-1	0
1665	1667	1866	0	-1	-1	-1	0
1867	1667	1666	0	-1	-1	-1	0
1802	1598	1801	3	-1	-1	-1	0
1801	1599	1803	3	-1	-1	-1	0
1669	1668	1869	0	-1	-1	-1	0
1666	1673	1867	0	-1	-1	-1	0
1805	1602	1802	3	-1	-1	-1	0
1670	1669	1870	3	-1	-1	-1	0
1805	1804	1602	3	-1	-1	-1	0
1605	1804	1805	3	-1	-1	-1	0
1872	1672	1671	4	-1	-1	-1	0
1805	1807	1605	3	-1	-1	-1	0
1672	1873	1673	0	-1	-1	-1	0
1605	1807	1806	0	-1	-1	-1	0
1808	1809	1608	4	-1	-1	-1	0
1683	1872	1671	4	-1	-1	-1	0
1808	1610	1810	0	-1	-1	-1	0
1876	1675	1676	4	-1	-1	-1	0
1810	1610	1811	0	-1	-1	-1	0
1678	1878	1677	4	-1	-1	-1	0
1676	1682	1877	4	-1	-1	-1	0
1695	1670	1871	3	-1	-1	-1	0
1812	1813	1612	0	-1	-1	-1	0
1681	1880	1678	0	-1	-1	-1	0
1685	1677	1878	4	-1	-1	-1	0
1814	1815	1615	4	-1	-1	-1	0
1629	1782	1834	0	-1	-1	-1	0
1813	1816	1616	4	-1	-1	-1	0
1817	1814	1616	4	-1	-1	-1	0
1816	1817	1616	4	-1	-1	-1	0
1883	1683	1684	4	-1	-1	-1	0
1884	1684	1686	4	-1	-1	-1	0
1619	1815	1821	4	-1	-1	-1	0
1618	1819	1818	0	-1	-1	-1	0
1685	1885	1686	4	-1	-1	-1	0
1618	1820	1819	0	-1	-1	-1	0
1822	1620	1818	0	-1	-1	-1	0
1820	1619	1821	4	-1	-1	-1	0
1688	1687	1887	3	-1	-1	-1	0
1826	1812	1624	0	-1	-1	-1	0
1689	1887	1687	3	-1	-1	-1	0
1822	1823	1621	0	-1	-1	-1	0
1704	1881	1682	4	-1	-1	-1	0
1691	1688	1888	3	-1	-1	-1	0
1689	1690	1889	3	-1	-1	-1	0
1809	1808	1653	0	-1	-1	-1	0
1653	1808	1810	0	-1	-1	-1	0
1623	1824	1825	0	-1	-1	-1	0
1811	1652	1810	0	-1	-1	-1	0
1695	1890	1690	3	-1	-1	-1	0
1827	1624	1825	0	-1	-1	-1	0
1824	1625	1828	0	-1	-1	-1	0
1826	1624	1827	0	-1	-1	-1	0
1691	1892	1694	3	-1	-1	-1	0
1692	1693	1893	3	-1	-1	-1	0
1693	1694	1894	3	-1	-1	-1	0
1828	1626	1830	0	-1	-1	-1	0
1830	1626	1829	0	-1	-1	-1	0
1809	1842	1638	4	-1	-1	-1	0
1675	1876	1738	0	-1	-1	-1	0
1829	1628	1833	0	-1	-1	-1	0
1628	1831	1832	0	-1	-1	-1	0
1697	1899	1696	0	-1	-1	-1	0
1899	1698	1696	0	-1	-1	-1	0
1833	1628	1832	0	-1	-1	-1	0
1857	1778	1659	0	-1	-1	-1	0
1831	1629	1834	0	-1	-1	-1	0
1900	1697	1699	0	-1	-1	-1	0
1698	1901	1701	4	-1	-1	-1	0
1902	1699	1700	0	-1	-1	-1	0
1835	1631	1836	4	-1	-1	-1	0
1835	1837	1632	0	-1	-1	-1	0
1743	1880	1681	0	-1	-1	-1	0
1842	1809	1654	0	-1	-1	-1	0
1701	1903	1702	4	-1	-1	-1	0
1904	1703	1702	4	-1	-1	-1	0
1634	1837	1838	0	-1	-1	-1	0
1644	1823	1843	0	-1	-1	-1	0
1836	1635	1839	4	-1	-1	-1	0
1703	1905	1704	4	-1	-1	-1	0
1840	1839	1636	4	-1	-1	-1	0
1705	1906	1706	0	-1	-1	-1	0
1841	1840	1639	4	-1	-1	-1	0
1841	1638	1842	4	-1	-1	-1	0
1907	1708	1706	0	-1	-1	-1	0
1708	1908	1710	0	-1	-1	-1	0
1909	1709	1710	0	-1	-1	-1	0
1712	1912	1711	7	0	-1	-1	0
1646	1845	1844	0	-1	-1	-1	0
1713	1711	1912	7	-1	-1	-1	0
1646	1846	1845	0	-1	-1	-1	0
1648	1843	1848	0	-1	-1	-1	0
1846	1647	1847	0	-1	-1	-1	0
1913	1715	1713	7	-1	-1	-1	0
1914	1714	1715	7	-1	-1	-1	0
1902	1700	1742	0	-1	-1	-1	0
1718	1714	1914	7	-1	-1	-1	0
1649	1848	1849	0	-1	-1	-1	0
1847	1650	1850	0	-1	-1	-1	0
1705	1736	1906	0	-1	-1	-1	0
1717	1916	1716	6	-1	-1	-1	0
1842	1654	1853	0	-1	-1	-1	0
1849	1851	1650	0	-1	-1	-1	0
1720	1716	1916	6	-1	-1	-1	0
1658	1838	1856	0	-1	-1	-1	0
1650	1852	1850	0	-1	-1	-1	0
1719	1917	1717	6	-1	-1	-1	0
1851	1852	1650	0	-1	-1	-1	0
1740	1738	1876	0	-1	-1	-1	0
1718	1918	1719	7	-1	-1	-1	0
1722	1720	1920	6	-1	-1	-1	0
1854	1853	1657	0	-1	-1	-1	0
1722	1921	1721	5	-1	-1	-1	0
1855	1854	1656	0	-1	-1	-1	0
1661	1844	1860	0	-1	-1	-1	0
1880	1743	1744	0	-1	-1	-1	0
1921	1725	1721	5	-1	-1	-1	0
1658	1856	1855	0	-1	-1	-1	0
1723	1724	1923	0	-1	-1	-1	0
1709	1910	1752	0	-1	-1	-1	0
1723	1923	1727	0	-1	-1	-1	0
1724	1726	1924	5	-1	-1	-1	0
1858	1857	1660	0	-1	-1	-1	0
1725	1925	1726	5	-1	-1	-1	0
1859	1858	1660	0	-1	-1	-1	0
1661	1860	1859	0	-1	-1	-1	0
1727	1927	1729	0	-1	-1	-1	0
1893	1799	1692	3	-1	-1	-1	0
1928	1728	1729	0	-1	-1	-1	0
1862	1861	1662	0	-1	-1	-1	0
1730	1728	1928	0	-1	-1	-1	0
1863	1862	1663	0	-1	-1	-1	0
1864	1863	1664	0	-1	-1	-1	0
1664	1865	1864	0	-1	-1	-1	0
1730	1931	1733	0	-1	-1	-1	0
1866	1865	1665	0	-1	-1	-1	0
1731	1933	1732	0	-1	-1	-1	0
1932	1731	1734	0	-1	-1	-1	0
1861	1869	1668	0	-1	-1	-1	0
1866	1667	1868	0	-1	-1	-1	0
1735	1732	1934	0	-1	-1	-1	0
1868	1667	1867	0	-1	-1	-1	0
1935	1734	1733	0	-1	-1	-1	0
1669	1869	1870	3	-1	-1	-1	0
1735	1937	1736	0	-1	-1	-1	0
1870	1871	1670	3	-1	-1	-1	0
1875	1867	1673	0	-1	-1	-1	0
1672	1872	1873	0	-1	-1	-1	0
1740	1939	1739	0	-1	-1	-1	0
1741	1739	1939	0	-1	-1	-1	0
1873	1874	1673	0	-1	-1	-1	0
1741	1942	1742	0	-1	-1	-1	0
1876	1676	1877	4	-1	-1	-1	0
1874	1875	1673	0	-1	-1	-1	0
1744	1745	1944	0	-1	-1	-1	0
1878	1678	1879	0	-1	-1	-1	0
1946	1745	1746	0	-1	-1	-1	0
1872	1683	1882	4	-1	-1	-1	0
1879	1678	1880	0	-1	-1	-1	0
1682	1881	1877	4	-1	-1	-1	0
1947	1748	1747	0	-1	-1	-1	0
1946	1746	1750	0	-1	-1	-1	0
1947	1747	1751	0	-1	-1	-1	0
1748	1949	1749	0	-1	-1	-1	0
1882	1683	1883	4	-1	-1	-1	0
1878	1885	1685	4	-1	-1	-1	0
1750	1749	1950	0	-1	-1	-1	0
1826	1813	1812	0	-1	-1	-1	0
1884	1883	1684	4	-1	-1	-1	0
1826	1816	1813	0	-1	-1	-1	0
1686	1886	1884	4	-1	-1	-1	0
1886	1686	1885	4	-1	-1	-1	0
1956	1751	1752	0	-1	-1	-1	0
1688	1887	1888	3	-1	-1	-1	0
1695	1871	1898	3	-1	-1	-1	0
1689	1889	1887	3	-1	-1	-1	0
1754	1753	1959	7	-1	-1	-1	0
1960	1755	1754	7	0	-1	-1	0
1757	1959	1753	7	-1	-1	-1	0
1889	1690	1891	3	-1	-1	-1	0
1690	1890	1891	3	-1	-1	-1	0
1892	1691	1888	3	-1	-1	-1	0
1961	1757	1756	6	-1	-1	-1	0
1961	1756	1758	6	-1	-1	-1	0
1758	1759	1963	6	-1	-1	-1	0
1693	1895	1893	3	-1	-1	-1	0
1694	1892	1896	3	-1	-1	-1	0
1894	1895	1693	3	-1	-1	-1	0
1890	1695	1898	3	-1	-1	-1	0
1694	1897	1894	3	-1	-1	-1	0
1760	1965	1761	5	-1	-1	-1	0
1897	1694	1896	3	-1	-1	-1	0
1964	1759	1764	6	-1	-1	-1	0
1763	1965	1760	5	-1	-1	-1	0
1905	1881	1704	4	-1	-1	-1	0
1966	1764	1761	6	-1	-1	-1	0
1762	1967	1763	5	-1	-1	-1	0
1967	1762	1765	5	-1	-1	-1	0
1900	1899	1697	0	-1	-1	-1	0
1832	1831	1834	0	-1	-1	-1	0
1899	1901	1698	4	-1	-1	-1	0
1766	1970	1765	5	-1	-1	-1	0
1902	1900	1699	0	-1	-1	-1	0
1766	1768	1971	5	-1	-1	-1	0
1903	1701	1901	4	-1	-1	-1	0
1768	1767	1972	0	-1	-1	-1	0
1769	1972	1767	0	-1	-1	-1	0
1903	1904	1702	4	-1	-1	-1	0
1905	1703	1904	4	-1	-1	-1	0
1769	1772	1974	0	-1	-1	-1	0
1771	1976	1770	0	-1	-1	-1	0
1907	1706	1906	0	-1	-1	-1	0
1770	1976	1775	0	-1	-1	-1	0
1908	1708	1907	0	-1	-1	-1	0
1977	1771	1776	0	-1	-1	-1	0
1773	1979	1772	0	-1	-1	-1	0
1980	1773	1774	0	-1	-1	-1	0
1910	1709	1909	0	-1	-1	-1	0
1911	1710	1908	0	-1	-1	-1	0
1909	1710	1911	0	-1	-1	-1	0
1981	1774	1775	0	-1	-1	-1	0
1777	1983	1776	0	-1	-1	-1	0
1912	1913	1713	7	0	-1	-1	0
1777	1779	1985	0	-1	-1	-1	0
1779	1778	1986	0	-1	-1	-1	0
1913	1915	1715	7	0	-1	-1	0
1715	1915	1914	7	-1	-1	-1	0
1845	1860	1844	0	-1	-1	-1	0
1718	1914	1918	7	-1	-1	-1	0
1987	1783	1780	0	-1	-1	-1	0
1916	1717	1917	6	-1	-1	-1	0
1781	1988	1782	0	-1	-1	-1	0
1780	1785	1987	0	-1	-1	-1	0
1784	1988	1781	0	-1	-1	-1	0
1917	1719	1919	7	-1	-1	-1	0
1919	1719	1918	7	-1	-1	-1	0
1940	1740	1876	0	-1	-1	-1	0
1720	1916	1920	6	-1	-1	-1	0
1783	1991	1784	0	-1	-1	-1	0
1922	1722	1920	6	-1	-1	-1	0
1921	1722	1922	6	-1	-1	-1	0
1995	1786	1787	3	-1	-1	-1	0
1786	1995	1788	3	-1	-1	-1	0
1880	1744	1945	0	-1	-1	-1	0
1921	1925	1725	5	-1	-1	-1	0
1724	1924	1923	5	-1	-1	-1	0
1926	1924	1726	5	-1	-1	-1	0
1788	1999	1790	3	-1	-1	-1	0
1923	1927	1727	0	-1	-1	-1	0
1925	1926	1726	5	-1	-1	-1	0
1938	1906	1736	0	-1	-1	-1	0
1790	2001	1789	3	-1	-1	-1	0
1796	1998	1787	3	-1	-1	-1	0
1806	1994	1785	0	-1	-1	-1	0
1789	2001	1795	3	-1	-1	-1	0
1928	1729	1929	0	-1	-1	-1	0
1729	1927	1930	0	-1	-1	-1	0
1943	1902	1742	0	-1	-1	-1	0
1729	1930	1929	0	-1	-1	-1	0
2005	1791	1792	3	-1	-1	-1	0
1730	1928	1931	0	-1	-1	-1	0
1793	2006	1792	3	-1	-1	-1	0
1793	1794	2008	3	-1	-1	-1	0
1932	1933	1731	0	-1	-1	-1	0
1803	1791	2004	3	-1	-1	-1	0
1933	1934	1732	0	-1	-1	-1	0
1935	1733	1931	0	-1	-1	-1	0
2010	1794	1795	3	-1	-1	-1	0
1734	1936	1932	0	-1	-1	-1	0
1782	1989	1834	0	-1	-1	-1	0
1734	1935	1936	0	-1	-1	-1	0
1934	1937	1735	0	-1	-1	-1	0
2012	1796	1798	3	-1	-1	-1	0
1807	1994	1806	0	-1	-1	-1	0
1797	2013	1798	3	-1	-1	-1	0
1937	1938	1736	0	-1	-1	-1	0
2014	1797	1800	3	-1	-1	-1	0
2016	1800	1799	3	-1	-1	-1	0
1941	1939	1740	0	-1	-1	-1	0
1910	1958	1752	0	-1	-1	-1	0
1986	1778	1857	0	-1	-1	-1	0
1941	1740	1940	0	-1	-1	-1	0
1801	2019	1802	3	-1	-1	-1	0
1741	1939	1942	0	-1	-1	-1	0
1801	1803	2018	3	-1	-1	-1	0
1742	1942	1943	0	-1	-1	-1	0
2021	1805	1802	3	-1	-1	-1	0
1744	1944	1945	0	-1	-1	-1	0
1805	2022	1807	3	-1	-1	-1	0
1745	1946	1944	0	-1	-1	-1	0
1948	1748	1947	0	-1	-1	-1	0
1748	1948	1949	0	-1	-1	-1	0
1750	1953	1946	0	-1	-1	-1	0
1749	1951	1950	0	-1	-1	-1	0
1949	1952	1749	0	-1	-1	-1	0
1951	1749	1952	0	-1	-1	-1	0
1815	1814	2024	4	-1	-1	-1	0
1950	1954	1750	0	-1	-1	-1	0
1817	2024	1814	4	-1	-1	-1	0
1751	1957	1947	0	-1	-1	-1	0
1954	1953	1750	0	-1	-1	-1	0
1816	2027	1817	4	-1	-1	-1	0
1815	2026	1821	4	-1	-1	-1	0
1956	1955	1751	0	-1	-1	-1	0
1751	1955	1957	0	-1	-1	-1	0
1958	1956	1752	0	-1	-1	-1	0
2031	1818	1819	0	-1	-1	-1	0
2028	1816	1826	0	-1	-1	-1	0
1822	1818	2031	0	-1	-1	-1	0
2033	1819	1820	0	-1	-1	-1	0
1960	1754	1959	7	-1	-1	-1	0
1821	2034	1820	4	-1	-1	-1	0
1959	1757	1962	7	-1	-1	-1	0
1961	1962	1757	7	-1	-1	-1	0
1826	1827	2028	0	-1	-1	-1	0
1822	2036	1823	0	-1	-1	-1	0
1963	1961	1758	6	-1	-1	-1	0
1963	1759	1964	6	-1	-1	-1	0
1825	1824	2038	0	-1	-1	-1	0
1824	1828	2037	0	-1	-1	-1	0
2040	1827	1825	0	-1	-1	-1	0
1761	1965	1966	6	-1	-1	-1	0
1877	1940	1876	4	-1	-1	-1	0
1968	1965	1763	5	-1	-1	-1	0
1964	1764	1969	6	-1	-1	-1	0
1968	1763	1967	5	-1	-1	-1	0
1969	1764	1966	6	-1	-1	-1	0
1830	2043	1828	0	-1	-1	-1	0
1765	1970	1967	5	-1	-1	-1	0
1843	1823	2036	0	-1	-1	-1	0
1830	1829	2044	0	-1	-1	-1	0
1880	1945	1879	0	-1	-1	-1	0
1833	2044	1829	0	-1	-1	-1	0
1970	1766	1971	5	-1	-1	-1	0
1799	1893	2016	3	-1	-1	-1	0
1832	2047	1833	0	-1	-1	-1	0
1768	1973	1971	5	-1	-1	-1	0
1972	1973	1768	5	-1	-1	-1	0
2048	1832	1834	0	-1	-1	-1	0
1972	1769	1975	0	-1	-1	-1	0
1975	1769	1974	0	-1	-1	-1	0
1836	2051	1835	4	-1	-1	-1	0
2051	1837	1835	4	-1	-1	-1	0
1979	1974	1772	0	-1	-1	-1	0
1771	1978	1976	0	-1	-1	-1	0
1977	1978	1771	0	-1	-1	-1	0
1838	1837	2051	0	-1	-1	-1	0
1836	1839	2052	4	-1	-1	-1	0
2036	1848	1843	0	-1	-1	-1	0
1979	1773	1980	0	-1	-1	-1	0
2053	1839	1840	4	-1	-1	-1	0
1976	1982	1775	0	-1	-1	-1	0
1980	1774	1981	0	-1	-1	-1	0
2054	1840	1841	4	-1	-1	-1	0
1776	1983	1977	0	-1	-1	-1	0
1841	1842	2054	4	-1	-1	-1	0
1981	1775	1982	0	-1	-1	-1	0
1777	1984	1983	0	-1	-1	-1	0
2051	1856	1838	0	-1	-1	-1	0
1985	1984	1777	0	-1	-1	-1	0
2056	1845	1846	0	-1	-1	-1	0
1842	1853	2054	0	-1	-1	-1	0
1779	1986	1985	0	-1	-1	-1	0
1904	1941	1905	4	-1	-1	-1	0
1847	2058	1846	0	-1	-1	-1	0
1847	1850	2058	0	-1	-1	-1	0
2059	1849	1848	0	-1	-1	-1	0
1782	1988	1989	0	-1	-1	-1	0
1851	1849	2060	0	-1	-1	-1	0
1990	1783	1987	0	-1	-1	-1	0
1860	1845	2055	0	-1	-1	-1	0
1853	1854	2054	0	-1	-1	-1	0
1854	1855	2053	0	-1	-1	-1	0
2061	1850	1852	0	-1	-1	-1	0
2052	1855	1856	0	-1	-1	-1	0
1990	1991	1783	0	-1	-1	-1	0
1988	1784	1993	0	-1	-1	-1	0
1987	1785	1994	0	-1	-1	-1	0
1991	1992	1784	0	-1	-1	-1	0
1852	1851	2064	0	-1	-1	-1	0
1993	1784	1992	0	-1	-1	-1	0
1995	1787	1997	3	-1	-1	-1	0
1996	1997	1787	3	-1	-1	-1	0
1998	1996	1787	3	-1	-1	-1	0
1857	1858	2068	0	-1	-1	-1	0
1995	2000	1788	3	-1	-1	-1	0
2069	1858	1859	0	-1	-1	-1	0
1999	1788	2000	3	-1	-1	-1	0
2070	1859	1860	0	-1	-1	-1	0
2002	1790	1999	3	-1	-1	-1	0
2003	2001	1790	3	-1	-1	-1	0
2072	1861	1862	0	-1	-1	-1	0
1790	2002	2003	3	-1	-1	-1	0
2073	1862	1863	0	-1	-1	-1	0
2005	2004	1791	3	-1	-1	-1	0
2071	1869	1861	0	-1	-1	-1	0
1863	1864	2075	0	-1	-1	-1	0
1792	2007	2005	3	-1	-1	-1	0
1792	2006	2007	3	-1	-1	-1	0
2076	1864	1865	0	-1	-1	-1	0
1796	2012	1998	3	-1	-1	-1	0
2001	2011	1795	3	-1	-1	-1	0
2008	2006	1793	3	-1	-1	-1	0
1866	2077	1865	0	-1	-1	-1	0
2009	2008	1794	3	-1	-1	-1	0
1868	2078	1866	0	-1	-1	-1	0
1868	1867	2079	0	-1	-1	-1	0
2011	2010	1795	3	-1	-1	-1	0
2009	1794	2010	3	-1	-1	-1	0
1869	2081	1870	3	-1	-1	-1	0
1867	1875	2079	0	-1	-1	-1	0
2082	1871	1870	3	-1	-1	-1	0
2023	1994	1807	0	-1	-1	-1	0
1797	2014	2013	3	-1	-1	-1	0
1798	2015	2012	3	-1	-1	-1	0
2018	1803	2004	3	-1	-1	-1	0
2015	1798	2013	3	-1	-1	-1	0
2083	1873	1872	0	-1	-1	-1	0
2083	1874	1873	0	-1	-1	-1	0
1800	2017	2014	3	-1	-1	-1	0
2017	1800	2016	3	-1	-1	-1	0
2084	1875	1874	0	-1	-1	-1	0
2083	1872	1882	0	-1	-1	-1	0
2019	1801	2018	3	-1	-1	-1	0
2020	1802	2019	3	-1	-1	-1	0
2021	1802	2020	3	-1	-1	-1	0
2021	2022	1805	3	-1	-1	-1	0
2090	1877	1881	4	-1	-1	-1	0
2091	1878	1879	0	-1	-1	-1	0
1871	2082	1898	3	-1	-1	-1	0
2022	2023	1807	3	-1	-1	-1	0
1885	1878	2091	0	-1	-1	-1	0
1883	2092	1882	4	-1	-1	-1	0
1883	1884	2093	4	-1	-1	-1	0
1815	2024	2025	4	-1	-1	-1	0
2095	1884	1886	4	-1	-1	-1	0
2025	2026	1815	4	-1	-1	-1	0
1885	2096	1886	4	-1	-1	-1	0
2029	2024	1817	4	-1	-1	-1	0
1816	2028	2027	0	-1	-1	-1	0
1989	2048	1834	0	-1	-1	-1	0
2027	2030	1817	4	-1	-1	-1	0
2099	1888	1887	3	-1	-1	-1	0
1905	2090	1881	4	-1	-1	-1	0
1887	1889	2100	3	-1	-1	-1	0
2029	1817	2030	4	-1	-1	-1	0
1888	2101	1892	3	-1	-1	-1	0
2031	1819	2032	0	-1	-1	-1	0
2035	1821	2026	4	-1	-1	-1	0
1891	2102	1889	3	-1	-1	-1	0
2033	2032	1819	0	-1	-1	-1	0
1890	2105	1891	3	-1	-1	-1	0
2033	1820	2034	0	-1	-1	-1	0
2031	2036	1822	0	-1	-1	-1	0
1821	2035	2034	4	-1	-1	-1	0
1890	1898	2104	3	-1	-1	-1	0
2107	1896	1892	3	-1	-1	-1	0
2041	2028	1827	0	-1	-1	-1	0
2108	1893	1895	3	-1	-1	-1	0
1894	2109	1895	3	-1	-1	-1	0
1824	2037	2038	0	-1	-1	-1	0
1894	1897	2109	3	-1	-1	-1	0
2039	1825	2038	0	-1	-1	-1	0
2039	2040	1825	0	-1	-1	-1	0
2113	1897	1896	3	-1	-1	-1	0
1877	2090	1940	4	-1	-1	-1	0
1828	2042	2037	0	-1	-1	-1	0
1827	2040	2041	0	-1	-1	-1	0
2067	1986	1857	0	-1	-1	-1	0
2043	2042	1828	0	-1	-1	-1	0
1945	2091	1879	0	-1	-1	-1	0
2117	1899	1900	4	-1	-1	-1	0
1901	1899	2117	4	-1	-1	-1	0
1830	2045	2043	0	-1	-1	-1	0
2117	1900	1902	0	-1	-1	-1	0
1830	2044	2046	0	-1	-1	-1	0
2045	1830	2046	0	-1	-1	-1	0
2118	1903	1901	4	-1	-1	-1	0
2044	1833	2049	0	-1	-1	-1	0
2119	1904	1903	4	-1	-1	-1	0
1832	2048	2047	0	-1	-1	-1	0
1833	2047	2050	0	-1	-1	-1	0
1833	2050	2049	0	-1	-1	-1	0
1907	1906	2120	0	-1	-1	-1	0
1908	1907	2121	0	-1	-1	-1	0
1941	2090	1905	4	-1	-1	-1	0
1836	2052	2051	4	-1	-1	-1	0
1908	2122	1911	0	-1	-1	-1	0
1910	1909	2123	0	-1	-1	-1	0
1911	2123	1909	0	-1	-1	-1	0
1848	2036	2059	0	-1	-1	-1	0
1839	2053	2052	4	-1	-1	-1	0
1840	2054	2053	4	-1	-1	-1	0
1915	2126	1914	7	0	-1	-1	0
2056	2055	1845	0	-1	-1	-1	0
2126	1918	1914	7	-1	-1	-1	0
1846	2057	2056	0	-1	-1	-1	0
2051	2052	1856	0	-1	-1	-1	0
1916	1917	2127	6	-1	-1	-1	0
2053	1855	2052	0	-1	-1	-1	0
1846	2058	2057	0	-1	-1	-1	0
2053	2054	1854	0	-1	-1	-1	0
1902	1943	2117	0	-1	-1	-1	0
2127	1920	1916	6	-1	-1	-1	0
1941	1904	2119	4	-1	-1	-1	0
1917	1919	2128	7	-1	-1	-1	0
1938	2120	1906	0	-1	-1	-1	0
1919	1918	2129	7	-1	-1	-1	0
2059	2060	1849	0	-1	-1	-1	0
2058	1850	2061	0	-1	-1	-1	0
1994	1990	1987	0	-1	-1	-1	0
2090	1941	1940	4	-1	-1	-1	0
2060	2062	1851	0	-1	-1	-1	0
2131	1922	1920	6	-1	-1	-1	0
2132	1921	1922	6	-1	-1	-1	0
1851	2063	2064	0	-1	-1	-1	0
2062	2063	1851	0	-1	-1	-1	0
1921	2132	1925	6	-1	-1	-1	0
1852	2065	2061	0	-1	-1	-1	0
2064	2066	1852	0	-1	-1	-1	0
1923	1924	2134	5	-1	-1	-1	0
1852	2066	2065	0	-1	-1	-1	0
1927	1923	2134	5	-1	-1	-1	0
1926	2135	1924	5	-1	-1	-1	0
1925	2136	1926	6	-1	-1	-1	0
2070	1860	2055	0	-1	-1	-1	0
1949	2089	1952	0	-1	-1	-1	0
1910	2124	1958	0	-1	-1	-1	0
1857	2068	2067	0	-1	-1	-1	0
1927	2138	1930	5	-1	-1	-1	0
2068	1858	2069	0	-1	-1	-1	0
1928	1929	2139	0	-1	-1	-1	0
1859	2070	2069	0	-1	-1	-1	0
2139	1931	1928	0	-1	-1	-1	0
1929	1930	2140	0	-1	-1	-1	0
1941	2119	1939	0	-1	-1	-1	0
2119	1942	1939	0	-1	-1	-1	0
2118	1943	1942	0	-1	-1	-1	0
1861	2072	2071	0	-1	-1	-1	0
2023	1990	1994	0	-1	-1	-1	0
1862	2074	2072	0	-1	-1	-1	0
1935	1931	2142	0	-1	-1	-1	0
2074	1862	2073	0	-1	-1	-1	0
1933	1932	2145	0	-1	-1	-1	0
2073	1863	2075	0	-1	-1	-1	0
1936	2145	1932	0	-1	-1	-1	0
1933	2146	1934	0	-1	-1	-1	0
2076	2075	1864	0	-1	-1	-1	0
2108	2016	1893	3	-1	-1	-1	0
2077	2076	1865	0	-1	-1	-1	0
2147	1937	1934	0	-1	-1	-1	0
2149	1936	1935	0	-1	-1	-1	0
1869	2071	2081	3	-1	-1	-1	0
1866	2078	2077	0	-1	-1	-1	0
1868	2080	2078	0	-1	-1	-1	0
2151	1938	1937	0	-1	-1	-1	0
2079	2080	1868	0	-1	-1	-1	0
1870	2081	2082	3	-1	-1	-1	0
2079	1875	2087	0	-1	-1	-1	0
2153	1945	1944	0	-1	-1	-1	0
2084	1874	2085	0	-1	-1	-1	0
2153	1944	1946	0	-1	-1	-1	0
1874	2083	2086	0	-1	-1	-1	0
1874	2086	2085	0	-1	-1	-1	0
1875	2084	2089	0	-1	-1	-1	0
1875	2088	2087	0	-1	-1	-1	0
1948	1947	2155	0	-1	-1	-1	0
2086	2083	1882	0	-1	-1	-1	0
2088	1875	2089	0	-1	-1	-1	0
1946	1953	2154	0	-1	-1	-1	0
2158	1949	1948	0	-1	-1	-1	0
2092	2086	1882	0	-1	-1	-1	0
2160	1950	1951	0	-1	-1	-1	0
1947	1957	2157	0	-1	-1	-1	0
1954	1950	2160	0	-1	-1	-1	0
1952	2162	1951	0	-1	-1	-1	0
2092	1883	2094	4	-1	-1	-1	0
2093	2094	1883	4	-1	-1	-1	0
1953	1954	2164	0	-1	-1	-1	0
2095	2093	1884	4	-1	-1	-1	0
2097	1885	2091	0	-1	-1	-1	0
2166	1955	1956	0	-1	-1	-1	0
2096	1885	2097	0	-1	-1	-1	0
1957	1955	2167	0	-1	-1	-1	0
2095	1886	2098	4	-1	-1	-1	0
2098	1886	2096	4	-1	-1	-1	0
1958	2166	1956	0	-1	-1	-1	0
2099	1887	2100	3	-1	-1	-1	0
2101	1888	2099	3	-1	-1	-1	0
2171	1960	1959	7	0	-1	-1	0
2103	2100	1889	3	-1	-1	-1	0
2171	1959	1962	7	-1	-1	-1	0
2103	1889	2102	3	-1	-1	-1	0
1962	1961	2172	7	-1	-1	-1	0
1898	2082	2116	3	-1	-1	-1	0
1961	1963	2172	7	-1	-1	-1	0
2106	2102	1891	3	-1	-1	-1	0
1890	2104	2105	3	-1	-1	-1	0
2101	2107	1892	3	-1	-1	-1	0
1964	2174	1963	7	-1	-1	-1	0
1891	2105	2106	3	-1	-1	-1	0
1965	2176	1966	6	-1	-1	-1	0
2175	1964	1969	7	-1	-1	-1	0
2176	1965	1968	6	-1	-1	-1	0
2177	1969	1966	6	-1	-1	-1	0
1895	2110	2108	3	-1	-1	-1	0
1968	1967	2178	5	-1	-1	-1	0
2112	1896	2107	3	-1	-1	-1	0
1970	2178	1967	5	-1	-1	-1	0
2111	1895	2109	3	-1	-1	-1	0
2111	2110	1895	3	-1	-1	-1	0
2116	2104	1898	3	-1	-1	-1	0
1897	2115	2109	3	-1	-1	-1	0
2113	1896	2112	3	-1	-1	-1	0
1970	1971	2181	5	-1	-1	-1	0
2114	1897	2113	3	-1	-1	-1	0
2114	2115	1897	3	-1	-1	-1	0
1971	1973	2182	5	-1	-1	-1	0
1972	2183	1973	5	-1	-1	-1	0
1975	2183	1972	5	-1	-1	-1	0
1974	2185	1975	0	-1	-1	-1	0
2117	2118	1901	4	-1	-1	-1	0
1979	2185	1974	0	-1	-1	-1	0
2037	2064	2038	0	-1	-1	-1	0
2063	2039	2038	0	-1	-1	-1	0
1903	2118	2119	4	-1	-1	-1	0
1978	2187	1976	0	-1	-1	-1	0
2188	1978	1977	0	-1	-1	-1	0
1982	1976	2187	0	-1	-1	-1	0
2066	2037	2042	0	-1	-1	-1	0
1977	1983	2188	0	-1	-1	-1	0
2121	1907	2120	0	-1	-1	-1	0
1979	1980	2190	0	-1	-1	-1	0
1908	2121	2122	0	-1	-1	-1	0
1980	1981	2191	0	-1	-1	-1	0
1981	1982	2194	0	-1	-1	-1	0
1910	2123	2124	0	-1	-1	-1	0
2125	1911	2122	0	-1	-1	-1	0
2125	2123	1911	0	-1	-1	-1	0
1983	1984	2195	0	-1	-1	-1	0
1985	2196	1984	0	-1	-1	-1	0
2064	2063	2038	0	-1	-1	-1	0
2066	2064	2037	0	-1	-1	-1	0
1985	1986	2198	0	-1	-1	-1	0
2128	2127	1917	7	-1	-1	-1	0
2126	2129	1918	7	0	-1	-1	0
1989	1988	2199	0	-1	-1	-1	0
2130	2128	1919	7	-1	-1	-1	0
1919	2129	2130	7	-1	0	-1	0
2127	2131	1920	6	-1	-1	-1	0
2117	1943	2118	0	-1	-1	-1	0
1942	2119	2118	0	-1	-1	-1	0
1988	1993	2199	0	-1	-1	-1	0
1991	1990	2202	0	-1	-1	-1	0
1991	2203	1992	0	-1	-1	-1	0
2131	2133	1922	6	-1	-1	-1	0
2133	2132	1922	6	-1	-1	-1	0
2091	1945	2153	0	-1	-1	-1	0
2205	1993	1992	0	-1	-1	-1	0
1925	2132	2136	6	-1	-1	-1	0
2134	1924	2135	5	-1	-1	-1	0
2158	2089	1949	0	-1	-1	-1	0
2137	2135	1926	6	-1	-1	-1	0
1995	1997	2207	3	-1	-1	-1	0
2134	2138	1927	5	-1	-1	-1	0
2136	2137	1926	6	-1	-1	-1	0
1996	2208	1997	3	-1	-1	-1	0
2000	1995	2207	3	-1	-1	-1	0
1998	2209	1996	3	-1	-1	-1	0
1952	2089	2163	0	-1	-1	-1	0
1929	2140	2139	0	-1	-1	-1	0
2141	1930	2138	5	-1	-1	-1	0
2120	1938	2152	0	-1	-1	-1	0
1930	2141	2140	5	-1	-1	-1	0
1999	2000	2213	3	-1	-1	-1	0
2144	1931	2139	0	-1	-1	-1	0
1999	2213	2002	3	-1	-1	-1	0
1990	2023	2202	0	-1	-1	-1	0
1931	2143	2142	0	-1	-1	-1	0
2144	2143	1931	0	-1	-1	-1	0
2001	2003	2215	3	-1	-1	-1	0
2012	2212	1998	3	-1	-1	-1	0
2003	2002	2217	2	-1	-1	-1	0
1933	2145	2146	0	-1	-1	-1	0
1935	2142	2149	0	-1	-1	-1	0
2011	2001	2215	3	-1	-1	-1	0
2005	2220	2004	3	-1	-1	-1	0
2148	1934	2146	0	-1	-1	-1	0
2148	2147	1934	0	-1	-1	-1	0
1936	2150	2145	0	-1	-1	-1	0
2007	2221	2005	3	-1	-1	-1	0
2222	2007	2006	3	-1	-1	-1	0
2151	1937	2147	0	-1	-1	-1	0
1936	2149	2150	0	-1	-1	-1	0
2006	2008	2222	3	-1	-1	-1	0
2201	2048	1989	0	-1	-1	-1	0
2212	2012	2015	3	-1	-1	-1	0
1938	2151	2152	0	-1	-1	-1	0
2219	2018	2004	3	-1	-1	-1	0
2009	2226	2008	3	-1	-1	-1	0
2080	2079	2087	0	-1	-1	-1	0
2010	2228	2009	3	-1	-1	-1	0
2010	2011	2229	3	-1	-1	-1	0
2067	2198	1986	0	-1	-1	-1	0
2124	2170	1958	0	-1	-1	-1	0
2154	2153	1946	0	-1	-1	-1	0
2230	2013	2014	3	-1	-1	-1	0
1947	2156	2155	0	-1	-1	-1	0
2231	2015	2013	3	-1	-1	-1	0
2156	1947	2157	0	-1	-1	-1	0
1948	2155	2159	0	-1	-1	-1	0
2233	2014	2017	3	-1	-1	-1	0
1948	2159	2158	0	-1	-1	-1	0
2237	2017	2016	3	-1	-1	-1	0
2164	2154	1953	0	-1	-1	-1	0
2161	2160	1951	0	-1	-1	-1	0
2161	1951	2162	0	-1	-1	-1	0
2239	2019	2018	3	-1	-1	-1	0
1952	2163	2162	0	-1	-1	-1	0
2165	1954	2160	0	-1	-1	-1	0
2240	2020	2019	3	-1	-1	-1	0
1957	2168	2157	0	-1	-1	-1	0
1954	2165	2164	0	-1	-1	-1	0
2020	2242	2021	3	-1	-1	-1	0
2022	2021	2243	3	-1	-1	-1	0
1955	2166	2167	0	-1	-1	-1	0
2244	2023	2022	3	-1	-1	-1	0
2167	2168	1957	0	-1	-1	-1	0
1958	2169	2166	0	-1	-1	-1	0
2025	2024	2246	4	-1	-1	-1	0
2170	2169	1958	0	-1	-1	-1	0
2247	2026	2025	4	-1	-1	-1	0
2024	2029	2246	4	-1	-1	-1	0
2027	2028	2248	0	-1	-1	-1	0
2173	2171	1962	7	0	-1	-1	0
2030	2027	2249	4	-1	-1	-1	0
1962	2172	2173	7	-1	-1	-1	0
2247	2035	2026	4	-1	-1	-1	0
2172	1963	2174	7	-1	-1	-1	0
2030	2251	2029	4	-1	-1	-1	0
2175	2174	1964	7	-1	-1	-1	0
2032	2253	2031	0	-1	-1	-1	0
2176	2177	1966	6	-1	-1	-1	0
2250	2028	2041	0	-1	-1	-1	0
2033	2255	2032	0	-1	-1	-1	0
2036	2031	2253	0	-1	-1	-1	0
2179	2176	1968	6	-1	-1	-1	0
2180	2175	1969	7	-1	-1	-1	0
2257	2033	2034	0	-1	-1	-1	0
1968	2178	2179	6	-1	-1	-1	0
2035	2257	2034	4	-1	-1	-1	0
1969	2177	2180	7	-1	-1	-1	0
2181	2178	1970	5	-1	-1	-1	0
2182	2181	1971	5	-1	-1	-1	0
2084	2163	2089	0	-1	-1	-1	0
2039	2258	2040	0	-1	-1	-1	0
2182	1973	2184	5	-1	-1	-1	0
2183	2184	1973	5	-1	-1	-1	0
2041	2040	2260	0	-1	-1	-1	0
2097	2091	2153	0	-1	-1	-1	0
2183	1975	2186	5	-1	-1	-1	0
2185	2186	1975	5	-1	-1	-1	0
2262	2042	2043	0	-1	-1	-1	0
2059	2036	2253	0	-1	-1	-1	0
2043	2045	2263	0	-1	-1	-1	0
2190	2185	1979	0	-1	-1	-1	0
1978	2189	2187	0	-1	-1	-1	0
2046	2044	2265	0	-1	-1	-1	0
2188	2189	1978	0	-1	-1	-1	0
2265	2044	2049	0	-1	-1	-1	0
2046	2267	2045	0	-1	-1	-1	0
2016	2108	2236	3	-1	-1	-1	0
2063	2259	2039	0	-1	-1	-1	0
2190	1980	2192	0	-1	-1	-1	0
2187	2194	1982	0	-1	-1	-1	0
1980	2191	2192	0	-1	-1	-1	0
2269	2047	2048	0	-1	-1	-1	0
1981	2193	2191	0	-1	-1	-1	0
2050	2047	2269	0	-1	-1	-1	0
2195	2188	1983	0	-1	-1	-1	0
1981	2194	2193	0	-1	-1	-1	0
2050	2270	2049	0	-1	-1	-1	0
2066	2042	2262	0	-1	-1	-1	0
2195	1984	2196	0	-1	-1	-1	0
2196	1985	2197	0	-1	-1	-1	0
2197	1985	2198	0	-1	-1	-1	0
2273	2055	2056	0	-1	-1	-1	0
2259	2063	2062	0	-1	-1	-1	0
1989	2199	2200	0	-1	-1	-1	0
2056	2057	2275	0	-1	-1	-1	0
2200	2201	1989	0	-1	-1	-1	0
2058	2276	2057	0	-1	-1	-1	0
2121	2120	2152	0	-1	-1	-1	0
2276	2058	2061	0	-1	-1	-1	0
2277	2060	2059	0	-1	-1	-1	0
2202	2204	1991	0	-1	-1	-1	0
2206	2199	1993	0	-1	-1	-1	0
2204	2203	1991	0	-1	-1	-1	0
2070	2055	2274	0	-1	-1	-1	0
2203	2205	1992	0	-1	-1	-1	0
2278	2062	2060	0	-1	-1	-1	0
2206	1993	2205	0	-1	-1	-1	0
2065	2280	2061	0	-1	-1	-1	0
2281	2065	2066	0	-1	-1	-1	0
2208	1996	2209	3	-1	-1	-1	0
2210	2207	1997	3	-1	-1	-1	0
1997	2208	2210	3	-1	-1	-1	0
2067	2068	2283	0	-1	-1	-1	0
2209	1998	2211	3	-1	-1	-1	0
2207	2214	2000	3	-1	-1	-1	0
2068	2069	2284	0	-1	-1	-1	0
1998	2212	2211	3	-1	-1	-1	0
2139	2140	2144	0	-1	-1	-1	0
2070	2285	2069	0	-1	-1	-1	0
2213	2000	2214	3	-1	-1	-1	0
2071	2072	2286	0	-1	-1	-1	0
2002	2213	2216	2	-1	-1	-1	0
2074	2288	2072	0	-1	-1	-1	0
2002	2216	2217	2	-1	-1	-1	0
2215	2003	2218	2	-1	-1	-1	0
2289	2074	2073	0	-1	-1	-1	0
2075	2289	2073	0	-1	-1	-1	0
2003	2217	2218	2	-1	-1	-1	0
2081	2071	2287	3	-1	-1	-1	0
2075	2076	2291	0	-1	-1	-1	0
2219	2004	2220	3	-1	-1	-1	0
2077	2292	2076	0	-1	-1	-1	0
2221	2220	2005	3	-1	-1	-1	0
2078	2293	2077	0	-1	-1	-1	0
2223	2221	2007	3	-1	-1	-1	0
2080	2294	2078	0	-1	-1	-1	0
2222	2224	2007	3	-1	-1	-1	0
2223	2007	2224	3	-1	-1	-1	0
2008	2225	2222	3	-1	-1	-1	0
2215	2229	2011	3	-1	-1	-1	0
2008	2226	2225	3	-1	-1	-1	0
2082	2081	2297	3	-1	-1	-1	0
2080	2087	2295	0	-1	-1	-1	0
2226	2009	2227	3	-1	-1	-1	0
2015	2235	2212	3	-1	-1	-1	0
2228	2227	2009	3	-1	-1	-1	0
2229	2228	2010	3	-1	-1	-1	0
2299	2084	2085	0	-1	-1	-1	0
2023	2244	2202	3	-1	-1	-1	0
2156	2159	2155	0	-1	-1	-1	0
2301	2085	2086	0	-1	-1	-1	0
2231	2013	2230	3	-1	-1	-1	0
2014	2232	2230	3	-1	-1	-1	0
2219	2239	2018	3	-1	-1	-1	0
2088	2302	2087	0	-1	-1	-1	0
2086	2092	2301	0	-1	-1	-1	0
2233	2232	2014	3	-1	-1	-1	0
2234	2015	2231	3	-1	-1	-1	0
2089	2303	2088	0	-1	-1	-1	0
2015	2234	2235	3	-1	-1	-1	0
2233	2017	2238	3	-1	-1	-1	0
2236	2237	2016	3	-1	-1	-1	0
2092	2094	2305	4	-1	-1	-1	0
2017	2237	2238	3	-1	-1	-1	0
2093	2306	2094	4	-1	-1	-1	0
2306	2093	2095	4	-1	-1	-1	0
2082	2298	2116	3	-1	-1	-1	0
2239	2241	2019	3	-1	-1	-1	0
2019	2241	2240	3	-1	-1	-1	0
2309	2095	2098	4	-1	-1	-1	0
2242	2020	2240	3	-1	-1	-1	0
2098	2096	2310	4	-1	-1	-1	0
2096	2097	2311	0	-1	-1	-1	0
2242	2243	2021	3	-1	-1	-1	0
2243	2245	2022	3	-1	-1	-1	0
2244	2022	2245	3	-1	-1	-1	0
2314	2101	2099	3	-1	-1	-1	0
2315	2099	2100	3	-1	-1	-1	0
2246	2247	2025	4	-1	-1	-1	0
2269	2048	2201	0	-1	-1	-1	0
2316	2100	2103	3	-1	-1	-1	0
2319	2103	2102	3	-1	-1	-1	0
2027	2248	2249	0	-1	-1	-1	0
2251	2246	2029	4	-1	-1	-1	0
2248	2028	2250	0	-1	-1	-1	0
2107	2101	2318	3	-1	-1	-1	0
2106	2320	2102	3	-1	-1	-1	0
2249	2252	2030	4	-1	-1	-1	0
2104	2324	2105	3	-1	-1	-1	0
2252	2251	2030	4	-1	-1	-1	0
2105	2325	2106	3	-1	-1	-1	0
2257	2035	2247	4	-1	-1	-1	0
2032	2254	2253	0	-1	-1	-1	0
2255	2254	2032	0	-1	-1	-1	0
2104	2116	2323	3	-1	-1	-1	0
2033	2256	2255	0	-1	-1	-1	0
2327	2112	2107	3	-1	-1	-1	0
2257	2256	2033	0	-1	-1	-1	0
2084	2299	2163	0	-1	-1	-1	0
2110	2328	2108	3	-1	-1	-1	0
2283	2198	2067	0	-1	-1	-1	0
2109	2329	2111	3	-1	-1	-1	0
2303	2089	2158	0	-1	-1	-1	0
2111	2330	2110	3	-1	-1	-1	0
2250	2041	2261	0	-1	-1	-1	0
2115	2329	2109	3	-1	-1	-1	0
2241	2265	2049	0	-1	-1	-1	0
2259	2258	2039	0	-1	-1	-1	0
2112	2332	2113	3	-1	-1	-1	0
2040	2258	2260	0	-1	-1	-1	0
2049	2270	2241	0	-1	-1	-1	0
2333	2114	2113	3	-1	-1	-1	0
2261	2041	2260	0	-1	-1	-1	0
2097	2153	2312	0	-1	-1	-1	0
2335	2115	2114	3	-1	-1	-1	0
2043	2264	2262	0	-1	-1	-1	0
2263	2264	2043	0	-1	-1	-1	0
2045	2266	2263	0	-1	-1	-1	0
2266	2045	2267	0	-1	-1	-1	0
2046	2265	2268	0	-1	-1	-1	0
2267	2046	2268	0	-1	-1	-1	0
2122	2121	2339	0	-1	-1	-1	0
2125	2122	2340	0	-1	-1	-1	0
2123	2341	2124	0	-1	-1	-1	0
2341	2123	2125	0	-1	-1	-1	0
2253	2277	2059	0	-1	-1	-1	0
2272	2050	2269	0	-1	-1	-1	0
2270	2050	2271	0	-1	-1	-1	0
2272	2271	2050	0	-1	-1	-1	0
2127	2128	2343	7	-1	-1	-1	0
2278	2259	2062	0	-1	-1	-1	0
2343	2131	2127	7	-1	-1	-1	0
2274	2055	2273	0	-1	-1	-1	0
2130	2344	2128	7	0	-1	-1	0
2056	2275	2273	0	-1	-1	-1	0
2057	2276	2275	0	-1	-1	-1	0
2281	2066	2262	0	-1	-1	-1	0
2131	2345	2133	7	-1	-1	-1	0
2133	2346	2132	6	-1	-1	-1	0
2339	2121	2152	0	-1	-1	-1	0
2346	2136	2132	6	-1	-1	-1	0
2279	2060	2277	0	-1	-1	-1	0
2279	2278	2060	0	-1	-1	-1	0
2280	2276	2061	0	-1	-1	-1	0
2153	2154	2312	0	-1	-1	-1	0
2135	2348	2134	5	-1	-1	-1	0
2348	2138	2134	5	-1	-1	-1	0
2159	2303	2158	0	-1	-1	-1	0
2349	2135	2137	6	-1	-1	-1	0
2350	2137	2136	6	-1	-1	-1	0
2280	2065	2282	0	-1	-1	-1	0
2282	2065	2281	0	-1	-1	-1	0
2274	2285	2070	0	-1	-1	-1	0
2141	2138	2352	5	-1	-1	-1	0
2140	2141	2353	5	-1	-1	-1	0
2170	2124	2341	0	-1	-1	-1	0
2283	2068	2284	0	-1	-1	-1	0
2353	2144	2140	5	-1	-1	-1	0
2069	2285	2284	0	-1	-1	-1	0
2355	2142	2143	0	-1	-1	-1	0
2356	2143	2144	5	-1	-1	-1	0
2071	2286	2287	3	-1	-1	-1	0
2149	2142	2355	0	-1	-1	-1	0
2288	2286	2072	0	-1	-1	-1	0
2146	2145	2358	0	-1	-1	-1	0
2074	2289	2288	0	-1	-1	-1	0
2075	2290	2289	0	-1	-1	-1	0
2150	2359	2145	0	-1	-1	-1	0
2148	2146	2361	0	-1	-1	-1	0
2290	2075	2291	0	-1	-1	-1	0
2147	2148	2362	0	-1	-1	-1	0
2291	2076	2292	0	-1	-1	-1	0
2151	2147	2362	0	-1	-1	-1	0
2293	2292	2077	0	-1	-1	-1	0
2296	2081	2287	3	-1	-1	-1	0
2150	2149	2365	0	-1	-1	-1	0
2293	2078	2294	0	-1	-1	-1	0
2294	2080	2295	0	-1	-1	-1	0
2152	2151	2367	0	-1	-1	-1	0
2328	2236	2108	3	-1	-1	-1	0
2297	2081	2296	3	-1	-1	-1	0
2297	2298	2082	3	-1	-1	-1	0
2295	2087	2302	0	-1	-1	-1	0
2085	2300	2299	0	-1	-1	-1	0
2157	2371	2156	0	-1	-1	-1	0
2371	2159	2156	0	-1	-1	-1	0
2085	2301	2300	0	-1	-1	-1	0
2302	2088	2304	0	-1	-1	-1	0
2370	2154	2164	0	-1	-1	-1	0
2088	2303	2304	0	-1	-1	-1	0
2168	2372	2157	0	-1	-1	-1	0
2376	2160	2161	0	-1	-1	-1	0
2301	2092	2305	0	-1	-1	-1	0
2162	2377	2161	0	-1	-1	-1	0
2376	2165	2160	0	-1	-1	-1	0
2162	2163	2377	0	-1	-1	-1	0
2220	2267	2219	0	-1	-1	-1	0
2094	2306	2307	4	-1	-1	-1	0
2165	2378	2164	0	-1	-1	-1	0
2308	2305	2094	4	-1	-1	-1	0
2094	2307	2308	4	-1	-1	-1	0
2309	2306	2095	4	-1	-1	-1	0
2380	2167	2166	0	-1	-1	-1	0
2166	2169	2380	0	-1	-1	-1	0
2167	2381	2168	0	-1	-1	-1	0
2096	2311	2310	0	-1	-1	-1	0
2097	2312	2311	0	-1	-1	-1	0
2098	2313	2309	4	-1	-1	-1	0
2310	2313	2098	4	-1	-1	-1	0
2170	2384	2169	0	-1	-1	-1	0
2239	2219	2268	0	-1	-1	-1	0
2099	2315	2314	3	-1	-1	-1	0
2172	2387	2173	7	-1	0	-1	0
2100	2317	2315	3	-1	-1	-1	0
2316	2317	2100	3	-1	-1	-1	0
2387	2172	2174	7	-1	-1	-1	0
2101	2314	2318	3	-1	-1	-1	0
2388	2174	2175	7	-1	-1	-1	0
2103	2322	2316	3	-1	-1	-1	0
2319	2102	2320	3	-1	-1	-1	0
2390	2177	2176	6	-1	-1	-1	0
2319	2321	2103	3	-1	-1	-1	0
2389	2175	2180	7	-1	-1	-1	0
2265	2241	2239	0	-1	-1	-1	0
2390	2176	2179	6	-1	-1	-1	0
2103	2321	2322	3	-1	-1	-1	0
2177	2391	2180	7	-1	-1	-1	0
2178	2392	2179	6	-1	-1	-1	0
2392	2178	2181	6	-1	-1	-1	0
2323	2324	2104	3	-1	-1	-1	0
2241	2270	2240	3	-1	-1	-1	0
2298	2337	2116	3	-1	-1	-1	0
2327	2107	2318	3	-1	-1	-1	0
2240	2270	2242	3	-1	-1	-1	0
2320	2106	2326	3	-1	-1	-1	0
2220	2266	2267	0	-1	-1	-1	0
2268	2219	2267	0	-1	-1	-1	0
2105	2324	2325	3	-1	-1	-1	0
2242	2271	2243	3	-1	-1	-1	0
2325	2326	2106	3	-1	-1	-1	0
2181	2182	2395	6	-1	-1	-1	0
2396	2182	2184	6	-1	-1	-1	0
2397	2184	2183	5	-1	-1	-1	0
2397	2183	2186	5	-1	-1	-1	0
2328	2110	2330	3	-1	-1	-1	0
2185	2399	2186	5	-1	-1	-1	0
2327	2332	2112	3	-1	-1	-1	0
2331	2111	2329	3	-1	-1	-1	0
2331	2330	2111	3	-1	-1	-1	0
2268	2265	2239	0	-1	-1	-1	0
2190	2399	2185	5	-1	-1	-1	0
2116	2338	2323	3	-1	-1	-1	0
2401	2187	2189	0	-1	-1	-1	0
2333	2113	2332	3	-1	-1	-1	0
2189	2188	2403	0	-1	-1	-1	0
2329	2115	2336	3	-1	-1	-1	0
2334	2114	2333	3	-1	-1	-1	0
2187	2402	2194	0	-1	-1	-1	0
2114	2334	2335	3	-1	-1	-1	0
2271	2242	2270	3	-1	-1	-1	0
2195	2403	2188	0	-1	-1	-1	0
2335	2336	2115	3	-1	-1	-1	0
2272	2243	2271	3	-1	-1	-1	0
2405	2190	2192	5	-1	-1	-1	0
2406	2192	2191	0	-1	-1	-1	0
2406	2191	2193	0	-1	-1	-1	0
2337	2338	2116	3	-1	-1	-1	0
2194	2408	2193	0	-1	-1	-1	0
2339	2340	2122	0	-1	-1	-1	0
2412	2195	2196	0	-1	-1	-1	0
2340	2342	2125	0	-1	-1	-1	0
2197	2414	2196	0	-1	-1	-1	0
2341	2125	2342	0	-1	-1	-1	0
2198	2415	2197	0	-1	-1	-1	0
2344	2343	2128	7	-1	-1	-1	0
2200	2199	2418	0	-1	-1	-1	0
2345	2131	2343	7	-1	-1	-1	0
2419	2201	2200	0	-1	-1	-1	0
2206	2418	2199	0	-1	-1	-1	0
2133	2345	2347	7	-1	-1	-1	0
2347	2346	2133	7	-1	-1	-1	0
2422	2204	2202	3	-1	-1	-1	0
2423	2203	2204	0	-1	-1	-1	0
2205	2203	2423	0	-1	-1	-1	0
2348	2135	2349	6	-1	-1	-1	0
2350	2136	2346	6	-1	-1	-1	0
2370	2312	2154	0	-1	-1	-1	0
2159	2374	2303	0	-1	-1	-1	0
2205	2425	2206	0	-1	-1	-1	0
2351	2349	2137	6	-1	-1	-1	0
2350	2351	2137	6	-1	-1	-1	0
2348	2352	2138	5	-1	-1	-1	0
2299	2377	2163	0	-1	-1	-1	0
2207	2210	2426	3	-1	-1	-1	0
2208	2209	2427	3	-1	-1	-1	0
2208	2428	2210	3	-1	-1	-1	0
2352	2354	2141	5	-1	-1	-1	0
2207	2426	2214	3	-1	-1	-1	0
2353	2141	2354	5	-1	-1	-1	0
2430	2209	2211	3	-1	-1	-1	0
2356	2144	2353	5	-1	-1	-1	0
2212	2432	2211	3	-1	-1	-1	0
2355	2143	2357	5	-1	-1	-1	0
2357	2143	2356	5	-1	-1	-1	0
2339	2152	2369	0	-1	-1	-1	0
2214	2434	2213	2	-1	-1	-1	0
2358	2145	2359	0	-1	-1	-1	0
2434	2216	2213	2	-1	-1	-1	0
2358	2360	2146	0	-1	-1	-1	0
2360	2361	2146	0	-1	-1	-1	0
2202	2244	2422	3	-1	-1	-1	0
2355	2365	2149	0	-1	-1	-1	0
2215	2218	2436	2	-1	-1	-1	0
2217	2216	2438	2	-1	-1	-1	0
2362	2148	2363	0	-1	-1	-1	0
2364	2148	2361	0	-1	-1	-1	0
2218	2217	2439	2	-1	-1	-1	0
2359	2150	2366	0	-1	-1	-1	0
2364	2363	2148	0	-1	-1	-1	0
2235	2432	2212	3	-1	-1	-1	0
2215	2436	2229	2	-1	-1	-1	0
2368	2151	2362	0	-1	-1	-1	0
2365	2366	2150	0	-1	-1	-1	0
2441	2220	2221	0	-1	-1	-1	0
2221	2223	2442	0	-1	-1	-1	0
2151	2368	2367	0	-1	-1	-1	0
2367	2369	2152	0	-1	-1	-1	0
2443	2224	2222	3	-1	-1	-1	0
2269	2201	2420	0	-1	-1	-1	0
2225	2444	2222	3	-1	-1	-1	0
2223	2224	2446	3	-1	-1	-1	0
2385	2170	2341	0	-1	-1	-1	0
2417	2198	2283	0	-1	-1	-1	0
2226	2450	2225	3	-1	-1	-1	0
2157	2373	2371	0	-1	-1	-1	0
2157	2372	2373	0	-1	-1	-1	0
2227	2451	2226	3	-1	-1	-1	0
2375	2159	2371	0	-1	-1	-1	0
2227	2228	2452	2	-1	-1	-1	0
2375	2374	2159	0	-1	-1	-1	0
2245	2422	2244	3	-1	-1	-1	0
2228	2229	2454	2	-1	-1	-1	0
2370	2164	2378	0	-1	-1	-1	0
2161	2377	2376	0	-1	-1	-1	0
2230	2455	2231	3	-1	-1	-1	0
2232	2455	2230	3	-1	-1	-1	0
2376	2379	2165	0	-1	-1	-1	0
2456	2234	2231	3	-1	-1	-1	0
2372	2168	2382	0	-1	-1	-1	0
2165	2379	2378	0	-1	-1	-1	0
2306	2309	2307	4	-1	-1	-1	0
2458	2232	2233	8	-1	-1	-1	0
2220	2441	2266	0	-1	-1	-1	0
2167	2380	2381	0	-1	-1	-1	0
2460	2235	2234	3	-1	-1	-1	0
2459	2233	2238	8	-1	-1	-1	0
2168	2381	2383	0	-1	-1	-1	0
2380	2169	2384	0	-1	-1	-1	0
2168	2383	2382	0	-1	-1	-1	0
2236	2463	2237	3	-1	-1	-1	0
2384	2170	2386	0	-1	-1	-1	0
2170	2385	2386	0	-1	-1	-1	0
2466	2238	2237	8	-1	-1	-1	0
2388	2387	2174	7	0	-1	-1	0
2388	2175	2389	7	-1	-1	0	0
2243	2467	2245	3	-1	-1	-1	0
2390	2391	2177	7	-1	-1	-1	0
2272	2269	2420	0	-1	-1	-1	0
2247	2246	2469	4	-1	-1	-1	0
2390	2179	2393	6	-1	-1	-1	0
2394	2389	2180	7	0	-1	-1	0
2393	2179	2392	6	-1	-1	-1	0
2180	2391	2394	7	-1	-1	-1	0
2469	2246	2251	4	-1	-1	-1	0
2249	2248	2470	0	-1	-1	-1	0
2395	2392	2181	6	-1	-1	-1	0
2248	2250	2470	0	-1	-1	-1	0
2471	2252	2249	4	-1	-1	-1	0
2469	2257	2247	4	-1	-1	-1	0
2182	2396	2395	6	-1	-1	-1	0
2252	2473	2251	4	-1	-1	-1	0
2396	2184	2398	6	-1	-1	-1	0
2398	2184	2397	6	-1	-1	-1	0
2304	2303	2374	0	-1	-1	-1	0
2253	2254	2475	0	-1	-1	-1	0
2467	2243	2272	3	-1	-1	-1	0
2261	2472	2250	0	-1	-1	-1	0
2400	2397	2186	5	-1	-1	-1	0
2400	2186	2399	5	-1	-1	-1	0
2255	2476	2254	0	-1	-1	-1	0
2256	2477	2255	0	-1	-1	-1	0
2187	2401	2402	0	-1	-1	-1	0
2257	2479	2256	0	-1	-1	-1	0
2405	2399	2190	5	-1	-1	-1	0
2189	2404	2401	0	-1	-1	-1	0
2403	2404	2189	0	-1	-1	-1	0
2331	2329	2336	3	-1	-1	-1	0
2480	2258	2259	0	-1	-1	-1	0
2260	2258	2480	0	-1	-1	-1	0
2481	2261	2260	0	-1	-1	-1	0
2407	2405	2192	5	-1	-1	-1	0
2192	2406	2407	5	-1	-1	-1	0
2277	2253	2475	0	-1	-1	-1	0
2409	2194	2402	0	-1	-1	-1	0
2406	2193	2408	0	-1	-1	-1	0
2195	2411	2403	0	-1	-1	-1	0
2483	2262	2264	0	-1	-1	-1	0
2410	2408	2194	0	-1	-1	-1	0
2485	2264	2263	0	-1	-1	-1	0
2410	2194	2409	0	-1	-1	-1	0
2485	2263	2266	0	-1	-1	-1	0
2480	2259	2278	0	-1	-1	-1	0
2195	2412	2411	0	-1	-1	-1	0
2412	2196	2413	0	-1	-1	-1	0
2413	2196	2414	0	-1	-1	-1	0
2414	2197	2416	0	-1	-1	-1	0
2484	2281	2262	0	-1	-1	-1	0
2236	2328	2464	3	-1	-1	-1	0
2416	2197	2415	0	-1	-1	-1	0
2417	2415	2198	0	-1	-1	-1	0
2475	2279	2277	0	-1	-1	-1	0
2274	2273	2487	0	-1	-1	-1	0
2273	2275	2487	0	-1	-1	-1	0
2200	2418	2419	0	-1	-1	-1	0
2276	2489	2275	0	-1	-1	-1	0
2421	2201	2419	0	-1	-1	-1	0
2420	2201	2421	0	-1	-1	-1	0
2490	2276	2280	0	-1	-1	-1	0
2285	2274	2488	0	-1	-1	-1	0
2279	2491	2278	0	-1	-1	-1	0
2425	2418	2206	0	-1	-1	-1	0
2422	2424	2204	3	-1	-1	-1	0
2423	2204	2424	3	-1	-1	-1	0
2490	2280	2282	0	-1	-1	-1	0
2423	2425	2205	0	-1	-1	-1	0
2281	2493	2282	0	-1	-1	-1	0
2284	2496	2283	0	-1	-1	-1	0
2428	2426	2210	3	-1	-1	-1	0
2429	2208	2427	3	-1	-1	-1	0
2208	2429	2428	3	-1	-1	-1	0
2284	2285	2497	0	-1	-1	-1	0
2431	2427	2209	3	-1	-1	-1	0
2341	2342	2385	0	-1	-1	-1	0
2430	2431	2209	3	-1	-1	-1	0
2500	2287	2286	3	-1	-1	-1	0
2433	2430	2211	3	-1	-1	-1	0
2501	2286	2288	0	-1	-1	-1	0
2214	2426	2435	2	-1	-1	-1	0
2433	2211	2432	3	-1	-1	-1	0
2289	2503	2288	0	-1	-1	-1	0
2503	2289	2290	0	-1	-1	-1	0
2214	2435	2434	2	-1	-1	-1	0
2287	2502	2296	3	-1	-1	-1	0
2291	2505	2290	0	-1	-1	-1	0
2434	2437	2216	2	-1	-1	-1	0
2292	2506	2291	0	-1	-1	-1	0
2437	2438	2216	2	-1	-1	-1	0
2507	2292	2293	0	-1	-1	-1	0
2368	2362	2363	0	-1	-1	-1	0
2439	2217	2438	2	-1	-1	-1	0
2440	2436	2218	2	-1	-1	-1	0
2439	2440	2218	2	-1	-1	-1	0
2294	2508	2293	0	-1	-1	-1	0
2509	2294	2295	0	-1	-1	-1	0
2221	2442	2441	0	-1	-1	-1	0
2296	2511	2297	3	-1	-1	-1	0
2510	2295	2302	0	-1	-1	-1	0
2297	2512	2298	3	-1	-1	-1	0
2444	2443	2222	3	-1	-1	-1	0
2445	2442	2223	0	-1	-1	-1	0
2514	2299	2300	0	-1	-1	-1	0
2446	2445	2223	0	-1	-1	-1	0
2448	2224	2443	3	-1	-1	-1	0
2515	2300	2301	0	-1	-1	-1	0
2446	2224	2447	3	-1	-1	-1	0
2225	2450	2444	3	-1	-1	-1	0
2229	2436	2454	2	-1	-1	-1	0
2224	2449	2447	3	-1	-1	-1	0
2224	2448	2449	3	-1	-1	-1	0
2305	2517	2301	0	-1	-1	-1	0
2519	2302	2304	0	-1	-1	-1	0
2226	2451	2450	3	-1	-1	-1	0
2432	2235	2462	3	-1	-1	-1	0
2227	2453	2451	2	-1	-1	-1	0
2452	2453	2227	2	-1	-1	-1	0
2228	2454	2452	2	-1	-1	-1	0
2305	2308	2522	4	-1	-1	-1	0
2245	2468	2422	3	-1	-1	-1	0
2308	2307	2523	4	-1	-1	-1	0
2523	2307	2309	4	-1	-1	-1	0
2455	2456	2231	3	-1	-1	-1	0
2455	2232	2457	8	-1	-1	-1	0
2309	2313	2523	4	-1	-1	-1	0
2458	2457	2232	8	-1	-1	-1	0
2311	2526	2310	0	-1	-1	-1	0
2313	2310	2525	4	-1	-1	-1	0
2513	2337	2298	3	-1	-1	-1	0
2233	2459	2458	8	-1	-1	-1	0
2527	2311	2312	0	-1	-1	-1	0
2461	2234	2456	3	-1	-1	-1	0
2460	2234	2461	3	-1	-1	-1	0
2460	2462	2235	3	-1	-1	-1	0
2272	2420	2467	3	-1	-1	-1	0
2530	2314	2315	9	-1	-1	-1	0
2318	2314	2529	9	-1	-1	-1	0
2236	2464	2463	3	-1	-1	-1	0
2531	2315	2317	9	-1	-1	-1	0
2238	2466	2459	8	-1	-1	-1	0
2316	2532	2317	3	-1	-1	-1	0
2463	2465	2237	8	-1	-1	-1	0
2465	2466	2237	8	-1	-1	-1	0
2316	2322	2532	3	-1	-1	-1	0
2535	2321	2319	3	-1	-1	-1	0
2536	2319	2320	3	-1	-1	-1	0
2327	2318	2534	9	-1	-1	-1	0
2468	2245	2467	3	-1	-1	-1	0
2538	2322	2321	3	-1	-1	-1	0
2320	2326	2537	3	-1	-1	-1	0
2324	2323	2541	0	-1	-1	-1	0
2249	2470	2471	0	-1	-1	-1	0
2377	2299	2514	0	-1	-1	-1	0
2485	2266	2441	0	-1	-1	-1	0
2325	2324	2543	0	-1	-1	-1	0
2472	2470	2250	0	-1	-1	-1	0
2473	2469	2251	4	-1	-1	-1	0
2544	2326	2325	0	-1	-1	-1	0
2417	2283	2496	0	-1	-1	-1	0
2471	2474	2252	4	-1	-1	-1	0
2473	2252	2474	4	-1	-1	-1	0
2374	2521	2304	0	-1	-1	-1	0
2338	2542	2323	0	-1	-1	-1	0
2476	2475	2254	0	-1	-1	-1	0
2328	2330	2547	3	-1	-1	-1	0
2546	2332	2327	9	-1	-1	-1	0
2257	2469	2479	4	-1	-1	-1	0
2476	2255	2477	0	-1	-1	-1	0
2548	2330	2331	3	-1	-1	-1	0
2527	2312	2370	0	-1	-1	-1	0
2477	2256	2478	0	-1	-1	-1	0
2478	2256	2479	0	-1	-1	-1	0
2472	2261	2482	0	-1	-1	-1	0
2551	2333	2332	9	-1	-1	-1	0
2549	2331	2336	3	-1	-1	-1	0
2404	2403	2411	0	-1	-1	-1	0
2552	2334	2333	9	-1	-1	-1	0
2260	2480	2481	0	-1	-1	-1	0
2553	2335	2334	3	-1	-1	-1	0
2482	2261	2481	0	-1	-1	-1	0
2335	2555	2336	3	-1	-1	-1	0
2483	2484	2262	0	-1	-1	-1	0
2556	2338	2337	3	-1	-1	-1	0
2264	2486	2483	0	-1	-1	-1	0
2486	2264	2485	0	-1	-1	-1	0
2558	2340	2339	0	-1	-1	-1	0
2342	2340	2560	0	-1	-1	-1	0
2492	2279	2475	0	-1	-1	-1	0
2344	2561	2343	7	0	-1	-1	0
2345	2343	2561	7	-1	-1	-1	0
2487	2488	2274	0	-1	-1	-1	0
2480	2278	2491	0	-1	-1	-1	0
2487	2275	2489	0	-1	-1	-1	0
2562	2347	2345	7	-1	-1	-1	0
2489	2276	2490	0	-1	-1	-1	0
2563	2346	2347	7	-1	-1	-1	0
2484	2493	2281	0	-1	-1	-1	0
2346	2563	2350	7	-1	-1	-1	0
2348	2349	2565	6	-1	-1	-1	0
2492	2491	2279	0	-1	-1	-1	0
2348	2565	2352	6	-1	-1	-1	0
2349	2351	2566	6	-1	-1	-1	0
2494	2490	2282	0	-1	-1	-1	0
2558	2339	2369	0	-1	-1	-1	0
2376	2377	2514	0	-1	-1	-1	0
2567	2351	2350	7	-1	-1	-1	0
2495	2282	2493	0	-1	-1	-1	0
2375	2521	2374	0	-1	-1	-1	0
2488	2498	2285	0	-1	-1	-1	0
2282	2495	2494	0	-1	-1	-1	0
2527	2370	2378	0	-1	-1	-1	0
2354	2352	2569	6	-1	-1	-1	0
2354	2570	2353	5	-1	-1	-1	0
2496	2284	2497	0	-1	-1	-1	0
2570	2356	2353	5	-1	-1	-1	0
2285	2499	2497	0	-1	-1	-1	0
2285	2498	2499	0	-1	-1	-1	0
2357	2572	2355	5	-1	-1	-1	0
2356	2573	2357	5	-1	-1	-1	0
2342	2560	2385	0	-1	-1	-1	0
2501	2500	2286	3	-1	-1	-1	0
2502	2287	2500	3	-1	-1	-1	0
2572	2365	2355	5	-1	-1	-1	0
2501	2288	2503	0	-1	-1	-1	0
2575	2358	2359	0	-1	-1	-1	0
2575	2360	2358	0	-1	-1	-1	0
2504	2503	2290	0	-1	-1	-1	0
2505	2504	2290	0	-1	-1	-1	0
2360	2578	2361	0	-1	-1	-1	0
2291	2506	2505	0	-1	-1	-1	0
2359	2366	2577	0	-1	-1	-1	0
2364	2361	2579	0	-1	-1	-1	0
2506	2292	2507	0	-1	-1	-1	0
2580	2363	2364	0	-1	-1	-1	0
2507	2293	2508	0	-1	-1	-1	0
2421	2468	2420	3	-1	-1	-1	0
2296	2502	2511	3	-1	-1	-1	0
2509	2508	2294	0	-1	-1	-1	0
2468	2421	2424	3	-1	-1	-1	0
2368	2363	2582	0	-1	-1	-1	0
2509	2295	2510	0	-1	-1	-1	0
2468	2424	2422	3	-1	-1	-1	0
2366	2365	2585	5	-1	-1	-1	0
2511	2512	2297	3	-1	-1	-1	0
2587	2367	2368	0	-1	-1	-1	0
2512	2513	2298	3	-1	-1	-1	0
2367	2588	2369	0	-1	-1	-1	0
2433	2432	2462	3	-1	-1	-1	0
2514	2300	2516	0	-1	-1	-1	0
2518	2510	2302	0	-1	-1	-1	0
2300	2515	2516	0	-1	-1	-1	0
2589	2371	2373	0	-1	-1	-1	0
2515	2301	2517	0	-1	-1	-1	0
2590	2373	2372	0	-1	-1	-1	0
2375	2371	2589	0	-1	-1	-1	0
2302	2519	2518	0	-1	-1	-1	0
2547	2464	2328	3	-1	-1	-1	0
2304	2520	2519	0	-1	-1	-1	0
2372	2382	2590	0	-1	-1	-1	0
2517	2305	2522	0	-1	-1	-1	0
2521	2520	2304	0	-1	-1	-1	0
2379	2376	2593	0	-1	-1	-1	0
2378	2379	2595	0	-1	-1	-1	0
2524	2522	2308	4	-1	-1	-1	0
2467	2420	2468	3	-1	-1	-1	0
2380	2598	2381	0	-1	-1	-1	0
2524	2308	2523	4	-1	-1	-1	0
2384	2597	2380	0	-1	-1	-1	0
2525	2310	2526	0	-1	-1	-1	0
2381	2598	2383	0	-1	-1	-1	0
2313	2528	2523	4	-1	-1	-1	0
2599	2382	2383	0	-1	-1	-1	0
2526	2311	2527	0	-1	-1	-1	0
2525	2528	2313	4	-1	-1	-1	0
2442	2485	2441	0	-1	-1	-1	0
2384	2386	2601	0	-1	-1	-1	0
2529	2314	2530	9	-1	-1	-1	0
2386	2385	2603	0	-1	-1	-1	0
2530	2315	2531	9	-1	-1	-1	0
2317	2533	2531	9	-1	-1	-1	0
2534	2318	2529	9	-1	-1	-1	0
2317	2532	2533	9	-1	-1	-1	0
2390	2606	2391	7	-1	-1	-1	0
2393	2606	2390	7	-1	-1	-1	0
2535	2319	2536	3	-1	-1	-1	0
2394	2391	2607	7	-1	-1	0	0
2536	2320	2537	3	-1	-1	-1	0
2393	2392	2608	6	-1	-1	-1	0
2532	2322	2540	3	-1	-1	-1	0
2539	2321	2535	3	-1	-1	-1	0
2608	2392	2395	6	-1	-1	-1	0
2538	2321	2539	3	-1	-1	-1	0
2540	2322	2538	3	-1	-1	-1	0
2396	2610	2395	6	-1	-1	-1	0
2396	2398	2611	6	-1	-1	-1	0
2323	2542	2541	0	-1	-1	-1	0
2337	2513	2556	3	-1	-1	-1	0
2327	2534	2546	9	-1	-1	-1	0
2397	2612	2398	6	-1	-1	-1	0
2545	2537	2326	0	-1	-1	-1	0
2324	2541	2543	0	-1	-1	-1	0
2612	2397	2400	6	-1	-1	-1	0
2325	2543	2544	0	-1	-1	-1	0
2614	2400	2399	5	-1	-1	-1	0
2545	2326	2544	0	-1	-1	-1	0
2614	2399	2405	5	-1	-1	-1	0
2402	2401	2616	0	-1	-1	-1	0
2479	2469	2473	4	-1	-1	-1	0
2617	2401	2404	0	-1	-1	-1	0
2330	2548	2547	3	-1	-1	-1	0
2402	2618	2409	0	-1	-1	-1	0
2331	2550	2548	3	-1	-1	-1	0
2551	2332	2546	9	-1	-1	-1	0
2331	2549	2550	3	-1	-1	-1	0
2620	2405	2407	5	-1	-1	-1	0
2404	2411	2619	0	-1	-1	-1	0
2407	2406	2621	5	-1	-1	-1	0
2408	2621	2406	5	-1	-1	-1	0
2551	2552	2333	9	-1	-1	-1	0
2557	2542	2338	0	-1	-1	-1	0
2555	2549	2336	3	-1	-1	-1	0
2334	2552	2554	9	-1	-1	-1	0
2554	2553	2334	9	-1	-1	-1	0
2410	2623	2408	5	-1	-1	-1	0
2553	2555	2335	3	-1	-1	-1	0
2492	2475	2476	0	-1	-1	-1	0
2409	2624	2410	0	-1	-1	-1	0
2412	2626	2411	0	-1	-1	-1	0
2338	2556	2557	0	-1	-1	-1	0
2491	2481	2480	0	-1	-1	-1	0
2413	2628	2412	0	-1	-1	-1	0
2414	2629	2413	0	-1	-1	-1	0
2558	2559	2340	0	-1	-1	-1	0
2559	2560	2340	0	-1	-1	-1	0
2416	2630	2414	0	-1	-1	-1	0
2631	2416	2415	0	-1	-1	-1	0
2631	2415	2417	0	-1	-1	-1	0
2561	2562	2345	7	0	-1	-1	0
2635	2419	2418	0	-1	-1	-1	0
2347	2562	2564	7	-1	0	-1	0
2347	2564	2563	7	-1	-1	-1	0
2635	2421	2419	0	-1	-1	-1	0
2425	2635	2418	0	-1	-1	-1	0
2421	2635	2424	3	-1	-1	-1	0
2566	2565	2349	6	-1	-1	-1	0
2350	2563	2567	7	-1	-1	-1	0
2424	2635	2423	3	-1	-1	-1	0
2593	2376	2514	0	-1	-1	-1	0
2635	2425	2423	3	-1	-1	-1	0
2351	2568	2566	7	-1	-1	-1	0
2568	2351	2567	7	-1	-1	-1	0
2352	2565	2569	6	-1	-1	-1	0
2592	2521	2375	0	-1	-1	-1	0
2428	2636	2426	2	-1	-1	-1	0
2499	2496	2497	0	-1	-1	-1	0
2638	2429	2427	3	-1	-1	-1	0
2569	2571	2354	6	-1	-1	-1	0
2637	2427	2431	3	-1	-1	-1	0
2571	2570	2354	6	-1	-1	-1	0
2429	2639	2428	2	-1	-1	-1	0
2426	2636	2435	2	-1	-1	-1	0
2570	2573	2356	5	-1	-1	-1	0
2594	2527	2378	0	-1	-1	-1	0
2574	2572	2357	5	-1	-1	-1	0
2430	2642	2431	3	-1	-1	-1	0
2573	2574	2357	5	-1	-1	-1	0
2642	2430	2433	3	-1	-1	-1	0
2575	2359	2576	0	-1	-1	-1	0
2577	2576	2359	0	-1	-1	-1	0
2578	2360	2575	0	-1	-1	-1	0
2434	2435	2646	2	-1	-1	-1	0
2369	2588	2558	0	-1	-1	-1	0
2646	2437	2434	2	-1	-1	-1	0
2579	2361	2578	0	-1	-1	-1	0
2365	2572	2585	5	-1	-1	-1	0
2581	2363	2580	0	-1	-1	-1	0
2649	2436	2440	2	-1	-1	-1	0
2438	2437	2650	2	-1	-1	-1	0
2581	2582	2363	0	-1	-1	-1	0
2583	2580	2364	0	-1	-1	-1	0
2579	2584	2364	0	-1	-1	-1	0
2577	2366	2586	5	-1	-1	-1	0
2653	2439	2438	2	-1	-1	-1	0
2584	2583	2364	0	-1	-1	-1	0
2439	2653	2440	2	-1	-1	-1	0
2366	2585	2586	5	-1	-1	-1	0
2587	2368	2582	0	-1	-1	-1	0
2436	2648	2454	2	-1	-1	-1	0
2588	2367	2587	0	-1	-1	-1	0
2644	2433	2462	3	-1	-1	-1	0
2442	2445	2655	0	-1	-1	-1	0
2444	2656	2443	3	-1	-1	-1	0
2496	2634	2417	0	-1	-1	-1	0
2443	2657	2448	3	-1	-1	-1	0
2603	2385	2560	0	-1	-1	-1	0
2660	2445	2446	0	-1	-1	-1	0
2450	2659	2444	3	-1	-1	-1	0
2591	2589	2373	0	-1	-1	-1	0
2661	2446	2447	3	-1	-1	-1	0
2590	2591	2373	0	-1	-1	-1	0
2589	2592	2375	0	-1	-1	-1	0
2448	2662	2449	3	-1	-1	-1	0
2661	2447	2449	3	-1	-1	-1	0
2451	2664	2450	3	-1	-1	-1	0
2594	2378	2595	0	-1	-1	-1	0
2593	2596	2379	0	-1	-1	-1	0
2451	2453	2665	2	-1	-1	-1	0
2379	2596	2595	0	-1	-1	-1	0
2518	2542	2510	0	-1	-1	-1	0
2452	2666	2453	2	-1	-1	-1	0
2599	2590	2382	0	-1	-1	-1	0
2666	2452	2454	2	-1	-1	-1	0
2380	2597	2598	0	-1	-1	-1	0
2524	2523	2528	4	-1	-1	-1	0
2510	2557	2509	0	-1	-1	-1	0
2455	2668	2456	8	-1	-1	-1	0
2455	2457	2668	8	-1	-1	-1	0
2543	2518	2519	0	-1	-1	-1	0
2383	2598	2600	0	-1	-1	-1	0
2383	2600	2599	0	-1	-1	-1	0
2485	2442	2655	0	-1	-1	-1	0
2602	2597	2384	0	-1	-1	-1	0
2457	2458	2670	8	-1	-1	-1	0
2669	2461	2456	8	-1	-1	-1	0
2601	2602	2384	0	-1	-1	-1	0
2458	2459	2672	8	-1	-1	-1	0
2386	2603	2604	0	-1	-1	-1	0
2386	2605	2601	0	-1	-1	-1	0
2461	2673	2460	3	-1	-1	-1	0
2386	2604	2605	0	-1	-1	-1	0
2460	2674	2462	3	-1	-1	-1	0
2459	2466	2672	8	-1	-1	-1	0
2542	2518	2541	0	-1	-1	-1	0
2543	2541	2518	0	-1	-1	-1	0
2607	2391	2606	7	-1	-1	-1	0
2465	2463	2676	8	-1	-1	-1	0
2677	2463	2464	3	-1	-1	-1	0
2606	2393	2609	7	-1	-1	-1	0
2557	2510	2542	0	-1	-1	-1	0
2608	2609	2393	7	-1	-1	-1	0
2465	2679	2466	8	-1	-1	-1	0
2395	2610	2608	6	-1	-1	-1	0
2611	2610	2396	6	-1	-1	-1	0
2611	2398	2613	6	-1	-1	-1	0
2471	2470	2682	0	-1	-1	-1	0
2593	2514	2516	0	-1	-1	-1	0
2398	2612	2613	6	-1	-1	-1	0
2472	2682	2470	0	-1	-1	-1	0
2485	2655	2486	0	-1	-1	-1	0
2615	2612	2400	6	-1	-1	-1	0
2683	2474	2471	4	-1	-1	-1	0
2400	2614	2615	6	-1	-1	-1	0
2685	2473	2474	4	-1	-1	-1	0
2401	2617	2616	0	-1	-1	-1	0
2402	2616	2618	0	-1	-1	-1	0
2473	2685	2479	4	-1	-1	-1	0
2472	2482	2684	0	-1	-1	-1	0
2614	2405	2620	5	-1	-1	-1	0
2619	2617	2404	0	-1	-1	-1	0
2687	2476	2477	0	-1	-1	-1	0
2478	2479	2685	0	-1	-1	-1	0
2477	2478	2688	0	-1	-1	-1	0
2526	2527	2594	0	-1	-1	-1	0
2622	2620	2407	5	-1	-1	-1	0
2621	2622	2407	5	-1	-1	-1	0
2618	2624	2409	0	-1	-1	-1	0
2408	2623	2621	5	-1	-1	-1	0
2481	2690	2482	0	-1	-1	-1	0
2492	2476	2687	0	-1	-1	-1	0
2411	2626	2619	0	-1	-1	-1	0
2623	2410	2625	5	-1	-1	-1	0
2624	2625	2410	5	-1	-1	-1	0
2694	2484	2483	0	-1	-1	-1	0
2693	2483	2486	0	-1	-1	-1	0
2491	2690	2481	0	-1	-1	-1	0
2412	2627	2626	0	-1	-1	-1	0
2627	2412	2628	0	-1	-1	-1	0
2628	2413	2629	0	-1	-1	-1	0
2493	2484	2695	0	-1	-1	-1	0
2488	2487	2697	0	-1	-1	-1	0
2489	2697	2487	0	-1	-1	-1	0
2690	2491	2492	0	-1	-1	-1	0
2630	2629	2414	0	-1	-1	-1	0
2700	2489	2490	0	-1	-1	-1	0
2633	2630	2416	0	-1	-1	-1	0
2631	2632	2416	0	-1	-1	-1	0
2632	2633	2416	0	-1	-1	-1	0
2417	2634	2631	0	-1	-1	-1	0
2488	2698	2498	0	-1	-1	-1	0
2490	2494	2700	0	-1	-1	-1	0
2678	2464	2547	3	-1	-1	-1	0
2493	2701	2495	0	-1	-1	-1	0
2702	2494	2495	0	-1	-1	-1	0
2499	2705	2496	0	-1	-1	-1	0
2638	2427	2637	3	-1	-1	-1	0
2428	2639	2636	2	-1	-1	-1	0
2498	2706	2499	0	-1	-1	-1	0
2516	2596	2593	0	-1	-1	-1	0
2638	2641	2429	2	-1	-1	-1	0
2640	2639	2429	2	-1	-1	-1	0
2429	2641	2640	2	-1	-1	-1	0
2501	2709	2500	3	-1	-1	-1	0
2431	2643	2637	3	-1	-1	-1	0
2500	2710	2502	3	-1	-1	-1	0
2501	2503	2711	0	-1	-1	-1	0
2643	2431	2642	3	-1	-1	-1	0
2636	2647	2435	2	-1	-1	-1	0
2712	2503	2504	0	-1	-1	-1	0
2433	2645	2642	3	-1	-1	-1	0
2433	2644	2645	3	-1	-1	-1	0
2504	2505	2713	0	-1	-1	-1	0
2710	2511	2502	3	-1	-1	-1	0
2506	2715	2505	0	-1	-1	-1	0
2647	2646	2435	2	-1	-1	-1	0
2716	2506	2507	0	-1	-1	-1	0
2508	2717	2507	0	-1	-1	-1	0
2436	2649	2648	2	-1	-1	-1	0
2437	2646	2651	2	-1	-1	-1	0
2508	2509	2718	0	-1	-1	-1	0
2437	2651	2650	2	-1	-1	-1	0
2654	2438	2650	2	-1	-1	-1	0
2440	2653	2649	2	-1	-1	-1	0
2512	2511	2720	3	-1	-1	-1	0
2438	2652	2653	2	-1	-1	-1	0
2438	2654	2652	2	-1	-1	-1	0
2512	2720	2513	3	-1	-1	-1	0
2723	2516	2515	0	-1	-1	-1	0
2443	2656	2657	3	-1	-1	-1	0
2517	2724	2515	0	-1	-1	-1	0
2658	2656	2444	3	-1	-1	-1	0
2655	2445	2660	0	-1	-1	-1	0
2659	2658	2444	3	-1	-1	-1	0
2522	2724	2517	0	-1	-1	-1	0
2520	2726	2519	0	-1	-1	-1	0
2446	2661	2660	0	-1	-1	-1	0
2662	2448	2657	3	-1	-1	-1	0
2648	2666	2454	2	-1	-1	-1	0
2728	2520	2521	0	-1	-1	-1	0
2661	2449	2663	3	-1	-1	-1	0
2659	2450	2664	3	-1	-1	-1	0
2662	2663	2449	3	-1	-1	-1	0
2524	2730	2522	4	-1	-1	-1	0
2665	2664	2451	2	-1	-1	-1	0
2674	2644	2462	3	-1	-1	-1	0
2731	2524	2528	4	-1	-1	-1	0
2526	2733	2525	0	-1	-1	-1	0
2509	2557	2719	0	-1	-1	-1	0
2528	2525	2732	4	-1	-1	-1	0
2667	2665	2453	2	-1	-1	-1	0
2453	2666	2667	2	-1	-1	-1	0
2519	2726	2543	0	-1	-1	-1	0
2513	2722	2556	3	-1	-1	-1	0
2668	2669	2456	8	-1	-1	-1	0
2529	2530	2734	9	-1	-1	-1	0
2668	2457	2670	8	-1	-1	-1	0
2530	2531	2736	9	-1	-1	-1	0
2735	2534	2529	9	-1	-1	-1	0
2671	2670	2458	8	-1	-1	-1	0
2533	2737	2531	9	-1	-1	-1	0
2672	2671	2458	8	-1	-1	-1	0
2533	2532	2738	9	-1	-1	-1	0
2669	2675	2461	8	-1	-1	-1	0
2673	2674	2460	3	-1	-1	-1	0
2602	2601	2605	0	-1	-1	-1	0
2675	2673	2461	8	-1	-1	-1	0
2738	2532	2540	9	-1	-1	-1	0
2535	2536	2741	3	-1	-1	-1	0
2543	2726	2544	0	-1	-1	-1	0
2539	2535	2742	3	-1	-1	-1	0
2676	2463	2677	8	-1	-1	-1	0
2537	2743	2536	3	-1	-1	-1	0
2677	2464	2678	3	-1	-1	-1	0
2466	2681	2672	8	-1	-1	-1	0
2534	2740	2546	9	-1	-1	-1	0
2676	2680	2465	8	-1	-1	-1	0
2538	2539	2745	3	-1	-1	-1	0
2538	2745	2540	3	-1	-1	-1	0
2679	2465	2680	8	-1	-1	-1	0
2545	2744	2537	0	-1	-1	-1	0
2679	2681	2466	8	-1	-1	-1	0
2557	2556	2719	0	-1	-1	-1	0
2704	2634	2496	0	-1	-1	-1	0
2683	2471	2682	0	-1	-1	-1	0
2596	2516	2725	0	-1	-1	-1	0
2696	2486	2655	0	-1	-1	-1	0
2740	2551	2546	9	-1	-1	-1	0
2472	2684	2682	0	-1	-1	-1	0
2545	2544	2749	0	-1	-1	-1	0
2592	2729	2521	0	-1	-1	-1	0
2474	2683	2686	4	-1	-1	-1	0
2686	2685	2474	4	-1	-1	-1	0
2547	2548	2752	3	-1	-1	-1	0
2550	2752	2548	3	-1	-1	-1	0
2685	2689	2478	0	-1	-1	-1	0
2477	2688	2687	0	-1	-1	-1	0
2753	2550	2549	3	-1	-1	-1	0
2733	2526	2594	0	-1	-1	-1	0
2688	2478	2689	0	-1	-1	-1	0
2691	2684	2482	0	-1	-1	-1	0
2549	2555	2754	3	-1	-1	-1	0
2757	2552	2551	9	-1	-1	-1	0
2482	2690	2692	0	-1	-1	-1	0
2554	2552	2758	9	-1	-1	-1	0
2554	2759	2553	9	-1	-1	-1	0
2692	2691	2482	0	-1	-1	-1	0
2760	2555	2553	3	-1	-1	-1	0
2690	2492	2687	0	-1	-1	-1	0
2484	2694	2695	0	-1	-1	-1	0
2693	2694	2483	0	-1	-1	-1	0
2762	2559	2558	0	-1	-1	-1	0
2696	2693	2486	0	-1	-1	-1	0
2488	2697	2698	0	-1	-1	-1	0
2559	2764	2560	0	-1	-1	-1	0
2697	2489	2699	0	-1	-1	-1	0
2700	2699	2489	0	-1	-1	-1	0
2493	2695	2701	0	-1	-1	-1	0
2564	2765	2563	7	0	-1	-1	0
2494	2702	2700	0	-1	-1	-1	0
2765	2567	2563	7	-1	-1	-1	0
2701	2703	2495	0	-1	-1	-1	0
2566	2766	2565	6	-1	-1	-1	0
2565	2766	2569	6	-1	-1	-1	0
2703	2702	2495	0	-1	-1	-1	0
2566	2568	2767	7	-1	-1	-1	0
2498	2698	2707	0	-1	-1	-1	0
2496	2705	2704	0	-1	-1	-1	0
2768	2568	2567	7	-1	-1	-1	0
2558	2588	2763	0	-1	-1	-1	0
2770	2571	2569	6	-1	-1	-1	0
2498	2707	2706	0	-1	-1	-1	0
2708	2705	2499	0	-1	-1	-1	0
2771	2570	2571	6	-1	-1	-1	0
2708	2499	2706	0	-1	-1	-1	0
2573	2570	2771	6	-1	-1	-1	0
2709	2710	2500	3	-1	-1	-1	0
2574	2773	2572	5	-1	-1	-1	0
2774	2574	2573	6	-1	-1	-1	0
2711	2709	2501	3	-1	-1	-1	0
2711	2503	2712	0	-1	-1	-1	0
2764	2603	2560	0	-1	-1	-1	0
2575	2576	2776	0	-1	-1	-1	0
2504	2713	2712	0	-1	-1	-1	0
2776	2578	2575	0	-1	-1	-1	0
2773	2585	2572	5	-1	-1	-1	0
2777	2576	2577	0	-1	-1	-1	0
2714	2713	2505	0	-1	-1	-1	0
2715	2714	2505	0	-1	-1	-1	0
2578	2779	2579	0	-1	-1	-1	0
2716	2715	2506	0	-1	-1	-1	0
2716	2507	2717	0	-1	-1	-1	0
2586	2778	2577	5	-1	-1	-1	0
2579	2779	2584	0	-1	-1	-1	0
2511	2710	2721	3	-1	-1	-1	0
2581	2580	2782	0	-1	-1	-1	0
2717	2508	2718	0	-1	-1	-1	0
2646	2647	2651	2	-1	-1	-1	0
2580	2583	2782	0	-1	-1	-1	0
2581	2783	2582	0	-1	-1	-1	0
2719	2718	2509	0	-1	-1	-1	0
2721	2720	2511	3	-1	-1	-1	0
2583	2584	2786	0	-1	-1	-1	0
2582	2785	2587	0	-1	-1	-1	0
2513	2720	2722	3	-1	-1	-1	0
2587	2785	2588	0	-1	-1	-1	0
2723	2515	2724	0	-1	-1	-1	0
2791	2586	2585	5	-1	-1	-1	0
2516	2723	2725	0	-1	-1	-1	0
2591	2793	2589	0	-1	-1	-1	0
2726	2520	2727	0	-1	-1	-1	0
2793	2592	2589	0	-1	-1	-1	0
2591	2590	2794	0	-1	-1	-1	0
2727	2520	2728	0	-1	-1	-1	0
2724	2522	2730	0	-1	-1	-1	0
2547	2751	2678	3	-1	-1	-1	0
2728	2521	2729	0	-1	-1	-1	0
2794	2590	2599	0	-1	-1	-1	0
2524	2731	2730	4	-1	-1	-1	0
2797	2594	2595	0	-1	-1	-1	0
2595	2596	2798	0	-1	-1	-1	0
2525	2733	2732	0	-1	-1	-1	0
2731	2528	2732	4	-1	-1	-1	0
2597	2799	2598	0	-1	-1	-1	0
2799	2600	2598	0	-1	-1	-1	0
2722	2719	2556	0	-1	-1	-1	0
2799	2597	2602	0	-1	-1	-1	0
2529	2734	2735	9	-1	-1	-1	0
2600	2800	2599	0	-1	-1	-1	0
2736	2734	2530	9	-1	-1	-1	0
2736	2531	2737	9	-1	-1	-1	0
2740	2534	2735	9	-1	-1	-1	0
2739	2737	2533	9	-1	-1	-1	0
2738	2739	2533	9	-1	-1	-1	0
2602	2605	2805	0	-1	-1	-1	0
2603	2806	2604	0	-1	-1	-1	0
2604	2808	2605	0	-1	-1	-1	0
2742	2535	2741	3	-1	-1	-1	0
2544	2726	2749	0	-1	-1	-1	0
2536	2743	2741	3	-1	-1	-1	0
2607	2606	2809	7	-1	-1	0	0
2744	2743	2537	0	-1	-1	-1	0
2609	2809	2606	7	-1	-1	-1	0
2540	2748	2738	9	-1	-1	-1	0
2609	2608	2810	7	-1	-1	-1	0
2608	2610	2810	7	-1	-1	-1	0
2742	2747	2539	3	-1	-1	-1	0
2539	2746	2745	3	-1	-1	-1	0
2539	2747	2746	3	-1	-1	-1	0
2745	2748	2540	9	-1	-1	-1	0
2611	2812	2610	7	-1	-1	-1	0
2613	2813	2611	7	-1	-1	-1	0
2814	2613	2612	6	-1	-1	-1	0
2750	2744	2545	0	-1	-1	-1	0
2814	2612	2615	6	-1	-1	-1	0
2750	2545	2749	0	-1	-1	-1	0
2614	2816	2615	6	-1	-1	-1	0
2756	2551	2740	9	-1	-1	-1	0
2684	2683	2682	0	-1	-1	-1	0
2620	2816	2614	6	-1	-1	-1	0
2752	2751	2547	3	-1	-1	-1	0
2818	2616	2617	0	-1	-1	-1	0
2616	2819	2618	0	-1	-1	-1	0
2619	2820	2617	0	-1	-1	-1	0
2754	2753	2549	3	-1	-1	-1	0
2550	2755	2752	3	-1	-1	-1	0
2550	2753	2755	3	-1	-1	-1	0
2686	2689	2685	0	-1	-1	-1	0
2624	2618	2819	0	-1	-1	-1	0
2551	2756	2757	9	-1	-1	-1	0
2823	2620	2622	6	-1	-1	-1	0
2626	2822	2619	0	-1	-1	-1	0
2824	2622	2621	5	-1	-1	-1	0
2688	2692	2687	0	-1	-1	-1	0
2758	2552	2757	9	-1	-1	-1	0
2824	2621	2623	5	-1	-1	-1	0
2692	2690	2687	0	-1	-1	-1	0
2754	2555	2760	3	-1	-1	-1	0
2554	2758	2761	9	-1	-1	-1	0
2553	2759	2760	9	-1	-1	-1	0
2759	2554	2761	9	-1	-1	-1	0
2625	2826	2623	5	-1	-1	-1	0
2625	2624	2827	5	-1	-1	-1	0
2829	2626	2627	0	-1	-1	-1	0
2558	2763	2762	0	-1	-1	-1	0
2559	2762	2764	0	-1	-1	-1	0
2830	2627	2628	0	-1	-1	-1	0
2628	2629	2832	0	-1	-1	-1	0
2629	2630	2833	0	-1	-1	-1	0
2630	2633	2833	0	-1	-1	-1	0
2632	2631	2834	0	-1	-1	-1	0
2631	2634	2834	0	-1	-1	-1	0
2766	2566	2767	7	-1	-1	-1	0
2632	2835	2633	0	-1	-1	-1	0
2765	2768	2567	7	0	-1	-1	0
2767	2568	2769	7	-1	-1	-1	0
2768	2769	2568	7	0	-1	-1	0
2766	2770	2569	6	-1	-1	-1	0
2770	2772	2571	6	-1	-1	-1	0
2839	2636	2639	2	-1	-1	-1	0
2772	2771	2571	6	-1	-1	-1	0
2638	2637	2840	3	-1	-1	-1	0
2796	2729	2592	0	-1	-1	-1	0
2771	2774	2573	6	-1	-1	-1	0
2798	2596	2725	0	-1	-1	-1	0
2643	2840	2637	3	-1	-1	-1	0
2841	2641	2638	2	-1	-1	-1	0
2639	2640	2842	2	-1	-1	-1	0
2839	2647	2636	2	-1	-1	-1	0
2775	2773	2574	6	-1	-1	-1	0
2774	2775	2574	6	-1	-1	-1	0
2797	2733	2594	0	-1	-1	-1	0
2843	2640	2641	2	-1	-1	-1	0
2777	2776	2576	0	-1	-1	-1	0
2642	2845	2643	3	-1	-1	-1	0
2645	2845	2642	3	-1	-1	-1	0
2778	2777	2577	5	-1	-1	-1	0
2781	2578	2776	0	-1	-1	-1	0
2785	2763	2588	0	-1	-1	-1	0
2848	2645	2644	3	-1	-1	-1	0
2578	2780	2779	0	-1	-1	-1	0
2780	2578	2781	0	-1	-1	-1	0
2581	2782	2783	0	-1	-1	-1	0
2582	2783	2784	0	-1	-1	-1	0
2853	2648	2649	2	-1	-1	-1	0
2585	2773	2791	5	-1	-1	-1	0
2785	2582	2784	0	-1	-1	-1	0
2651	2647	2852	2	-1	-1	-1	0
2790	2584	2779	0	-1	-1	-1	0
2788	2782	2583	0	-1	-1	-1	0
2786	2787	2583	0	-1	-1	-1	0
2792	2778	2586	5	-1	-1	-1	0
2653	2855	2649	2	-1	-1	-1	0
2650	2651	2856	2	-1	-1	-1	0
2788	2583	2787	0	-1	-1	-1	0
2786	2584	2789	0	-1	-1	-1	0
2855	2653	2652	2	-1	-1	-1	0
2650	2857	2654	2	-1	-1	-1	0
2790	2789	2584	0	-1	-1	-1	0
2859	2652	2654	2	-1	-1	-1	0
2644	2674	2849	3	-1	-1	-1	0
2666	2648	2854	2	-1	-1	-1	0
2791	2792	2586	5	-1	-1	-1	0
2834	2634	2704	0	-1	-1	-1	0
2603	2764	2806	0	-1	-1	-1	0
2657	2656	2862	3	-1	-1	-1	0
2655	2660	2861	0	-1	-1	-1	0
2862	2656	2658	3	-1	-1	-1	0
2795	2793	2591	0	-1	-1	-1	0
2794	2795	2591	0	-1	-1	-1	0
2658	2659	2864	3	-1	-1	-1	0
2796	2592	2793	0	-1	-1	-1	0
2657	2863	2662	3	-1	-1	-1	0
2866	2660	2661	0	-1	-1	-1	0
2865	2659	2664	3	-1	-1	-1	0
2798	2797	2595	0	-1	-1	-1	0
2663	2867	2661	3	-1	-1	-1	0
2662	2868	2663	3	-1	-1	-1	0
2599	2801	2794	0	-1	-1	-1	0
2870	2664	2665	2	-1	-1	-1	0
2801	2599	2800	0	-1	-1	-1	0
2799	2802	2600	0	-1	-1	-1	0
2800	2600	2802	0	-1	-1	-1	0
2727	2749	2726	0	-1	-1	-1	0
2665	2667	2871	2	-1	-1	-1	0
2799	2602	2803	0	-1	-1	-1	0
2873	2667	2666	2	-1	-1	-1	0
2803	2602	2804	0	-1	-1	-1	0
2804	2602	2805	0	-1	-1	-1	0
2874	2669	2668	8	-1	-1	-1	0
2861	2696	2655	0	-1	-1	-1	0
2874	2668	2670	8	-1	-1	-1	0
2670	2671	2876	8	-1	-1	-1	0
2604	2806	2807	0	-1	-1	-1	0
2605	2808	2805	0	-1	-1	-1	0
2875	2675	2669	8	-1	-1	-1	0
2604	2807	2808	0	-1	-1	-1	0
2672	2878	2671	8	-1	-1	-1	0
2879	2674	2673	3	-1	-1	-1	0
2675	2880	2673	8	-1	-1	-1	0
2811	2809	2609	7	0	-1	-1	0
2811	2609	2810	7	-1	-1	-1	0
2878	2672	2681	8	-1	-1	-1	0
2610	2812	2810	7	-1	-1	-1	0
2882	2676	2677	8	-1	-1	-1	0
2812	2611	2813	7	-1	-1	-1	0
2883	2680	2676	8	-1	-1	-1	0
2613	2815	2813	7	-1	-1	-1	0
2677	2678	2884	3	-1	-1	-1	0
2814	2815	2613	7	-1	-1	-1	0
2885	2679	2680	8	-1	-1	-1	0
2814	2615	2817	6	-1	-1	-1	0
2886	2681	2679	8	-1	-1	-1	0
2817	2615	2816	6	-1	-1	-1	0
2819	2616	2818	0	-1	-1	-1	0
2820	2821	2617	0	-1	-1	-1	0
2617	2821	2818	0	-1	-1	-1	0
2823	2816	2620	6	-1	-1	-1	0
2892	2683	2684	0	-1	-1	-1	0
2892	2686	2683	4	-1	-1	-1	0
2822	2820	2619	0	-1	-1	-1	0
2892	2684	2691	0	-1	-1	-1	0
2893	2689	2686	0	-1	-1	-1	0
2689	2893	2688	0	-1	-1	-1	0
2825	2823	2622	6	-1	-1	-1	0
2624	2819	2827	5	-1	-1	-1	0
2622	2824	2825	6	-1	-1	-1	0
2826	2824	2623	5	-1	-1	-1	0
2893	2692	2688	0	-1	-1	-1	0
2893	2691	2692	0	-1	-1	-1	0
2822	2626	2829	0	-1	-1	-1	0
2826	2625	2828	5	-1	-1	-1	0
2625	2827	2828	5	-1	-1	-1	0
2694	2693	2894	0	-1	-1	-1	0
2695	2694	2896	0	-1	-1	-1	0
2693	2696	2895	0	-1	-1	-1	0
2830	2829	2627	0	-1	-1	-1	0
2830	2628	2831	0	-1	-1	-1	0
2628	2832	2831	0	-1	-1	-1	0
2897	2701	2695	0	-1	-1	-1	0
2832	2629	2833	0	-1	-1	-1	0
2899	2698	2697	0	-1	-1	-1	0
2899	2697	2699	0	-1	-1	-1	0
2700	2900	2699	0	-1	-1	-1	0
2834	2836	2632	0	-1	-1	-1	0
2702	2901	2700	0	-1	-1	-1	0
2835	2632	2836	0	-1	-1	-1	0
2633	2837	2833	0	-1	-1	-1	0
2899	2707	2698	0	-1	-1	-1	0
2701	2902	2703	0	-1	-1	-1	0
2838	2633	2835	0	-1	-1	-1	0
2702	2703	2903	0	-1	-1	-1	0
2838	2837	2633	0	-1	-1	-1	0
2751	2884	2678	3	-1	-1	-1	0
2705	2906	2704	0	-1	-1	-1	0
2638	2840	2841	2	-1	-1	-1	0
2907	2705	2708	0	-1	-1	-1	0
2839	2639	2842	2	-1	-1	-1	0
2908	2706	2707	0	-1	-1	-1	0
2708	2706	2908	0	-1	-1	-1	0
2842	2640	2843	2	-1	-1	-1	0
2641	2841	2844	2	-1	-1	-1	0
2843	2641	2844	2	-1	-1	-1	0
2643	2847	2840	3	-1	-1	-1	0
2912	2710	2709	3	-1	-1	-1	0
2913	2709	2711	3	-1	-1	-1	0
2846	2643	2845	3	-1	-1	-1	0
2776	2777	2781	0	-1	-1	-1	0
2643	2846	2847	3	-1	-1	-1	0
2839	2851	2647	2	-1	-1	-1	0
2914	2711	2712	0	-1	-1	-1	0
2712	2713	2914	0	-1	-1	-1	0
2645	2850	2845	3	-1	-1	-1	0
2849	2848	2644	3	-1	-1	-1	0
2713	2714	2915	0	-1	-1	-1	0
2721	2710	2912	3	-1	-1	-1	0
2645	2848	2850	3	-1	-1	-1	0
2715	2916	2714	0	-1	-1	-1	0
2917	2715	2716	0	-1	-1	-1	0
2780	2790	2779	0	-1	-1	-1	0
2851	2852	2647	2	-1	-1	-1	0
2716	2717	2918	0	-1	-1	-1	0
2919	2717	2718	0	-1	-1	-1	0
2648	2853	2854	2	-1	-1	-1	0
2919	2718	2719	0	-1	-1	-1	0
2853	2649	2855	2	-1	-1	-1	0
2720	2721	2920	3	-1	-1	-1	0
2858	2651	2852	2	-1	-1	-1	0
2920	2719	2722	0	-1	-1	-1	0
2720	2920	2722	3	-1	-1	-1	0
2650	2856	2857	2	-1	-1	-1	0
2858	2856	2651	2	-1	-1	-1	0
2855	2652	2859	2	-1	-1	-1	0
2723	2724	2922	0	-1	-1	-1	0
2923	2725	2723	0	-1	-1	-1	0
2857	2860	2654	2	-1	-1	-1	0
2859	2654	2860	2	-1	-1	-1	0
2730	2922	2724	0	-1	-1	-1	0
2727	2728	2925	0	-1	-1	-1	0
2862	2863	2657	3	-1	-1	-1	0
2728	2729	2926	0	-1	-1	-1	0
2658	2864	2862	3	-1	-1	-1	0
2861	2660	2866	0	-1	-1	-1	0
2927	2730	2731	4	-1	-1	-1	0
2865	2864	2659	3	-1	-1	-1	0
2731	2732	2928	4	-1	-1	-1	0
2872	2666	2854	2	-1	-1	-1	0
2863	2868	2662	3	-1	-1	-1	0
2866	2661	2867	0	-1	-1	-1	0
2732	2733	2929	0	-1	-1	-1	0
2664	2870	2865	2	-1	-1	-1	0
2930	2735	2734	9	-1	-1	-1	0
2869	2867	2663	3	-1	-1	-1	0
2868	2869	2663	3	-1	-1	-1	0
2734	2736	2931	9	-1	-1	-1	0
2727	2925	2749	0	-1	-1	-1	0
2849	2674	2879	3	-1	-1	-1	0
2870	2665	2871	2	-1	-1	-1	0
2737	2933	2736	9	-1	-1	-1	0
2735	2932	2740	9	-1	-1	-1	0
2737	2739	2934	9	-1	-1	-1	0
2873	2871	2667	2	-1	-1	-1	0
2872	2873	2666	2	-1	-1	-1	0
2739	2738	2936	9	-1	-1	-1	0
2875	2669	2874	8	-1	-1	-1	0
2670	2876	2874	8	-1	-1	-1	0
2743	2938	2741	3	-1	-1	-1	0
2748	2936	2738	9	-1	-1	-1	0
2742	2741	2939	3	-1	-1	-1	0
2925	2750	2749	0	-1	-1	-1	0
2877	2876	2671	8	-1	-1	-1	0
2877	2671	2878	8	-1	-1	-1	0
2740	2932	2756	9	-1	-1	-1	0
2940	2747	2742	3	-1	-1	-1	0
2744	2942	2743	0	-1	-1	-1	0
2875	2881	2675	8	-1	-1	-1	0
2673	2880	2879	8	-1	-1	-1	0
2943	2745	2746	9	-1	-1	-1	0
2744	2750	2942	0	-1	-1	-1	0
2943	2748	2745	9	-1	-1	-1	0
2880	2675	2881	8	-1	-1	-1	0
2747	2944	2746	3	-1	-1	-1	0
2882	2883	2676	8	-1	-1	-1	0
2884	2882	2677	8	-1	-1	-1	0
2834	2704	2906	0	-1	-1	-1	0
2798	2725	2924	0	-1	-1	-1	0
2681	2891	2878	8	-1	-1	-1	0
2885	2886	2679	8	-1	-1	-1	0
2729	2796	2926	0	-1	-1	-1	0
2680	2883	2888	8	-1	-1	-1	0
2680	2887	2885	8	-1	-1	-1	0
2950	2751	2752	3	-1	-1	-1	0
2696	2861	2898	0	-1	-1	-1	0
2888	2887	2680	8	-1	-1	-1	0
2681	2886	2889	8	-1	-1	-1	0
2797	2929	2733	0	-1	-1	-1	0
2752	2755	2952	3	-1	-1	-1	0
2681	2889	2890	8	-1	-1	-1	0
2753	2754	2953	3	-1	-1	-1	0
2753	2953	2755	3	-1	-1	-1	0
2890	2891	2681	8	-1	-1	-1	0
2954	2754	2760	3	-1	-1	-1	0
2757	2756	2956	9	-1	-1	-1	0
2686	2892	2893	0	-1	-1	-1	0
2958	2758	2757	9	-1	-1	-1	0
2892	2691	2893	0	-1	-1	-1	0
2758	2958	2761	9	-1	-1	-1	0
2960	2760	2759	9	-1	-1	-1	0
2761	2961	2759	9	-1	-1	-1	0
2895	2894	2693	0	-1	-1	-1	0
2694	2894	2896	0	-1	-1	-1	0
2897	2695	2896	0	-1	-1	-1	0
2762	2763	2964	0	-1	-1	-1	0
2762	2963	2764	0	-1	-1	-1	0
2696	2898	2895	0	-1	-1	-1	0
2699	2900	2899	0	-1	-1	-1	0
2902	2701	2897	0	-1	-1	-1	0
2767	2967	2766	7	-1	-1	-1	0
2900	2700	2901	0	-1	-1	-1	0
2967	2770	2766	7	-1	-1	-1	0
2767	2769	2968	7	-1	0	-1	0
2903	2901	2702	0	-1	-1	-1	0
2902	2905	2703	0	-1	-1	-1	0
2904	2903	2703	0	-1	-1	-1	0
2772	2770	2969	7	-1	-1	-1	0
2905	2904	2703	0	-1	-1	-1	0
2772	2970	2771	6	-1	-1	-1	0
2763	2785	2965	0	-1	-1	-1	0
2909	2707	2899	0	-1	-1	-1	0
2970	2774	2771	6	-1	-1	-1	0
2705	2907	2906	0	-1	-1	-1	0
2972	2773	2775	6	-1	-1	-1	0
2973	2775	2774	6	-1	-1	-1	0
2707	2909	2908	0	-1	-1	-1	0
2908	2910	2708	0	-1	-1	-1	0
2907	2708	2911	0	-1	-1	-1	0
2911	2708	2910	0	-1	-1	-1	0
2975	2777	2778	5	-1	-1	-1	0
2842	2851	2839	2	-1	-1	-1	0
2777	2975	2781	5	-1	-1	-1	0
2784	2965	2785	0	-1	-1	-1	0
2913	2912	2709	3	-1	-1	-1	0
2972	2791	2773	6	-1	-1	-1	0
2764	2966	2806	0	-1	-1	-1	0
2913	2711	2914	3	-1	-1	-1	0
2780	2781	2977	5	-1	-1	-1	0
2915	2914	2713	0	-1	-1	-1	0
2783	2782	2979	0	-1	-1	-1	0
2915	2714	2916	0	-1	-1	-1	0
2778	2792	2976	5	-1	-1	-1	0
2916	2715	2917	0	-1	-1	-1	0
2981	2784	2783	0	-1	-1	-1	0
2978	2790	2780	5	-1	-1	-1	0
2788	2979	2782	0	-1	-1	-1	0
2917	2716	2918	0	-1	-1	-1	0
2912	2921	2721	3	-1	-1	-1	0
2918	2717	2919	0	-1	-1	-1	0
2787	2786	2982	0	-1	-1	-1	0
2982	2786	2789	0	-1	-1	-1	0
2919	2719	2920	0	-1	-1	-1	0
2983	2788	2787	0	-1	-1	-1	0
2920	2721	2921	3	-1	-1	-1	0
2789	2790	2986	5	-1	-1	-1	0
2922	2923	2723	0	-1	-1	-1	0
2988	2792	2791	6	-1	-1	-1	0
2923	2924	2725	0	-1	-1	-1	0
2795	2990	2793	0	-1	-1	-1	0
2793	2990	2796	0	-1	-1	-1	0
2807	2806	2966	0	-1	-1	-1	0
2927	2922	2730	0	-1	-1	-1	0
2728	2926	2925	0	-1	-1	-1	0
2794	2991	2795	0	-1	-1	-1	0
2991	2794	2801	0	-1	-1	-1	0
2731	2928	2927	4	-1	-1	-1	0
2751	2951	2884	3	-1	-1	-1	0
2928	2732	2929	0	-1	-1	-1	0
2996	2797	2798	0	-1	-1	-1	0
2930	2734	2931	9	-1	-1	-1	0
2735	2930	2932	9	-1	-1	-1	0
2799	2997	2802	0	-1	-1	-1	0
2801	2800	2999	0	-1	-1	-1	0
2799	2803	2998	0	-1	-1	-1	0
2736	2933	2931	9	-1	-1	-1	0
2933	2737	2935	9	-1	-1	-1	0
2802	2999	2800	0	-1	-1	-1	0
2935	2737	2934	9	-1	-1	-1	0
3002	2803	2804	0	-1	-1	-1	0
2937	2934	2739	9	-1	-1	-1	0
3003	2804	2805	0	-1	-1	-1	0
2936	2937	2739	9	-1	-1	-1	0
3004	2805	2808	0	-1	-1	-1	0
2938	2939	2741	3	-1	-1	-1	0
2807	3006	2808	0	-1	-1	-1	0
2939	2941	2742	3	-1	-1	-1	0
2941	2940	2742	3	-1	-1	-1	0
2948	2750	2925	0	-1	-1	-1	0
2743	2942	2938	0	-1	-1	-1	0
3008	2811	2810	7	0	-1	-1	0
3008	2810	2812	7	-1	-1	-1	0
2947	2936	2748	9	-1	-1	-1	0
2946	2747	2940	3	-1	-1	-1	0
2746	2945	2943	9	-1	-1	-1	0
3009	2812	2813	7	-1	-1	-1	0
2944	2945	2746	9	-1	-1	-1	0
2944	2747	2946	3	-1	-1	-1	0
3010	2813	2815	7	-1	-1	-1	0
2748	2943	2947	9	-1	-1	-1	0
2815	2814	3011	7	-1	-1	-1	0
2949	2942	2750	0	-1	-1	-1	0
2814	2817	3011	7	-1	-1	-1	0
2756	2932	2957	9	-1	-1	-1	0
2817	2816	3013	6	-1	-1	-1	0
2750	2948	2949	0	-1	-1	-1	0
2818	3015	2819	5	-1	-1	-1	0
2751	2950	2951	3	-1	-1	-1	0
3013	2816	2823	6	-1	-1	-1	0
2752	2952	2950	3	-1	-1	-1	0
3016	2818	2821	5	-1	-1	-1	0
2820	3017	2821	0	-1	-1	-1	0
2822	3017	2820	0	-1	-1	-1	0
2954	2953	2754	3	-1	-1	-1	0
2819	3015	2827	5	-1	-1	-1	0
2955	2952	2755	3	-1	-1	-1	0
2955	2755	2953	3	-1	-1	-1	0
2756	2957	2956	9	-1	-1	-1	0
3021	2823	2825	6	-1	-1	-1	0
2822	2829	3019	0	-1	-1	-1	0
2824	3022	2825	6	-1	-1	-1	0
2959	2757	2956	9	-1	-1	-1	0
2826	3022	2824	6	-1	-1	-1	0
2959	2958	2757	9	-1	-1	-1	0
2960	2954	2760	9	-1	-1	-1	0
2826	2828	3024	6	-1	-1	-1	0
2828	2827	3025	5	-1	-1	-1	0
2961	2960	2759	9	-1	-1	-1	0
2958	2962	2761	9	-1	-1	-1	0
2961	2761	2962	9	-1	-1	-1	0
3027	2829	2830	0	-1	-1	-1	0
2963	2762	2964	0	-1	-1	-1	0
2831	3028	2830	0	-1	-1	-1	0
2964	2763	2965	0	-1	-1	-1	0
3029	2831	2832	0	-1	-1	-1	0
2966	2764	2963	0	-1	-1	-1	0
2833	3030	2832	0	-1	-1	-1	0
3031	2833	2837	0	-1	-1	-1	0
2836	2834	3032	0	-1	-1	-1	0
2968	2967	2767	7	-1	-1	-1	0
2835	2836	3033	0	-1	-1	-1	0
2967	2969	2770	7	-1	-1	-1	0
2835	3034	2838	0	-1	-1	-1	0
2838	3037	2837	0	-1	-1	-1	0
2969	2971	2772	7	-1	-1	-1	0
2772	2971	2970	7	-1	-1	-1	0
2926	2796	2993	0	-1	-1	-1	0
2970	2973	2774	6	-1	-1	-1	0
2924	2996	2798	0	-1	-1	-1	0
2840	3039	2841	2	-1	-1	-1	0
2972	2775	2974	6	-1	-1	-1	0
2775	2973	2974	6	-1	-1	-1	0
2797	2996	2929	0	-1	-1	-1	0
3040	2844	2841	2	-1	-1	-1	0
3041	2842	2843	2	-1	-1	-1	0
3039	2840	2847	2	-1	-1	-1	0
2976	2975	2778	5	-1	-1	-1	0
2981	2965	2784	0	-1	-1	-1	0
2844	3043	2843	2	-1	-1	-1	0
2781	2975	2977	5	-1	-1	-1	0
2888	2959	2887	9	-1	-1	-1	0
2780	2977	2978	5	-1	-1	-1	0
3042	2851	2842	2	-1	-1	-1	0
2845	3045	2846	3	-1	-1	-1	0
3046	2847	2846	3	-1	-1	-1	0
3045	2845	2850	3	-1	-1	-1	0
2783	2979	2980	0	-1	-1	-1	0
2980	2981	2783	0	-1	-1	-1	0
2851	3042	2852	2	-1	-1	-1	0
2848	2849	3048	3	-1	-1	-1	0
2848	3048	2850	3	-1	-1	-1	0
2788	2984	2979	0	-1	-1	-1	0
2988	2791	2972	6	-1	-1	-1	0
2787	2982	2983	0	-1	-1	-1	0
2788	2983	2985	0	-1	-1	-1	0
2986	2790	2978	5	-1	-1	-1	0
2788	2985	2984	0	-1	-1	-1	0
2976	2792	2989	6	-1	-1	-1	0
2921	2918	2919	0	-1	-1	-1	0
2987	2982	2789	5	-1	-1	-1	0
2853	3052	2854	2	-1	-1	-1	0
2853	2855	3052	2	-1	-1	-1	0
2920	2921	2919	0	-1	-1	-1	0
3051	2858	2852	2	-1	-1	-1	0
2987	2789	2986	5	-1	-1	-1	0
2855	2859	3052	2	-1	-1	-1	0
2856	2858	3055	2	-1	-1	-1	0
2856	3056	2857	2	-1	-1	-1	0
2989	2792	2988	6	-1	-1	-1	0
3032	2834	2906	0	-1	-1	-1	0
2923	2922	2927	0	-1	-1	-1	0
2857	3057	2860	2	-1	-1	-1	0
3049	2849	2879	3	-1	-1	-1	0
2990	2795	2992	0	-1	-1	-1	0
2795	2991	2992	0	-1	-1	-1	0
2854	3053	2872	2	-1	-1	-1	0
3007	2807	2966	0	-1	-1	-1	0
2995	2796	2990	0	-1	-1	-1	0
2860	3063	2859	2	-1	-1	-1	0
2994	2993	2796	0	-1	-1	-1	0
2994	2796	2995	0	-1	-1	-1	0
2864	3066	2862	3	-1	-1	-1	0
2991	2801	3000	0	-1	-1	-1	0
2863	2862	3067	3	-1	-1	-1	0
2861	2866	3065	0	-1	-1	-1	0
2799	2998	2997	0	-1	-1	-1	0
3068	2864	2865	3	-1	-1	-1	0
2868	2863	3067	3	-1	-1	-1	0
2948	2925	2926	0	-1	-1	-1	0
2802	2997	3001	0	-1	-1	-1	0
2801	2999	3000	0	-1	-1	-1	0
3001	2999	2802	0	-1	-1	-1	0
2887	2959	2956	9	-1	-1	-1	0
3070	2866	2867	0	-1	-1	-1	0
2998	2803	3002	0	-1	-1	-1	0
3069	2865	2870	2	-1	-1	-1	0
2867	2869	3071	3	-1	-1	-1	0
3003	3002	2804	0	-1	-1	-1	0
2962	2959	2888	9	-1	-1	-1	0
2869	2868	3072	3	-1	-1	-1	0
2870	2871	3069	2	-1	-1	-1	0
2805	3005	3003	0	-1	-1	-1	0
2805	3004	3005	0	-1	-1	-1	0
3006	3004	2808	0	-1	-1	-1	0
2871	2873	3075	2	-1	-1	-1	0
3007	3006	2807	0	-1	-1	-1	0
3076	2873	2872	2	-1	-1	-1	0
2898	2861	3065	0	-1	-1	-1	0
3080	2875	2874	8	-1	-1	-1	0
3009	3008	2812	7	0	-1	-1	0
2876	3079	2874	8	-1	-1	-1	0
3009	2813	3010	7	-1	-1	0	0
2877	3082	2876	8	-1	-1	-1	0
2943	2945	2947	9	-1	-1	-1	0
3012	3010	2815	7	0	-1	-1	0
2881	2875	3081	8	-1	-1	-1	0
2815	3011	3012	7	-1	-1	-1	0
2878	3083	2877	8	-1	-1	-1	0
3011	2817	3014	7	-1	-1	-1	0
3085	2879	2880	8	-1	-1	-1	0
3013	3014	2817	7	-1	-1	-1	0
3086	2880	2881	8	-1	-1	-1	0
3015	2818	3016	5	-1	-1	-1	0
2878	2891	3083	8	-1	-1	-1	0
3087	2883	2882	8	-1	-1	-1	0
2996	2928	2929	0	-1	-1	-1	0
2884	3087	2882	8	-1	-1	-1	0
2821	3018	3016	5	-1	-1	-1	0
3017	3018	2821	5	-1	-1	-1	0
3013	2823	3021	6	-1	-1	-1	0
2822	3020	3017	0	-1	-1	-1	0
2883	3089	2888	8	-1	-1	-1	0
2886	2885	3090	8	-1	-1	-1	0
3020	2822	3019	0	-1	-1	-1	0
2887	3090	2885	8	-1	-1	-1	0
3091	2889	2886	8	-1	-1	-1	0
3025	2827	3015	5	-1	-1	-1	0
2993	2948	2926	0	-1	-1	-1	0
3023	3021	2825	6	-1	-1	-1	0
3022	3023	2825	6	-1	-1	-1	0
2890	2889	3092	8	-1	-1	-1	0
3024	3022	2826	6	-1	-1	-1	0
2890	3093	2891	8	-1	-1	-1	0
3027	3019	2829	0	-1	-1	-1	0
3024	2828	3026	6	-1	-1	-1	0
2958	2959	2962	9	-1	-1	-1	0
2828	3025	3026	6	-1	-1	-1	0
3027	2830	3028	0	-1	-1	-1	0
2895	3096	2894	0	-1	-1	-1	0
2896	2894	3097	0	-1	-1	-1	0
3028	2831	3029	0	-1	-1	-1	0
3097	2897	2896	0	-1	-1	-1	0
3029	2832	3030	0	-1	-1	-1	0
2895	2898	3098	0	-1	-1	-1	0
3030	2833	3031	0	-1	-1	-1	0
2897	3100	2902	0	-1	-1	-1	0
3102	2899	2900	0	-1	-1	-1	0
2835	3033	3034	0	-1	-1	-1	0
2836	3032	3035	0	-1	-1	-1	0
3031	2837	3036	0	-1	-1	-1	0
2836	3035	3033	0	-1	-1	-1	0
2901	3104	2900	0	-1	-1	-1	0
3104	2901	2903	0	-1	-1	-1	0
3034	3038	2838	0	-1	-1	-1	0
3037	3036	2837	0	-1	-1	-1	0
2899	3103	2909	0	-1	-1	-1	0
3105	2905	2902	0	-1	-1	-1	0
3038	3037	2838	0	-1	-1	-1	0
3107	2903	2904	0	-1	-1	-1	0
2905	3108	2904	0	-1	-1	-1	0
3039	3040	2841	2	-1	-1	-1	0
3087	2884	2951	8	-1	-1	-1	0
2906	2907	3109	0	-1	-1	-1	0
2842	3041	3042	2	-1	-1	-1	0
2907	2911	3109	0	-1	-1	-1	0
2908	2909	3110	0	-1	-1	-1	0
3043	3041	2843	2	-1	-1	-1	0
2844	3040	3044	2	-1	-1	-1	0
2908	3111	2910	0	-1	-1	-1	0
3044	3043	2844	2	-1	-1	-1	0
2887	2956	3090	9	-1	-1	-1	0
2910	3112	2911	0	-1	-1	-1	0
2847	3047	3039	2	-1	-1	-1	0
3046	2846	3045	3	-1	-1	-1	0
3089	2962	2888	9	-1	-1	-1	0
2913	3114	2912	3	-1	-1	-1	0
3047	2847	3046	2	-1	-1	-1	0
2913	2914	3115	3	-1	-1	-1	0
3115	2914	2915	3	-1	-1	-1	0
2852	3042	3051	2	-1	-1	-1	0
3050	3045	2850	3	-1	-1	-1	0
2915	2916	3115	0	-1	-1	-1	0
3049	3048	2849	3	-1	-1	-1	0
2921	2912	3114	3	-1	-1	-1	0
3050	2850	3048	3	-1	-1	-1	0
3116	2916	2917	0	-1	-1	-1	0
2918	3116	2917	0	-1	-1	-1	0
3114	2918	2921	0	-1	-1	-1	0
3054	2854	3052	2	-1	-1	-1	0
3054	3053	2854	2	-1	-1	-1	0
2923	3117	2924	0	-1	-1	-1	0
2856	3055	3056	2	-1	-1	-1	0
2923	2927	3117	0	-1	-1	-1	0
2858	3051	3061	2	-1	-1	-1	0
3058	2857	3056	2	-1	-1	-1	0
2928	3117	2927	4	-1	-1	-1	0
3058	3057	2857	2	-1	-1	-1	0
3062	3052	2859	2	-1	-1	-1	0
3055	2858	3060	2	-1	-1	-1	0
3060	2858	3059	2	-1	-1	-1	0
2858	3061	3059	2	-1	-1	-1	0
3118	2930	2931	9	-1	-1	-1	0
3119	2932	2930	9	-1	-1	-1	0
2860	3057	3064	2	-1	-1	-1	0
3062	2859	3063	2	-1	-1	-1	0
3120	2931	2933	9	-1	-1	-1	0
3063	2860	3064	2	-1	-1	-1	0
2935	3122	2933	9	-1	-1	-1	0
2934	3123	2935	9	-1	-1	-1	0
3123	2934	2937	9	-1	-1	-1	0
2862	3066	3067	3	-1	-1	-1	0
3066	2864	3068	3	-1	-1	-1	0
3126	2937	2936	9	-1	-1	-1	0
2866	3070	3065	0	-1	-1	-1	0
2872	3053	3077	2	-1	-1	-1	0
3069	3068	2865	2	-1	-1	-1	0
2957	3090	2956	9	-1	-1	-1	0
2938	3129	2939	3	-1	-1	-1	0
3072	2868	3067	3	-1	-1	-1	0
3071	3070	2867	0	-1	-1	-1	0
3126	2936	2947	9	-1	-1	-1	0
2957	2932	3121	9	-1	-1	-1	0
2941	2939	3131	3	-1	-1	-1	0
2938	2942	3130	0	-1	-1	-1	0
3089	2961	2962	9	-1	-1	-1	0
3085	3049	2879	8	-1	-1	-1	0
2940	2941	3132	3	-1	-1	-1	0
3072	3073	2869	3	-1	-1	-1	0
3073	3071	2869	3	-1	-1	-1	0
2871	3074	3069	2	-1	-1	-1	0
2946	2940	3132	3	-1	-1	-1	0
2871	3075	3074	2	-1	-1	-1	0
2942	2949	3130	0	-1	-1	-1	0
2945	2944	3133	9	-1	-1	-1	0
2946	3134	2944	3	-1	-1	-1	0
3076	2872	3077	2	-1	-1	-1	0
3075	2873	3078	2	-1	-1	-1	0
3076	3078	2873	2	-1	-1	-1	0
2945	3136	2947	9	-1	-1	-1	0
3080	2874	3079	8	-1	-1	-1	0
2948	3139	2949	0	-1	-1	-1	0
3080	3081	2875	8	-1	-1	-1	0
3082	3079	2876	8	-1	-1	-1	0
2996	2924	3117	0	-1	-1	-1	0
3117	2928	2996	0	-1	-1	-1	0
3082	2877	3084	8	-1	-1	-1	0
3143	2951	2950	3	-1	-1	-1	0
2877	3083	3084	8	-1	-1	-1	0
2950	2952	3143	3	-1	-1	-1	0
2906	3109	3032	0	-1	-1	-1	0
3086	2881	3081	8	-1	-1	-1	0
3086	3085	2880	8	-1	-1	-1	0
3145	2952	2955	3	-1	-1	-1	0
2953	2954	3146	3	-1	-1	-1	0
2955	2953	3146	3	-1	-1	-1	0
3087	3088	2883	8	-1	-1	-1	0
3089	2883	3088	8	-1	-1	-1	0
3147	2954	2960	9	-1	-1	-1	0
2898	3065	3101	0	-1	-1	-1	0
2886	3090	3091	8	-1	-1	-1	0
2961	3147	2960	9	-1	-1	-1	0
3083	2891	3095	8	-1	-1	-1	0
2890	3092	3094	8	-1	-1	-1	0
3091	3092	2889	8	-1	-1	-1	0
2964	3150	2963	0	-1	-1	-1	0
3094	3093	2890	8	-1	-1	-1	0
2966	2963	3149	0	-1	-1	-1	0
3095	2891	3093	8	-1	-1	-1	0
2965	3151	2964	0	-1	-1	-1	0
2993	3140	2948	0	-1	-1	-1	0
3096	3097	2894	0	-1	-1	-1	0
3096	2895	3099	0	-1	-1	-1	0
2968	3155	2967	7	0	-1	-1	0
3155	2969	2967	7	-1	-1	-1	0
3099	2895	3098	0	-1	-1	-1	0
3100	2897	3097	0	-1	-1	-1	0
3156	2971	2969	7	-1	-1	-1	0
3098	2898	3101	0	-1	-1	-1	0
3157	2970	2971	7	-1	-1	-1	0
2965	2981	3153	0	-1	-1	-1	0
2973	2970	3157	7	-1	-1	-1	0
3103	2899	3102	0	-1	-1	-1	0
2974	3159	2972	6	-1	-1	-1	0
3104	3102	2900	0	-1	-1	-1	0
3100	3105	2902	0	-1	-1	-1	0
2974	2973	3160	7	-1	-1	-1	0
2976	3162	2975	5	-1	-1	-1	0
3104	2903	3106	0	-1	-1	-1	0
3162	2977	2975	5	-1	-1	-1	0
3107	3106	2903	0	-1	-1	-1	0
3108	2905	3105	0	-1	-1	-1	0
3159	2988	2972	6	-1	-1	-1	0
2977	3164	2978	5	-1	-1	-1	0
3107	2904	3108	0	-1	-1	-1	0
2909	3103	3110	0	-1	-1	-1	0
2980	2979	3166	0	-1	-1	-1	0
3047	3040	3039	2	-1	-1	-1	0
2966	3154	3007	0	-1	-1	-1	0
2993	2994	3140	0	-1	-1	-1	0
2980	3167	2981	0	-1	-1	-1	0
2976	2989	3163	6	-1	-1	-1	0
3165	2986	2978	5	-1	-1	-1	0
2979	2984	3166	0	-1	-1	-1	0
2908	3110	3111	0	-1	-1	-1	0
3113	3109	2911	0	-1	-1	-1	0
3111	3112	2910	0	-1	-1	-1	0
2983	2982	3169	5	-1	-1	-1	0
2911	3112	3113	0	-1	-1	-1	0
2957	3091	3090	9	-1	-1	-1	0
3169	2982	2987	5	-1	-1	-1	0
3170	2985	2983	5	-1	-1	-1	0
2984	2985	3171	0	-1	-1	-1	0
3115	3114	2913	3	-1	-1	-1	0
3173	2987	2986	5	-1	-1	-1	0
2916	3116	3115	0	-1	-1	-1	0
3114	3116	2918	0	-1	-1	-1	0
3175	2989	2988	6	-1	-1	-1	0
3177	2990	2992	0	-1	-1	-1	0
2990	3177	2995	0	-1	-1	-1	0
2992	2991	3179	0	-1	-1	-1	0
2930	3118	3119	9	-1	-1	-1	0
3118	2931	3120	9	-1	-1	-1	0
2957	3121	3091	9	-1	-1	-1	0
3000	3178	2991	0	-1	-1	-1	0
3182	2994	2995	0	-1	-1	-1	0
3121	2932	3119	9	-1	-1	-1	0
3122	3120	2933	9	-1	-1	-1	0
3186	2997	2998	0	-1	-1	-1	0
3124	2935	3123	9	-1	-1	-1	0
3125	3122	2935	9	-1	-1	-1	0
2951	3144	3087	8	-1	-1	-1	0
3186	3001	2997	0	-1	-1	-1	0
2935	3124	3125	9	-1	-1	-1	0
3188	3000	2999	0	-1	-1	-1	0
2998	3002	3187	0	-1	-1	-1	0
3123	2937	3128	9	-1	-1	-1	0
3188	2999	3001	0	-1	-1	-1	0
2937	3126	3127	9	-1	-1	-1	0
2937	3127	3128	9	-1	-1	-1	0
3056	3055	3084	8	-1	-1	-1	0
2938	3130	3129	0	-1	-1	-1	0
3060	3082	3055	8	-1	-1	-1	0
3003	3193	3002	0	-1	-1	-1	0
2961	3089	3148	9	-1	-1	-1	0
3131	2939	3129	3	-1	-1	-1	0
3003	3005	3194	0	-1	-1	-1	0
3004	3195	3005	0	-1	-1	-1	0
2941	3131	3132	3	-1	-1	-1	0
3195	3004	3006	0	-1	-1	-1	0
3006	3007	3197	0	-1	-1	-1	0
3134	3133	2944	9	-1	-1	-1	0
3138	3126	2947	9	-1	-1	-1	0
3133	3135	2945	9	-1	-1	-1	0
3137	2946	3132	3	-1	-1	-1	0
3136	2945	3135	9	-1	-1	-1	0
3137	3134	2946	3	-1	-1	-1	0
2949	3141	3130	0	-1	-1	-1	0
3084	3055	3082	8	-1	-1	-1	0
3138	2947	3136	9	-1	-1	-1	0
3060	3079	3082	8	-1	-1	-1	0
3011	3200	3012	7	-1	0	-1	0
3200	3011	3014	7	-1	-1	-1	0
3139	2948	3140	0	-1	-1	-1	0
3013	3201	3014	7	-1	-1	-1	0
3142	2949	3139	0	-1	-1	-1	0
2949	3142	3141	0	-1	-1	-1	0
3203	3015	3016	5	-1	-1	-1	0
3021	3201	3013	7	-1	-1	-1	0
3016	3018	3204	5	-1	-1	-1	0
3144	2951	3143	8	-1	-1	-1	0
3143	2952	3145	3	-1	-1	-1	0
3018	3017	3205	5	-1	-1	-1	0
3020	3205	3017	5	-1	-1	-1	0
3203	3025	3015	5	-1	-1	-1	0
3019	3207	3020	0	-1	-1	-1	0
3146	3145	2955	3	-1	-1	-1	0
2954	3147	3146	9	-1	-1	-1	0
3021	3023	3209	7	-1	-1	-1	0
3027	3207	3019	0	-1	-1	-1	0
3210	3023	3022	6	-1	-1	-1	0
3210	3022	3024	6	-1	-1	-1	0
3148	3147	2961	9	-1	-1	-1	0
3149	2963	3150	0	-1	-1	-1	0
3026	3212	3024	6	-1	-1	-1	0
3213	3026	3025	6	-1	-1	-1	0
3152	3150	2964	0	-1	-1	-1	0
3152	2964	3151	0	-1	-1	-1	0
2966	3149	3154	0	-1	-1	-1	0
3153	3151	2965	0	-1	-1	-1	0
3027	3028	3215	0	-1	-1	-1	0
3028	3029	3216	0	-1	-1	-1	0
3029	3030	3219	0	-1	-1	-1	0
3031	3219	3030	0	-1	-1	-1	0
3155	3156	2969	7	0	-1	-1	0
3156	3158	2971	7	0	-1	-1	0
3158	3157	2971	7	-1	-1	-1	0
3220	3031	3036	0	-1	-1	-1	0
3032	3221	3035	0	-1	-1	-1	0
3034	3033	3222	0	-1	-1	-1	0
3222	3033	3035	0	-1	-1	-1	0
3157	3160	2973	7	-1	-1	-1	0
3159	2974	3161	7	-1	-1	-1	0
3160	3161	2974	7	-1	-1	-1	0
3036	3037	3227	0	-1	-1	-1	0
3224	3038	3034	0	-1	-1	-1	0
3162	2976	3163	6	-1	-1	-1	0
3168	3153	2981	0	-1	-1	-1	0
3162	3164	2977	5	-1	-1	-1	0
3121	3092	3091	9	-1	-1	-1	0
3229	3037	3038	0	-1	-1	-1	0
3119	3094	3092	9	-1	-1	-1	0
3164	3165	2978	5	-1	-1	-1	0
3167	2980	3166	0	-1	-1	-1	0
3040	3231	3044	2	-1	-1	-1	0
3042	3041	3232	2	-1	-1	-1	0
3140	2994	3181	0	-1	-1	-1	0
3167	3168	2981	0	-1	-1	-1	0
3041	3043	3232	2	-1	-1	-1	0
3047	3230	3040	2	-1	-1	-1	0
3088	3087	3144	8	-1	-1	-1	0
3043	3044	3233	2	-1	-1	-1	0
3171	3166	2984	0	-1	-1	-1	0
3169	3170	2983	5	-1	-1	-1	0
2988	3159	3175	6	-1	-1	-1	0
3165	3173	2986	5	-1	-1	-1	0
3232	3051	3042	2	-1	-1	-1	0
3148	3089	3088	8	-1	-1	-1	0
3045	3235	3046	3	-1	-1	-1	0
3172	2985	3170	5	-1	-1	-1	0
3171	2985	3172	5	-1	-1	-1	0
3176	3163	2989	6	-1	-1	-1	0
3046	3236	3047	2	-1	-1	-1	0
3050	3235	3045	3	-1	-1	-1	0
3121	3119	3092	9	-1	-1	-1	0
3169	2987	3174	5	-1	-1	-1	0
3173	3174	2987	5	-1	-1	-1	0
3048	3049	3237	3	-1	-1	-1	0
3050	3048	3237	3	-1	-1	-1	0
3175	3176	2989	6	-1	-1	-1	0
3051	3232	3061	2	-1	-1	-1	0
3054	3052	3239	2	-1	-1	-1	0
3115	3116	3114	0	-1	-1	-1	0
3053	3054	3240	2	-1	-1	-1	0
3179	2991	3178	0	-1	-1	-1	0
3180	3177	2992	0	-1	-1	-1	0
2992	3179	3180	0	-1	-1	-1	0
3239	3052	3062	2	-1	-1	-1	0
3056	3242	3058	8	-1	-1	-1	0
2995	3177	3185	0	-1	-1	-1	0
3243	3057	3058	2	-1	-1	-1	0
3181	2994	3183	0	-1	-1	-1	0
3183	2994	3182	0	-1	-1	-1	0
3199	3007	3154	0	-1	-1	-1	0
3182	2995	3184	0	-1	-1	-1	0
3221	3032	3109	0	-1	-1	-1	0
2995	3185	3184	0	-1	-1	-1	0
3245	3060	3059	2	-1	-1	-1	0
3243	3064	3057	2	-1	-1	-1	0
3245	3059	3061	2	-1	-1	-1	0
3178	3000	3190	0	-1	-1	-1	0
3053	3240	3077	2	-1	-1	-1	0
3186	2998	3187	0	-1	-1	-1	0
3247	3062	3063	2	-1	-1	-1	0
3049	3085	3238	8	-1	-1	-1	0
3063	3064	3248	2	-1	-1	-1	0
3000	3188	3189	0	-1	-1	-1	0
3000	3189	3190	0	-1	-1	-1	0
3001	3186	3192	0	-1	-1	-1	0
3001	3191	3188	0	-1	-1	-1	0
3144	3148	3088	8	-1	-1	-1	0
3002	3193	3187	0	-1	-1	-1	0
3084	3242	3056	8	-1	-1	-1	0
3079	3060	3245	8	-1	-1	-1	0
3001	3192	3191	0	-1	-1	-1	0
3067	3066	3253	3	-1	-1	-1	0
3068	3253	3066	3	-1	-1	-1	0
3065	3070	3252	0	-1	-1	-1	0
3194	3193	3003	0	-1	-1	-1	0
3069	3255	3068	2	-1	-1	-1	0
3067	3253	3072	3	-1	-1	-1	0
3005	3196	3194	0	-1	-1	-1	0
3234	3081	3080	8	-1	-1	-1	0
3196	3005	3195	0	-1	-1	-1	0
3081	3231	3086	8	-1	-1	-1	0
3195	3006	3197	0	-1	-1	-1	0
3070	3071	3257	0	-1	-1	-1	0
3074	3256	3069	2	-1	-1	-1	0
3071	3073	3258	3	-1	-1	-1	0
3197	3007	3198	0	-1	-1	-1	0
3073	3072	3259	3	-1	-1	-1	0
3079	3245	3080	8	-1	-1	-1	0
3198	3007	3199	0	-1	-1	-1	0
3242	3084	3083	8	-1	-1	-1	0
3075	3263	3074	2	-1	-1	-1	0
3202	3200	3014	7	0	-1	-1	0
3202	3014	3201	7	-1	-1	-1	0
3078	3264	3075	2	-1	-1	-1	0
3065	3251	3101	0	-1	-1	-1	0
3265	3076	3077	2	-1	-1	-1	0
3078	3076	3266	2	-1	-1	-1	0
3095	3242	3083	8	-1	-1	-1	0
3204	3203	3016	5	-1	-1	-1	0
3206	3204	3018	5	-1	-1	-1	0
3206	3018	3205	5	-1	-1	-1	0
3209	3201	3021	7	-1	-1	-1	0
3020	3208	3205	5	-1	-1	-1	0
3208	3020	3207	5	-1	-1	-1	0
3085	3086	3269	8	-1	-1	-1	0
3025	3203	3213	6	-1	-1	-1	0
3211	3209	3023	7	-1	-1	-1	0
3211	3023	3210	7	-1	-1	-1	0
3212	3210	3024	6	-1	-1	-1	0
3215	3207	3027	0	-1	-1	-1	0
3214	3212	3026	6	-1	-1	-1	0
3214	3026	3213	6	-1	-1	-1	0
3093	3094	3270	8	-1	-1	-1	0
3271	3095	3093	8	-1	-1	-1	0
3215	3028	3217	0	-1	-1	-1	0
3217	3028	3216	0	-1	-1	-1	0
3029	3218	3216	0	-1	-1	-1	0
3218	3029	3219	0	-1	-1	-1	0
3096	3276	3097	0	-1	-1	-1	0
3096	3099	3275	0	-1	-1	-1	0
3031	3220	3219	0	-1	-1	-1	0
3097	3278	3100	0	-1	-1	-1	0
3279	3099	3098	0	-1	-1	-1	0
3098	3101	3279	0	-1	-1	-1	0
3222	3223	3034	0	-1	-1	-1	0
3223	3224	3034	0	-1	-1	-1	0
3225	3222	3035	0	-1	-1	-1	0
3035	3221	3226	0	-1	-1	-1	0
3220	3036	3227	0	-1	-1	-1	0
3272	3094	3119	9	-1	-1	-1	0
3226	3225	3035	0	-1	-1	-1	0
3105	3100	3282	0	-1	-1	-1	0
3038	3224	3229	0	-1	-1	-1	0
3103	3102	3286	0	-1	-1	-1	0
3104	3286	3102	0	-1	-1	-1	0
3228	3227	3037	0	-1	-1	-1	0
3229	3228	3037	0	-1	-1	-1	0
3104	3106	3288	0	-1	-1	-1	0
3110	3103	3287	0	-1	-1	-1	0
3231	3040	3230	2	-1	-1	-1	0
3105	3289	3108	0	-1	-1	-1	0
3106	3107	3291	0	-1	-1	-1	0
3107	3108	3289	0	-1	-1	-1	0
3287	3111	3110	0	-1	-1	-1	0
3232	3043	3233	2	-1	-1	-1	0
3234	3044	3231	2	-1	-1	-1	0
3119	3118	3272	9	-1	-1	-1	0
3044	3234	3233	2	-1	-1	-1	0
3236	3230	3047	2	-1	-1	-1	0
3109	3113	3294	0	-1	-1	-1	0
3235	3236	3046	2	-1	-1	-1	0
3112	3111	3296	0	-1	-1	-1	0
3050	3237	3235	3	-1	-1	-1	0
3298	3113	3112	0	-1	-1	-1	0
3049	3238	3237	8	-1	-1	-1	0
3232	3233	3061	2	-1	-1	-1	0
3239	3241	3054	2	-1	-1	-1	0
3241	3240	3054	2	-1	-1	-1	0
3118	3120	3300	9	-1	-1	-1	0
3245	3061	3233	2	-1	-1	-1	0
3180	3185	3177	0	-1	-1	-1	0
3120	3122	3301	9	-1	-1	-1	0
3244	3058	3242	8	-1	-1	-1	0
3243	3058	3244	8	-1	-1	-1	0
3231	3081	3234	8	-1	-1	-1	0
3125	3301	3122	9	-1	-1	-1	0
3062	3246	3239	2	-1	-1	-1	0
3303	3124	3123	9	-1	-1	-1	0
3123	3128	3303	9	-1	-1	-1	0
3124	3305	3125	9	-1	-1	-1	0
3062	3247	3246	2	-1	-1	-1	0
3064	3243	3250	2	-1	-1	-1	0
3063	3249	3247	2	-1	-1	-1	0
3080	3245	3234	8	-1	-1	-1	0
3063	3248	3249	2	-1	-1	-1	0
3248	3064	3250	2	-1	-1	-1	0
3127	3126	3309	9	-1	-1	-1	0
3128	3127	3310	9	-1	-1	-1	0
3252	3251	3065	0	-1	-1	-1	0
3189	3188	3191	0	-1	-1	-1	0
3138	3309	3126	9	-1	-1	-1	0
3313	3131	3129	3	-1	-1	-1	0
3129	3130	3314	0	-1	-1	-1	0
3253	3068	3254	3	-1	-1	-1	0
3255	3254	3068	2	-1	-1	-1	0
3315	3132	3131	3	-1	-1	-1	0
3252	3070	3257	0	-1	-1	-1	0
3255	3069	3256	2	-1	-1	-1	0
3095	3244	3242	8	-1	-1	-1	0
3316	3133	3134	9	-1	-1	-1	0
3253	3259	3072	3	-1	-1	-1	0
3267	3077	3240	2	-1	-1	-1	0
3132	3315	3137	3	-1	-1	-1	0
3314	3130	3141	0	-1	-1	-1	0
3317	3135	3133	9	-1	-1	-1	0
3257	3071	3258	0	-1	-1	-1	0
3086	3231	3269	8	-1	-1	-1	0
3134	3137	3318	3	-1	-1	-1	0
3136	3135	3319	9	-1	-1	-1	0
3260	3073	3259	3	-1	-1	-1	0
3261	3258	3073	3	-1	-1	-1	0
3269	3238	3085	8	-1	-1	-1	0
3074	3262	3256	2	-1	-1	-1	0
3261	3073	3260	3	-1	-1	-1	0
3321	3138	3136	9	-1	-1	-1	0
3263	3262	3074	2	-1	-1	-1	0
3264	3263	3075	2	-1	-1	-1	0
3140	3324	3139	0	-1	-1	-1	0
3139	3325	3142	0	-1	-1	-1	0
3076	3265	3266	2	-1	-1	-1	0
3267	3265	3077	2	-1	-1	-1	0
3141	3142	3326	0	-1	-1	-1	0
3268	3264	3078	2	-1	-1	-1	0
3268	3078	3266	2	-1	-1	-1	0
3095	3274	3244	8	-1	-1	-1	0
3143	3328	3144	8	-1	-1	-1	0
3145	3328	3143	8	-1	-1	-1	0
3145	3146	3328	9	-1	-1	-1	0
3328	3148	3144	8	-1	-1	-1	0
3146	3147	3328	9	-1	-1	-1	0
3148	3328	3147	9	-1	-1	-1	0
3294	3221	3109	0	-1	-1	-1	0
3149	3150	3329	0	-1	-1	-1	0
3329	3154	3149	0	-1	-1	-1	0
3152	3330	3150	0	-1	-1	-1	0
3151	3331	3152	0	-1	-1	-1	0
3270	3271	3093	8	-1	-1	-1	0
3331	3151	3153	0	-1	-1	-1	0
3284	3101	3251	0	-1	-1	-1	0
3270	3094	3273	8	-1	-1	-1	0
3273	3094	3272	9	-1	-1	-1	0
3274	3095	3271	8	-1	-1	-1	0
3181	3324	3140	0	-1	-1	-1	0
3277	3096	3275	0	-1	-1	-1	0
3096	3277	3276	0	-1	-1	-1	0
3158	3335	3157	7	0	-1	-1	0
3097	3276	3278	0	-1	-1	-1	0
3335	3160	3157	7	-1	-1	-1	0
3275	3099	3281	0	-1	-1	-1	0
3153	3168	3334	0	-1	-1	-1	0
3161	3336	3159	7	-1	-1	-1	0
3337	3161	3160	7	-1	-1	-1	0
3099	3279	3280	0	-1	-1	-1	0
3280	3281	3099	0	-1	-1	-1	0
3100	3278	3283	0	-1	-1	-1	0
3339	3162	3163	6	-1	-1	-1	0
3162	3339	3164	6	-1	-1	-1	0
3285	3279	3101	0	-1	-1	-1	0
3283	3282	3100	0	-1	-1	-1	0
3101	3284	3285	0	-1	-1	-1	0
3175	3159	3336	7	-1	-1	-1	0
3165	3164	3341	6	-1	-1	-1	0
3103	3286	3287	0	-1	-1	-1	0
3166	3343	3167	0	-1	-1	-1	0
3282	3290	3105	0	-1	-1	-1	0
3288	3286	3104	0	-1	-1	-1	0
3340	3163	3176	6	-1	-1	-1	0
3165	3342	3173	6	-1	-1	-1	0
3167	3345	3168	0	-1	-1	-1	0
3171	3344	3166	0	-1	-1	-1	0
3154	3329	3199	0	-1	-1	-1	0
3290	3289	3105	0	-1	-1	-1	0
3347	3170	3169	5	-1	-1	-1	0
3106	3292	3288	0	-1	-1	-1	0
3289	3293	3107	0	-1	-1	-1	0
3291	3292	3106	0	-1	-1	-1	0
3300	3272	3118	9	-1	-1	-1	0
3169	3174	3347	5	-1	-1	-1	0
3170	3348	3172	5	-1	-1	-1	0
3293	3291	3107	0	-1	-1	-1	0
3172	3349	3171	5	-1	-1	-1	0
3111	3287	3295	0	-1	-1	-1	0
3351	3174	3173	6	-1	-1	-1	0
3111	3295	3296	0	-1	-1	-1	0
3230	3236	3238	8	-1	-1	-1	0
3176	3175	3353	7	-1	-1	-1	0
3112	3296	3297	0	-1	-1	-1	0
3299	3294	3113	0	-1	-1	-1	0
3112	3297	3298	0	-1	-1	-1	0
3235	3237	3236	8	-1	-1	-1	0
3299	3113	3298	0	-1	-1	-1	0
3237	3238	3236	8	-1	-1	-1	0
3233	3234	3245	2	-1	-1	-1	0
3179	3178	3355	0	-1	-1	-1	0
3355	3180	3179	0	-1	-1	-1	0
3185	3180	3356	0	-1	-1	-1	0
3181	3183	3358	0	-1	-1	-1	0
3120	3302	3300	9	-1	-1	-1	0
3120	3301	3302	9	-1	-1	-1	0
3355	3178	3190	0	-1	-1	-1	0
3182	3361	3183	0	-1	-1	-1	0
3184	3360	3182	0	-1	-1	-1	0
3124	3303	3304	9	-1	-1	-1	0
3231	3230	3269	8	-1	-1	-1	0
3185	3365	3184	0	-1	-1	-1	0
3124	3304	3305	9	-1	-1	-1	0
3125	3308	3301	9	-1	-1	-1	0
3305	3306	3125	9	-1	-1	-1	0
3269	3230	3238	8	-1	-1	-1	0
3125	3306	3307	9	-1	-1	-1	0
3186	3187	3366	0	-1	-1	-1	0
3125	3307	3308	9	-1	-1	-1	0
3226	3221	3294	0	-1	-1	-1	0
3128	3312	3303	9	-1	-1	-1	0
3192	3186	3366	0	-1	-1	-1	0
3187	3193	3367	0	-1	-1	-1	0
3311	3127	3309	9	-1	-1	-1	0
3127	3311	3310	9	-1	-1	-1	0
3189	3191	3370	0	-1	-1	-1	0
3190	3189	3371	0	-1	-1	-1	0
3310	3312	3128	9	-1	-1	-1	0
3370	3191	3192	0	-1	-1	-1	0
3314	3313	3129	0	-1	-1	-1	0
3313	3315	3131	3	-1	-1	-1	0
3274	3243	3244	8	-1	-1	-1	0
3194	3376	3193	0	-1	-1	-1	0
3253	3254	3259	3	-1	-1	-1	0
3316	3317	3133	9	-1	-1	-1	0
3377	3194	3196	0	-1	-1	-1	0
3274	3250	3243	8	-1	-1	-1	0
3316	3134	3318	9	-1	-1	-1	0
3323	3309	3138	9	-1	-1	-1	0
3197	3378	3195	0	-1	-1	-1	0
3379	3196	3195	0	-1	-1	-1	0
3317	3320	3135	9	-1	-1	-1	0
3315	3322	3137	3	-1	-1	-1	0
3320	3319	3135	9	-1	-1	-1	0
3197	3198	3380	0	-1	-1	-1	0
3321	3136	3319	9	-1	-1	-1	0
3322	3318	3137	3	-1	-1	-1	0
3382	3198	3199	0	-1	-1	-1	0
3141	3326	3314	0	-1	-1	-1	0
3138	3321	3323	9	-1	-1	-1	0
3202	3201	3385	7	-1	-1	0	0
3325	3139	3324	0	-1	-1	-1	0
3203	3204	3386	6	-1	-1	-1	0
3142	3325	3327	0	-1	-1	-1	0
3385	3201	3209	7	-1	-1	-1	0
3142	3327	3326	0	-1	-1	-1	0
3387	3204	3206	6	-1	-1	-1	0
3388	3206	3205	5	-1	-1	-1	0
3388	3205	3208	5	-1	-1	-1	0
3203	3386	3213	6	-1	-1	-1	0
3207	3390	3208	5	-1	-1	-1	0
3330	3329	3150	0	-1	-1	-1	0
3215	3390	3207	5	-1	-1	-1	0
3281	3266	3265	0	-1	-1	-1	0
3209	3211	3392	7	-1	-1	-1	0
3211	3210	3393	7	-1	-1	-1	0
3280	3268	3266	0	-1	-1	-1	0
3152	3332	3330	0	-1	-1	-1	0
3210	3212	3393	7	-1	-1	-1	0
3333	3152	3331	0	-1	-1	-1	0
3333	3332	3152	0	-1	-1	-1	0
3334	3331	3153	0	-1	-1	-1	0
3395	3212	3214	7	-1	-1	-1	0
3396	3214	3213	6	-1	-1	-1	0
3280	3266	3281	0	-1	-1	-1	0
3398	3215	3217	5	-1	-1	-1	0
3216	3399	3217	0	-1	-1	-1	0
3335	3337	3160	7	0	-1	-1	0
3218	3399	3216	0	-1	-1	-1	0
3338	3336	3161	7	-1	-1	-1	0
3161	3337	3338	7	-1	0	-1	0
3402	3219	3220	0	-1	-1	-1	0
3219	3401	3218	0	-1	-1	-1	0
3163	3340	3339	6	-1	-1	-1	0
3272	3300	3273	9	-1	-1	-1	0
3164	3339	3341	6	-1	-1	-1	0
3346	3334	3168	0	-1	-1	-1	0
3223	3222	3406	0	-1	-1	-1	0
3341	3342	3165	6	-1	-1	-1	0
3220	3227	3404	0	-1	-1	-1	0
3405	3222	3225	0	-1	-1	-1	0
3343	3166	3344	0	-1	-1	-1	0
3407	3224	3223	0	-1	-1	-1	0
3343	3345	3167	0	-1	-1	-1	0
3345	3346	3168	0	-1	-1	-1	0
3226	3409	3225	0	-1	-1	-1	0
3224	3408	3229	0	-1	-1	-1	0
3353	3175	3336	7	-1	-1	-1	0
3324	3181	3359	0	-1	-1	-1	0
3344	3171	3349	5	-1	-1	-1	0
3347	3348	3170	5	-1	-1	-1	0
3351	3173	3342	6	-1	-1	-1	0
3228	3413	3227	0	-1	-1	-1	0
3348	3350	3172	5	-1	-1	-1	0
3176	3354	3340	7	-1	-1	-1	0
3350	3349	3172	5	-1	-1	-1	0
3352	3347	3174	6	-1	-1	-1	0
3229	3416	3228	0	-1	-1	-1	0
3352	3174	3351	6	-1	-1	-1	0
3353	3354	3176	7	-1	-1	-1	0
3357	3180	3355	0	-1	-1	-1	0
3357	3356	3180	0	-1	-1	-1	0
3417	3241	3239	2	-1	-1	-1	0
3358	3359	3181	0	-1	-1	-1	0
3246	3417	3239	2	-1	-1	-1	0
3241	3418	3240	2	-1	-1	-1	0
3360	3361	3182	0	-1	-1	-1	0
3363	3358	3183	0	-1	-1	-1	0
3362	3183	3361	0	-1	-1	-1	0
3185	3356	3365	0	-1	-1	-1	0
3184	3364	3360	0	-1	-1	-1	0
3183	3362	3363	0	-1	-1	-1	0
3199	3329	3383	0	-1	-1	-1	0
3184	3365	3364	0	-1	-1	-1	0
3246	3247	3421	2	-1	-1	-1	0
3372	3355	3190	0	-1	-1	-1	0
3422	3247	3249	2	-1	-1	-1	0
3304	3303	3312	9	-1	-1	-1	0
3424	3249	3248	2	-1	-1	-1	0
3369	3366	3187	0	-1	-1	-1	0
3424	3248	3250	2	-1	-1	-1	0
3187	3367	3368	0	-1	-1	-1	0
3187	3368	3369	0	-1	-1	-1	0
3418	3267	3240	2	-1	-1	-1	0
3252	3427	3251	0	-1	-1	-1	0
3189	3370	3371	0	-1	-1	-1	0
3294	3411	3226	0	-1	-1	-1	0
3375	3192	3366	0	-1	-1	-1	0
3373	3190	3371	0	-1	-1	-1	0
3190	3373	3372	0	-1	-1	-1	0
3374	3370	3192	0	-1	-1	-1	0
3376	3367	3193	0	-1	-1	-1	0
3257	3428	3252	0	-1	-1	-1	0
3429	3254	3255	2	-1	-1	-1	0
3375	3374	3192	0	-1	-1	-1	0
3256	3431	3255	2	-1	-1	-1	0
3254	3430	3259	3	-1	-1	-1	0
3377	3376	3194	0	-1	-1	-1	0
3257	3258	3433	0	-1	-1	-1	0
3430	3260	3259	3	-1	-1	-1	0
3256	3262	3432	2	-1	-1	-1	0
3250	3274	3426	8	-1	-1	-1	0
3379	3195	3378	0	-1	-1	-1	0
3196	3379	3377	0	-1	-1	-1	0
3434	3258	3261	3	-1	-1	-1	0
3380	3378	3197	0	-1	-1	-1	0
3261	3260	3435	3	-1	-1	-1	0
3198	3381	3380	0	-1	-1	-1	0
3381	3198	3382	0	-1	-1	-1	0
3251	3427	3284	0	-1	-1	-1	0
3438	3262	3263	2	-1	-1	-1	0
3382	3199	3384	0	-1	-1	-1	0
3439	3263	3264	2	-1	-1	-1	0
3384	3199	3383	0	-1	-1	-1	0
3268	3439	3264	2	-1	-1	-1	0
3265	3267	3440	0	-1	-1	-1	0
3271	3426	3274	8	-1	-1	-1	0
3304	3364	3305	0	-1	-1	-1	0
3360	3304	3312	0	-1	-1	-1	0
3387	3386	3204	6	-1	-1	-1	0
3206	3389	3387	6	-1	-1	-1	0
3311	3361	3310	0	-1	-1	-1	0
3361	3312	3310	0	-1	-1	-1	0
3388	3389	3206	6	-1	-1	-1	0
3443	3271	3270	8	-1	-1	-1	0
3281	3265	3440	0	-1	-1	-1	0
3392	3385	3209	7	0	-1	-1	0
3273	3443	3270	8	-1	-1	-1	0
3391	3388	3208	5	-1	-1	-1	0
3391	3208	3390	5	-1	-1	-1	0
3268	3280	3442	0	-1	-1	-1	0
3275	3440	3277	0	-1	-1	-1	0
3396	3213	3386	6	-1	-1	-1	0
3281	3440	3275	0	-1	-1	-1	0
3392	3211	3394	7	-1	-1	0	0
3394	3211	3393	7	-1	-1	-1	0
3446	3276	3277	0	-1	-1	-1	0
3278	3276	3446	0	-1	-1	-1	0
3212	3395	3393	7	-1	-1	-1	0
3279	3442	3280	0	-1	-1	-1	0
3398	3390	3215	5	-1	-1	-1	0
3294	3299	3411	0	-1	-1	-1	0
3395	3214	3397	7	-1	-1	-1	0
3214	3396	3397	7	-1	-1	-1	0
3283	3278	3446	0	-1	-1	-1	0
3359	3325	3324	0	-1	-1	-1	0
3285	3448	3279	0	-1	-1	-1	0
3283	3449	3282	0	-1	-1	-1	0
3400	3398	3217	5	-1	-1	-1	0
3217	3399	3400	5	-1	-1	-1	0
3444	3273	3300	9	-1	-1	-1	0
3399	3218	3401	0	-1	-1	-1	0
3290	3282	3449	0	-1	-1	-1	0
3285	3284	3453	0	-1	-1	-1	0
3403	3401	3219	0	-1	-1	-1	0
3403	3219	3402	0	-1	-1	-1	0
3220	3404	3402	0	-1	-1	-1	0
3454	3287	3286	0	-1	-1	-1	0
3286	3288	3454	0	-1	-1	-1	0
3360	3364	3304	0	-1	-1	-1	0
3222	3405	3406	0	-1	-1	-1	0
3312	3361	3360	0	-1	-1	-1	0
3362	3361	3311	0	-1	-1	-1	0
3292	3456	3288	0	-1	-1	-1	0
3223	3406	3407	0	-1	-1	-1	0
3287	3455	3295	0	-1	-1	-1	0
3458	3289	3290	0	-1	-1	-1	0
3407	3408	3224	0	-1	-1	-1	0
3293	3289	3457	0	-1	-1	-1	0
3405	3225	3410	0	-1	-1	-1	0
3330	3383	3329	0	-1	-1	-1	0
3292	3291	3461	0	-1	-1	-1	0
3410	3225	3409	0	-1	-1	-1	0
3330	3332	3383	0	-1	-1	-1	0
3461	3291	3293	0	-1	-1	-1	0
3227	3414	3404	0	-1	-1	-1	0
3444	3300	3302	9	-1	-1	-1	0
3226	3412	3409	0	-1	-1	-1	0
3226	3411	3412	0	-1	-1	-1	0
3416	3229	3408	0	-1	-1	-1	0
3227	3413	3414	0	-1	-1	-1	0
3464	3296	3295	0	-1	-1	-1	0
3415	3413	3228	0	-1	-1	-1	0
3296	3465	3297	0	-1	-1	-1	0
3228	3416	3415	0	-1	-1	-1	0
3297	3465	3298	0	-1	-1	-1	0
3466	3299	3298	0	-1	-1	-1	0
3469	3302	3301	9	-1	-1	-1	0
3417	3419	3241	2	-1	-1	-1	0
3469	3301	3308	9	-1	-1	-1	0
3241	3419	3418	2	-1	-1	-1	0
3471	3306	3305	0	-1	-1	-1	0
3417	3246	3420	2	-1	-1	-1	0
3307	3306	3473	9	-1	-1	-1	0
3421	3420	3246	2	-1	-1	-1	0
3308	3307	3475	9	-1	-1	-1	0
3423	3421	3247	2	-1	-1	-1	0
3247	3422	3423	2	-1	-1	-1	0
3422	3249	3425	2	-1	-1	-1	0
3311	3309	3477	9	-1	-1	-1	0
3249	3424	3425	2	-1	-1	-1	0
3426	3424	3250	8	-1	-1	-1	0
3315	3313	3478	3	-1	-1	-1	0
3314	3479	3313	0	-1	-1	-1	0
3428	3427	3252	0	-1	-1	-1	0
3323	3477	3309	9	-1	-1	-1	0
3366	3369	3375	0	-1	-1	-1	0
3254	3429	3430	2	-1	-1	-1	0
3481	3317	3316	9	-1	-1	-1	0
3318	3481	3316	9	-1	-1	-1	0
3429	3255	3431	2	-1	-1	-1	0
3315	3480	3322	3	-1	-1	-1	0
3433	3428	3257	0	-1	-1	-1	0
3479	3314	3326	0	-1	-1	-1	0
3482	3320	3317	9	-1	-1	-1	0
3431	3256	3432	2	-1	-1	-1	0
3322	3483	3318	3	-1	-1	-1	0
3320	3484	3319	9	-1	-1	-1	0
3485	3321	3319	9	-1	-1	-1	0
3260	3430	3435	3	-1	-1	-1	0
3434	3433	3258	0	-1	-1	-1	0
3418	3441	3267	0	-1	-1	-1	0
3323	3321	3487	9	-1	-1	-1	0
3432	3262	3437	2	-1	-1	-1	0
3261	3436	3434	3	-1	-1	-1	0
3436	3261	3435	3	-1	-1	-1	0
3438	3437	3262	2	-1	-1	-1	0
3327	3325	3488	0	-1	-1	-1	0
3471	3305	3364	0	-1	-1	-1	0
3271	3443	3426	8	-1	-1	-1	0
3438	3263	3439	2	-1	-1	-1	0
3489	3326	3327	0	-1	-1	-1	0
3267	3441	3440	0	-1	-1	-1	0
3268	3442	3439	0	-1	-1	-1	0
3477	3362	3311	0	-1	-1	-1	0
3333	3331	3492	0	-1	-1	-1	0
3492	3331	3334	0	-1	-1	-1	0
3493	3332	3333	0	-1	-1	-1	0
3277	3440	3441	0	-1	-1	-1	0
3438	3285	3437	0	-1	-1	-1	0
3445	3443	3273	8	-1	-1	-1	0
3444	3445	3273	9	-1	-1	-1	0
3284	3427	3452	0	-1	-1	-1	0
3441	3447	3277	0	-1	-1	-1	0
3279	3448	3442	0	-1	-1	-1	0
3447	3446	3277	0	-1	-1	-1	0
3448	3285	3438	0	-1	-1	-1	0
3488	3325	3359	0	-1	-1	-1	0
3338	3498	3336	7	0	-1	-1	0
3437	3285	3453	0	-1	-1	-1	0
3334	3346	3497	0	-1	-1	-1	0
3468	3411	3299	0	-1	-1	-1	0
3340	3499	3339	6	-1	-1	-1	0
3341	3339	3499	6	-1	-1	-1	0
3283	3446	3451	0	-1	-1	-1	0
3283	3450	3449	0	-1	-1	-1	0
3501	3342	3341	6	-1	-1	-1	0
3450	3283	3451	0	-1	-1	-1	0
3498	3353	3336	7	-1	-1	-1	0
3284	3452	3453	0	-1	-1	-1	0
3345	3343	3503	0	-1	-1	-1	0
3343	3344	3504	0	-1	-1	-1	0
3340	3354	3500	7	-1	-1	-1	0
3502	3351	3342	6	-1	-1	-1	0
3455	3287	3454	0	-1	-1	-1	0
3506	3346	3345	0	-1	-1	-1	0
3344	3349	3505	5	-1	-1	-1	0
3456	3454	3288	0	-1	-1	-1	0
3290	3449	3460	0	-1	-1	-1	0
3364	3365	3471	0	-1	-1	-1	0
3477	3363	3362	0	-1	-1	-1	0
3347	3508	3348	6	-1	-1	-1	0
3458	3457	3289	0	-1	-1	-1	0
3350	3348	3509	6	-1	-1	-1	0
3459	3458	3290	0	-1	-1	-1	0
3508	3347	3352	6	-1	-1	-1	0
3493	3383	3332	0	-1	-1	-1	0
3460	3459	3290	0	-1	-1	-1	0
3350	3510	3349	5	-1	-1	-1	0
3456	3292	3462	0	-1	-1	-1	0
3463	3293	3457	0	-1	-1	-1	0
3295	3455	3464	0	-1	-1	-1	0
3512	3352	3351	6	-1	-1	-1	0
3462	3292	3461	0	-1	-1	-1	0
3302	3470	3444	9	-1	-1	-1	0
3461	3293	3463	0	-1	-1	-1	0
3514	3354	3353	7	-1	-1	-1	0
3464	3465	3296	0	-1	-1	-1	0
3516	3357	3355	0	-1	-1	-1	0
3517	3356	3357	0	-1	-1	-1	0
3298	3465	3467	0	-1	-1	-1	0
3467	3466	3298	0	-1	-1	-1	0
3299	3466	3468	0	-1	-1	-1	0
3517	3365	3356	0	-1	-1	-1	0
3470	3302	3469	9	-1	-1	-1	0
3359	3358	3521	0	-1	-1	-1	0
3520	3358	3363	0	-1	-1	-1	0
3355	3372	3516	0	-1	-1	-1	0
3472	3306	3471	0	-1	-1	-1	0
3473	3306	3472	0	-1	-1	-1	0
3308	3476	3469	9	-1	-1	-1	0
3307	3473	3474	9	-1	-1	-1	0
3307	3474	3475	9	-1	-1	-1	0
3367	3522	3368	0	-1	-1	-1	0
3475	3476	3308	9	-1	-1	-1	0
3369	3368	3523	0	-1	-1	-1	0
3383	3493	3384	0	-1	-1	-1	0
3376	3522	3367	0	-1	-1	-1	0
3370	3526	3371	0	-1	-1	-1	0
3369	3524	3375	0	-1	-1	-1	0
3370	3374	3526	0	-1	-1	-1	0
3478	3313	3479	0	-1	-1	-1	0
3371	3528	3373	0	-1	-1	-1	0
3478	3480	3315	3	-1	-1	-1	0
3529	3372	3373	0	-1	-1	-1	0
3374	3375	3530	0	-1	-1	-1	0
3317	3481	3482	9	-1	-1	-1	0
3481	3318	3483	9	-1	-1	-1	0
3532	3376	3377	0	-1	-1	-1	0
3322	3480	3483	3	-1	-1	-1	0
3487	3477	3323	9	-1	-1	-1	0
3482	3486	3320	9	-1	-1	-1	0
3319	3484	3485	9	-1	-1	-1	0
3320	3486	3484	9	-1	-1	-1	0
3377	3379	3534	0	-1	-1	-1	0
3411	3468	3412	0	-1	-1	-1	0
3379	3378	3535	0	-1	-1	-1	0
3321	3485	3487	9	-1	-1	-1	0
3536	3378	3380	0	-1	-1	-1	0
3490	3479	3326	0	-1	-1	-1	0
3536	3380	3381	0	-1	-1	-1	0
3538	3381	3382	0	-1	-1	-1	0
3326	3489	3490	0	-1	-1	-1	0
3539	3382	3384	0	-1	-1	-1	0
3488	3491	3327	0	-1	-1	-1	0
3489	3327	3491	0	-1	-1	-1	0
3386	3387	3542	6	-1	-1	-1	0
3333	3492	3494	0	-1	-1	-1	0
3543	3387	3389	6	-1	-1	-1	0
3493	3333	3495	0	-1	-1	-1	0
3544	3389	3388	6	-1	-1	-1	0
3334	3496	3492	0	-1	-1	-1	0
3495	3333	3494	0	-1	-1	-1	0
3388	3391	3544	6	-1	-1	-1	0
3542	3396	3386	6	-1	-1	-1	0
3448	3438	3439	0	-1	-1	-1	0
3487	3363	3477	0	-1	-1	-1	0
3391	3390	3546	5	-1	-1	-1	0
3497	3496	3334	0	-1	-1	-1	0
3448	3439	3442	0	-1	-1	-1	0
3393	3548	3394	7	-1	0	-1	0
3390	3398	3546	5	-1	-1	-1	0
3548	3393	3395	7	-1	-1	-1	0
3499	3340	3500	7	-1	-1	-1	0
3341	3499	3501	6	-1	-1	-1	0
3395	3397	3549	7	-1	-1	-1	0
3396	3550	3397	7	-1	-1	-1	0
3501	3502	3342	6	-1	-1	-1	0
3552	3398	3400	5	-1	-1	-1	0
3507	3497	3346	0	-1	-1	-1	0
3503	3343	3504	0	-1	-1	-1	0
3400	3399	3553	5	-1	-1	-1	0
3401	3553	3399	5	-1	-1	-1	0
3505	3504	3344	5	-1	-1	-1	0
3517	3471	3365	0	-1	-1	-1	0
3345	3503	3506	0	-1	-1	-1	0
3507	3346	3506	0	-1	-1	-1	0
3449	3450	3460	0	-1	-1	-1	0
3555	3401	3403	5	-1	-1	-1	0
3404	3556	3402	0	-1	-1	-1	0
3402	3556	3403	0	-1	-1	-1	0
3510	3505	3349	5	-1	-1	-1	0
3351	3502	3512	6	-1	-1	-1	0
3514	3353	3498	7	-1	-1	0	0
3456	3455	3454	0	-1	-1	-1	0
3348	3508	3509	6	-1	-1	-1	0
3359	3521	3488	0	-1	-1	-1	0
3515	3500	3354	7	-1	-1	-1	0
3520	3363	3487	0	-1	-1	-1	0
3405	3559	3406	0	-1	-1	-1	0
3350	3509	3511	6	-1	-1	-1	0
3511	3510	3350	6	-1	-1	-1	0
3410	3558	3405	0	-1	-1	-1	0
3407	3406	3560	0	-1	-1	-1	0
3352	3513	3508	6	-1	-1	-1	0
3404	3414	3556	0	-1	-1	-1	0
3407	3561	3408	0	-1	-1	-1	0
3512	3513	3352	6	-1	-1	-1	0
3410	3409	3564	0	-1	-1	-1	0
3514	3515	3354	7	0	-1	-1	0
3412	3563	3409	0	-1	-1	-1	0
3408	3562	3416	0	-1	-1	-1	0
3357	3518	3517	0	-1	-1	-1	0
3516	3519	3357	0	-1	-1	-1	0
3357	3519	3518	0	-1	-1	-1	0
3568	3414	3413	5	-1	-1	-1	0
3413	3415	3569	5	-1	-1	-1	0
3358	3520	3521	0	-1	-1	-1	0
3416	3572	3415	0	-1	-1	-1	0
3573	3419	3417	2	-1	-1	-1	0
3575	3417	3420	2	-1	-1	-1	0
3522	3523	3368	0	-1	-1	-1	0
3418	3419	3576	0	-1	-1	-1	0
3529	3516	3372	0	-1	-1	-1	0
3369	3523	3525	0	-1	-1	-1	0
3525	3524	3369	0	-1	-1	-1	0
3384	3493	3541	0	-1	-1	-1	0
3578	3420	3421	2	-1	-1	-1	0
3423	3579	3421	2	-1	-1	-1	0
3371	3526	3527	0	-1	-1	-1	0
3422	3580	3423	2	-1	-1	-1	0
3527	3528	3371	0	-1	-1	-1	0
3425	3580	3422	2	-1	-1	-1	0
3524	3530	3375	0	-1	-1	-1	0
3529	3373	3528	0	-1	-1	-1	0
3532	3522	3376	0	-1	-1	-1	0
3374	3531	3526	0	-1	-1	-1	0
3424	3583	3425	2	-1	-1	-1	0
3424	3426	3582	8	-1	-1	-1	0
3576	3441	3418	0	-1	-1	-1	0
3531	3374	3530	0	-1	-1	-1	0
3427	3428	3584	0	-1	-1	-1	0
3377	3533	3532	0	-1	-1	-1	0
3534	3533	3377	0	-1	-1	-1	0
3586	3430	3429	2	-1	-1	-1	0
3585	3428	3433	0	-1	-1	-1	0
3586	3429	3431	2	-1	-1	-1	0
3412	3468	3567	0	-1	-1	-1	0
3536	3535	3378	0	-1	-1	-1	0
3537	3534	3379	0	-1	-1	-1	0
3587	3431	3432	2	-1	-1	-1	0
3426	3443	3582	8	-1	-1	-1	0
3586	3435	3430	2	-1	-1	-1	0
3379	3535	3537	0	-1	-1	-1	0
3585	3433	3434	0	-1	-1	-1	0
3538	3536	3381	0	-1	-1	-1	0
3588	3432	3437	2	-1	-1	-1	0
3589	3434	3436	3	-1	-1	-1	0
3538	3382	3539	0	-1	-1	-1	0
3436	3435	3590	2	-1	-1	-1	0
3452	3427	3584	0	-1	-1	-1	0
3539	3384	3540	0	-1	-1	-1	0
3441	3576	3447	0	-1	-1	-1	0
3384	3541	3540	0	-1	-1	-1	0
3542	3387	3543	6	-1	-1	-1	0
3545	3543	3389	6	-1	-1	-1	0
3545	3389	3544	6	-1	-1	-1	0
3453	3588	3437	0	-1	-1	-1	0
3445	3592	3443	8	-1	-1	-1	0
3544	3391	3547	6	-1	-1	-1	0
3494	3492	3496	0	-1	-1	-1	0
3445	3444	3593	9	-1	-1	-1	0
3391	3546	3547	6	-1	-1	-1	0
3542	3550	3396	7	-1	-1	-1	0
3447	3595	3446	0	-1	-1	-1	0
3484	3521	3485	0	-1	-1	-1	0
3549	3548	3395	7	0	-1	-1	0
3487	3485	3520	0	-1	-1	-1	0
3446	3595	3451	0	-1	-1	-1	0
3546	3398	3552	5	-1	-1	-1	0
3397	3551	3549	7	-1	0	-1	0
3451	3596	3450	0	-1	-1	-1	0
3551	3397	3550	7	-1	-1	-1	0
3598	3453	3452	0	-1	-1	-1	0
3460	3450	3596	0	-1	-1	-1	0
3554	3552	3400	5	-1	-1	-1	0
3553	3554	3400	5	-1	-1	-1	0
3444	3470	3593	9	-1	-1	-1	0
3555	3553	3401	5	-1	-1	-1	0
3455	3456	3600	0	-1	-1	-1	0
3557	3555	3403	5	-1	-1	-1	0
3403	3556	3557	5	-1	-1	-1	0
3458	3602	3457	0	-1	-1	-1	0
3601	3456	3462	0	-1	-1	-1	0
3464	3455	3600	0	-1	-1	-1	0
3604	3458	3459	0	-1	-1	-1	0
3559	3405	3558	0	-1	-1	-1	0
3457	3603	3463	0	-1	-1	-1	0
3605	3459	3460	0	-1	-1	-1	0
3560	3406	3559	0	-1	-1	-1	0
3520	3485	3521	0	-1	-1	-1	0
3560	3561	3407	0	-1	-1	-1	0
3607	3462	3461	0	-1	-1	-1	0
3561	3562	3408	0	-1	-1	-1	0
3461	3463	3607	0	-1	-1	-1	0
3565	3558	3410	0	-1	-1	-1	0
3564	3409	3563	0	-1	-1	-1	0
3610	3465	3464	0	-1	-1	-1	0
3564	3566	3410	0	-1	-1	-1	0
3414	3570	3556	5	-1	-1	-1	0
3565	3410	3566	0	-1	-1	-1	0
3467	3465	3610	0	-1	-1	-1	0
3412	3567	3563	0	-1	-1	-1	0
3466	3467	3612	0	-1	-1	-1	0
3613	3468	3466	0	-1	-1	-1	0
3572	3416	3562	0	-1	-1	-1	0
3569	3568	3413	5	-1	-1	-1	0
3414	3568	3570	5	-1	-1	-1	0
3569	3415	3571	5	-1	-1	-1	0
3469	3616	3470	9	-1	-1	-1	0
3572	3571	3415	5	-1	-1	-1	0
3471	3618	3472	0	-1	-1	-1	0
3476	3616	3469	9	-1	-1	-1	0
3516	3529	3519	0	-1	-1	-1	0
3574	3573	3417	2	-1	-1	-1	0
3472	3620	3473	0	-1	-1	-1	0
3575	3574	3417	2	-1	-1	-1	0
3473	3621	3474	9	-1	-1	-1	0
3577	3419	3573	0	-1	-1	-1	0
3622	3475	3474	9	-1	-1	-1	0
3576	3419	3577	0	-1	-1	-1	0
3575	3420	3578	2	-1	-1	-1	0
3475	3624	3476	9	-1	-1	-1	0
3421	3579	3578	2	-1	-1	-1	0
3581	3579	3423	2	-1	-1	-1	0
3479	3627	3478	0	-1	-1	-1	0
3580	3581	3423	2	-1	-1	-1	0
3478	3628	3480	3	-1	-1	-1	0
3580	3425	3583	2	-1	-1	-1	0
3424	3582	3583	8	-1	-1	-1	0
3629	3483	3480	3	-1	-1	-1	0
3481	3630	3482	9	-1	-1	-1	0
3631	3481	3483	9	-1	-1	-1	0
3479	3490	3627	0	-1	-1	-1	0
3585	3584	3428	0	-1	-1	-1	0
3632	3486	3482	9	-1	-1	-1	0
3486	3633	3484	0	-1	-1	-1	0
3431	3587	3586	2	-1	-1	-1	0
3517	3618	3471	0	-1	-1	-1	0
3587	3432	3588	2	-1	-1	-1	0
3434	3589	3585	0	-1	-1	-1	0
3590	3435	3586	2	-1	-1	-1	0
3633	3491	3488	0	-1	-1	-1	0
3490	3489	3635	0	-1	-1	-1	0
3491	3636	3489	0	-1	-1	-1	0
3436	3591	3589	2	-1	-1	-1	0
3582	3443	3592	8	-1	-1	-1	0
3436	3590	3591	2	-1	-1	-1	0
3595	3447	3576	0	-1	-1	-1	0
3495	3638	3493	0	-1	-1	-1	0
3494	3639	3495	0	-1	-1	-1	0
3640	3494	3496	0	-1	-1	-1	0
3445	3594	3592	8	-1	-1	-1	0
3593	3594	3445	9	-1	-1	-1	0
3496	3497	3643	0	-1	-1	-1	0
3484	3633	3521	0	-1	-1	-1	0
3452	3584	3599	0	-1	-1	-1	0
3453	3598	3588	0	-1	-1	-1	0
3633	3488	3521	0	-1	-1	-1	0
3595	3597	3451	0	-1	-1	-1	0
3596	3451	3597	0	-1	-1	-1	0
3500	3646	3499	7	-1	-1	-1	0
3646	3501	3499	7	-1	-1	-1	0
3507	3644	3497	0	-1	-1	-1	0
3468	3613	3567	0	-1	-1	-1	0
3452	3599	3598	0	-1	-1	-1	0
3501	3648	3502	7	-1	-1	-1	0
3456	3601	3600	0	-1	-1	-1	0
3504	3650	3503	0	-1	-1	-1	0
3650	3506	3503	0	-1	-1	-1	0
3504	3505	3651	5	-1	-1	-1	0
3515	3647	3500	7	0	-1	-1	0
3602	3603	3457	0	-1	-1	-1	0
3596	3606	3460	0	-1	-1	-1	0
3512	3502	3649	7	-1	-1	-1	0
3604	3602	3458	0	-1	-1	-1	0
3653	3507	3506	0	-1	-1	-1	0
3510	3652	3505	5	-1	-1	-1	0
3604	3459	3605	0	-1	-1	-1	0
3509	3508	3654	6	-1	-1	-1	0
3601	3462	3608	0	-1	-1	-1	0
3638	3541	3493	0	-1	-1	-1	0
3606	3605	3460	0	-1	-1	-1	0
3655	3511	3509	6	-1	-1	-1	0
3463	3603	3609	0	-1	-1	-1	0
3654	3508	3513	6	-1	-1	-1	0
3464	3600	3611	0	-1	-1	-1	0
3510	3511	3656	6	-1	-1	-1	0
3607	3608	3462	0	-1	-1	-1	0
3607	3463	3609	0	-1	-1	-1	0
3617	3593	3470	9	-1	-1	-1	0
3557	3556	3570	5	-1	-1	-1	0
3513	3512	3658	7	-1	-1	-1	0
3611	3610	3464	0	-1	-1	-1	0
3466	3612	3613	0	-1	-1	-1	0
3610	3615	3467	0	-1	-1	-1	0
3467	3614	3612	0	-1	-1	-1	0
3518	3660	3517	0	-1	-1	-1	0
3467	3615	3614	0	-1	-1	-1	0
3661	3518	3519	0	-1	-1	-1	0
3617	3470	3616	9	-1	-1	-1	0
3522	3663	3523	0	-1	-1	-1	0
3618	3619	3472	0	-1	-1	-1	0
3519	3529	3662	0	-1	-1	-1	0
3620	3472	3619	0	-1	-1	-1	0
3665	3525	3523	0	-1	-1	-1	0
3473	3620	3621	0	-1	-1	-1	0
3524	3525	3667	0	-1	-1	-1	0
3626	3616	3476	9	-1	-1	-1	0
3532	3664	3522	0	-1	-1	-1	0
3621	3623	3474	9	-1	-1	-1	0
3622	3474	3623	9	-1	-1	-1	0
3528	3662	3529	0	-1	-1	-1	0
3524	3666	3530	0	-1	-1	-1	0
3475	3622	3624	9	-1	-1	-1	0
3670	3527	3526	0	-1	-1	-1	0
3625	3476	3624	9	-1	-1	-1	0
3671	3528	3527	0	-1	-1	-1	0
3669	3526	3531	0	-1	-1	-1	0
3625	3626	3476	9	-1	-1	-1	0
3531	3530	3666	0	-1	-1	-1	0
3627	3628	3478	0	-1	-1	-1	0
3480	3628	3629	3	-1	-1	-1	0
3674	3532	3533	0	-1	-1	-1	0
3481	3631	3630	9	-1	-1	-1	0
3676	3533	3534	0	-1	-1	-1	0
3483	3629	3631	9	-1	-1	-1	0
3632	3482	3630	9	-1	-1	-1	0
3577	3595	3576	0	-1	-1	-1	0
3537	3677	3534	0	-1	-1	-1	0
3535	3678	3537	0	-1	-1	-1	0
3535	3536	3679	0	-1	-1	-1	0
3632	3634	3486	0	-1	-1	-1	0
3679	3536	3538	0	-1	-1	-1	0
3634	3633	3486	0	-1	-1	-1	0
3490	3637	3627	0	-1	-1	-1	0
3491	3633	3634	0	-1	-1	-1	0
3681	3538	3539	0	-1	-1	-1	0
3636	3635	3489	0	-1	-1	-1	0
3491	3634	3636	0	-1	-1	-1	0
3490	3635	3637	0	-1	-1	-1	0
3539	3540	3683	0	-1	-1	-1	0
3540	3541	3683	0	-1	-1	-1	0
3595	3577	3597	0	-1	-1	-1	0
3686	3542	3543	7	-1	-1	-1	0
3639	3494	3640	0	-1	-1	-1	0
3495	3641	3638	0	-1	-1	-1	0
3545	3687	3543	7	-1	-1	-1	0
3639	3642	3495	0	-1	-1	-1	0
3688	3545	3544	6	-1	-1	-1	0
3495	3642	3641	0	-1	-1	-1	0
3542	3686	3550	7	-1	-1	-1	0
3547	3688	3544	6	-1	-1	-1	0
3496	3643	3640	0	-1	-1	-1	0
3690	3547	3546	6	-1	-1	-1	0
3497	3645	3643	0	-1	-1	-1	0
3497	3644	3645	0	-1	-1	-1	0
3546	3552	3690	6	-1	-1	-1	0
3692	3551	3550	7	0	-1	-1	0
3647	3646	3500	7	-1	-1	-1	0
3517	3660	3618	0	-1	-1	-1	0
3648	3501	3646	7	-1	-1	-1	0
3502	3648	3649	7	-1	-1	-1	0
3554	3693	3552	6	-1	-1	-1	0
3694	3554	3553	5	-1	-1	-1	0
3553	3555	3694	5	-1	-1	-1	0
3507	3653	3644	0	-1	-1	-1	0
3504	3651	3650	5	-1	-1	-1	0
3696	3555	3557	5	-1	-1	-1	0
3652	3651	3505	5	-1	-1	-1	0
3506	3650	3653	0	-1	-1	-1	0
3559	3558	3698	0	-1	-1	-1	0
3654	3655	3509	6	-1	-1	-1	0
3559	3699	3560	0	-1	-1	-1	0
3652	3510	3656	6	-1	-1	-1	0
3512	3649	3658	7	-1	-1	-1	0
3561	3560	3700	0	-1	-1	-1	0
3698	3558	3565	0	-1	-1	-1	0
3655	3657	3511	6	-1	-1	-1	0
3557	3570	3697	5	-1	-1	-1	0
3657	3656	3511	6	-1	-1	-1	0
3561	3702	3562	0	-1	-1	-1	0
3659	3654	3513	7	-1	-1	-1	0
3703	3564	3563	0	-1	-1	-1	0
3658	3659	3513	7	-1	-1	-1	0
3563	3567	3704	0	-1	-1	-1	0
3566	3564	3705	0	-1	-1	-1	0
3572	3562	3702	0	-1	-1	-1	0
3565	3566	3707	0	-1	-1	-1	0
3518	3661	3660	0	-1	-1	-1	0
3662	3661	3519	0	-1	-1	-1	0
3711	3570	3568	5	-1	-1	-1	0
3663	3522	3664	0	-1	-1	-1	0
3712	3568	3569	5	-1	-1	-1	0
3663	3665	3523	0	-1	-1	-1	0
3569	3571	3713	5	-1	-1	-1	0
3524	3667	3666	0	-1	-1	-1	0
3668	3525	3665	0	-1	-1	-1	0
3572	3715	3571	5	-1	-1	-1	0
3525	3668	3667	0	-1	-1	-1	0
3528	3671	3662	0	-1	-1	-1	0
3638	3685	3541	0	-1	-1	-1	0
3574	3717	3573	2	-1	-1	-1	0
3526	3669	3670	0	-1	-1	-1	0
3577	3573	3716	0	-1	-1	-1	0
3719	3574	3575	2	-1	-1	-1	0
3527	3670	3671	0	-1	-1	-1	0
3666	3673	3531	0	-1	-1	-1	0
3532	3674	3664	0	-1	-1	-1	0
3531	3672	3669	0	-1	-1	-1	0
3721	3575	3578	2	-1	-1	-1	0
3673	3672	3531	0	-1	-1	-1	0
3579	3723	3578	2	-1	-1	-1	0
3533	3675	3674	0	-1	-1	-1	0
3579	3581	3724	2	-1	-1	-1	0
3676	3675	3533	0	-1	-1	-1	0
3580	3725	3581	2	-1	-1	-1	0
3676	3534	3677	0	-1	-1	-1	0
3583	3725	3580	2	-1	-1	-1	0
3710	3567	3613	0	-1	-1	-1	0
3678	3535	3679	0	-1	-1	-1	0
3628	3627	3637	0	-1	-1	-1	0
3582	3728	3583	8	-1	-1	-1	0
3677	3537	3680	0	-1	-1	-1	0
3537	3678	3680	0	-1	-1	-1	0
3597	3577	3722	0	-1	-1	-1	0
3618	3660	3619	0	-1	-1	-1	0
3538	3681	3679	0	-1	-1	-1	0
3730	3584	3585	0	-1	-1	-1	0
3634	3632	3636	0	-1	-1	-1	0
3592	3728	3582	8	-1	-1	-1	0
3682	3681	3539	0	-1	-1	-1	0
3585	3589	3730	0	-1	-1	-1	0
3683	3682	3539	0	-1	-1	-1	0
3684	3683	3541	0	-1	-1	-1	0
3587	3732	3586	2	-1	-1	-1	0
3588	3733	3587	2	-1	-1	-1	0
3586	3732	3590	2	-1	-1	-1	0
3685	3684	3541	0	-1	-1	-1	0
3589	3591	3730	0	-1	-1	-1	0
3599	3584	3731	0	-1	-1	-1	0
3734	3591	3590	2	-1	-1	-1	0
3687	3686	3543	7	-1	-1	-1	0
3588	3598	3733	0	-1	-1	-1	0
3687	3545	3689	7	-1	-1	-1	0
3594	3735	3592	8	-1	-1	-1	0
3545	3688	3689	7	-1	-1	-1	0
3593	3736	3594	9	-1	-1	-1	0
3691	3688	3547	6	-1	-1	-1	0
3691	3547	3690	6	-1	-1	-1	0
3692	3550	3686	7	-1	-1	-1	0
3598	3599	3733	0	-1	-1	-1	0
3597	3738	3596	0	-1	-1	-1	0
3690	3552	3693	6	-1	-1	-1	0
3739	3606	3596	0	-1	-1	-1	0
3695	3693	3554	6	-1	-1	-1	0
3600	3601	3741	0	-1	-1	-1	0
3695	3554	3694	6	-1	-1	-1	0
3694	3555	3696	5	-1	-1	-1	0
3593	3617	3737	9	-1	-1	-1	0
3603	3602	3743	0	-1	-1	-1	0
3604	3743	3602	0	-1	-1	-1	0
3697	3696	3557	5	-1	-1	-1	0
3601	3608	3742	0	-1	-1	-1	0
3741	3611	3600	0	-1	-1	-1	0
3746	3604	3605	0	-1	-1	-1	0
3559	3698	3699	0	-1	-1	-1	0
3609	3603	3745	0	-1	-1	-1	0
3605	3606	3747	0	-1	-1	-1	0
3699	3701	3560	0	-1	-1	-1	0
3700	3560	3701	0	-1	-1	-1	0
3561	3700	3702	0	-1	-1	-1	0
3749	3608	3607	0	-1	-1	-1	0
3638	3641	3685	0	-1	-1	-1	0
3609	3750	3607	0	-1	-1	-1	0
3706	3698	3565	0	-1	-1	-1	0
3704	3703	3563	0	-1	-1	-1	0
3703	3705	3564	0	-1	-1	-1	0
3610	3611	3753	0	-1	-1	-1	0
3707	3706	3565	0	-1	-1	-1	0
3711	3697	3570	5	-1	-1	-1	0
3753	3615	3610	0	-1	-1	-1	0
3708	3566	3705	0	-1	-1	-1	0
3704	3567	3709	0	-1	-1	-1	0
3613	3612	3755	0	-1	-1	-1	0
3612	3614	3755	0	-1	-1	-1	0
3566	3708	3707	0	-1	-1	-1	0
3756	3614	3615	0	-1	-1	-1	0
3709	3567	3710	0	-1	-1	-1	0
3572	3702	3715	5	-1	-1	-1	0
3711	3568	3712	5	-1	-1	-1	0
3616	3760	3617	9	-1	-1	-1	0
3712	3569	3713	5	-1	-1	-1	0
3714	3713	3571	5	-1	-1	-1	0
3620	3619	3761	0	-1	-1	-1	0
3714	3571	3715	5	-1	-1	-1	0
3759	3616	3626	9	-1	-1	-1	0
3621	3620	3762	0	-1	-1	-1	0
3667	3673	3666	0	-1	-1	-1	0
3717	3716	3573	0	-1	-1	-1	0
3621	3763	3623	9	-1	-1	-1	0
3764	3622	3623	9	-1	-1	-1	0
3574	3718	3717	2	-1	-1	-1	0
3624	3622	3764	9	-1	-1	-1	0
3718	3574	3719	2	-1	-1	-1	0
3720	3719	3575	2	-1	-1	-1	0
3716	3722	3577	0	-1	-1	-1	0
3766	3625	3624	9	-1	-1	-1	0
3575	3721	3720	2	-1	-1	-1	0
3625	3768	3626	9	-1	-1	-1	0
3721	3578	3723	2	-1	-1	-1	0
3579	3724	3723	2	-1	-1	-1	0
3770	3629	3628	3	-1	-1	-1	0
3771	3631	3629	9	-1	-1	-1	0
3581	3725	3726	2	-1	-1	-1	0
3581	3727	3724	2	-1	-1	-1	0
3630	3631	3772	9	-1	-1	-1	0
3726	3727	3581	2	-1	-1	-1	0
3632	3630	3772	9	-1	-1	-1	0
3770	3628	3637	0	-1	-1	-1	0
3583	3729	3725	2	-1	-1	-1	0
3729	3583	3728	8	-1	-1	-1	0
3761	3619	3660	0	-1	-1	-1	0
3632	3772	3636	0	-1	-1	-1	0
3773	3637	3635	0	-1	-1	-1	0
3584	3730	3731	0	-1	-1	-1	0
3774	3635	3636	0	-1	-1	-1	0
3591	3731	3730	0	-1	-1	-1	0
3587	3733	3732	2	-1	-1	-1	0
3735	3728	3592	8	-1	-1	-1	0
3639	3640	3775	0	-1	-1	-1	0
3639	3775	3642	0	-1	-1	-1	0
3731	3591	3734	0	-1	-1	-1	0
3590	3732	3734	2	-1	-1	-1	0
3776	3640	3643	0	-1	-1	-1	0
3722	3740	3597	0	-1	-1	-1	0
3642	3778	3641	0	-1	-1	-1	0
3731	3734	3599	0	-1	-1	-1	0
3776	3643	3645	0	-1	-1	-1	0
3594	3736	3735	8	-1	-1	-1	0
3599	3734	3733	0	-1	-1	-1	0
3736	3593	3737	9	-1	-1	-1	0
3738	3739	3596	0	-1	-1	-1	0
3784	3645	3644	5	-1	-1	-1	0
3597	3740	3738	0	-1	-1	-1	0
3755	3710	3613	0	-1	-1	-1	0
3647	3786	3646	7	0	-1	-1	0
3653	3783	3644	5	-1	-1	-1	0
3646	3786	3648	7	-1	-1	-1	0
3787	3649	3648	7	-1	-1	-1	0
3742	3741	3601	0	-1	-1	-1	0
3743	3744	3603	0	-1	-1	-1	0
3650	3651	3789	5	-1	-1	-1	0
3747	3606	3739	0	-1	-1	-1	0
3745	3603	3744	0	-1	-1	-1	0
3650	3789	3653	5	-1	-1	-1	0
3652	3790	3651	5	-1	-1	-1	0
3746	3743	3604	0	-1	-1	-1	0
3658	3649	3788	7	-1	-1	-1	0
3605	3748	3746	0	-1	-1	-1	0
3652	3656	3791	6	-1	-1	-1	0
3748	3605	3747	0	-1	-1	-1	0
3655	3654	3792	7	-1	-1	-1	0
3608	3751	3742	0	-1	-1	-1	0
3655	3793	3657	7	-1	-1	-1	0
3792	3654	3659	7	-1	-1	-1	0
3607	3750	3749	0	-1	-1	-1	0
3741	3754	3611	0	-1	-1	-1	0
3780	3685	3641	0	-1	-1	-1	0
3752	3609	3745	0	-1	-1	-1	0
3657	3794	3656	6	-1	-1	-1	0
3608	3749	3751	0	-1	-1	-1	0
3609	3752	3750	0	-1	-1	-1	0
3796	3659	3658	7	-1	-1	-1	0
3737	3617	3760	9	-1	-1	-1	0
3754	3753	3611	0	-1	-1	-1	0
3661	3798	3660	0	-1	-1	-1	0
3799	3661	3662	0	-1	-1	-1	0
3755	3614	3756	0	-1	-1	-1	0
3753	3758	3615	0	-1	-1	-1	0
3801	3663	3664	0	-1	-1	-1	0
3756	3615	3757	0	-1	-1	-1	0
3665	3663	3801	0	-1	-1	-1	0
3758	3757	3615	0	-1	-1	-1	0
3799	3662	3671	0	-1	-1	-1	0
3616	3759	3760	9	-1	-1	-1	0
3803	3668	3665	0	-1	-1	-1	0
3667	3668	3805	0	-1	-1	-1	0
3802	3664	3674	0	-1	-1	-1	0
3761	3762	3620	0	-1	-1	-1	0
3763	3621	3762	0	-1	-1	-1	0
3807	3670	3669	0	-1	-1	-1	0
3673	3667	3806	0	-1	-1	-1	0
3807	3669	3672	0	-1	-1	-1	0
3671	3670	3808	0	-1	-1	-1	0
3765	3623	3763	9	-1	-1	-1	0
3765	3764	3623	9	-1	-1	-1	0
3626	3769	3759	9	-1	-1	-1	0
3764	3767	3624	9	-1	-1	-1	0
3673	3810	3672	0	-1	-1	-1	0
3767	3766	3624	9	-1	-1	-1	0
3625	3766	3768	9	-1	-1	-1	0
3674	3675	3812	0	-1	-1	-1	0
3769	3626	3768	9	-1	-1	-1	0
3813	3675	3676	0	-1	-1	-1	0
3676	3677	3814	0	-1	-1	-1	0
3629	3770	3771	9	-1	-1	-1	0
3677	3680	3814	0	-1	-1	-1	0
3678	3679	3816	0	-1	-1	-1	0
3631	3771	3772	9	-1	-1	-1	0
3817	3680	3678	0	-1	-1	-1	0
3681	3816	3679	0	-1	-1	-1	0
3770	3637	3773	0	-1	-1	-1	0
3726	3725	3729	2	-1	-1	-1	0
3819	3681	3682	0	-1	-1	-1	0
3773	3635	3774	0	-1	-1	-1	0
3772	3774	3636	0	-1	-1	-1	0
3820	3682	3683	0	-1	-1	-1	0
3684	3822	3683	0	-1	-1	-1	0
3775	3640	3777	0	-1	-1	-1	0
3824	3684	3685	0	-1	-1	-1	0
3640	3776	3777	0	-1	-1	-1	0
3778	3779	3641	0	-1	-1	-1	0
3687	3825	3686	7	-1	-1	-1	0
3782	3642	3775	0	-1	-1	-1	0
3732	3733	3734	2	-1	-1	-1	0
3641	3779	3780	0	-1	-1	-1	0
3642	3781	3778	0	-1	-1	-1	0
3826	3687	3689	7	-1	-1	-1	0
3692	3686	3825	7	-1	-1	0	0
3688	3827	3689	7	-1	-1	-1	0
3781	3642	3782	0	-1	-1	-1	0
3785	3776	3645	5	-1	-1	-1	0
3691	3827	3688	7	-1	-1	-1	0
3829	3691	3690	6	-1	-1	-1	0
3784	3644	3783	5	-1	-1	-1	0
3829	3690	3693	6	-1	-1	-1	0
3785	3645	3784	5	-1	-1	-1	0
3740	3739	3738	0	-1	-1	-1	0
3693	3695	3831	6	-1	-1	-1	0
3798	3761	3660	0	-1	-1	-1	0
3694	3832	3695	6	-1	-1	-1	0
3786	3787	3648	7	0	-1	-1	0
3696	3832	3694	6	-1	-1	-1	0
3787	3788	3649	7	0	-1	-1	0
3783	3653	3789	5	-1	-1	-1	0
3696	3697	3834	6	-1	-1	-1	0
3790	3789	3651	5	-1	-1	-1	0
3790	3652	3791	6	-1	-1	-1	0
3837	3699	3698	0	-1	-1	-1	0
3699	3838	3701	0	-1	-1	-1	0
3792	3793	3655	7	-1	-1	-1	0
3698	3706	3836	0	-1	-1	-1	0
3700	3701	3839	5	-1	-1	-1	0
3794	3791	3656	6	-1	-1	-1	0
3700	3840	3702	5	-1	-1	-1	0
3658	3788	3796	7	-1	0	-1	0
3711	3835	3697	6	-1	-1	-1	0
3657	3793	3795	7	-1	-1	-1	0
3794	3657	3795	7	-1	-1	-1	0
3792	3659	3797	7	-1	-1	-1	0
3842	3703	3704	0	-1	-1	-1	0
3843	3705	3703	0	-1	-1	-1	0
3796	3797	3659	7	0	-1	-1	0
3708	3705	3843	0	-1	-1	-1	0
3704	3709	3844	0	-1	-1	-1	0
3702	3840	3715	5	-1	-1	-1	0
3661	3800	3798	0	-1	-1	-1	0
3847	3706	3707	0	-1	-1	-1	0
3800	3661	3799	0	-1	-1	-1	0
3708	3848	3707	0	-1	-1	-1	0
3802	3801	3664	0	-1	-1	-1	0
3804	3665	3801	0	-1	-1	-1	0
3709	3710	3851	0	-1	-1	-1	0
3804	3803	3665	0	-1	-1	-1	0
3668	3803	3805	0	-1	-1	-1	0
3854	3711	3712	6	-1	-1	-1	0
3806	3667	3805	0	-1	-1	-1	0
3799	3671	3809	0	-1	-1	-1	0
3712	3713	3855	6	-1	-1	-1	0
3714	3856	3713	6	-1	-1	-1	0
3807	3808	3670	0	-1	-1	-1	0
3714	3715	3857	5	-1	-1	-1	0
3808	3809	3671	0	-1	-1	-1	0
3802	3674	3812	0	-1	-1	-1	0
3780	3824	3685	0	-1	-1	-1	0
3810	3673	3806	0	-1	-1	-1	0
3811	3807	3672	0	-1	-1	-1	0
3859	3716	3717	0	-1	-1	-1	0
3811	3672	3810	0	-1	-1	-1	0
3717	3718	3861	2	-1	-1	-1	0
3860	3722	3716	0	-1	-1	-1	0
3862	3718	3719	2	-1	-1	-1	0
3675	3813	3812	0	-1	-1	-1	0
3863	3719	3720	2	-1	-1	-1	0
3676	3815	3813	0	-1	-1	-1	0
3721	3864	3720	2	-1	-1	-1	0
3676	3814	3815	0	-1	-1	-1	0
3866	3721	3723	2	-1	-1	-1	0
3816	3817	3678	0	-1	-1	-1	0
3680	3818	3814	0	-1	-1	-1	0
3867	3723	3724	2	-1	-1	-1	0
3773	3771	3770	0	-1	-1	-1	0
3680	3817	3818	0	-1	-1	-1	0
3819	3816	3681	0	-1	-1	-1	0
3772	3771	3774	0	-1	-1	-1	0
3853	3710	3755	0	-1	-1	-1	0
3771	3773	3774	0	-1	-1	-1	0
3868	3724	3727	2	-1	-1	-1	0
3820	3819	3682	0	-1	-1	-1	0
3740	3722	3860	0	-1	-1	-1	0
3869	3727	3726	2	-1	-1	-1	0
3821	3820	3683	0	-1	-1	-1	0
3726	3729	3870	2	-1	-1	-1	0
3821	3683	3822	0	-1	-1	-1	0
3684	3823	3822	0	-1	-1	-1	0
3728	3873	3729	8	-1	-1	-1	0
3823	3684	3824	0	-1	-1	-1	0
3775	3777	3782	0	-1	-1	-1	0
3728	3735	3872	8	-1	-1	-1	0
3826	3825	3687	7	0	-1	-1	0
3828	3826	3689	7	0	-1	-1	0
3828	3689	3827	7	-1	-1	-1	0
3874	3735	3736	8	-1	-1	-1	0
3830	3827	3691	7	-1	-1	-1	0
3737	3875	3736	9	-1	-1	-1	0
3830	3691	3829	7	-1	-1	-1	0
3829	3693	3831	6	-1	-1	-1	0
3878	3739	3740	0	-1	-1	-1	0
3831	3695	3833	6	-1	-1	-1	0
3695	3832	3833	6	-1	-1	-1	0
3834	3832	3696	6	-1	-1	-1	0
3756	3853	3755	0	-1	-1	-1	0
3747	3739	3879	0	-1	-1	-1	0
3882	3741	3742	0	-1	-1	-1	0
3834	3697	3835	6	-1	-1	-1	0
3698	3836	3837	0	-1	-1	-1	0
3743	3885	3744	0	-1	-1	-1	0
3838	3699	3837	0	-1	-1	-1	0
3743	3746	3885	0	-1	-1	-1	0
3877	3737	3760	9	-1	-1	-1	0
3744	3886	3745	0	-1	-1	-1	0
3751	3884	3742	0	-1	-1	-1	0
3754	3741	3882	0	-1	-1	-1	0
3700	3839	3840	5	-1	-1	-1	0
3838	3841	3701	5	-1	-1	-1	0
3701	3841	3839	5	-1	-1	-1	0
3889	3746	3748	0	-1	-1	-1	0
3888	3752	3745	0	-1	-1	-1	0
3890	3748	3747	0	-1	-1	-1	0
3836	3706	3846	0	-1	-1	-1	0
3753	3754	3882	0	-1	-1	-1	0
3704	3845	3842	0	-1	-1	-1	0
3842	3843	3703	0	-1	-1	-1	0
3892	3749	3750	0	-1	-1	-1	0
3892	3751	3749	0	-1	-1	-1	0
3845	3704	3844	0	-1	-1	-1	0
3758	3753	3882	0	-1	-1	-1	0
3752	3893	3750	0	-1	-1	-1	0
3846	3706	3847	0	-1	-1	-1	0
3854	3835	3711	6	-1	-1	-1	0
3708	3843	3850	0	-1	-1	-1	0
3707	3849	3847	0	-1	-1	-1	0
3849	3707	3848	0	-1	-1	-1	0
3851	3844	3709	0	-1	-1	-1	0
3850	3848	3708	0	-1	-1	-1	0
3894	3756	3757	0	-1	-1	-1	0
3895	3757	3758	0	-1	-1	-1	0
3857	3715	3840	5	-1	-1	-1	0
3852	3851	3710	0	-1	-1	-1	0
3853	3852	3710	0	-1	-1	-1	0
3898	3760	3759	9	-1	-1	-1	0
3855	3854	3712	6	-1	-1	-1	0
3761	3899	3762	0	-1	-1	-1	0
3856	3855	3713	6	-1	-1	-1	0
3898	3759	3769	9	-1	-1	-1	0
3901	3763	3762	0	-1	-1	-1	0
3856	3714	3858	6	-1	-1	-1	0
3714	3857	3858	6	-1	-1	-1	0
3765	3763	3902	9	-1	-1	-1	0
3765	3903	3764	9	-1	-1	-1	0
3764	3903	3767	9	-1	-1	-1	0
3860	3716	3859	0	-1	-1	-1	0
3859	3717	3861	0	-1	-1	-1	0
3766	3767	3905	9	-1	-1	-1	0
3906	3768	3766	9	-1	-1	-1	0
3862	3861	3718	2	-1	-1	-1	0
3719	3863	3862	2	-1	-1	-1	0
3910	3769	3768	9	-1	-1	-1	0
3863	3720	3864	2	-1	-1	-1	0
3864	3721	3865	2	-1	-1	-1	0
3865	3721	3866	2	-1	-1	-1	0
3723	3867	3866	2	-1	-1	-1	0
3819	3817	3816	0	-1	-1	-1	0
3724	3868	3867	2	-1	-1	-1	0
3900	3761	3798	0	-1	-1	-1	0
3869	3726	3870	2	-1	-1	-1	0
3912	3777	3776	5	-1	-1	-1	0
3871	3868	3727	2	-1	-1	-1	0
3871	3727	3869	2	-1	-1	-1	0
3778	3914	3779	0	-1	-1	-1	0
3777	3913	3782	5	-1	-1	-1	0
3873	3870	3729	8	-1	-1	-1	0
3912	3776	3785	5	-1	-1	-1	0
3728	3872	3873	8	-1	-1	-1	0
3914	3778	3781	0	-1	-1	-1	0
3779	3915	3780	0	-1	-1	-1	0
3781	3782	3917	5	-1	-1	-1	0
3881	3740	3860	0	-1	-1	-1	0
3735	3874	3872	8	-1	-1	-1	0
3875	3874	3736	8	-1	-1	-1	0
3920	3784	3783	5	-1	-1	-1	0
3876	3875	3737	9	-1	-1	-1	0
3921	3785	3784	5	-1	-1	-1	0
3877	3876	3737	9	-1	-1	-1	0
3919	3783	3789	5	-1	-1	-1	0
3878	3880	3739	0	-1	-1	-1	0
3789	3790	3919	5	-1	-1	-1	0
3739	3880	3879	0	-1	-1	-1	0
3881	3878	3740	0	-1	-1	-1	0
3853	3756	3894	0	-1	-1	-1	0
3790	3791	3923	6	-1	-1	-1	0
3882	3742	3883	0	-1	-1	-1	0
3883	3742	3884	0	-1	-1	-1	0
3794	3924	3791	6	-1	-1	-1	0
3925	3793	3792	7	-1	-1	-1	0
3797	3925	3792	7	0	-1	-1	0
3793	3926	3795	7	-1	-1	-1	0
3795	3927	3794	7	-1	-1	-1	0
3890	3747	3879	0	-1	-1	-1	0
3744	3885	3887	0	-1	-1	-1	0
3886	3744	3887	0	-1	-1	-1	0
3745	3886	3888	0	-1	-1	-1	0
3824	3780	3916	0	-1	-1	-1	0
3746	3889	3885	0	-1	-1	-1	0
3884	3751	3892	0	-1	-1	-1	0
3800	3929	3798	0	-1	-1	-1	0
3889	3748	3891	0	-1	-1	-1	0
3748	3890	3891	0	-1	-1	-1	0
3799	3930	3800	0	-1	-1	-1	0
3893	3752	3888	0	-1	-1	-1	0
3893	3892	3750	0	-1	-1	-1	0
3760	3898	3877	9	-1	-1	-1	0
3801	3802	3933	0	-1	-1	-1	0
3882	3897	3758	0	-1	-1	-1	0
3804	3801	3933	0	-1	-1	-1	0
3799	3809	3930	0	-1	-1	-1	0
3935	3803	3804	0	-1	-1	-1	0
3803	3934	3805	0	-1	-1	-1	0
3933	3802	3812	0	-1	-1	-1	0
3757	3896	3894	0	-1	-1	-1	0
3895	3896	3757	0	-1	-1	-1	0
3938	3806	3805	0	-1	-1	-1	0
3895	3758	3897	0	-1	-1	-1	0
3808	3807	3940	0	-1	-1	-1	0
3939	3810	3806	0	-1	-1	-1	0
3941	3809	3808	0	-1	-1	-1	0
3811	3940	3807	0	-1	-1	-1	0
3761	3900	3899	0	-1	-1	-1	0
3942	3811	3810	0	-1	-1	-1	0
3901	3762	3899	0	-1	-1	-1	0
3904	3765	3902	9	-1	-1	-1	0
3901	3902	3763	0	-1	-1	-1	0
3812	3813	3946	0	-1	-1	-1	0
3765	3904	3903	9	-1	-1	-1	0
3813	3815	3946	0	-1	-1	-1	0
3814	3947	3815	0	-1	-1	-1	0
3906	3766	3905	9	-1	-1	-1	0
3903	3907	3767	9	-1	-1	-1	0
3769	3911	3898	9	-1	-1	-1	0
3814	3818	3947	0	-1	-1	-1	0
3767	3908	3905	9	-1	-1	-1	0
3909	3767	3907	9	-1	-1	-1	0
3908	3767	3909	9	-1	-1	-1	0
3768	3906	3910	9	-1	-1	-1	0
3818	3817	3950	0	-1	-1	-1	0
3819	3950	3817	0	-1	-1	-1	0
3911	3769	3910	9	-1	-1	-1	0
3820	3952	3819	0	-1	-1	-1	0
3953	3820	3821	0	-1	-1	-1	0
3822	3954	3821	0	-1	-1	-1	0
3823	3955	3822	0	-1	-1	-1	0
3913	3777	3912	5	-1	-1	-1	0
3824	3956	3823	0	-1	-1	-1	0
3915	3779	3914	0	-1	-1	-1	0
3915	3916	3780	0	-1	-1	-1	0
3917	3782	3913	5	-1	-1	-1	0
3918	3914	3781	5	-1	-1	-1	0
3958	3828	3827	7	0	-1	-1	0
3827	3830	3958	7	-1	-1	-1	0
3918	3781	3917	5	-1	-1	-1	0
3959	3830	3829	7	-1	-1	-1	0
3922	3912	3785	5	-1	-1	-1	0
3829	3831	3959	7	-1	-1	-1	0
3919	3920	3783	5	-1	-1	-1	0
3921	3784	3920	5	-1	-1	-1	0
3833	3961	3831	7	-1	-1	-1	0
3798	3929	3900	0	-1	-1	-1	0
3962	3833	3832	6	-1	-1	-1	0
3962	3832	3834	6	-1	-1	-1	0
3921	3922	3785	5	-1	-1	-1	0
3919	3790	3923	6	-1	-1	-1	0
3834	3835	3964	6	-1	-1	-1	0
3924	3923	3791	6	-1	-1	-1	0
3966	3837	3836	0	-1	-1	-1	0
3837	3966	3838	0	-1	-1	-1	0
3925	3926	3793	7	0	-1	-1	0
3794	3927	3924	7	-1	-1	-1	0
3838	3967	3841	5	-1	-1	-1	0
3839	3968	3840	5	-1	-1	-1	0
3966	3836	3846	0	-1	-1	-1	0
3839	3841	3969	5	-1	-1	-1	0
3795	3926	3928	7	-1	0	-1	0
3928	3927	3795	7	-1	-1	-1	0
3843	3842	3971	0	-1	-1	-1	0
3965	3835	3854	6	-1	-1	-1	0
3800	3931	3929	0	-1	-1	-1	0
3845	3971	3842	0	-1	-1	-1	0
3844	3972	3845	0	-1	-1	-1	0
3800	3930	3932	0	-1	-1	-1	0
3897	3882	3883	0	-1	-1	-1	0
3932	3931	3800	0	-1	-1	-1	0
3843	3971	3850	0	-1	-1	-1	0
3968	3857	3840	5	-1	-1	-1	0
3972	3844	3851	0	-1	-1	-1	0
3846	3847	3976	5	-1	-1	-1	0
3935	3934	3803	0	-1	-1	-1	0
3804	3933	3936	0	-1	-1	-1	0
3849	3977	3847	5	-1	-1	-1	0
3848	3978	3849	0	-1	-1	-1	0
3804	3937	3935	0	-1	-1	-1	0
3848	3850	3978	0	-1	-1	-1	0
3934	3938	3805	0	-1	-1	-1	0
3937	3804	3936	0	-1	-1	-1	0
3930	3809	3941	0	-1	-1	-1	0
3938	3939	3806	0	-1	-1	-1	0
3984	3851	3852	0	-1	-1	-1	0
3808	3940	3941	0	-1	-1	-1	0
3853	3985	3852	0	-1	-1	-1	0
3933	3812	3946	0	-1	-1	-1	0
3810	3939	3942	0	-1	-1	-1	0
3940	3811	3943	0	-1	-1	-1	0
3986	3854	3855	6	-1	-1	-1	0
3824	3916	3957	0	-1	-1	-1	0
3942	3944	3811	0	-1	-1	-1	0
3856	3987	3855	6	-1	-1	-1	0
3945	3943	3811	0	-1	-1	-1	0
3811	3944	3945	0	-1	-1	-1	0
3988	3856	3858	6	-1	-1	-1	0
3857	3989	3858	6	-1	-1	-1	0
3947	3948	3815	0	-1	-1	-1	0
3949	3946	3815	0	-1	-1	-1	0
3860	3859	3991	0	-1	-1	-1	0
3949	3815	3948	0	-1	-1	-1	0
3861	3992	3859	0	-1	-1	-1	0
3993	3861	3862	2	-1	-1	-1	0
3818	3951	3947	0	-1	-1	-1	0
3818	3950	3951	0	-1	-1	-1	0
3863	3994	3862	2	-1	-1	-1	0
3952	3950	3819	0	-1	-1	-1	0
3996	3863	3864	2	-1	-1	-1	0
3953	3952	3820	0	-1	-1	-1	0
3997	3864	3865	2	-1	-1	-1	0
3954	3953	3821	0	-1	-1	-1	0
3999	3865	3866	2	-1	-1	-1	0
3822	3955	3954	0	-1	-1	-1	0
3853	3894	3985	0	-1	-1	-1	0
3991	3881	3860	0	-1	-1	-1	0
3867	4000	3866	2	-1	-1	-1	0
3823	3956	3955	0	-1	-1	-1	0
3867	3868	4001	2	-1	-1	-1	0
3957	3956	3824	0	-1	-1	-1	0
3871	4003	3868	2	-1	-1	-1	0
4005	3871	3869	2	-1	-1	-1	0
3869	3870	4006	2	-1	-1	-1	0
3960	3830	3959	7	-1	-1	-1	0
3958	3830	3960	7	-1	-1	0	0
3870	3873	4007	8	-1	-1	-1	0
3959	3831	3961	7	-1	-1	-1	0
4009	3872	3874	8	-1	-1	-1	0
3872	4010	3873	8	-1	-1	-1	0
3833	3963	3961	7	-1	-1	-1	0
3962	3963	3833	7	-1	-1	-1	0
3834	3964	3962	6	-1	-1	-1	0
3875	4011	3874	8	-1	-1	-1	0
3964	3835	3965	6	-1	-1	-1	0
4013	3875	3876	9	-1	-1	-1	0
3877	4014	3876	9	-1	-1	-1	0
3966	3967	3838	5	-1	-1	-1	0
4017	3880	3878	0	-1	-1	-1	0
3969	3968	3839	5	-1	-1	-1	0
3881	4017	3878	0	-1	-1	-1	0
3880	4018	3879	0	-1	-1	-1	0
3970	3841	3967	5	-1	-1	-1	0
3969	3841	3970	5	-1	-1	-1	0
4018	3890	3879	0	-1	-1	-1	0
3975	3966	3846	5	-1	-1	-1	0
3884	4022	3883	0	-1	-1	-1	0
3973	3845	3972	0	-1	-1	-1	0
3974	3971	3845	0	-1	-1	-1	0
3898	4016	3877	9	-1	-1	-1	0
3845	3973	3974	0	-1	-1	-1	0
3885	4024	3887	0	-1	-1	-1	0
3976	3975	3846	5	-1	-1	-1	0
3885	3889	4024	0	-1	-1	-1	0
3886	3887	4025	0	-1	-1	-1	0
3888	3886	4025	0	-1	-1	-1	0
3890	4018	3891	0	-1	-1	-1	0
3884	3892	4023	0	-1	-1	-1	0
3847	3977	3976	5	-1	-1	-1	0
3971	3980	3850	0	-1	-1	-1	0
3883	4022	3897	0	-1	-1	-1	0
4024	3889	3891	0	-1	-1	-1	0
3849	3979	3977	5	-1	-1	-1	0
3965	3854	3986	6	-1	-1	-1	0
3972	3851	3983	0	-1	-1	-1	0
3979	3849	3978	5	-1	-1	-1	0
3850	3981	3978	0	-1	-1	-1	0
3893	3888	4028	0	-1	-1	-1	0
3981	3850	3980	0	-1	-1	-1	0
3968	3989	3857	6	-1	-1	-1	0
3851	3982	3983	0	-1	-1	-1	0
4031	3892	3893	0	-1	-1	-1	0
3984	3982	3851	0	-1	-1	-1	0
3985	3984	3852	0	-1	-1	-1	0
4032	3894	3896	0	-1	-1	-1	0
3897	4034	3895	0	-1	-1	-1	0
3896	3895	4033	0	-1	-1	-1	0
3987	3986	3855	6	-1	-1	-1	0
3988	3987	3856	6	-1	-1	-1	0
3858	3990	3988	6	-1	-1	-1	0
3990	3858	3989	6	-1	-1	-1	0
3900	4040	3899	0	-1	-1	-1	0
3901	3899	4040	0	-1	-1	-1	0
3859	3992	3991	0	-1	-1	-1	0
4042	3902	3901	0	-1	-1	-1	0
3992	3861	3993	0	-1	-1	-1	0
3911	4039	3898	9	-1	-1	-1	0
4043	3904	3902	9	-1	-1	-1	0
3862	3994	3993	2	-1	-1	-1	0
4044	3903	3904	9	-1	-1	-1	0
3863	3995	3994	2	-1	-1	-1	0
3995	3863	3996	2	-1	-1	-1	0
3903	4045	3907	9	-1	-1	-1	0
3864	3997	3996	2	-1	-1	-1	0
4047	3906	3905	9	-1	-1	-1	0
3865	3998	3997	2	-1	-1	-1	0
4048	3905	3908	9	-1	-1	-1	0
3999	3998	3865	2	-1	-1	-1	0
4000	3999	3866	2	-1	-1	-1	0
3910	3906	4050	9	-1	-1	-1	0
3867	4002	4000	2	-1	-1	-1	0
3907	4051	3909	9	-1	-1	-1	0
3908	3909	4052	9	-1	-1	-1	0
4002	3867	4001	2	-1	-1	-1	0
3929	4041	3900	0	-1	-1	-1	0
3911	3910	4050	9	-1	-1	-1	0
3868	4004	4001	2	-1	-1	-1	0
3868	4003	4004	2	-1	-1	-1	0
4054	3913	3912	5	-1	-1	-1	0
4005	3869	4006	2	-1	-1	-1	0
4008	4003	3871	2	-1	-1	-1	0
4006	3870	4007	8	-1	-1	-1	0
3871	4005	4008	2	-1	-1	-1	0
4055	3917	3913	5	-1	-1	-1	0
3914	4056	3915	5	-1	-1	-1	0
3916	3915	4057	5	-1	-1	-1	0
3918	4056	3914	5	-1	-1	-1	0
3912	3922	4054	5	-1	-1	-1	0
4007	3873	4010	8	-1	-1	-1	0
3872	4009	4010	8	-1	-1	-1	0
3991	4020	3881	0	-1	-1	-1	0
4059	3918	3917	5	-1	-1	-1	0
3874	4012	4009	8	-1	-1	-1	0
4012	3874	4011	8	-1	-1	-1	0
3875	4013	4011	8	-1	-1	-1	0
3920	3919	4061	6	-1	-1	-1	0
4062	3921	3920	6	-1	-1	-1	0
3919	3923	4061	6	-1	-1	-1	0
3876	4015	4013	9	-1	-1	-1	0
4015	3876	4014	9	-1	-1	-1	0
3922	3921	4063	6	-1	-1	-1	0
4016	4014	3877	9	-1	-1	-1	0
3975	3967	3966	5	-1	-1	-1	0
3894	4032	3985	0	-1	-1	-1	0
4065	3923	3924	6	-1	-1	-1	0
3880	4017	4019	0	-1	-1	-1	0
4066	3924	3927	7	-1	-1	-1	0
4019	4018	3880	0	-1	-1	-1	0
4021	4017	3881	0	-1	-1	-1	0
3928	4067	3927	7	0	-1	-1	0
4020	4021	3881	0	-1	-1	-1	0
3974	3980	3971	0	-1	-1	-1	0
3929	3931	4068	0	-1	-1	-1	0
4022	3884	4023	0	-1	-1	-1	0
4058	3957	3916	5	-1	-1	-1	0
4069	3932	3930	0	-1	-1	-1	0
3931	3932	4070	0	-1	-1	-1	0
4024	4026	3887	0	-1	-1	-1	0
4030	3891	4018	0	-1	-1	-1	0
3887	4027	4025	0	-1	-1	-1	0
3930	3941	4069	0	-1	-1	-1	0
3887	4026	4027	0	-1	-1	-1	0
4025	4029	3888	0	-1	-1	-1	0
4073	3936	3933	0	-1	-1	-1	0
3934	3935	4074	0	-1	-1	-1	0
3891	4030	4024	0	-1	-1	-1	0
4028	3888	4029	0	-1	-1	-1	0
3892	4031	4023	0	-1	-1	-1	0
3938	3934	4074	0	-1	-1	-1	0
3937	4075	3935	0	-1	-1	-1	0
3937	3936	4076	0	-1	-1	-1	0
3898	4038	4016	9	-1	-1	-1	0
4031	3893	4028	0	-1	-1	-1	0
4073	3933	3946	0	-1	-1	-1	0
3938	4078	3939	0	-1	-1	-1	0
4037	3897	4022	0	-1	-1	-1	0
3942	3939	4080	0	-1	-1	-1	0
4081	3941	3940	0	-1	-1	-1	0
3895	4034	4033	0	-1	-1	-1	0
4035	4032	3896	0	-1	-1	-1	0
3940	3943	4081	0	-1	-1	-1	0
3896	4033	4036	0	-1	-1	-1	0
4036	4035	3896	0	-1	-1	-1	0
4082	3944	3942	0	-1	-1	-1	0
4073	3946	3949	0	-1	-1	-1	0
4034	3897	4037	0	-1	-1	-1	0
3943	3945	4083	0	-1	-1	-1	0
4084	3945	3944	0	-1	-1	-1	0
4039	4038	3898	9	-1	-1	-1	0
3900	4041	4040	0	-1	-1	-1	0
4087	3948	3947	0	-1	-1	-1	0
4042	3901	4040	0	-1	-1	-1	0
4087	3947	3951	0	-1	-1	-1	0
3948	4088	3949	0	-1	-1	-1	0
4042	4043	3902	0	-1	-1	-1	0
4045	3903	4044	9	-1	-1	-1	0
4043	4046	3904	9	-1	-1	-1	0
3950	4092	3951	0	-1	-1	-1	0
3950	3952	4091	0	-1	-1	-1	0
3904	4046	4044	9	-1	-1	-1	0
4095	3952	3953	0	-1	-1	-1	0
4050	4039	3911	9	-1	-1	-1	0
4048	4047	3905	9	-1	-1	-1	0
4049	3906	4047	9	-1	-1	-1	0
4051	3907	4045	9	-1	-1	-1	0
3953	3954	4096	0	-1	-1	-1	0
4049	4050	3906	9	-1	-1	-1	0
4097	3954	3955	0	-1	-1	-1	0
4052	4048	3908	9	-1	-1	-1	0
4099	3955	3956	0	-1	-1	-1	0
3956	3957	4099	0	-1	-1	-1	0
4053	3909	4051	9	-1	-1	-1	0
4052	3909	4053	9	-1	-1	-1	0
3960	3959	4101	7	-1	-1	0	0
3959	3961	4101	7	-1	-1	-1	0
4054	4055	3913	5	-1	-1	-1	0
4102	3961	3963	7	-1	-1	-1	0
3915	4056	4057	5	-1	-1	-1	0
3963	3962	4103	7	-1	-1	-1	0
3964	4103	3962	7	-1	-1	-1	0
4055	4059	3917	5	-1	-1	-1	0
3916	4057	4058	5	-1	-1	-1	0
3918	4060	4056	5	-1	-1	-1	0
3964	3965	4105	7	-1	-1	-1	0
4059	4060	3918	5	-1	-1	-1	0
4041	3929	4068	0	-1	-1	-1	0
4054	3922	4064	6	-1	-1	-1	0
4062	3920	4061	6	-1	-1	-1	0
4107	3970	3967	5	-1	-1	-1	0
4108	3968	3969	6	-1	-1	-1	0
4063	3921	4062	6	-1	-1	-1	0
3969	3970	4109	6	-1	-1	-1	0
3967	3975	4107	5	-1	-1	-1	0
4065	4061	3923	6	-1	-1	-1	0
4063	4064	3922	6	-1	-1	-1	0
4065	3924	4066	7	-1	-1	-1	0
4111	3973	3972	0	-1	-1	-1	0
3965	3986	4106	7	-1	-1	-1	0
4112	3974	3973	0	-1	-1	-1	0
4067	4066	3927	7	-1	-1	-1	0
3968	4108	3989	6	-1	-1	-1	0
4111	3972	3983	0	-1	-1	-1	0
4116	3975	3976	5	-1	-1	-1	0
4115	3980	3974	0	-1	-1	-1	0
3931	4070	4068	0	-1	-1	-1	0
4117	3976	3977	5	-1	-1	-1	0
4071	3932	4069	0	-1	-1	-1	0
3932	4072	4070	0	-1	-1	-1	0
4118	3977	3979	5	-1	-1	-1	0
3932	4071	4072	0	-1	-1	-1	0
4119	3979	3978	5	-1	-1	-1	0
3980	4115	3981	0	-1	-1	-1	0
3981	4119	3978	5	-1	-1	-1	0
3935	4075	4074	0	-1	-1	-1	0
3936	4073	4076	0	-1	-1	-1	0
3983	3982	4122	0	-1	-1	-1	0
4075	3937	4077	0	-1	-1	-1	0
4123	3982	3984	0	-1	-1	-1	0
4077	3937	4076	0	-1	-1	-1	0
3938	4074	4079	0	-1	-1	-1	0
3941	4081	4069	0	-1	-1	-1	0
3985	4125	3984	0	-1	-1	-1	0
3938	4079	4078	0	-1	-1	-1	0
3939	4078	4080	0	-1	-1	-1	0
3987	4128	3986	7	-1	-1	-1	0
3942	4080	4082	0	-1	-1	-1	0
3987	3988	4129	7	-1	-1	-1	0
4081	3943	4083	0	-1	-1	-1	0
3990	4130	3988	7	-1	-1	-1	0
3990	3989	4131	6	-1	-1	-1	0
4085	3944	4082	0	-1	-1	-1	0
3949	4089	4073	0	-1	-1	-1	0
4085	4084	3944	0	-1	-1	-1	0
4083	3945	4086	0	-1	-1	-1	0
3957	4058	4100	5	-1	-1	-1	0
3945	4084	4086	0	-1	-1	-1	0
3991	3992	4133	0	-1	-1	-1	0
4135	3992	3993	0	-1	-1	-1	0
3994	4135	3993	2	-1	-1	-1	0
4088	3948	4087	0	-1	-1	-1	0
3994	3995	4136	2	-1	-1	-1	0
4088	4089	3949	0	-1	-1	-1	0
3995	3996	4138	2	-1	-1	-1	0
3951	4093	4087	0	-1	-1	-1	0
3950	4091	4090	0	-1	-1	-1	0
4139	3996	3997	2	-1	-1	-1	0
4092	3950	4090	0	-1	-1	-1	0
3998	4140	3997	2	-1	-1	-1	0
3951	4092	4093	0	-1	-1	-1	0
4094	4091	3952	0	-1	-1	-1	0
4141	3998	3999	1	-1	-1	-1	0
4095	4094	3952	0	-1	-1	-1	0
3999	4000	4143	1	-1	-1	-1	0
4133	4020	3991	0	-1	-1	-1	0
4095	3953	4096	0	-1	-1	-1	0
3985	4032	4127	0	-1	-1	-1	0
4002	4144	4000	1	-1	-1	-1	0
3954	4097	4096	0	-1	-1	-1	0
4001	4145	4002	2	-1	-1	-1	0
3955	4098	4097	0	-1	-1	-1	0
4004	4145	4001	2	-1	-1	-1	0
4098	3955	4099	0	-1	-1	-1	0
4003	4148	4004	2	-1	-1	-1	0
4100	4099	3957	5	-1	-1	-1	0
4149	4003	4008	2	-1	-1	-1	0
4005	4006	4151	2	-1	-1	-1	0
4102	4101	3961	7	0	-1	-1	0
4008	4005	4152	2	-1	-1	-1	0
4007	4153	4006	8	-1	-1	-1	0
4102	3963	4104	7	-1	-1	0	0
4104	3963	4103	7	-1	-1	-1	0
4154	4007	4010	8	-1	-1	-1	0
3964	4105	4103	7	-1	-1	-1	0
4156	4010	4009	8	-1	-1	-1	0
4106	4105	3965	7	-1	-1	-1	0
4012	4157	4009	8	-1	-1	-1	0
4158	4012	4011	8	-1	-1	-1	0
4013	4158	4011	8	-1	-1	-1	0
4109	4108	3969	6	-1	-1	-1	0
4107	4110	3970	6	-1	-1	-1	0
4013	4015	4160	9	-1	-1	-1	0
4109	3970	4110	6	-1	-1	-1	0
4016	4161	4014	9	-1	-1	-1	0
4015	4014	4162	9	-1	-1	-1	0
4127	4032	4035	0	-1	-1	-1	0
4111	4113	3973	0	-1	-1	-1	0
4112	3973	4113	0	-1	-1	-1	0
4107	3975	4116	5	-1	-1	-1	0
4112	4114	3974	0	-1	-1	-1	0
3974	4114	4115	0	-1	-1	-1	0
4019	4017	4168	0	-1	-1	-1	0
4169	4018	4019	0	-1	-1	-1	0
4017	4021	4168	0	-1	-1	-1	0
4117	4116	3976	5	-1	-1	-1	0
4020	4170	4021	0	-1	-1	-1	0
4118	4117	3977	5	-1	-1	-1	0
4018	4169	4030	0	-1	-1	-1	0
4120	4118	3979	5	-1	-1	-1	0
3981	4115	4121	5	-1	-1	-1	0
4124	4111	3983	0	-1	-1	-1	0
4120	3979	4119	5	-1	-1	-1	0
4023	4175	4022	0	-1	-1	-1	0
4106	3986	4128	7	-1	-1	-1	0
4167	4016	4038	9	-1	-1	-1	0
3981	4121	4119	5	-1	-1	-1	0
4123	4122	3982	0	-1	-1	-1	0
4024	4178	4026	0	-1	-1	-1	0
3989	4108	4131	6	-1	-1	-1	0
3983	4122	4124	0	-1	-1	-1	0
4179	4025	4027	0	-1	-1	-1	0
4031	4177	4023	0	-1	-1	-1	0
4024	4030	4178	0	-1	-1	-1	0
4123	3984	4126	0	-1	-1	-1	0
4175	4037	4022	0	-1	-1	-1	0
4026	4181	4027	0	-1	-1	-1	0
4180	4029	4025	0	-1	-1	-1	0
4126	3984	4125	0	-1	-1	-1	0
4031	4028	4177	0	-1	-1	-1	0
4076	4073	4089	0	-1	-1	-1	0
4127	4125	3985	0	-1	-1	-1	0
4029	4183	4028	0	-1	-1	-1	0
4128	3987	4129	7	-1	-1	-1	0
3988	4130	4129	7	-1	-1	-1	0
4132	4130	3990	7	-1	-1	-1	0
4186	4033	4034	0	-1	-1	-1	0
3990	4131	4132	7	-1	-1	-1	0
4033	4186	4036	0	-1	-1	-1	0
4034	4037	4187	0	-1	-1	-1	0
3992	4134	4133	0	-1	-1	-1	0
4189	4035	4036	0	-1	-1	-1	0
4134	3992	4135	0	-1	-1	-1	0
4135	3994	4136	2	-1	-1	-1	0
4137	4136	3995	2	-1	-1	-1	0
4193	4038	4039	9	-1	-1	-1	0
4137	3995	4138	2	-1	-1	-1	0
4138	3996	4139	2	-1	-1	-1	0
4140	4139	3997	2	-1	-1	-1	0
4196	4040	4041	0	-1	-1	-1	0
4040	4197	4042	0	-1	-1	-1	0
3998	4142	4140	1	-1	-1	-1	0
4142	3998	4141	1	-1	-1	-1	0
3999	4143	4141	1	-1	-1	-1	0
4195	4039	4050	9	-1	-1	-1	0
4043	4042	4200	0	-1	-1	-1	0
4143	4000	4144	1	-1	-1	-1	0
4043	4201	4046	9	-1	-1	-1	0
4046	4202	4044	9	-1	-1	-1	0
4045	4044	4203	9	-1	-1	-1	0
4002	4147	4144	1	-1	-1	-1	0
4002	4145	4146	1	-1	-1	-1	0
4049	4195	4050	9	-1	-1	-1	0
4002	4146	4147	1	-1	-1	-1	0
4145	4004	4150	2	-1	-1	-1	0
4204	4051	4045	9	-1	-1	-1	0
4148	4003	4149	2	-1	-1	-1	0
4047	4048	4206	1	-1	-1	-1	0
4150	4004	4148	2	-1	-1	-1	0
4047	4207	4049	1	-1	-1	-1	0
4048	4052	4208	1	-1	-1	-1	0
4041	4068	4199	0	-1	-1	-1	0
4005	4151	4152	2	-1	-1	-1	0
4006	4153	4151	8	-1	-1	-1	0
4149	4008	4155	2	-1	-1	-1	0
4051	4210	4053	9	-1	-1	-1	0
4007	4154	4153	8	-1	-1	-1	0
4155	4008	4152	2	-1	-1	-1	0
4052	4053	4211	1	-1	-1	-1	0
4156	4154	4010	8	-1	-1	-1	0
4055	4054	4213	6	-1	-1	-1	0
4156	4009	4157	8	-1	-1	-1	0
4172	4020	4133	0	-1	-1	-1	0
4157	4012	4159	8	-1	-1	-1	0
4059	4055	4214	6	-1	-1	-1	0
4057	4056	4215	5	-1	-1	-1	0
4159	4012	4158	8	-1	-1	-1	0
4013	4160	4158	8	-1	-1	-1	0
4060	4215	4056	5	-1	-1	-1	0
4054	4064	4213	6	-1	-1	-1	0
4216	4058	4057	5	-1	-1	-1	0
4059	4218	4060	6	-1	-1	-1	0
4161	4163	4014	9	-1	-1	-1	0
4160	4015	4164	9	-1	-1	-1	0
4014	4163	4162	9	-1	-1	-1	0
4165	4015	4162	9	-1	-1	-1	0
4220	4062	4061	6	-1	-1	-1	0
4161	4016	4167	9	-1	-1	-1	0
4015	4166	4164	9	-1	-1	-1	0
4221	4063	4062	6	-1	-1	-1	0
4065	4220	4061	6	-1	-1	-1	0
4015	4165	4166	9	-1	-1	-1	0
4063	4222	4064	6	-1	-1	-1	0
4035	4188	4127	0	-1	-1	-1	0
4066	4224	4065	7	-1	-1	-1	0
4019	4168	4169	0	-1	-1	-1	0
4067	4225	4066	7	0	-1	-1	0
4020	4171	4170	0	-1	-1	-1	0
4173	4168	4021	0	-1	-1	-1	0
4171	4020	4172	0	-1	-1	-1	0
4068	4070	4227	0	-1	-1	-1	0
4174	4021	4170	0	-1	-1	-1	0
4071	4069	4228	0	-1	-1	-1	0
4173	4021	4174	0	-1	-1	-1	0
4227	4070	4072	0	-1	-1	-1	0
4072	4071	4229	0	-1	-1	-1	0
4176	4175	4023	0	-1	-1	-1	0
4217	4100	4058	5	-1	-1	-1	0
4177	4176	4023	0	-1	-1	-1	0
4069	4081	4228	0	-1	-1	-1	0
4233	4074	4075	0	-1	-1	-1	0
4030	4169	4185	0	-1	-1	-1	0
4179	4180	4025	0	-1	-1	-1	0
4077	4233	4075	0	-1	-1	-1	0
4178	4181	4026	0	-1	-1	-1	0
4233	4079	4074	0	-1	-1	-1	0
4077	4076	4234	0	-1	-1	-1	0
4182	4179	4027	0	-1	-1	-1	0
4183	4177	4028	0	-1	-1	-1	0
4182	4027	4181	0	-1	-1	-1	0
4083	4228	4081	0	-1	-1	-1	0
4029	4180	4184	0	-1	-1	-1	0
4178	4030	4185	0	-1	-1	-1	0
4236	4080	4078	0	-1	-1	-1	0
4079	4237	4078	0	-1	-1	-1	0
4029	4184	4183	0	-1	-1	-1	0
4076	4089	4234	0	-1	-1	-1	0
4167	4038	4194	9	-1	-1	-1	0
4080	4239	4082	0	-1	-1	-1	0
4037	4175	4192	0	-1	-1	-1	0
4082	4239	4085	0	-1	-1	-1	0
4186	4034	4187	0	-1	-1	-1	0
4240	4083	4086	0	-1	-1	-1	0
4084	4085	4242	0	-1	-1	-1	0
4084	4241	4086	0	-1	-1	-1	0
4188	4035	4189	0	-1	-1	-1	0
4191	4036	4186	0	-1	-1	-1	0
4036	4190	4189	0	-1	-1	-1	0
4037	4192	4187	0	-1	-1	-1	0
4191	4190	4036	0	-1	-1	-1	0
4087	4245	4088	0	-1	-1	-1	0
4089	4088	4248	0	-1	-1	-1	0
4193	4194	4038	9	-1	-1	-1	0
4093	4246	4087	0	-1	-1	-1	0
4195	4193	4039	9	-1	-1	-1	0
4090	4091	4251	0	-1	-1	-1	0
4250	4092	4090	0	-1	-1	-1	0
4196	4197	4040	0	-1	-1	-1	0
4196	4041	4198	0	-1	-1	-1	0
4094	4252	4091	0	-1	-1	-1	0
4198	4041	4199	0	-1	-1	-1	0
4197	4200	4042	0	-1	-1	-1	0
4254	4093	4092	0	-1	-1	-1	0
4043	4200	4201	0	-1	-1	-1	0
4094	4095	4256	0	-1	-1	-1	0
4096	4257	4095	0	-1	-1	-1	0
4201	4202	4046	9	-1	-1	-1	0
4044	4202	4203	9	-1	-1	-1	0
4096	4097	4258	0	-1	-1	-1	0
4195	4049	4209	1	-1	-1	-1	0
4098	4258	4097	0	-1	-1	-1	0
4045	4203	4205	9	-1	-1	-1	0
4204	4045	4205	9	-1	-1	-1	0
4098	4099	4260	5	-1	-1	-1	0
4260	4099	4100	5	-1	-1	-1	0
4047	4206	4207	1	-1	-1	-1	0
4206	4048	4208	1	-1	-1	-1	0
4204	4210	4051	9	-1	-1	-1	0
4049	4207	4209	1	-1	-1	-1	0
4263	4104	4103	7	0	-1	-1	0
4052	4211	4208	1	-1	-1	-1	0
4105	4263	4103	7	-1	-1	-1	0
4264	4105	4106	7	-1	-1	-1	0
4053	4210	4212	1	-1	-1	-1	0
4211	4053	4212	1	-1	-1	-1	0
4160	4159	4158	8	-1	-1	-1	0
4213	4214	4055	6	-1	-1	-1	0
4110	4107	4266	6	-1	-1	-1	0
4267	4108	4109	6	-1	-1	-1	0
4110	4268	4109	6	-1	-1	-1	0
4215	4216	4057	5	-1	-1	-1	0
4107	4116	4266	6	-1	-1	-1	0
4216	4217	4058	5	-1	-1	-1	0
4059	4214	4218	6	-1	-1	-1	0
4199	4068	4226	0	-1	-1	-1	0
4219	4215	4060	6	-1	-1	-1	0
4111	4270	4113	0	-1	-1	-1	0
4271	4112	4113	0	-1	-1	-1	0
4112	4271	4114	0	-1	-1	-1	0
4218	4219	4060	6	-1	-1	-1	0
4128	4265	4106	7	-1	-1	-1	0
4223	4213	4064	6	-1	-1	-1	0
4114	4274	4115	5	-1	-1	-1	0
4221	4062	4220	6	-1	-1	-1	0
4111	4124	4270	0	-1	-1	-1	0
4221	4222	4063	6	-1	-1	-1	0
4131	4108	4267	6	-1	-1	-1	0
4117	4275	4116	6	-1	-1	-1	0
4222	4223	4064	6	-1	-1	-1	0
4065	4224	4220	7	-1	-1	-1	0
4121	4115	4274	5	-1	-1	-1	0
4276	4117	4118	6	-1	-1	-1	0
4225	4224	4066	7	-1	-1	-1	0
4120	4277	4118	6	-1	-1	-1	0
4120	4119	4278	5	-1	-1	-1	0
4278	4119	4121	5	-1	-1	-1	0
4068	4227	4226	0	-1	-1	-1	0
4123	4281	4122	0	-1	-1	-1	0
4122	4282	4124	0	-1	-1	-1	0
4071	4228	4230	0	-1	-1	-1	0
4229	4071	4230	0	-1	-1	-1	0
4072	4232	4227	0	-1	-1	-1	0
4229	4231	4072	0	-1	-1	-1	0
4123	4126	4284	0	-1	-1	-1	0
4232	4072	4231	0	-1	-1	-1	0
4126	4125	4287	0	-1	-1	-1	0
4287	4125	4127	0	-1	-1	-1	0
4077	4235	4233	0	-1	-1	-1	0
4234	4235	4077	0	-1	-1	-1	0
4128	4129	4290	7	-1	-1	-1	0
4129	4130	4291	7	-1	-1	-1	0
4233	4238	4079	0	-1	-1	-1	0
4237	4236	4078	0	-1	-1	-1	0
4228	4083	4240	0	-1	-1	-1	0
4079	4238	4237	0	-1	-1	-1	0
4292	4130	4132	7	-1	-1	-1	0
4239	4080	4236	0	-1	-1	-1	0
4293	4132	4131	7	-1	-1	-1	0
4133	4134	4296	0	-1	-1	-1	0
4134	4135	4297	0	-1	-1	-1	0
4242	4241	4084	0	-1	-1	-1	0
4243	4085	4239	0	-1	-1	-1	0
4240	4086	4241	0	-1	-1	-1	0
4135	4136	4297	2	-1	-1	-1	0
4244	4242	4085	0	-1	-1	-1	0
4248	4234	4089	0	-1	-1	-1	0
4298	4136	4137	2	-1	-1	-1	0
4085	4243	4244	0	-1	-1	-1	0
4137	4138	4300	2	-1	-1	-1	0
4139	4301	4138	2	-1	-1	-1	0
4246	4245	4087	0	-1	-1	-1	0
4217	4262	4100	5	-1	-1	-1	0
4303	4139	4140	2	-1	-1	-1	0
4088	4245	4249	0	-1	-1	-1	0
4088	4247	4248	0	-1	-1	-1	0
4088	4249	4247	0	-1	-1	-1	0
4140	4142	4304	1	-1	-1	-1	0
4305	4142	4141	1	-1	-1	-1	0
4143	4305	4141	1	-1	-1	-1	0
4251	4250	4090	0	-1	-1	-1	0
4252	4251	4091	0	-1	-1	-1	0
4255	4246	4093	0	-1	-1	-1	0
4092	4250	4253	0	-1	-1	-1	0
4144	4308	4143	1	-1	-1	-1	0
4253	4254	4092	0	-1	-1	-1	0
4144	4147	4309	1	-1	-1	-1	0
4172	4133	4295	0	-1	-1	-1	0
4145	4310	4146	1	-1	-1	-1	0
4287	4127	4188	0	-1	-1	-1	0
4255	4093	4254	0	-1	-1	-1	0
4252	4094	4256	0	-1	-1	-1	0
4146	4311	4147	1	-1	-1	-1	0
4150	4310	4145	1	-1	-1	-1	0
4256	4095	4257	0	-1	-1	-1	0
4148	4149	4312	2	-1	-1	-1	0
4148	4312	4150	2	-1	-1	-1	0
4096	4259	4257	0	-1	-1	-1	0
4258	4259	4096	0	-1	-1	-1	0
4098	4261	4258	5	-1	-1	-1	0
4155	4314	4149	2	-1	-1	-1	0
4316	4152	4151	2	-1	-1	-1	0
4098	4260	4261	5	-1	-1	-1	0
4151	4153	4317	8	-1	-1	-1	0
4262	4260	4100	5	-1	-1	-1	0
4153	4154	4317	8	-1	-1	-1	0
4318	4155	4152	2	-1	-1	-1	0
4154	4156	4320	8	-1	-1	-1	0
4263	4105	4264	7	-1	-1	0	0
4265	4264	4106	7	0	-1	-1	0
4156	4157	4323	8	-1	-1	-1	0
4159	4326	4157	8	-1	-1	-1	0
4268	4267	4109	6	-1	-1	-1	0
4110	4266	4269	6	-1	-1	-1	0
4269	4268	4110	6	-1	-1	-1	0
4160	4329	4159	8	-1	-1	-1	0
4329	4160	4164	9	-1	-1	-1	0
4163	4161	4330	9	-1	-1	-1	0
4272	4113	4270	0	-1	-1	-1	0
4113	4272	4271	0	-1	-1	-1	0
4116	4275	4266	6	-1	-1	-1	0
4331	4162	4163	9	-1	-1	-1	0
4114	4271	4273	5	-1	-1	-1	0
4167	4330	4161	9	-1	-1	-1	0
4162	4332	4165	9	-1	-1	-1	0
4329	4164	4166	9	-1	-1	-1	0
4274	4114	4273	5	-1	-1	-1	0
4165	4335	4166	9	-1	-1	-1	0
4117	4276	4275	6	-1	-1	-1	0
4276	4118	4277	6	-1	-1	-1	0
4121	4274	4280	5	-1	-1	-1	0
4120	4279	4277	6	-1	-1	-1	0
4340	4169	4168	0	-1	-1	-1	0
4278	4279	4120	6	-1	-1	-1	0
4280	4278	4121	5	-1	-1	-1	0
4270	4124	4286	0	-1	-1	-1	0
4173	4339	4168	0	-1	-1	-1	0
4170	4171	4341	0	-1	-1	-1	0
4290	4265	4128	7	0	-1	-1	0
4172	4342	4171	0	-1	-1	-1	0
4174	4170	4341	0	-1	-1	-1	0
4281	4283	4122	0	-1	-1	-1	0
4283	4282	4122	0	-1	-1	-1	0
4123	4285	4281	0	-1	-1	-1	0
4267	4293	4131	7	-1	-1	-1	0
4123	4284	4285	0	-1	-1	-1	0
4124	4282	4286	0	-1	-1	-1	0
4346	4173	4174	0	-1	-1	-1	0
4185	4169	4340	0	-1	-1	-1	0
4337	4167	4194	9	-1	-1	-1	0
4228	4240	4230	0	-1	-1	-1	0
4126	4289	4284	0	-1	-1	-1	0
4175	4176	4348	0	-1	-1	-1	0
4288	4126	4287	0	-1	-1	-1	0
4349	4176	4177	0	-1	-1	-1	0
4126	4288	4289	0	-1	-1	-1	0
4350	4181	4178	0	-1	-1	-1	0
4177	4183	4349	0	-1	-1	-1	0
4129	4291	4290	7	-1	0	-1	0
4179	4352	4180	0	-1	-1	-1	0
4182	4352	4179	0	-1	-1	-1	0
4292	4291	4130	7	0	-1	-1	0
4351	4178	4185	0	-1	-1	-1	0
4348	4192	4175	0	-1	-1	-1	0
4182	4181	4355	0	-1	-1	-1	0
4180	4354	4184	0	-1	-1	-1	0
4294	4292	4132	7	0	-1	-1	0
4293	4294	4132	7	-1	-1	-1	0
4296	4295	4133	0	-1	-1	-1	0
4184	4357	4183	0	-1	-1	-1	0
4297	4296	4134	0	-1	-1	-1	0
4298	4297	4136	2	-1	-1	-1	0
4358	4186	4187	0	-1	-1	-1	0
4137	4299	4298	2	-1	-1	-1	0
4358	4191	4186	0	-1	-1	-1	0
4359	4188	4189	0	-1	-1	-1	0
4299	4137	4300	2	-1	-1	-1	0
4192	4358	4187	0	-1	-1	-1	0
4138	4302	4300	2	-1	-1	-1	0
4190	4361	4189	0	-1	-1	-1	0
4301	4302	4138	2	-1	-1	-1	0
4301	4139	4303	2	-1	-1	-1	0
4190	4191	4363	0	-1	-1	-1	0
4304	4303	4140	1	-1	-1	-1	0
4304	4142	4306	1	-1	-1	-1	0
4305	4306	4142	1	-1	-1	-1	0
4194	4193	4366	1	-1	-1	-1	0
4195	4366	4193	1	-1	-1	-1	0
4307	4305	4143	1	-1	-1	-1	0
4143	4308	4307	1	-1	-1	-1	0
4197	4196	4368	0	-1	-1	-1	0
4144	4309	4308	1	-1	-1	-1	0
4196	4198	4368	0	-1	-1	-1	0
4197	4369	4200	0	-1	-1	-1	0
4147	4311	4309	1	-1	-1	-1	0
4311	4146	4310	1	-1	-1	-1	0
4199	4371	4198	0	-1	-1	-1	0
4209	4366	4195	1	-1	-1	-1	0
4369	4201	4200	0	-1	-1	-1	0
4149	4313	4312	2	-1	-1	-1	0
4150	4315	4310	1	-1	-1	-1	0
4149	4314	4313	2	-1	-1	-1	0
4374	4202	4201	9	-1	-1	-1	0
4315	4150	4312	1	-1	-1	-1	0
4202	4375	4203	9	-1	-1	-1	0
4317	4316	4151	8	-1	-1	-1	0
4203	4376	4205	9	-1	-1	-1	0
4205	4377	4204	9	-1	-1	-1	0
4316	4318	4152	2	-1	-1	-1	0
4319	4317	4154	8	-1	-1	-1	0
4321	4314	4155	2	-1	-1	-1	0
4210	4204	4377	9	-1	-1	-1	0
4380	4207	4206	1	-1	-1	-1	0
4154	4320	4319	8	-1	-1	-1	0
4208	4380	4206	1	-1	-1	-1	0
4318	4322	4155	2	-1	-1	-1	0
4381	4209	4207	1	-1	-1	-1	0
4199	4226	4373	0	-1	-1	-1	0
4322	4321	4155	2	-1	-1	-1	0
4324	4320	4156	8	-1	-1	-1	0
4208	4211	4382	1	-1	-1	-1	0
4323	4324	4156	8	-1	-1	-1	0
4325	4323	4157	8	-1	-1	-1	0
4384	4212	4210	1	-1	-1	-1	0
4211	4212	4385	1	-1	-1	-1	0
4157	4327	4325	8	-1	-1	-1	0
4327	4157	4326	8	-1	-1	-1	0
4344	4172	4295	0	-1	-1	-1	0
4326	4159	4328	8	-1	-1	-1	0
4213	4387	4214	6	-1	-1	-1	0
4159	4329	4328	8	-1	-1	-1	0
4215	4389	4216	6	-1	-1	-1	0
4388	4218	4214	6	-1	-1	-1	0
4223	4387	4213	6	-1	-1	-1	0
4215	4219	4389	6	-1	-1	-1	0
4216	4390	4217	6	-1	-1	-1	0
4331	4332	4162	9	-1	-1	-1	0
4334	4163	4330	9	-1	-1	-1	0
4333	4331	4163	9	-1	-1	-1	0
4270	4286	4272	0	-1	-1	-1	0
4219	4218	4392	6	-1	-1	-1	0
4333	4163	4334	9	-1	-1	-1	0
4329	4166	4336	9	-1	-1	-1	0
4335	4165	4332	9	-1	-1	-1	0
4337	4330	4167	9	-1	-1	-1	0
4221	4220	4394	7	-1	-1	-1	0
4188	4360	4287	0	-1	-1	-1	0
4335	4336	4166	9	-1	-1	-1	0
4394	4220	4224	7	-1	-1	-1	0
4221	4395	4222	7	-1	-1	-1	0
4223	4222	4396	7	-1	-1	-1	0
4338	4168	4339	0	-1	-1	-1	0
4168	4338	4340	0	-1	-1	-1	0
4225	4398	4224	7	0	-1	-1	0
4226	4227	4399	0	-1	-1	-1	0
4341	4171	4343	0	-1	-1	-1	0
4171	4342	4343	0	-1	-1	-1	0
4339	4173	4345	0	-1	-1	-1	0
4342	4172	4344	0	-1	-1	-1	0
4400	4227	4232	0	-1	-1	-1	0
4402	4229	4230	0	-1	-1	-1	0
4401	4231	4229	0	-1	-1	-1	0
4341	4347	4174	0	-1	-1	-1	0
4346	4345	4173	0	-1	-1	-1	0
4232	4231	4404	0	-1	-1	-1	0
4347	4346	4174	0	-1	-1	-1	0
4391	4262	4217	6	-1	-1	-1	0
4240	4403	4230	0	-1	-1	-1	0
4348	4176	4349	0	-1	-1	-1	0
4351	4185	4340	0	-1	-1	-1	0
4233	4235	4408	0	-1	-1	-1	0
4407	4238	4233	0	-1	-1	-1	0
4351	4350	4178	0	-1	-1	-1	0
4235	4234	4410	0	-1	-1	-1	0
4240	4241	4403	0	-1	-1	-1	0
4237	4412	4236	0	-1	-1	-1	0
4180	4352	4353	0	-1	-1	-1	0
4236	4411	4239	0	-1	-1	-1	0
4181	4350	4355	0	-1	-1	-1	0
4180	4353	4354	0	-1	-1	-1	0
4237	4238	4413	0	-1	-1	-1	0
4357	4349	4183	0	-1	-1	-1	0
4352	4182	4356	0	-1	-1	-1	0
4234	4248	4409	0	-1	-1	-1	0
4355	4356	4182	0	-1	-1	-1	0
4411	4243	4239	0	-1	-1	-1	0
4354	4357	4184	0	-1	-1	-1	0
4242	4415	4241	0	-1	-1	-1	0
4194	4367	4337	1	-1	-1	-1	0
4416	4242	4244	0	-1	-1	-1	0
4417	4244	4243	0	-1	-1	-1	0
4348	4365	4192	0	-1	-1	-1	0
4188	4359	4360	0	-1	-1	-1	0
4189	4361	4359	0	-1	-1	-1	0
4246	4419	4245	0	-1	-1	-1	0
4358	4364	4191	0	-1	-1	-1	0
4190	4362	4361	0	-1	-1	-1	0
4419	4249	4245	0	-1	-1	-1	0
4358	4192	4365	0	-1	-1	-1	0
4190	4363	4362	0	-1	-1	-1	0
4247	4422	4248	0	-1	-1	-1	0
4363	4191	4364	0	-1	-1	-1	0
4423	4247	4249	0	-1	-1	-1	0
4255	4421	4246	0	-1	-1	-1	0
4194	4366	4367	1	-1	-1	-1	0
4427	4250	4251	0	-1	-1	-1	0
4426	4253	4250	0	-1	-1	-1	0
4252	4428	4251	0	-1	-1	-1	0
4287	4360	4288	0	-1	-1	-1	0
4370	4197	4368	0	-1	-1	-1	0
4370	4369	4197	0	-1	-1	-1	0
4429	4252	4256	0	-1	-1	-1	0
4372	4368	4198	0	-1	-1	-1	0
4253	4432	4254	0	-1	-1	-1	0
4198	4371	4372	0	-1	-1	-1	0
4433	4255	4254	0	-1	-1	-1	0
4371	4199	4373	0	-1	-1	-1	0
4369	4374	4201	0	-1	-1	-1	0
4257	4434	4256	0	-1	-1	-1	0
4374	4375	4202	9	-1	-1	-1	0
4435	4257	4259	0	-1	-1	-1	0
4258	4436	4259	5	-1	-1	-1	0
4203	4375	4376	9	-1	-1	-1	0
4258	4261	4436	5	-1	-1	-1	0
4209	4383	4366	1	-1	-1	-1	0
4378	4205	4376	9	-1	-1	-1	0
4261	4260	4438	5	-1	-1	-1	0
4262	4438	4260	5	-1	-1	-1	0
4205	4379	4377	9	-1	-1	-1	0
4205	4378	4379	9	-1	-1	-1	0
4380	4381	4207	1	-1	-1	-1	0
4380	4208	4382	1	-1	-1	-1	0
4377	4384	4210	1	-1	-1	-1	0
4383	4209	4381	1	-1	-1	-1	0
4441	4269	4266	6	-1	-1	-1	0
4267	4268	4442	7	-1	-1	-1	0
4382	4211	4385	1	-1	-1	-1	0
4443	4268	4269	7	-1	-1	-1	0
4441	4266	4275	6	-1	-1	-1	0
4212	4384	4386	1	-1	-1	-1	0
4385	4212	4386	1	-1	-1	-1	0
4272	4445	4271	5	-1	-1	-1	0
4387	4388	4214	6	-1	-1	-1	0
4445	4273	4271	5	-1	-1	-1	0
4274	4273	4447	5	-1	-1	-1	0
4216	4389	4390	6	-1	-1	-1	0
4373	4226	4399	0	-1	-1	-1	0
4217	4390	4391	6	-1	-1	-1	0
4388	4392	4218	6	-1	-1	-1	0
4449	4275	4276	6	-1	-1	-1	0
4393	4389	4219	6	-1	-1	-1	0
4447	4280	4274	5	-1	-1	-1	0
4267	4442	4293	7	-1	-1	-1	0
4450	4276	4277	6	-1	-1	-1	0
4446	4272	4286	5	-1	-1	-1	0
4393	4219	4392	6	-1	-1	-1	0
4387	4223	4397	7	-1	-1	-1	0
4451	4277	4279	6	-1	-1	-1	0
4278	4452	4279	6	-1	-1	-1	0
4221	4394	4395	7	-1	-1	-1	0
4280	4452	4278	6	-1	-1	-1	0
4396	4222	4395	7	-1	-1	-1	0
4396	4397	4223	7	-1	-1	-1	0
4394	4224	4398	7	-1	-1	-1	0
4281	4455	4283	0	-1	-1	-1	0
4283	4456	4282	5	-1	-1	-1	0
4455	4281	4285	0	-1	-1	-1	0
4282	4457	4286	5	-1	-1	-1	0
4399	4227	4400	0	-1	-1	-1	0
4284	4459	4285	0	-1	-1	-1	0
4402	4401	4229	0	-1	-1	-1	0
4284	4289	4459	0	-1	-1	-1	0
4402	4230	4403	0	-1	-1	-1	0
4231	4401	4404	0	-1	-1	-1	0
4405	4400	4232	0	-1	-1	-1	0
4288	4461	4289	0	-1	-1	-1	0
4404	4406	4232	0	-1	-1	-1	0
4406	4405	4232	0	-1	-1	-1	0
4233	4408	4407	0	-1	-1	-1	0
4465	4294	4293	7	0	-1	-1	0
4410	4408	4235	0	-1	-1	-1	0
4410	4234	4409	0	-1	-1	-1	0
4466	4295	4296	0	-1	-1	-1	0
4413	4238	4407	0	-1	-1	-1	0
4241	4415	4403	0	-1	-1	-1	0
4411	4236	4412	0	-1	-1	-1	0
4468	4296	4297	0	-1	-1	-1	0
4237	4414	4412	0	-1	-1	-1	0
4468	4297	4298	2	-1	-1	-1	0
4414	4237	4413	0	-1	-1	-1	0
4298	4299	4468	2	-1	-1	-1	0
4299	4300	4469	2	-1	-1	-1	0
4243	4411	4417	0	-1	-1	-1	0
4300	4302	4471	2	-1	-1	-1	0
4416	4415	4242	0	-1	-1	-1	0
4472	4302	4301	2	-1	-1	-1	0
4301	4303	4472	2	-1	-1	-1	0
4244	4418	4416	0	-1	-1	-1	0
4422	4409	4248	0	-1	-1	-1	0
4417	4418	4244	0	-1	-1	-1	0
4304	4475	4303	1	-1	-1	-1	0
4246	4420	4419	0	-1	-1	-1	0
4304	4306	4475	1	-1	-1	-1	0
4246	4421	4420	0	-1	-1	-1	0
4305	4477	4306	1	-1	-1	-1	0
4307	4476	4305	1	-1	-1	-1	0
4249	4419	4424	0	-1	-1	-1	0
4422	4247	4423	0	-1	-1	-1	0
4440	4262	4391	6	-1	-1	-1	0
4308	4480	4307	1	-1	-1	-1	0
4425	4423	4249	0	-1	-1	-1	0
4249	4424	4425	0	-1	-1	-1	0
4308	4309	4481	1	-1	-1	-1	0
4427	4426	4250	0	-1	-1	-1	0
4309	4311	4483	1	-1	-1	-1	0
4310	4484	4311	1	-1	-1	-1	0
4344	4295	4467	0	-1	-1	-1	0
4251	4428	4427	0	-1	-1	-1	0
4484	4310	4315	1	-1	-1	-1	0
4433	4421	4255	0	-1	-1	-1	0
4312	4313	4485	1	-1	-1	-1	0
4360	4462	4288	0	-1	-1	-1	0
4252	4431	4428	0	-1	-1	-1	0
4430	4252	4429	0	-1	-1	-1	0
4426	4432	4253	0	-1	-1	-1	0
4485	4315	4312	1	-1	-1	-1	0
4369	4370	4374	0	-1	-1	-1	0
4252	4430	4431	0	-1	-1	-1	0
4314	4486	4313	2	-1	-1	-1	0
4433	4254	4432	0	-1	-1	-1	0
4256	4434	4429	0	-1	-1	-1	0
4488	4314	4321	2	-1	-1	-1	0
4316	4317	4491	8	-1	-1	-1	0
4318	4316	4490	2	-1	-1	-1	0
4434	4257	4435	0	-1	-1	-1	0
4491	4317	4319	8	-1	-1	-1	0
4435	4259	4437	5	-1	-1	-1	0
4493	4319	4320	8	-1	-1	-1	0
4322	4318	4492	2	-1	-1	-1	0
4437	4259	4436	5	-1	-1	-1	0
4436	4261	4439	5	-1	-1	-1	0
4321	4322	4495	2	-1	-1	-1	0
4438	4439	4261	5	-1	-1	-1	0
4494	4320	4324	8	-1	-1	-1	0
4262	4440	4438	6	-1	-1	-1	0
4496	4324	4323	8	-1	-1	-1	0
4323	4325	4496	8	-1	-1	-1	0
4325	4327	4499	1	-1	-1	-1	0
4500	4327	4326	8	-1	-1	-1	0
4268	4443	4442	7	-1	-1	-1	0
4269	4441	4444	7	-1	-1	-1	0
4501	4326	4328	8	-1	-1	-1	0
4443	4269	4444	7	-1	-1	-1	0
4504	4328	4329	8	-1	-1	-1	0
4272	4446	4445	5	-1	-1	-1	0
4449	4441	4275	6	-1	-1	-1	0
4448	4273	4445	5	-1	-1	-1	0
4273	4448	4447	5	-1	-1	-1	0
4336	4504	4329	9	-1	-1	-1	0
4506	4334	4330	9	-1	-1	-1	0
4332	4331	4507	9	-1	-1	-1	0
4507	4331	4333	9	-1	-1	-1	0
4337	4506	4330	9	-1	-1	-1	0
4332	4508	4335	9	-1	-1	-1	0
4449	4276	4450	6	-1	-1	-1	0
4333	4334	4509	9	-1	-1	-1	0
4451	4450	4277	6	-1	-1	-1	0
4280	4447	4454	6	-1	-1	-1	0
4335	4511	4336	9	-1	-1	-1	0
4279	4453	4451	6	-1	-1	-1	0
4453	4279	4452	6	-1	-1	-1	0
4452	4280	4454	6	-1	-1	-1	0
4286	4457	4446	5	-1	-1	-1	0
4514	4338	4339	0	-1	-1	-1	0
4515	4340	4338	0	-1	-1	-1	0
4457	4282	4456	5	-1	-1	-1	0
4283	4455	4458	5	-1	-1	-1	0
4458	4456	4283	5	-1	-1	-1	0
4293	4442	4465	7	-1	-1	-1	0
4339	4345	4516	0	-1	-1	-1	0
4285	4460	4455	0	-1	-1	-1	0
4343	4518	4341	0	-1	-1	-1	0
4460	4285	4459	0	-1	-1	-1	0
4519	4343	4342	0	-1	-1	-1	0
4347	4341	4517	0	-1	-1	-1	0
4342	4344	4519	0	-1	-1	-1	0
4351	4340	4515	0	-1	-1	-1	0
4459	4289	4463	0	-1	-1	-1	0
4462	4461	4288	0	-1	-1	-1	0
4464	4289	4461	0	-1	-1	-1	0
4346	4522	4345	0	-1	-1	-1	0
4464	4463	4289	0	-1	-1	-1	0
4337	4367	4513	1	-1	-1	-1	0
4347	4524	4346	0	-1	-1	-1	0
4349	4526	4348	0	-1	-1	-1	0
4295	4466	4467	0	-1	-1	-1	0
4350	4351	4528	0	-1	-1	-1	0
4466	4296	4468	0	-1	-1	-1	0
4349	4357	4527	0	-1	-1	-1	0
4350	4528	4355	0	-1	-1	-1	0
4530	4353	4352	0	-1	-1	-1	0
4299	4470	4468	2	-1	-1	-1	0
4352	4356	4530	0	-1	-1	-1	0
4470	4299	4469	2	-1	-1	-1	0
4526	4365	4348	0	-1	-1	-1	0
4532	4354	4353	0	-1	-1	-1	0
4533	4357	4354	0	-1	-1	-1	0
4300	4471	4469	2	-1	-1	-1	0
4473	4471	4302	2	-1	-1	-1	0
4356	4355	4535	0	-1	-1	-1	0
4474	4302	4472	2	-1	-1	-1	0
4302	4474	4473	2	-1	-1	-1	0
4475	4472	4303	1	-1	-1	-1	0
4538	4360	4359	0	-1	-1	-1	0
4539	4359	4361	0	-1	-1	-1	0
4364	4358	4537	0	-1	-1	-1	0
4478	4305	4476	1	-1	-1	-1	0
4475	4306	4479	1	-1	-1	-1	0
4477	4305	4478	1	-1	-1	-1	0
4537	4358	4365	0	-1	-1	-1	0
4480	4476	4307	1	-1	-1	-1	0
4479	4306	4477	1	-1	-1	-1	0
4362	4541	4361	0	-1	-1	-1	0
4544	4362	4363	0	-1	-1	-1	0
4482	4480	4308	1	-1	-1	-1	0
4481	4482	4308	1	-1	-1	-1	0
4363	4364	4545	0	-1	-1	-1	0
4483	4481	4309	1	-1	-1	-1	0
4484	4483	4311	1	-1	-1	-1	0
4366	4547	4367	1	-1	-1	-1	0
4487	4485	4313	1	-1	-1	-1	0
4486	4487	4313	1	-1	-1	-1	0
4550	4370	4368	0	-1	-1	-1	0
4486	4314	4488	2	-1	-1	-1	0
4489	4484	4315	1	-1	-1	-1	0
4485	4489	4315	1	-1	-1	-1	0
4549	4368	4372	0	-1	-1	-1	0
4374	4370	4551	0	-1	-1	-1	0
4553	4372	4371	0	-1	-1	-1	0
4366	4383	4547	1	-1	-1	-1	0
4490	4316	4491	8	-1	-1	-1	0
4373	4554	4371	0	-1	-1	-1	0
4374	4551	4375	9	-1	-1	-1	0
4492	4318	4490	2	-1	-1	-1	0
4319	4493	4491	8	-1	-1	-1	0
4488	4321	4495	2	-1	-1	-1	0
4493	4320	4494	8	-1	-1	-1	0
4322	4492	4495	2	-1	-1	-1	0
4559	4376	4375	9	-1	-1	-1	0
4376	4560	4378	9	-1	-1	-1	0
4494	4324	4497	8	-1	-1	-1	0
4497	4324	4496	8	-1	-1	-1	0
4379	4561	4377	1	-1	-1	-1	0
4325	4498	4496	1	-1	-1	-1	0
4378	4563	4379	9	-1	-1	-1	0
4325	4499	4498	1	-1	-1	-1	0
4377	4561	4384	1	-1	-1	-1	0
4326	4501	4500	8	-1	-1	-1	0
4499	4327	4502	1	-1	-1	-1	0
4380	4567	4381	1	-1	-1	-1	0
4566	4380	4382	1	-1	-1	-1	0
4500	4503	4327	1	-1	-1	-1	0
4399	4558	4373	0	-1	-1	-1	0
4502	4327	4503	1	-1	-1	-1	0
4344	4467	4521	0	-1	-1	-1	0
4381	4569	4383	1	-1	-1	-1	0
4505	4501	4328	8	-1	-1	-1	0
4328	4504	4505	8	-1	-1	-1	0
4382	4385	4571	1	-1	-1	-1	0
4385	4386	4571	1	-1	-1	-1	0
4384	4573	4386	1	-1	-1	-1	0
4333	4509	4507	9	-1	-1	-1	0
4507	4508	4332	9	-1	-1	-1	0
4510	4334	4506	9	-1	-1	-1	0
4387	4576	4388	7	-1	-1	-1	0
4512	4504	4336	9	-1	-1	-1	0
4510	4509	4334	9	-1	-1	-1	0
4508	4511	4335	9	-1	-1	-1	0
4513	4506	4337	1	-1	-1	-1	0
4389	4578	4390	6	-1	-1	-1	0
4577	4392	4388	7	-1	-1	-1	0
4511	4512	4336	9	-1	-1	-1	0
4391	4390	4579	6	-1	-1	-1	0
4387	4397	4576	7	-1	-1	-1	0
4393	4578	4389	6	-1	-1	-1	0
4360	4540	4462	0	-1	-1	-1	0
4392	4581	4393	7	-1	-1	-1	0
4338	4514	4515	0	-1	-1	-1	0
4514	4339	4516	0	-1	-1	-1	0
4583	4395	4394	7	-1	-1	-1	0
4584	4396	4395	7	-1	-1	-1	0
4583	4394	4398	7	-1	-1	0	0
4518	4517	4341	0	-1	-1	-1	0
4518	4343	4520	0	-1	-1	-1	0
4585	4397	4396	7	-1	-1	-1	0
4463	4460	4459	0	-1	-1	-1	0
4343	4519	4520	0	-1	-1	-1	0
4345	4523	4516	0	-1	-1	-1	0
4519	4344	4521	0	-1	-1	-1	0
4399	4400	4588	0	-1	-1	-1	0
4525	4347	4517	0	-1	-1	-1	0
4522	4523	4345	0	-1	-1	-1	0
4522	4346	4524	0	-1	-1	-1	0
4590	4401	4402	0	-1	-1	-1	0
4589	4404	4401	0	-1	-1	-1	0
4400	4405	4588	0	-1	-1	-1	0
4529	4351	4515	0	-1	-1	-1	0
4525	4524	4347	0	-1	-1	-1	0
4402	4403	4591	0	-1	-1	-1	0
4406	4404	4592	0	-1	-1	-1	0
4527	4526	4349	0	-1	-1	-1	0
4470	4467	4466	0	-1	-1	-1	0
4468	4470	4466	0	-1	-1	-1	0
4405	4406	4595	0	-1	-1	-1	0
4351	4529	4528	0	-1	-1	-1	0
4403	4415	4591	0	-1	-1	-1	0
4391	4580	4440	6	-1	-1	-1	0
4530	4531	4353	0	-1	-1	-1	0
4599	4407	4408	0	-1	-1	-1	0
4532	4353	4531	0	-1	-1	-1	0
4528	4534	4355	0	-1	-1	-1	0
4357	4533	4527	0	-1	-1	-1	0
4408	4410	4601	0	-1	-1	-1	0
4532	4533	4354	0	-1	-1	-1	0
4407	4600	4413	0	-1	-1	-1	0
4530	4356	4536	0	-1	-1	-1	0
4410	4409	4604	0	-1	-1	-1	0
4534	4535	4355	0	-1	-1	-1	0
4413	4600	4414	0	-1	-1	-1	0
4536	4356	4535	0	-1	-1	-1	0
4548	4513	4367	1	-1	-1	-1	0
4412	4605	4411	0	-1	-1	-1	0
4606	4412	4414	0	-1	-1	-1	0
4417	4411	4605	0	-1	-1	-1	0
4422	4603	4409	0	-1	-1	-1	0
4539	4538	4359	0	-1	-1	-1	0
4546	4365	4526	0	-1	-1	-1	0
4538	4540	4360	0	-1	-1	-1	0
4416	4610	4415	0	-1	-1	-1	0
4542	4539	4361	0	-1	-1	-1	0
4542	4361	4541	0	-1	-1	-1	0
4418	4611	4416	0	-1	-1	-1	0
4364	4537	4545	0	-1	-1	-1	0
4612	4418	4417	0	-1	-1	-1	0
4362	4543	4541	0	-1	-1	-1	0
4546	4537	4365	0	-1	-1	-1	0
4603	4422	4423	0	-1	-1	-1	0
4543	4362	4544	0	-1	-1	-1	0
4544	4363	4545	0	-1	-1	-1	0
4614	4419	4420	0	-1	-1	-1	0
4421	4615	4420	0	-1	-1	-1	0
4424	4419	4614	0	-1	-1	-1	0
4485	4487	4489	1	-1	-1	-1	0
4547	4548	4367	1	-1	-1	-1	0
4618	4423	4425	0	-1	-1	-1	0
4549	4550	4368	0	-1	-1	-1	0
4621	4425	4424	0	-1	-1	-1	0
4616	4421	4433	0	-1	-1	-1	0
4370	4550	4552	0	-1	-1	-1	0
4551	4370	4552	0	-1	-1	-1	0
4624	4426	4427	0	-1	-1	-1	0
4549	4372	4556	0	-1	-1	-1	0
4371	4554	4553	0	-1	-1	-1	0
4553	4555	4372	0	-1	-1	-1	0
4428	4626	4427	0	-1	-1	-1	0
4372	4555	4556	0	-1	-1	-1	0
4625	4432	4426	0	-1	-1	-1	0
4373	4557	4554	0	-1	-1	-1	0
4559	4375	4551	9	-1	-1	-1	0
4431	4626	4428	0	-1	-1	-1	0
4429	4628	4430	0	-1	-1	-1	0
4558	4557	4373	0	-1	-1	-1	0
4433	4432	4625	0	-1	-1	-1	0
4430	4630	4431	5	-1	-1	-1	0
4628	4429	4434	0	-1	-1	-1	0
4560	4376	4559	9	-1	-1	-1	0
4628	4434	4435	0	-1	-1	-1	0
4562	4378	4560	9	-1	-1	-1	0
4547	4383	4572	1	-1	-1	-1	0
4562	4563	4378	9	-1	-1	-1	0
4564	4561	4379	1	-1	-1	-1	0
4632	4435	4437	5	-1	-1	-1	0
4633	4437	4436	5	-1	-1	-1	0
4565	4379	4563	1	-1	-1	-1	0
4379	4565	4564	1	-1	-1	-1	0
4439	4633	4436	5	-1	-1	-1	0
4439	4438	4635	6	-1	-1	-1	0
4380	4566	4567	1	-1	-1	-1	0
4440	4635	4438	6	-1	-1	-1	0
4568	4381	4567	1	-1	-1	-1	0
4573	4384	4561	1	-1	-1	-1	0
4382	4570	4566	1	-1	-1	-1	0
4381	4568	4569	1	-1	-1	-1	0
4441	4638	4444	7	-1	-1	-1	0
4382	4571	4570	1	-1	-1	-1	0
4639	4442	4443	7	-1	-1	-1	0
4383	4569	4572	1	-1	-1	-1	0
4640	4443	4444	7	-1	-1	-1	0
4449	4638	4441	7	-1	-1	-1	0
4386	4575	4571	1	-1	-1	-1	0
4573	4574	4386	1	-1	-1	-1	0
4642	4445	4446	5	-1	-1	-1	0
4642	4448	4445	5	-1	-1	-1	0
4386	4574	4575	1	-1	-1	-1	0
4644	4447	4448	6	-1	-1	-1	0
4388	4576	4577	7	-1	-1	-1	0
4558	4399	4587	0	-1	-1	-1	0
4454	4447	4644	6	-1	-1	-1	0
4449	4450	4646	7	-1	-1	-1	0
4465	4442	4639	7	-1	-1	0	0
4457	4643	4446	5	-1	-1	-1	0
4390	4578	4579	6	-1	-1	-1	0
4450	4451	4647	7	-1	-1	-1	0
4392	4577	4581	7	-1	-1	-1	0
4579	4580	4391	6	-1	-1	-1	0
4451	4453	4648	7	-1	-1	-1	0
4393	4582	4578	7	-1	-1	-1	0
4453	4452	4649	6	-1	-1	-1	0
4649	4452	4454	6	-1	-1	-1	0
4393	4581	4582	7	-1	-1	-1	0
4586	4576	4397	7	-1	-1	-1	0
4583	4584	4395	7	0	-1	-1	0
4585	4396	4584	7	-1	-1	0	0
4455	4652	4458	5	-1	-1	-1	0
4457	4456	4653	5	-1	-1	-1	0
4460	4652	4455	5	-1	-1	-1	0
4585	4586	4397	7	0	-1	-1	0
4654	4456	4458	5	-1	-1	-1	0
4399	4588	4587	0	-1	-1	-1	0
4463	4656	4460	5	-1	-1	-1	0
4589	4401	4590	0	-1	-1	-1	0
4462	4657	4461	0	-1	-1	-1	0
4464	4461	4657	0	-1	-1	-1	0
4590	4402	4591	0	-1	-1	-1	0
4464	4660	4463	5	-1	-1	-1	0
4594	4404	4589	0	-1	-1	-1	0
4593	4592	4404	0	-1	-1	-1	0
4588	4405	4596	0	-1	-1	-1	0
4594	4593	4404	0	-1	-1	-1	0
4597	4406	4592	0	-1	-1	-1	0
4595	4596	4405	0	-1	-1	-1	0
4598	4595	4406	0	-1	-1	-1	0
4663	4467	4470	0	-1	-1	-1	0
4406	4597	4598	0	-1	-1	-1	0
4469	4663	4470	2	-1	-1	-1	0
4664	4469	4471	2	-1	-1	-1	0
4407	4599	4600	0	-1	-1	-1	0
4665	4471	4473	2	-1	-1	-1	0
4408	4602	4599	0	-1	-1	-1	0
4601	4602	4408	0	-1	-1	-1	0
4666	4474	4472	1	-1	-1	-1	0
4475	4666	4472	1	-1	-1	-1	0
4668	4473	4474	2	-1	-1	-1	0
4410	4604	4601	0	-1	-1	-1	0
4591	4415	4609	0	-1	-1	-1	0
4409	4603	4604	0	-1	-1	-1	0
4608	4414	4600	0	-1	-1	-1	0
4412	4607	4605	0	-1	-1	-1	0
4475	4479	4670	1	-1	-1	-1	0
4607	4412	4606	0	-1	-1	-1	0
4671	4476	4480	1	-1	-1	-1	0
4671	4478	4476	1	-1	-1	-1	0
4477	4478	4673	1	-1	-1	-1	0
4479	4477	4672	1	-1	-1	-1	0
4606	4414	4608	0	-1	-1	-1	0
4609	4415	4610	0	-1	-1	-1	0
4416	4611	4610	0	-1	-1	-1	0
4605	4613	4417	0	-1	-1	-1	0
4480	4482	4676	1	-1	-1	-1	0
4611	4418	4612	0	-1	-1	-1	0
4678	4481	4483	1	-1	-1	-1	0
4679	4482	4481	1	-1	-1	-1	0
4613	4612	4417	0	-1	-1	-1	0
4619	4603	4423	0	-1	-1	-1	0
4681	4483	4484	1	-1	-1	-1	0
4615	4614	4420	0	-1	-1	-1	0
4521	4467	4662	0	-1	-1	-1	0
4421	4616	4615	0	-1	-1	-1	0
4489	4681	4484	1	-1	-1	-1	0
4487	4486	4682	1	-1	-1	-1	0
4488	4683	4486	2	-1	-1	-1	0
4580	4637	4440	6	-1	-1	-1	0
4617	4423	4618	0	-1	-1	-1	0
4424	4614	4620	0	-1	-1	-1	0
4423	4617	4619	0	-1	-1	-1	0
4658	4462	4540	0	-1	-1	-1	0
4487	4685	4489	1	-1	-1	-1	0
4425	4622	4618	0	-1	-1	-1	0
4620	4621	4424	0	-1	-1	-1	0
4425	4621	4622	0	-1	-1	-1	0
4687	4492	4490	2	-1	-1	-1	0
4686	4488	4495	2	-1	-1	-1	0
4491	4688	4490	8	-1	-1	-1	0
4493	4689	4491	8	-1	-1	-1	0
4624	4623	4426	0	-1	-1	-1	0
4616	4433	4625	0	-1	-1	-1	0
4625	4426	4623	0	-1	-1	-1	0
4690	4495	4492	2	-1	-1	-1	0
4624	4427	4627	0	-1	-1	-1	0
4691	4493	4494	8	-1	-1	-1	0
4627	4427	4626	0	-1	-1	-1	0
4691	4494	4497	8	-1	-1	-1	0
4497	4496	4693	1	-1	-1	-1	0
4693	4496	4498	1	-1	-1	-1	0
4430	4628	4629	5	-1	-1	-1	0
4431	4631	4626	5	-1	-1	-1	0
4430	4629	4630	5	-1	-1	-1	0
4631	4431	4630	5	-1	-1	-1	0
4499	4696	4498	1	-1	-1	-1	0
4628	4435	4632	5	-1	-1	-1	0
4697	4499	4502	1	-1	-1	-1	0
4501	4699	4500	8	-1	-1	-1	0
4698	4503	4500	1	-1	-1	-1	0
4634	4632	4437	5	-1	-1	-1	0
4633	4634	4437	5	-1	-1	-1	0
4505	4700	4501	8	-1	-1	-1	0
4503	4701	4502	1	-1	-1	-1	0
4633	4439	4636	6	-1	-1	-1	0
4635	4636	4439	6	-1	-1	-1	0
4635	4440	4637	6	-1	-1	-1	0
4505	4504	4704	8	-1	-1	-1	0
4504	4512	4704	9	-1	-1	-1	0
4639	4443	4640	7	-1	-1	0	0
4641	4444	4638	7	-1	-1	-1	0
4707	4510	4506	1	-1	-1	-1	0
4509	4708	4507	9	-1	-1	-1	0
4508	4507	4709	9	-1	-1	-1	0
4444	4641	4640	7	-1	0	-1	0
4506	4513	4707	1	-1	-1	-1	0
4511	4508	4709	9	-1	-1	-1	0
4710	4509	4510	9	-1	-1	-1	0
4642	4446	4643	5	-1	-1	-1	0
4449	4646	4638	7	-1	-1	-1	0
4512	4511	4712	9	-1	-1	-1	0
4642	4645	4448	6	-1	-1	-1	0
4448	4645	4644	6	-1	-1	-1	0
4450	4647	4646	7	-1	-1	-1	0
4715	4515	4514	0	-1	-1	-1	0
4516	4715	4514	0	-1	-1	-1	0
4451	4648	4647	7	-1	-1	-1	0
4651	4454	4644	6	-1	-1	-1	0
4453	4650	4648	7	-1	-1	-1	0
4650	4453	4649	7	-1	-1	-1	0
4653	4643	4457	5	-1	-1	-1	0
4719	4517	4518	0	-1	-1	-1	0
4454	4651	4649	6	-1	-1	-1	0
4516	4523	4716	0	-1	-1	-1	0
4529	4515	4715	0	-1	-1	-1	0
4721	4518	4520	0	-1	-1	-1	0
4519	4723	4520	0	-1	-1	-1	0
4723	4519	4521	0	-1	-1	-1	0
4517	4720	4525	0	-1	-1	-1	0
4653	4456	4654	5	-1	-1	-1	0
4458	4652	4655	5	-1	-1	-1	0
4654	4458	4655	5	-1	-1	-1	0
4652	4460	4656	5	-1	-1	-1	0
4522	4524	4726	0	-1	-1	-1	0
4523	4522	4727	0	-1	-1	-1	0
4524	4525	4726	0	-1	-1	-1	0
4714	4513	4548	1	-1	-1	-1	0
4462	4659	4657	0	-1	-1	-1	0
4656	4463	4660	5	-1	-1	-1	0
4659	4462	4658	0	-1	-1	-1	0
4657	4661	4464	5	-1	-1	-1	0
4730	4526	4527	0	-1	-1	-1	0
4464	4661	4660	5	-1	-1	-1	0
4529	4732	4528	0	-1	-1	-1	0
4731	4527	4533	0	-1	-1	-1	0
4662	4467	4663	0	-1	-1	-1	0
4528	4732	4534	0	-1	-1	-1	0
4530	4734	4531	0	-1	-1	-1	0
4664	4663	4469	2	-1	-1	-1	0
4735	4532	4531	0	-1	-1	-1	0
4536	4734	4530	0	-1	-1	-1	0
4665	4664	4471	2	-1	-1	-1	0
4533	4532	4736	0	-1	-1	-1	0
4546	4526	4730	0	-1	-1	-1	0
4667	4665	4473	2	-1	-1	-1	0
4667	4473	4668	2	-1	-1	-1	0
4739	4535	4534	0	-1	-1	-1	0
4474	4666	4669	1	-1	-1	-1	0
4670	4666	4475	1	-1	-1	-1	0
4669	4668	4474	1	-1	-1	-1	0
4535	4741	4536	0	-1	-1	-1	0
4672	4477	4673	1	-1	-1	-1	0
4746	4538	4539	0	-1	-1	-1	0
4674	4478	4671	1	-1	-1	-1	0
4540	4538	4745	0	-1	-1	-1	0
4670	4479	4675	1	-1	-1	-1	0
4674	4673	4478	1	-1	-1	-1	0
4613	4605	4607	0	-1	-1	-1	0
4537	4744	4545	0	-1	-1	-1	0
4479	4672	4675	1	-1	-1	-1	0
4744	4537	4546	0	-1	-1	-1	0
4480	4677	4671	1	-1	-1	-1	0
4539	4542	4747	0	-1	-1	-1	0
4749	4542	4541	0	-1	-1	-1	0
4480	4676	4677	1	-1	-1	-1	0
4750	4541	4543	0	-1	-1	-1	0
4482	4680	4676	1	-1	-1	-1	0
4678	4679	4481	1	-1	-1	-1	0
4544	4753	4543	0	-1	-1	-1	0
4679	4680	4482	1	-1	-1	-1	0
4681	4678	4483	1	-1	-1	-1	0
4544	4545	4755	0	-1	-1	-1	0
4682	4486	4683	1	-1	-1	-1	0
4547	4758	4548	1	-1	-1	-1	0
4682	4684	4487	1	-1	-1	-1	0
4489	4685	4681	1	-1	-1	-1	0
4684	4685	4487	1	-1	-1	-1	0
4683	4488	4686	2	-1	-1	-1	0
4550	4549	4759	0	-1	-1	-1	0
4550	4760	4552	0	-1	-1	-1	0
4556	4759	4549	0	-1	-1	-1	0
4552	4761	4551	0	-1	-1	-1	0
4688	4687	4490	8	-1	-1	-1	0
4688	4491	4689	8	-1	-1	-1	0
4687	4690	4492	2	-1	-1	-1	0
4553	4554	4764	0	-1	-1	-1	0
4761	4559	4551	9	-1	-1	-1	0
4763	4555	4553	0	-1	-1	-1	0
4495	4690	4686	2	-1	-1	-1	0
4493	4692	4689	8	-1	-1	-1	0
4692	4493	4691	8	-1	-1	-1	0
4557	4765	4554	0	-1	-1	-1	0
4758	4547	4572	1	-1	-1	-1	0
4556	4555	4767	0	-1	-1	-1	0
4497	4694	4691	1	-1	-1	-1	0
4557	4558	4769	0	-1	-1	-1	0
4694	4497	4693	1	-1	-1	-1	0
4498	4695	4693	1	-1	-1	-1	0
4498	4696	4695	1	-1	-1	-1	0
4629	4628	4632	5	-1	-1	-1	0
4771	4560	4559	9	-1	-1	-1	0
4696	4499	4697	1	-1	-1	-1	0
4772	4562	4560	9	-1	-1	-1	0
4699	4698	4500	1	-1	-1	-1	0
4561	4564	4773	1	-1	-1	-1	0
4563	4562	4774	9	-1	-1	-1	0
4700	4699	4501	8	-1	-1	-1	0
4701	4697	4502	1	-1	-1	-1	0
4698	4702	4503	1	-1	-1	-1	0
4565	4563	4775	1	-1	-1	-1	0
4564	4565	4776	1	-1	-1	-1	0
4573	4561	4773	1	-1	-1	-1	0
4503	4703	4701	1	-1	-1	-1	0
4702	4703	4503	1	-1	-1	-1	0
4725	4521	4662	0	-1	-1	-1	0
4567	4566	4778	1	-1	-1	-1	0
4505	4706	4700	8	-1	-1	-1	0
4567	4779	4568	1	-1	-1	-1	0
4704	4705	4505	8	-1	-1	-1	0
4570	4778	4566	1	-1	-1	-1	0
4770	4558	4587	0	-1	-1	-1	0
4705	4706	4505	8	-1	-1	-1	0
4780	4569	4568	1	-1	-1	-1	0
4773	4574	4573	1	-1	-1	-1	0
4572	4569	4781	1	-1	-1	-1	0
4571	4783	4570	1	-1	-1	-1	0
4507	4708	4709	9	-1	-1	-1	0
4708	4509	4710	9	-1	-1	-1	0
4510	4707	4711	1	-1	-1	-1	0
4713	4704	4512	9	-1	-1	-1	0
4575	4784	4571	1	-1	-1	-1	0
4710	4510	4711	1	-1	-1	-1	0
4712	4511	4709	9	-1	-1	-1	0
4513	4714	4707	1	-1	-1	-1	0
4788	4575	4574	1	-1	-1	-1	0
4712	4713	4512	9	-1	-1	-1	0
4790	4577	4576	7	-1	-1	-1	0
4540	4748	4658	0	-1	-1	-1	0
4717	4715	4516	0	-1	-1	-1	0
4791	4581	4577	7	-1	-1	-1	0
4792	4579	4578	7	-1	-1	-1	0
4717	4516	4716	0	-1	-1	-1	0
4790	4576	4586	7	-1	-1	0	0
4578	4582	4792	7	-1	-1	-1	0
4580	4579	4793	7	-1	-1	-1	0
4517	4719	4718	0	-1	-1	-1	0
4517	4718	4720	0	-1	-1	-1	0
4582	4581	4795	7	-1	-1	-1	0
4722	4719	4518	0	-1	-1	-1	0
4518	4721	4722	0	-1	-1	-1	0
4721	4520	4724	0	-1	-1	-1	0
4723	4724	4520	0	-1	-1	-1	0
4728	4716	4523	0	-1	-1	-1	0
4521	4725	4723	0	-1	-1	-1	0
4797	4587	4588	0	-1	-1	-1	0
4720	4729	4525	0	-1	-1	-1	0
4522	4726	4727	0	-1	-1	-1	0
4733	4529	4715	0	-1	-1	-1	0
4727	4728	4523	0	-1	-1	-1	0
4589	4590	4799	0	-1	-1	-1	0
4729	4726	4525	0	-1	-1	-1	0
4797	4588	4596	0	-1	-1	-1	0
4591	4800	4590	0	-1	-1	-1	0
4589	4798	4594	0	-1	-1	-1	0
4593	4802	4592	0	-1	-1	-1	0
4527	4731	4730	0	-1	-1	-1	0
4804	4593	4594	0	-1	-1	-1	0
4592	4803	4597	0	-1	-1	-1	0
4732	4529	4733	0	-1	-1	-1	0
4807	4596	4595	0	-1	-1	-1	0
4609	4800	4591	0	-1	-1	-1	0
4731	4533	4736	0	-1	-1	-1	0
4531	4734	4735	0	-1	-1	-1	0
4595	4598	4808	0	-1	-1	-1	0
4738	4534	4732	0	-1	-1	-1	0
4532	4735	4737	0	-1	-1	-1	0
4597	4810	4598	0	-1	-1	-1	0
4736	4532	4737	0	-1	-1	-1	0
4600	4599	4812	0	-1	-1	-1	0
4534	4738	4739	0	-1	-1	-1	0
4580	4794	4637	7	-1	-1	-1	0
4734	4536	4742	0	-1	-1	-1	0
4602	4812	4599	0	-1	-1	-1	0
4740	4535	4739	0	-1	-1	-1	0
4535	4740	4741	0	-1	-1	-1	0
4602	4601	4813	0	-1	-1	-1	0
4604	4813	4601	0	-1	-1	-1	0
4608	4600	4812	0	-1	-1	-1	0
4741	4743	4536	0	-1	-1	-1	0
4758	4714	4548	1	-1	-1	-1	0
4743	4742	4536	0	-1	-1	-1	0
4817	4604	4603	0	-1	-1	-1	0
4746	4745	4538	0	-1	-1	-1	0
4607	4606	4819	0	-1	-1	-1	0
4608	4818	4606	0	-1	-1	-1	0
4539	4747	4746	0	-1	-1	-1	0
4540	4745	4748	0	-1	-1	-1	0
4757	4546	4730	0	-1	-1	-1	0
4603	4619	4817	0	-1	-1	-1	0
4749	4541	4750	0	-1	-1	-1	0
4607	4820	4613	0	-1	-1	-1	0
4822	4609	4610	0	-1	-1	-1	0
4752	4747	4542	0	-1	-1	-1	0
4751	4542	4749	0	-1	-1	-1	0
4545	4744	4756	0	-1	-1	-1	0
4752	4542	4751	0	-1	-1	-1	0
4611	4824	4610	0	-1	-1	-1	0
4757	4744	4546	0	-1	-1	-1	0
4750	4543	4754	0	-1	-1	-1	0
4611	4612	4825	0	-1	-1	-1	0
4543	4753	4754	0	-1	-1	-1	0
4826	4612	4613	0	-1	-1	-1	0
4544	4755	4753	0	-1	-1	-1	0
4756	4755	4545	0	-1	-1	-1	0
4615	4829	4614	0	-1	-1	-1	0
4831	4615	4616	0	-1	-1	-1	0
4620	4614	4830	0	-1	-1	-1	0
4760	4550	4759	0	-1	-1	-1	0
4834	4617	4618	0	-1	-1	-1	0
4617	4833	4619	0	-1	-1	-1	0
4616	4625	4832	0	-1	-1	-1	0
4762	4552	4760	0	-1	-1	-1	0
4552	4762	4761	0	-1	-1	-1	0
4835	4618	4622	0	-1	-1	-1	0
4621	4620	4838	0	-1	-1	-1	0
4763	4553	4764	0	-1	-1	-1	0
4622	4621	4838	0	-1	-1	-1	0
4759	4556	4768	0	-1	-1	-1	0
4764	4554	4765	0	-1	-1	-1	0
4555	4763	4766	0	-1	-1	-1	0
4840	4623	4624	0	-1	-1	-1	0
4555	4766	4767	0	-1	-1	-1	0
4841	4625	4623	0	-1	-1	-1	0
4624	4627	4840	0	-1	-1	-1	0
4765	4557	4769	0	-1	-1	-1	0
4767	4768	4556	0	-1	-1	-1	0
4559	4761	4771	9	-1	-1	-1	0
4843	4627	4626	5	-1	-1	-1	0
4769	4558	4770	0	-1	-1	-1	0
4626	4631	4843	5	-1	-1	-1	0
4560	4771	4772	9	-1	-1	-1	0
4846	4630	4629	5	-1	-1	-1	0
4845	4629	4632	5	-1	-1	-1	0
4772	4774	4562	9	-1	-1	-1	0
4847	4631	4630	5	-1	-1	-1	0
4632	4634	4845	5	-1	-1	-1	0
4563	4774	4775	1	-1	-1	-1	0
4773	4564	4776	1	-1	-1	-1	0
4758	4572	4785	1	-1	-1	-1	0
4634	4633	4849	6	-1	-1	-1	0
4565	4775	4777	1	-1	-1	-1	0
4636	4849	4633	6	-1	-1	-1	0
4777	4776	4565	1	-1	-1	-1	0
4635	4637	4851	6	-1	-1	-1	0
4851	4636	4635	6	-1	-1	-1	0
4567	4778	4779	1	-1	-1	-1	0
4778	4570	4783	1	-1	-1	-1	0
4782	4569	4780	1	-1	-1	-1	0
4780	4568	4779	1	-1	-1	-1	0
4854	4641	4638	7	0	-1	-1	0
4782	4781	4569	1	-1	-1	-1	0
4854	4638	4646	7	-1	-1	-1	0
4788	4574	4773	1	-1	-1	-1	0
4783	4571	4784	1	-1	-1	-1	0
4642	4643	4855	6	-1	-1	-1	0
4572	4781	4787	1	-1	-1	-1	0
4855	4645	4642	6	-1	-1	-1	0
4785	4572	4786	1	-1	-1	-1	0
4787	4786	4572	1	-1	-1	-1	0
4644	4645	4857	6	-1	-1	-1	0
4789	4784	4575	1	-1	-1	-1	0
4857	4651	4644	6	-1	-1	-1	0
4859	4646	4647	7	-1	-1	-1	0
4653	4856	4643	6	-1	-1	-1	0
4575	4788	4789	1	-1	-1	-1	0
4587	4797	4770	0	-1	-1	-1	0
4860	4647	4648	7	-1	-1	-1	0
4790	4791	4577	7	0	-1	-1	0
4861	4648	4650	7	-1	-1	-1	0
4650	4649	4862	7	-1	-1	-1	0
4862	4649	4651	7	-1	-1	-1	0
4579	4792	4793	7	-1	-1	-1	0
4791	4795	4581	7	0	-1	-1	0
4580	4793	4794	7	-1	-1	-1	0
4796	4792	4582	7	-1	-1	-1	0
4865	4655	4652	5	-1	-1	-1	0
4653	4654	4866	6	-1	-1	-1	0
4796	4582	4795	7	-1	-1	0	0
4652	4656	4865	5	-1	-1	-1	0
4655	4867	4654	6	-1	-1	-1	0
4869	4656	4660	5	-1	-1	-1	0
4657	4659	4870	5	-1	-1	-1	0
4589	4799	4798	0	-1	-1	-1	0
4870	4661	4657	5	-1	-1	-1	0
4658	4871	4659	0	-1	-1	-1	0
4590	4801	4799	0	-1	-1	-1	0
4590	4800	4801	0	-1	-1	-1	0
4873	4660	4661	5	-1	-1	-1	0
4803	4592	4802	0	-1	-1	-1	0
4594	4798	4806	0	-1	-1	-1	0
4802	4593	4805	0	-1	-1	-1	0
4876	4662	4663	0	-1	-1	-1	0
4797	4596	4809	0	-1	-1	-1	0
4805	4593	4804	0	-1	-1	-1	0
4664	4876	4663	2	-1	-1	-1	0
4733	4738	4732	0	-1	-1	-1	0
4594	4806	4804	0	-1	-1	-1	0
4877	4664	4665	2	-1	-1	-1	0
4595	4808	4807	0	-1	-1	-1	0
4810	4597	4803	0	-1	-1	-1	0
4878	4665	4667	2	-1	-1	-1	0
4807	4809	4596	0	-1	-1	-1	0
4669	4666	4879	1	-1	-1	-1	0
4879	4666	4670	1	-1	-1	-1	0
4667	4668	4880	2	-1	-1	-1	0
4811	4808	4598	0	-1	-1	-1	0
4757	4730	4731	0	-1	-1	-1	0
4881	4668	4669	1	-1	-1	-1	0
4812	4602	4815	0	-1	-1	-1	0
4810	4811	4598	0	-1	-1	-1	0
4602	4813	4814	0	-1	-1	-1	0
4670	4675	4884	1	-1	-1	-1	0
4674	4671	4885	1	-1	-1	-1	0
4609	4823	4800	0	-1	-1	-1	0
4602	4814	4816	0	-1	-1	-1	0
4672	4673	4888	1	-1	-1	-1	0
4602	4816	4815	0	-1	-1	-1	0
4886	4671	4677	1	-1	-1	-1	0
4672	4887	4675	1	-1	-1	-1	0
4813	4604	4817	0	-1	-1	-1	0
4673	4674	4889	1	-1	-1	-1	0
4821	4608	4812	0	-1	-1	-1	0
4818	4819	4606	0	-1	-1	-1	0
4676	4892	4677	1	-1	-1	-1	0
4820	4607	4819	0	-1	-1	-1	0
4821	4818	4608	0	-1	-1	-1	0
4676	4680	4892	1	-1	-1	-1	0
4678	4895	4679	1	-1	-1	-1	0
4894	4678	4681	1	-1	-1	-1	0
4823	4609	4822	0	-1	-1	-1	0
4822	4610	4824	0	-1	-1	-1	0
4679	4897	4680	1	-1	-1	-1	0
4611	4825	4824	0	-1	-1	-1	0
4613	4820	4828	0	-1	-1	-1	0
4662	4875	4725	0	-1	-1	-1	0
4612	4826	4825	0	-1	-1	-1	0
4683	4900	4682	1	-1	-1	-1	0
4899	4681	4685	1	-1	-1	-1	0
4613	4827	4826	0	-1	-1	-1	0
4682	4901	4684	1	-1	-1	-1	0
4827	4613	4828	0	-1	-1	-1	0
4683	4686	4902	2	-1	-1	-1	0
4829	4830	4614	0	-1	-1	-1	0
4817	4619	4837	0	-1	-1	-1	0
4684	4904	4685	1	-1	-1	-1	0
4615	4831	4829	0	-1	-1	-1	0
4871	4658	4748	0	-1	-1	-1	0
4616	4832	4831	0	-1	-1	-1	0
4687	4688	4906	8	-1	-1	-1	0
4690	4905	4686	2	-1	-1	-1	0
4690	4687	4907	2	-1	-1	-1	0
4637	4794	4853	7	-1	-1	-1	0
4834	4833	4617	0	-1	-1	-1	0
4908	4688	4689	8	-1	-1	-1	0
4834	4618	4835	0	-1	-1	-1	0
4830	4838	4620	0	-1	-1	-1	0
4833	4836	4619	0	-1	-1	-1	0
4689	4692	4910	8	-1	-1	-1	0
4837	4619	4836	0	-1	-1	-1	0
4912	4692	4691	1	-1	-1	-1	0
4622	4839	4835	0	-1	-1	-1	0
4912	4691	4694	1	-1	-1	-1	0
4622	4838	4839	0	-1	-1	-1	0
4625	4842	4832	0	-1	-1	-1	0
4693	4914	4694	1	-1	-1	-1	0
4693	4695	4914	1	-1	-1	-1	0
4623	4840	4841	0	-1	-1	-1	0
4625	4841	4842	0	-1	-1	-1	0
4917	4695	4696	1	-1	-1	-1	0
4844	4840	4627	5	-1	-1	-1	0
4696	4697	4918	1	-1	-1	-1	0
4844	4627	4843	5	-1	-1	-1	0
4701	4919	4697	1	-1	-1	-1	0
4699	4920	4698	1	-1	-1	-1	0
4769	4784	4765	1	-1	-1	-1	0
4845	4846	4629	5	-1	-1	-1	0
4921	4702	4698	1	-1	-1	-1	0
4699	4700	4922	8	-1	-1	-1	0
4769	4770	4783	1	-1	-1	-1	0
4848	4843	4631	5	-1	-1	-1	0
4846	4847	4630	5	-1	-1	-1	0
4718	4719	4887	0	-1	-1	-1	0
4847	4848	4631	5	-1	-1	-1	0
4720	4718	4888	0	-1	-1	-1	0
4701	4703	4923	1	-1	-1	-1	0
4922	4700	4706	8	-1	-1	-1	0
4634	4850	4845	6	-1	-1	-1	0
4702	4925	4703	1	-1	-1	-1	0
4891	4719	4722	0	-1	-1	-1	0
4634	4849	4850	6	-1	-1	-1	0
4704	4927	4705	8	-1	-1	-1	0
4769	4783	4784	1	-1	-1	-1	0
4636	4852	4849	6	-1	-1	-1	0
4720	4889	4729	0	-1	-1	-1	0
4851	4852	4636	6	-1	-1	-1	0
4705	4928	4706	8	-1	-1	-1	0
4853	4851	4637	7	-1	-1	-1	0
4704	4713	4927	9	-1	-1	-1	0
4931	4711	4707	1	-1	-1	-1	0
4708	4932	4709	9	-1	-1	-1	0
4710	4932	4708	9	-1	-1	-1	0
4714	4930	4707	1	-1	-1	-1	0
4932	4712	4709	9	-1	-1	-1	0
4855	4643	4856	6	-1	-1	-1	0
4711	4934	4710	1	-1	-1	-1	0
4858	4645	4855	6	-1	-1	-1	0
4854	4646	4859	7	-1	-1	0	0
4857	4645	4858	6	-1	-1	-1	0
4713	4712	4935	9	-1	-1	-1	0
4859	4647	4860	7	-1	-1	0	0
4860	4648	4861	7	-1	-1	0	0
4715	4717	4938	0	-1	-1	-1	0
4651	4857	4864	7	-1	-1	-1	0
4940	4717	4716	0	-1	-1	-1	0
4861	4650	4863	7	-1	-1	0	0
4863	4650	4862	7	-1	-1	-1	0
4864	4862	4651	7	-1	-1	-1	0
4866	4856	4653	6	-1	-1	-1	0
4716	4728	4939	0	-1	-1	-1	0
4938	4733	4715	0	-1	-1	-1	0
4943	4722	4721	0	-1	-1	-1	0
4654	4867	4866	6	-1	-1	-1	0
4865	4868	4655	6	-1	-1	-1	0
4724	4943	4721	0	-1	-1	-1	0
4868	4867	4655	6	-1	-1	-1	0
4656	4869	4865	5	-1	-1	-1	0
4724	4723	4945	0	-1	-1	-1	0
4945	4723	4725	0	-1	-1	-1	0
4872	4870	4659	5	-1	-1	-1	0
4758	4930	4714	1	-1	-1	-1	0
4871	4872	4659	5	-1	-1	-1	0
4873	4869	4660	5	-1	-1	-1	0
4726	4949	4727	0	-1	-1	-1	0
4949	4726	4729	0	-1	-1	-1	0
4874	4661	4870	5	-1	-1	-1	0
4728	4727	4951	0	-1	-1	-1	0
4873	4661	4874	5	-1	-1	-1	0
4662	4876	4875	0	-1	-1	-1	0
4877	4876	4664	2	-1	-1	-1	0
4952	4731	4736	0	-1	-1	-1	0
4665	4878	4877	2	-1	-1	-1	0
4823	4801	4800	0	-1	-1	-1	0
4734	4955	4735	0	-1	-1	-1	0
4880	4878	4667	2	-1	-1	-1	0
4736	4737	4952	0	-1	-1	-1	0
4954	4738	4733	0	-1	-1	-1	0
4956	4737	4735	0	-1	-1	-1	0
4668	4881	4880	1	-1	-1	-1	0
4669	4879	4882	1	-1	-1	-1	0
4742	4955	4734	0	-1	-1	-1	0
4883	4879	4670	1	-1	-1	-1	0
4881	4669	4882	1	-1	-1	-1	0
4739	4738	4958	0	-1	-1	-1	0
4884	4883	4670	1	-1	-1	-1	0
4739	4959	4740	0	-1	-1	-1	0
4953	4757	4731	0	-1	-1	-1	0
4740	4960	4741	0	-1	-1	-1	0
4885	4671	4886	1	-1	-1	-1	0
4741	4961	4743	0	-1	-1	-1	0
4962	4742	4743	0	-1	-1	-1	0
4888	4887	4672	1	-1	-1	-1	0
4815	4821	4812	0	-1	-1	-1	0
4885	4890	4674	1	-1	-1	-1	0
4673	4889	4888	1	-1	-1	-1	0
4891	4884	4675	1	-1	-1	-1	0
4890	4889	4674	1	-1	-1	-1	0
4887	4891	4675	1	-1	-1	-1	0
4965	4745	4746	0	-1	-1	-1	0
4677	4893	4886	1	-1	-1	-1	0
4966	4748	4745	0	-1	-1	-1	0
4747	4967	4746	0	-1	-1	-1	0
4677	4892	4893	1	-1	-1	-1	0
4964	4756	4744	0	-1	-1	-1	0
4744	4757	4964	0	-1	-1	-1	0
4752	4967	4747	0	-1	-1	-1	0
4894	4895	4678	1	-1	-1	-1	0
4969	4749	4750	0	-1	-1	-1	0
4969	4751	4749	0	-1	-1	-1	0
4898	4892	4680	1	-1	-1	-1	0
4896	4679	4895	1	-1	-1	-1	0
4897	4679	4896	1	-1	-1	-1	0
4899	4894	4681	1	-1	-1	-1	0
4754	4971	4750	0	-1	-1	-1	0
4752	4751	4972	0	-1	-1	-1	0
4680	4897	4898	1	-1	-1	-1	0
4682	4900	4901	1	-1	-1	-1	0
4753	4755	4976	0	-1	-1	-1	0
4753	4977	4754	0	-1	-1	-1	0
4900	4683	4902	1	-1	-1	-1	0
4904	4899	4685	1	-1	-1	-1	0
4903	4684	4901	1	-1	-1	-1	0
4755	4756	4979	0	-1	-1	-1	0
4684	4903	4904	1	-1	-1	-1	0
4718	4887	4888	0	-1	-1	-1	0
4905	4902	4686	2	-1	-1	-1	0
4720	4888	4889	0	-1	-1	-1	0
4887	4719	4891	0	-1	-1	-1	0
4760	4759	4981	0	-1	-1	-1	0
4907	4687	4906	8	-1	-1	-1	0
4688	4909	4906	8	-1	-1	-1	0
4982	4762	4760	0	-1	-1	-1	0
4909	4688	4908	8	-1	-1	-1	0
4690	4911	4905	2	-1	-1	-1	0
4761	4762	4983	0	-1	-1	-1	0
4908	4689	4910	8	-1	-1	-1	0
4911	4690	4907	2	-1	-1	-1	0
4759	4768	4981	0	-1	-1	-1	0
4729	4889	4890	0	-1	-1	-1	0
4985	4763	4764	1	-1	-1	-1	0
4763	4984	4766	1	-1	-1	-1	0
4761	4983	4771	9	-1	-1	-1	0
4764	4765	4986	1	-1	-1	-1	0
4692	4913	4910	1	-1	-1	-1	0
4692	4912	4913	1	-1	-1	-1	0
4767	4766	4988	0	-1	-1	-1	0
4912	4694	4915	1	-1	-1	-1	0
4758	4785	4980	1	-1	-1	-1	0
4914	4916	4694	1	-1	-1	-1	0
4915	4694	4916	1	-1	-1	-1	0
4990	4768	4767	0	-1	-1	-1	0
4917	4914	4695	1	-1	-1	-1	0
4918	4917	4696	1	-1	-1	-1	0
4918	4697	4919	1	-1	-1	-1	0
4765	4784	4986	1	-1	-1	-1	0
4771	4993	4772	9	-1	-1	-1	0
4698	4920	4921	1	-1	-1	-1	0
4772	4994	4774	9	-1	-1	-1	0
4989	4777	4775	1	-1	-1	-1	0
4922	4920	4699	1	-1	-1	-1	0
4919	4701	4923	1	-1	-1	-1	0
4996	4773	4776	1	-1	-1	-1	0
4774	4997	4775	1	-1	-1	-1	0
4783	4770	4992	1	-1	-1	-1	0
4924	4702	4921	1	-1	-1	-1	0
4725	4875	4948	0	-1	-1	-1	0
4702	4924	4925	1	-1	-1	-1	0
4777	4998	4776	1	-1	-1	-1	0
4923	4703	4926	1	-1	-1	-1	0
4783	4992	4778	1	-1	-1	-1	0
4703	4925	4926	1	-1	-1	-1	0
4773	4996	4788	1	-1	-1	-1	0
4891	4722	4944	0	-1	-1	-1	0
4779	4778	4999	1	-1	-1	-1	0
4706	4929	4922	8	-1	-1	-1	0
4797	4992	4770	1	-1	-1	-1	0
4779	5000	4780	1	-1	-1	-1	0
4927	4928	4705	8	-1	-1	-1	0
4784	4789	4987	1	-1	-1	-1	0
4782	4780	5001	1	-1	-1	-1	0
4928	4929	4706	8	-1	-1	-1	0
4781	4782	5002	1	-1	-1	-1	0
4931	4707	4930	1	-1	-1	-1	0
4890	4949	4729	0	-1	-1	-1	0
4781	5002	4787	1	-1	-1	-1	0
4710	4933	4932	9	-1	-1	-1	0
4786	5004	4785	1	-1	-1	-1	0
4931	4934	4711	1	-1	-1	-1	0
4710	4934	4933	1	-1	-1	-1	0
4713	4937	4927	9	-1	-1	-1	0
4787	5006	4786	1	-1	-1	-1	0
4932	4935	4712	9	-1	-1	-1	0
4936	4713	4935	9	-1	-1	-1	0
4748	4966	4871	0	-1	-1	-1	0
4937	4713	4936	9	-1	-1	-1	0
5009	4789	4788	1	-1	-1	-1	0
4793	4792	5010	7	-1	-1	-1	0
4716	4939	4940	0	-1	-1	-1	0
4717	4942	4938	0	-1	-1	-1	0
4796	5010	4792	7	0	-1	-1	0
4941	4717	4940	0	-1	-1	-1	0
5011	4794	4793	7	-1	-1	-1	0
4941	4942	4717	0	-1	-1	-1	0
4944	4722	4943	0	-1	-1	-1	0
4799	5014	4798	0	-1	-1	-1	0
4946	4943	4724	0	-1	-1	-1	0
4799	4801	5015	0	-1	-1	-1	0
4724	4945	4947	0	-1	-1	-1	0
4724	4947	4946	0	-1	-1	-1	0
5014	4806	4798	0	-1	-1	-1	0
4951	4939	4728	0	-1	-1	-1	0
4948	4945	4725	0	-1	-1	-1	0
4809	5013	4797	1	-1	-1	-1	0
4802	5017	4803	0	-1	-1	-1	0
4954	4733	4938	0	-1	-1	-1	0
4805	5018	4802	0	-1	-1	-1	0
4949	4950	4727	0	-1	-1	-1	0
4951	4727	4950	0	-1	-1	-1	0
5021	4805	4804	0	-1	-1	-1	0
4804	4806	5021	0	-1	-1	-1	0
5020	4810	4803	0	-1	-1	-1	0
4731	4952	4953	0	-1	-1	-1	0
4801	4823	5016	0	-1	-1	-1	0
4807	4808	5025	0	-1	-1	-1	0
5025	4809	4807	0	-1	-1	-1	0
4879	4883	4882	1	-1	-1	-1	0
5026	4808	4811	0	-1	-1	-1	0
4735	4955	4956	0	-1	-1	-1	0
4957	4952	4737	0	-1	-1	-1	0
4957	4737	4956	0	-1	-1	-1	0
4811	4810	5029	0	-1	-1	-1	0
4738	4954	4958	0	-1	-1	-1	0
4958	4959	4739	0	-1	-1	-1	0
4959	4960	4740	0	-1	-1	-1	0
5012	4853	4794	7	-1	-1	-1	0
4742	4962	4955	0	-1	-1	-1	0
4814	4813	5032	0	-1	-1	-1	0
4817	5031	4813	0	-1	-1	-1	0
4961	4741	4960	0	-1	-1	-1	0
4816	4814	5033	0	-1	-1	-1	0
4815	4816	5034	0	-1	-1	-1	0
4963	4743	4961	0	-1	-1	-1	0
4743	4963	4962	0	-1	-1	-1	0
4980	4930	4758	1	-1	-1	-1	0
4815	5034	4821	0	-1	-1	-1	0
4818	5037	4819	0	-1	-1	-1	0
4964	4757	4953	0	-1	-1	-1	0
4820	4819	5037	0	-1	-1	-1	0
4821	5037	4818	0	-1	-1	-1	0
4745	4965	4966	0	-1	-1	-1	0
4968	4965	4746	0	-1	-1	-1	0
4968	4746	4967	0	-1	-1	-1	0
5041	4823	4822	0	-1	-1	-1	0
5038	4828	4820	0	-1	-1	-1	0
5041	4822	4824	0	-1	-1	-1	0
4969	4750	4970	0	-1	-1	-1	0
4837	5036	4817	0	-1	-1	-1	0
4971	4970	4750	0	-1	-1	-1	0
4824	4825	5042	0	-1	-1	-1	0
4751	4969	4973	0	-1	-1	-1	0
4752	4975	4967	0	-1	-1	-1	0
4825	4826	5044	0	-1	-1	-1	0
4973	4972	4751	0	-1	-1	-1	0
5044	4826	4827	0	-1	-1	-1	0
4974	4752	4972	0	-1	-1	-1	0
4979	4756	4964	0	-1	-1	-1	0
4752	4974	4975	0	-1	-1	-1	0
4827	4828	5046	0	-1	-1	-1	0
4971	4754	4978	0	-1	-1	-1	0
4753	4976	4977	0	-1	-1	-1	0
5048	4830	4829	0	-1	-1	-1	0
4977	4978	4754	0	-1	-1	-1	0
4829	4831	5049	0	-1	-1	-1	0
4979	4976	4755	0	-1	-1	-1	0
4899	4917	4894	1	-1	-1	-1	0
4832	5052	4831	0	-1	-1	-1	0
4838	4830	5050	0	-1	-1	-1	0
4891	4944	4884	1	-1	-1	-1	0
4916	4899	4904	1	-1	-1	-1	0
4834	5054	4833	0	-1	-1	-1	0
5053	4836	4833	0	-1	-1	-1	0
4760	4981	4982	0	-1	-1	-1	0
5055	4834	4835	0	-1	-1	-1	0
5052	4832	4842	0	-1	-1	-1	0
4762	4982	4983	0	-1	-1	-1	0
4839	5056	4835	0	-1	-1	-1	0
4836	5058	4837	0	-1	-1	-1	0
4984	4763	4985	1	-1	-1	-1	0
4916	4917	4899	1	-1	-1	-1	0
4915	4916	4904	1	-1	-1	-1	0
4764	4987	4985	1	-1	-1	-1	0
4764	4986	4987	1	-1	-1	-1	0
5060	4839	4838	0	-1	-1	-1	0
4989	4766	4984	1	-1	-1	-1	0
4991	4981	4768	0	-1	-1	-1	0
4915	4913	4912	1	-1	-1	-1	0
4840	5062	4841	5	-1	-1	-1	0
4766	4989	4988	1	-1	-1	-1	0
4767	4988	4990	0	-1	-1	-1	0
4840	4844	5062	5	-1	-1	-1	0
4841	5063	4842	5	-1	-1	-1	0
4916	4914	4917	1	-1	-1	-1	0
4771	4983	4993	9	-1	-1	-1	0
4991	4768	4990	0	-1	-1	-1	0
4777	4989	4984	1	-1	-1	-1	0
5065	4844	4843	5	-1	-1	-1	0
5065	4843	4848	5	-1	-1	-1	0
4784	4987	4986	1	-1	-1	-1	0
4846	4845	5067	6	-1	-1	-1	0
4984	4998	4777	1	-1	-1	-1	0
4772	4993	4995	9	-1	-1	-1	0
4995	4994	4772	9	-1	-1	-1	0
4997	4989	4775	1	-1	-1	-1	0
4846	5068	4847	6	-1	-1	-1	0
4850	5067	4845	6	-1	-1	-1	0
5069	4848	4847	6	-1	-1	-1	0
4997	4774	4994	1	-1	-1	-1	0
4999	4778	4992	1	-1	-1	-1	0
5004	4980	4785	1	-1	-1	-1	0
5071	4850	4849	6	-1	-1	-1	0
4998	4996	4776	1	-1	-1	-1	0
4852	5071	4849	6	-1	-1	-1	0
4851	5073	4852	7	-1	-1	-1	0
4851	4853	5073	7	-1	-1	-1	0
4999	5000	4779	1	-1	-1	-1	0
5001	4780	5000	1	-1	-1	-1	0
4926	4925	4931	1	-1	-1	-1	0
4789	5009	4987	1	-1	-1	-1	0
4782	5001	5003	1	-1	-1	-1	0
4930	4926	4931	1	-1	-1	-1	0
5002	4782	5003	1	-1	-1	-1	0
4855	4856	5076	6	-1	-1	-1	0
4858	4855	5076	6	-1	-1	-1	0
4858	5078	4857	7	-1	-1	-1	0
4788	4996	5009	1	-1	-1	-1	0
5004	4786	5005	1	-1	-1	-1	0
4786	5006	5005	1	-1	-1	-1	0
5002	5008	4787	1	-1	-1	-1	0
4864	4857	5078	7	-1	-1	-1	0
5077	4856	4866	6	-1	-1	-1	0
4935	4932	4933	9	-1	-1	-1	0
5007	5006	4787	1	-1	-1	-1	0
4992	4797	5013	1	-1	-1	-1	0
4787	5008	5007	1	-1	-1	-1	0
4863	4862	5080	7	-1	-1	0	0
5080	4862	4864	7	-1	-1	-1	0
5010	5011	4793	7	0	-1	-1	0
4865	5082	4868	6	-1	-1	-1	0
4866	4867	5083	6	-1	-1	-1	0
4869	5082	4865	6	-1	-1	-1	0
4794	5011	5012	7	-1	0	-1	0
5084	4867	4868	6	-1	-1	-1	0
4923	4980	4919	1	-1	-1	-1	0
5015	5014	4799	0	-1	-1	-1	0
4873	5086	4869	6	-1	-1	-1	0
4872	5087	4870	5	-1	-1	-1	0
4926	4980	4923	1	-1	-1	-1	0
4872	4871	5088	5	-1	-1	-1	0
5087	4874	4870	5	-1	-1	-1	0
4801	5016	5015	0	-1	-1	-1	0
4942	4954	4938	0	-1	-1	-1	0
4926	4930	4980	1	-1	-1	-1	0
5090	4873	4874	6	-1	-1	-1	0
5017	4802	5018	0	-1	-1	-1	0
4803	5017	5019	0	-1	-1	-1	0
4919	5004	4918	1	-1	-1	-1	0
5019	5020	4803	0	-1	-1	-1	0
5092	4875	4876	0	-1	-1	-1	0
5014	5024	4806	0	-1	-1	-1	0
5018	4805	5022	0	-1	-1	-1	0
5092	4876	4877	2	-1	-1	-1	0
4878	5093	4877	2	-1	-1	-1	0
4805	5021	5023	0	-1	-1	-1	0
5027	5013	4809	1	-1	-1	-1	0
4805	5023	5022	0	-1	-1	-1	0
5024	5021	4806	0	-1	-1	-1	0
4878	4880	5095	2	-1	-1	-1	0
5096	4880	4881	1	-1	-1	-1	0
4810	5020	5028	0	-1	-1	-1	0
4808	5026	5025	0	-1	-1	-1	0
4882	5097	4881	1	-1	-1	-1	0
4809	5025	5027	1	-1	-1	-1	0
4883	5098	4882	1	-1	-1	-1	0
4883	4884	5098	1	-1	-1	-1	0
4810	5028	5029	0	-1	-1	-1	0
4811	5030	5026	0	-1	-1	-1	0
5030	4811	5029	0	-1	-1	-1	0
4886	5099	4885	1	-1	-1	-1	0
4955	4962	4956	0	-1	-1	-1	0
4885	5100	4890	1	-1	-1	-1	0
5031	5032	4813	0	-1	-1	-1	0
4814	5032	5033	0	-1	-1	-1	0
4886	4893	5101	1	-1	-1	-1	0
5016	4823	5041	0	-1	-1	-1	0
5031	4817	5036	0	-1	-1	-1	0
5033	5035	4816	0	-1	-1	-1	0
5034	4816	5035	0	-1	-1	-1	0
4893	4892	5102	1	-1	-1	-1	0
5103	4892	4898	1	-1	-1	-1	0
5040	4821	5034	0	-1	-1	-1	0
5038	4820	5037	0	-1	-1	-1	0
4894	5107	4895	1	-1	-1	-1	0
4821	5039	5037	0	-1	-1	-1	0
4896	4895	5109	1	-1	-1	-1	0
5040	5039	4821	0	-1	-1	-1	0
5004	4919	4980	1	-1	-1	-1	0
5110	4897	4896	0	-1	-1	-1	0
4897	5111	4898	0	-1	-1	-1	0
4824	5043	5041	0	-1	-1	-1	0
5043	4824	5042	0	-1	-1	-1	0
4968	4967	4975	0	-1	-1	-1	0
4825	5044	5042	0	-1	-1	-1	0
5047	4828	5038	0	-1	-1	-1	0
4901	4900	5113	1	-1	-1	-1	0
4902	5113	4900	1	-1	-1	-1	0
4875	5092	4948	0	-1	-1	-1	0
5045	5044	4827	0	-1	-1	-1	0
4894	4917	5106	1	-1	-1	-1	0
5045	4827	5046	0	-1	-1	-1	0
4901	5114	4903	1	-1	-1	-1	0
5046	4828	5047	0	-1	-1	-1	0
4905	5115	4902	2	-1	-1	-1	0
4903	5116	4904	1	-1	-1	-1	0
4966	5088	4871	5	-1	-1	-1	0
5049	5048	4829	0	-1	-1	-1	0
5098	4884	4944	1	-1	-1	-1	0
4830	5048	5051	0	-1	-1	-1	0
4906	5118	4907	8	-1	-1	-1	0
5050	4830	5051	0	-1	-1	-1	0
4911	5115	4905	2	-1	-1	-1	0
5052	5049	4831	0	-1	-1	-1	0
5059	5036	4837	0	-1	-1	-1	0
4906	4909	5118	8	-1	-1	-1	0
4915	4904	5117	1	-1	-1	-1	0
4907	5119	4911	2	-1	-1	-1	0
5120	4909	4908	8	-1	-1	-1	0
4910	5120	4908	8	-1	-1	-1	0
4949	4890	5100	0	-1	-1	-1	0
5012	5075	4853	7	0	-1	-1	0
4833	5054	5053	0	-1	-1	-1	0
4918	5106	4917	1	-1	-1	-1	0
4834	5055	5054	0	-1	-1	-1	0
4910	4913	5122	1	-1	-1	-1	0
4915	5117	4913	1	-1	-1	-1	0
5055	4835	5057	0	-1	-1	-1	0
5053	5058	4836	0	-1	-1	-1	0
4835	5056	5057	0	-1	-1	-1	0
4838	5050	5060	0	-1	-1	-1	0
5058	5059	4837	0	-1	-1	-1	0
4839	5061	5056	0	-1	-1	-1	0
5064	5052	4842	5	-1	-1	-1	0
5061	4839	5060	0	-1	-1	-1	0
4920	5125	4921	1	-1	-1	-1	0
5062	5063	4841	5	-1	-1	-1	0
4998	4984	4985	1	-1	-1	-1	0
4922	5125	4920	1	-1	-1	-1	0
4842	5063	5064	5	-1	-1	-1	0
4921	5126	4924	1	-1	-1	-1	0
5066	5062	4844	5	-1	-1	-1	0
5065	5066	4844	5	-1	-1	-1	0
4929	5125	4922	1	-1	-1	-1	0
4924	5128	4925	1	-1	-1	-1	0
5009	4985	4987	1	-1	-1	-1	0
4846	5067	5068	6	-1	-1	-1	0
5065	4848	5070	6	-1	-1	-1	0
5068	5069	4847	6	-1	-1	-1	0
4927	5130	4928	8	-1	-1	-1	0
4931	4925	5129	1	-1	-1	-1	0
4848	5069	5070	6	-1	-1	-1	0
4928	5131	4929	8	-1	-1	-1	0
4850	5072	5067	6	-1	-1	-1	0
5009	4998	4985	1	-1	-1	-1	0
5071	5072	4850	6	-1	-1	-1	0
5129	4934	4931	1	-1	-1	-1	0
5130	4927	4937	9	-1	-1	-1	0
5071	4852	5074	7	-1	-1	-1	0
5074	4852	5073	7	-1	-1	-1	0
4933	4934	5133	1	-1	-1	-1	0
5075	5073	4853	7	-1	-1	-1	0
4935	4933	5134	9	-1	-1	-1	0
4996	4998	5009	1	-1	-1	-1	0
4992	5013	4999	1	-1	-1	-1	0
5134	4936	4935	9	-1	-1	-1	0
5135	4937	4936	9	-1	-1	-1	0
5077	5076	4856	6	-1	-1	-1	0
5079	4858	5076	7	-1	-1	-1	0
5079	5078	4858	7	-1	-1	-1	0
5138	4940	4939	0	-1	-1	-1	0
4941	4940	5139	0	-1	-1	-1	0
5078	5081	4864	7	-1	-1	-1	0
5141	4942	4941	0	-1	-1	-1	0
5081	5080	4864	7	0	-1	-1	0
5083	5077	4866	6	-1	-1	-1	0
5137	4939	4951	0	-1	-1	-1	0
4943	5145	4944	0	-1	-1	-1	0
4867	5084	5083	6	-1	-1	-1	0
4946	5145	4943	0	-1	-1	-1	0
5085	4868	5082	6	-1	-1	-1	0
4869	5086	5082	6	-1	-1	-1	0
5085	5084	4868	6	-1	-1	-1	0
4947	4945	5146	0	-1	-1	-1	0
4954	4942	5143	0	-1	-1	-1	0
4948	5146	4945	0	-1	-1	-1	0
5147	4946	4947	0	-1	-1	-1	0
4918	5004	5124	1	-1	-1	-1	0
5089	5087	4872	5	-1	-1	-1	0
5089	4872	5088	5	-1	-1	-1	0
4873	5090	5086	6	-1	-1	-1	0
4949	5152	4950	0	-1	-1	-1	0
5087	5091	4874	6	-1	-1	-1	0
4951	4950	5154	0	-1	-1	-1	0
5090	4874	5091	6	-1	-1	-1	0
5143	4958	4954	0	-1	-1	-1	0
5156	4953	4952	0	-1	-1	-1	0
5092	4877	5093	2	-1	-1	-1	0
4878	5094	5093	2	-1	-1	-1	0
5156	4952	4957	0	-1	-1	-1	0
5095	5094	4878	2	-1	-1	-1	0
5096	5095	4880	1	-1	-1	-1	0
5159	4957	4956	0	-1	-1	-1	0
5097	5096	4881	1	-1	-1	-1	0
4964	4953	5157	0	-1	-1	-1	0
4962	5158	4956	0	-1	-1	-1	0
5097	4882	5098	1	-1	-1	-1	0
4959	4958	5161	0	-1	-1	-1	0
4959	5161	4960	0	-1	-1	-1	0
4960	5162	4961	0	-1	-1	-1	0
5099	5100	4885	1	-1	-1	-1	0
4886	5101	5099	1	-1	-1	-1	0
4961	5163	4963	0	-1	-1	-1	0
4962	4963	5165	0	-1	-1	-1	0
4892	5103	5102	1	-1	-1	-1	0
4893	5104	5101	1	-1	-1	-1	0
4965	5169	4966	5	-1	-1	-1	0
5105	4893	5102	1	-1	-1	-1	0
5168	4965	4968	5	-1	-1	-1	0
4893	5105	5104	1	-1	-1	-1	0
4894	5106	5107	1	-1	-1	-1	0
5035	5040	5034	0	-1	-1	-1	0
4895	5107	5108	1	-1	-1	-1	0
4964	5167	4979	0	-1	-1	-1	0
4970	5171	4969	0	-1	-1	-1	0
4895	5108	5109	1	-1	-1	-1	0
5172	4970	4971	0	-1	-1	-1	0
4973	4969	5171	0	-1	-1	-1	0
5103	4898	5112	0	-1	-1	-1	0
4975	5170	4968	5	-1	-1	-1	0
5110	4896	5109	0	-1	-1	-1	0
4897	5110	5111	0	-1	-1	-1	0
4973	5173	4972	0	-1	-1	-1	0
4972	5173	4974	0	-1	-1	-1	0
4898	5111	5112	0	-1	-1	-1	0
4978	5172	4971	0	-1	-1	-1	0
4974	5175	4975	5	-1	-1	-1	0
5113	5114	4901	1	-1	-1	-1	0
5115	5113	4902	1	-1	-1	-1	0
4977	4976	5177	0	-1	-1	-1	0
5045	5042	5044	0	-1	-1	-1	0
4979	5177	4976	0	-1	-1	-1	0
4978	4977	5178	0	-1	-1	-1	0
5124	5004	5005	1	-1	-1	-1	0
4903	5114	5116	1	-1	-1	-1	0
4904	5116	5117	1	-1	-1	-1	0
5119	4907	5118	8	-1	-1	-1	0
4982	4981	5183	0	-1	-1	-1	0
5121	5118	4909	8	-1	-1	-1	0
5106	4918	5124	1	-1	-1	-1	0
4911	5123	5115	2	-1	-1	-1	0
4982	5184	4983	0	-1	-1	-1	0
4909	5120	5121	8	-1	-1	-1	0
4910	5122	5120	1	-1	-1	-1	0
5122	4913	5117	1	-1	-1	-1	0
5123	4911	5119	2	-1	-1	-1	0
4991	5182	4981	0	-1	-1	-1	0
4993	4983	5184	9	-1	-1	-1	0
5186	4988	4989	1	-1	-1	-1	0
5185	4990	4988	0	-1	-1	-1	0
4991	4990	5185	0	-1	-1	-1	0
4995	4993	5184	9	-1	-1	-1	0
5186	4989	4997	1	-1	-1	-1	0
4921	5127	5126	1	-1	-1	-1	0
4921	5125	5127	1	-1	-1	-1	0
5186	4997	4994	1	-1	-1	-1	0
5188	4994	4995	9	-1	-1	-1	0
4924	5126	5128	1	-1	-1	-1	0
4929	5132	5125	1	-1	-1	-1	0
4925	5128	5129	1	-1	-1	-1	0
5145	5098	4944	1	-1	-1	-1	0
5191	5000	4999	1	-1	-1	-1	0
5131	4928	5130	8	-1	-1	-1	0
5092	5151	4948	0	-1	-1	-1	0
5191	5001	5000	1	-1	-1	-1	0
4929	5131	5132	1	-1	-1	-1	0
4934	5129	5133	1	-1	-1	-1	0
5003	5001	5192	1	-1	-1	-1	0
5002	5003	5194	1	-1	-1	-1	0
4933	5133	5134	1	-1	-1	-1	0
5100	5152	4949	0	-1	-1	-1	0
5190	4999	5013	1	-1	-1	-1	0
4937	5136	5130	9	-1	-1	-1	0
5002	5194	5008	1	-1	-1	-1	0
4936	5134	5135	9	-1	-1	-1	0
5197	5005	5006	1	-1	-1	-1	0
5136	4937	5135	9	-1	-1	-1	0
5006	5007	5198	0	-1	-1	-1	0
5008	5199	5007	0	-1	-1	-1	0
5138	4939	5137	0	-1	-1	-1	0
4940	5138	5139	0	-1	-1	-1	0
4941	5139	5140	0	-1	-1	-1	0
5169	5088	4966	5	-1	-1	-1	0
5140	5142	4941	0	-1	-1	-1	0
5141	4941	5142	0	-1	-1	-1	0
4942	5141	5144	0	-1	-1	-1	0
5144	5143	4942	0	-1	-1	-1	0
5013	5027	5190	1	-1	-1	-1	0
5014	5015	5202	0	-1	-1	-1	0
5204	5015	5016	0	-1	-1	-1	0
5148	5145	4946	0	-1	-1	-1	0
5024	5014	5203	0	-1	-1	-1	0
4946	5147	5148	0	-1	-1	-1	0
4947	5146	5149	0	-1	-1	-1	0
4947	5149	5147	0	-1	-1	-1	0
4951	5155	5137	0	-1	-1	-1	0
5018	5208	5017	0	-1	-1	-1	0
5150	5146	4948	0	-1	-1	-1	0
5208	5019	5017	0	-1	-1	-1	0
5151	5150	4948	0	-1	-1	-1	0
5022	5209	5018	0	-1	-1	-1	0
5019	5210	5020	0	-1	-1	-1	0
5153	4950	5152	0	-1	-1	-1	0
5212	5021	5024	0	-1	-1	-1	0
4950	5153	5154	0	-1	-1	-1	0
5213	5023	5021	0	-1	-1	-1	0
5020	5211	5028	0	-1	-1	-1	0
5023	5215	5022	0	-1	-1	-1	0
4951	5154	5155	0	-1	-1	-1	0
5160	4958	5143	0	-1	-1	-1	0
5016	5041	5207	0	-1	-1	-1	0
5156	5157	4953	0	-1	-1	-1	0
5025	5026	5220	1	-1	-1	-1	0
5156	4957	5159	0	-1	-1	-1	0
5025	5220	5027	1	-1	-1	-1	0
5159	4956	5158	0	-1	-1	-1	0
5026	5030	5221	1	-1	-1	-1	0
5161	4958	5160	0	-1	-1	-1	0
5223	5029	5028	0	-1	-1	-1	0
5030	5029	5224	0	-1	-1	-1	0
4962	5165	5158	0	-1	-1	-1	0
5161	5162	4960	0	-1	-1	-1	0
5164	4961	5162	0	-1	-1	-1	0
5157	5167	4964	0	-1	-1	-1	0
4961	5164	5163	0	-1	-1	-1	0
5032	5031	5227	0	-1	-1	-1	0
5207	5041	5043	0	-1	-1	-1	0
4963	5163	5166	0	-1	-1	-1	0
4963	5166	5165	0	-1	-1	-1	0
5033	5032	5229	0	-1	-1	-1	0
5036	5227	5031	0	-1	-1	-1	0
5229	5035	5033	0	-1	-1	-1	0
4965	5168	5169	5	-1	-1	-1	0
5035	5230	5040	0	-1	-1	-1	0
5170	5168	4968	5	-1	-1	-1	0
5037	5232	5038	0	-1	-1	-1	0
5037	5039	5232	0	-1	-1	-1	0
5039	5040	5234	0	-1	-1	-1	0
5172	5171	4970	0	-1	-1	-1	0
4973	5171	5174	0	-1	-1	-1	0
5047	5038	5233	0	-1	-1	-1	0
4973	5174	5173	0	-1	-1	-1	0
5170	4975	5175	5	-1	-1	-1	0
5042	5236	5043	0	-1	-1	-1	0
5045	5236	5042	0	-1	-1	-1	0
4974	5173	5176	5	-1	-1	-1	0
5167	5177	4979	0	-1	-1	-1	0
5176	5175	4974	5	-1	-1	-1	0
5005	5196	5124	1	-1	-1	-1	0
5231	5036	5059	0	-1	-1	-1	0
5045	5046	5239	0	-1	-1	-1	0
5181	5172	4978	0	-1	-1	-1	0
5179	4977	5177	0	-1	-1	-1	0
5240	5046	5047	0	-1	-1	-1	0
5178	4977	5179	0	-1	-1	-1	0
5151	5092	5093	2	-1	-1	-1	0
5178	5180	4978	0	-1	-1	-1	0
5107	5106	5124	1	-1	-1	-1	0
5093	5094	5151	2	-1	-1	-1	0
4978	5180	5181	0	-1	-1	-1	0
5145	5097	5098	1	-1	-1	-1	0
5243	5048	5049	5	-1	-1	-1	0
5051	5048	5244	5	-1	-1	-1	0
4981	5182	5183	0	-1	-1	-1	0
5052	5245	5049	5	-1	-1	-1	0
5050	5051	5246	0	-1	-1	-1	0
5183	5184	4982	0	-1	-1	-1	0
5248	5053	5054	0	-1	-1	-1	0
5246	5060	5050	0	-1	-1	-1	0
5185	4988	5186	1	-1	-1	-1	0
5250	5054	5055	0	-1	-1	-1	0
4991	5187	5182	0	-1	-1	-1	0
5249	5058	5053	0	-1	-1	-1	0
5064	5245	5052	5	-1	-1	-1	0
5185	5187	4991	0	-1	-1	-1	0
5057	5251	5055	0	-1	-1	-1	0
5057	5056	5252	5	-1	-1	-1	0
5060	5246	5061	0	-1	-1	-1	0
5184	5189	4995	9	-1	-1	-1	0
5188	5186	4994	1	-1	-1	-1	0
5253	5056	5061	5	-1	-1	-1	0
5058	5255	5059	0	-1	-1	-1	0
5188	4995	5189	9	-1	-1	-1	0
5190	5191	4999	1	-1	-1	-1	0
5257	5063	5062	5	-1	-1	-1	0
5132	5127	5125	1	-1	-1	-1	0
5258	5064	5063	5	-1	-1	-1	0
5191	5193	5001	1	-1	-1	-1	0
5257	5062	5066	5	-1	-1	-1	0
5193	5192	5001	1	-1	-1	-1	0
5097	5145	5148	1	-1	-1	-1	0
5003	5192	5195	1	-1	-1	-1	0
5066	5065	5260	6	-1	-1	-1	0
5195	5194	5003	1	-1	-1	-1	0
5065	5070	5260	6	-1	-1	-1	0
5262	5068	5067	6	-1	-1	-1	0
5005	5197	5196	1	-1	-1	-1	0
5069	5068	5263	6	-1	-1	-1	0
5197	5006	5198	0	-1	-1	-1	0
5262	5067	5072	6	-1	-1	-1	0
5008	5194	5200	0	-1	-1	-1	0
5264	5070	5069	6	-1	-1	-1	0
5199	5198	5007	0	-1	-1	-1	0
5201	5199	5008	0	-1	-1	-1	0
5071	5266	5072	7	-1	-1	-1	0
5201	5008	5200	0	-1	-1	-1	0
5074	5266	5071	7	-1	-1	-1	0
5268	5074	5073	7	-1	-1	-1	0
5075	5268	5073	7	0	-1	-1	0
5014	5202	5203	0	-1	-1	-1	0
5205	5202	5015	0	-1	-1	-1	0
5076	5077	5270	7	-1	-1	-1	0
5015	5204	5205	0	-1	-1	-1	0
5270	5079	5076	7	-1	-1	-1	0
5206	5204	5016	0	-1	-1	-1	0
5206	5016	5207	0	-1	-1	-1	0
5272	5078	5079	7	-1	-1	-1	0
5083	5271	5077	7	-1	-1	-1	0
5081	5078	5272	7	-1	-1	0	0
5209	5208	5018	0	-1	-1	-1	0
5210	5019	5208	0	-1	-1	-1	0
5222	5190	5027	1	-1	-1	-1	0
5020	5210	5211	0	-1	-1	-1	0
5085	5082	5274	6	-1	-1	-1	0
5083	5084	5275	7	-1	-1	-1	0
5274	5082	5086	6	-1	-1	-1	0
5276	5084	5085	7	-1	-1	-1	0
5219	5024	5203	0	-1	-1	-1	0
5212	5214	5021	0	-1	-1	-1	0
5160	5143	5144	0	-1	-1	-1	0
5022	5216	5209	0	-1	-1	-1	0
5214	5213	5021	0	-1	-1	-1	0
5022	5215	5216	0	-1	-1	-1	0
5218	5023	5213	0	-1	-1	-1	0
5278	5086	5090	6	-1	-1	-1	0
5215	5023	5217	0	-1	-1	-1	0
5089	5279	5087	6	-1	-1	-1	0
5024	5219	5212	0	-1	-1	-1	0
5088	5280	5089	5	-1	-1	-1	0
5087	5279	5091	6	-1	-1	-1	0
5217	5023	5218	0	-1	-1	-1	0
5211	5223	5028	0	-1	-1	-1	0
5091	5282	5090	6	-1	-1	-1	0
5220	5026	5221	1	-1	-1	-1	0
5222	5027	5220	1	-1	-1	-1	0
5095	5285	5094	2	-1	-1	-1	0
5221	5030	5226	1	-1	-1	-1	0
5096	5286	5095	1	-1	-1	-1	0
5223	5225	5029	0	-1	-1	-1	0
5224	5029	5225	0	-1	-1	-1	0
5097	5286	5096	1	-1	-1	-1	0
5224	5226	5030	1	-1	-1	-1	0
5287	5100	5099	1	-1	-1	-1	0
5228	5032	5227	0	-1	-1	-1	0
5043	5237	5207	0	-1	-1	-1	0
5288	5099	5101	1	-1	-1	-1	0
5032	5228	5229	0	-1	-1	-1	0
5231	5227	5036	0	-1	-1	-1	0
5035	5229	5230	0	-1	-1	-1	0
5104	5289	5101	1	-1	-1	-1	0
5290	5102	5103	1	-1	-1	-1	0
5105	5102	5290	1	-1	-1	-1	0
5292	5104	5105	1	-1	-1	-1	0
5233	5038	5232	0	-1	-1	-1	0
5234	5232	5039	0	-1	-1	-1	0
5230	5235	5040	0	-1	-1	-1	0
5112	5291	5103	0	-1	-1	-1	0
5107	5294	5108	1	-1	-1	-1	0
5235	5234	5040	0	-1	-1	-1	0
5110	5109	5296	0	-1	-1	-1	0
5109	5108	5295	1	-1	-1	-1	0
5236	5238	5043	0	-1	-1	-1	0
5111	5110	5297	0	-1	-1	-1	0
5237	5043	5238	0	-1	-1	-1	0
5236	5045	5239	0	-1	-1	-1	0
5047	5233	5242	0	-1	-1	-1	0
5111	5300	5112	0	-1	-1	-1	0
5294	5107	5124	1	-1	-1	-1	0
5239	5046	5241	0	-1	-1	-1	0
5240	5241	5046	0	-1	-1	-1	0
5240	5047	5242	0	-1	-1	-1	0
5094	5284	5151	2	-1	-1	-1	0
5113	5303	5114	1	-1	-1	-1	0
5115	5302	5113	1	-1	-1	-1	0
5148	5286	5097	1	-1	-1	-1	0
5304	5116	5114	1	-1	-1	-1	0
5244	5048	5243	5	-1	-1	-1	0
5049	5245	5243	5	-1	-1	-1	0
5280	5088	5169	5	-1	-1	-1	0
5305	5117	5116	1	-1	-1	-1	0
5100	5287	5152	0	-1	-1	-1	0
5115	5123	5302	1	-1	-1	-1	0
5244	5247	5051	5	-1	-1	-1	0
5118	5306	5119	8	-1	-1	-1	0
5246	5051	5247	5	-1	-1	-1	0
5122	5117	5305	1	-1	-1	-1	0
5306	5118	5121	8	-1	-1	-1	0
5059	5255	5231	0	-1	-1	-1	0
5123	5119	5307	2	-1	-1	-1	0
5308	5121	5120	1	-1	-1	-1	0
5053	5248	5249	0	-1	-1	-1	0
5308	5120	5122	1	-1	-1	-1	0
5054	5250	5248	0	-1	-1	-1	0
5189	5183	5182	0	-1	-1	-1	0
5055	5251	5250	0	-1	-1	-1	0
5183	5189	5184	0	-1	-1	-1	0
5182	5187	5189	0	-1	-1	-1	0
5186	5188	5185	1	-1	-1	-1	0
5185	5188	5187	1	-1	-1	-1	0
5252	5056	5253	5	-1	-1	-1	0
5249	5255	5058	0	-1	-1	-1	0
5057	5254	5251	5	-1	-1	-1	0
5256	5061	5246	5	-1	-1	-1	0
5057	5252	5254	5	-1	-1	-1	0
5127	5311	5126	1	-1	-1	-1	0
5187	5188	5189	9	-1	-1	-1	0
5311	5128	5126	1	-1	-1	-1	0
5259	5245	5064	5	-1	-1	-1	0
5256	5253	5061	5	-1	-1	-1	0
5312	5127	5132	1	-1	-1	-1	0
5314	5129	5128	1	-1	-1	-1	0
5312	5132	5131	1	-1	-1	-1	0
5133	5129	5314	1	-1	-1	-1	0
5131	5130	5315	8	-1	-1	-1	0
5257	5258	5063	5	-1	-1	-1	0
5064	5258	5259	5	-1	-1	-1	0
5130	5136	5315	9	-1	-1	-1	0
5316	5134	5133	1	-1	-1	-1	0
5261	5257	5066	6	-1	-1	-1	0
5150	5151	5284	0	-1	-1	-1	0
5316	5135	5134	1	-1	-1	-1	0
5066	5260	5261	6	-1	-1	-1	0
5317	5136	5135	1	-1	-1	-1	0
5287	5153	5152	0	-1	-1	-1	0
5262	5263	5068	6	-1	-1	-1	0
5138	5137	5319	0	-1	-1	-1	0
5265	5260	5070	6	-1	-1	-1	0
5264	5069	5263	6	-1	-1	-1	0
5139	5138	5320	0	-1	-1	-1	0
5264	5265	5070	6	-1	-1	-1	0
5321	5140	5139	0	-1	-1	-1	0
5262	5072	5267	7	-1	-1	-1	0
5190	5222	5191	1	-1	-1	-1	0
5142	5140	5322	0	-1	-1	-1	0
5266	5267	5072	7	-1	-1	-1	0
5193	5191	5222	1	-1	-1	-1	0
5323	5141	5142	0	-1	-1	-1	0
5141	5323	5144	0	-1	-1	-1	0
5269	5266	5074	7	-1	-1	-1	0
5319	5137	5155	0	-1	-1	-1	0
5268	5269	5074	7	0	-1	-1	0
5294	5124	5196	1	-1	-1	-1	0
5205	5204	5206	0	-1	-1	-1	0
5270	5077	5271	7	-1	-1	-1	0
5273	5079	5270	7	-1	-1	-1	0
5328	5149	5146	0	-1	-1	-1	0
5272	5079	5273	7	-1	-1	0	0
5329	5148	5147	0	-1	-1	-1	0
5328	5146	5150	0	-1	-1	-1	0
5329	5147	5149	0	-1	-1	-1	0
5275	5271	5083	7	-1	-1	-1	0
5327	5160	5144	0	-1	-1	-1	0
5276	5275	5084	7	-1	-1	-1	0
5277	5085	5274	7	-1	-1	-1	0
5331	5154	5153	0	-1	-1	-1	0
5278	5274	5086	6	-1	-1	-1	0
5277	5276	5085	7	-1	-1	-1	0
5155	5154	5333	0	-1	-1	-1	0
5281	5279	5089	6	-1	-1	-1	0
5337	5157	5156	0	-1	-1	-1	0
5280	5281	5089	6	-1	-1	-1	0
5282	5278	5090	6	-1	-1	-1	0
5159	5336	5156	0	-1	-1	-1	0
5283	5091	5279	6	-1	-1	-1	0
5338	5159	5158	0	-1	-1	-1	0
5283	5282	5091	6	-1	-1	-1	0
5337	5167	5157	0	-1	-1	-1	0
5160	5341	5161	0	-1	-1	-1	0
5165	5339	5158	0	-1	-1	-1	0
5284	5094	5285	2	-1	-1	-1	0
5162	5161	5343	0	-1	-1	-1	0
5285	5095	5286	1	-1	-1	-1	0
5344	5164	5162	0	-1	-1	-1	0
5345	5163	5164	0	-1	-1	-1	0
5099	5288	5287	1	-1	-1	-1	0
5166	5163	5345	0	-1	-1	-1	0
5347	5165	5166	0	-1	-1	-1	0
5101	5289	5288	1	-1	-1	-1	0
5290	5103	5291	0	-1	-1	-1	0
5289	5104	5292	1	-1	-1	-1	0
5290	5293	5105	1	-1	-1	-1	0
5352	5169	5168	5	-1	-1	-1	0
5168	5170	5351	5	-1	-1	-1	0
5105	5293	5292	1	-1	-1	-1	0
5167	5350	5177	0	-1	-1	-1	0
5172	5354	5171	0	-1	-1	-1	0
5108	5294	5295	1	-1	-1	-1	0
5170	5175	5353	5	-1	-1	-1	0
5295	5296	5109	0	-1	-1	-1	0
5174	5171	5355	0	-1	-1	-1	0
5174	5356	5173	5	-1	-1	-1	0
5112	5301	5291	0	-1	-1	-1	0
5296	5298	5110	0	-1	-1	-1	0
5297	5110	5298	0	-1	-1	-1	0
5176	5173	5356	5	-1	-1	-1	0
5350	5179	5177	0	-1	-1	-1	0
5172	5181	5354	0	-1	-1	-1	0
5111	5297	5299	0	-1	-1	-1	0
5358	5175	5176	5	-1	-1	-1	0
5111	5299	5300	0	-1	-1	-1	0
5300	5301	5112	0	-1	-1	-1	0
5360	5178	5179	0	-1	-1	-1	0
5302	5303	5113	1	-1	-1	-1	0
5180	5178	5361	0	-1	-1	-1	0
5303	5304	5114	1	-1	-1	-1	0
5116	5304	5305	1	-1	-1	-1	0
5365	5181	5180	0	-1	-1	-1	0
5307	5119	5306	8	-1	-1	-1	0
5310	5302	5123	1	-1	-1	-1	0
5305	5308	5122	1	-1	-1	-1	0
5309	5306	5121	1	-1	-1	-1	0
5308	5309	5121	1	-1	-1	-1	0
5123	5307	5310	1	-1	-1	-1	0
5247	5256	5246	5	-1	-1	-1	0
5311	5127	5313	1	-1	-1	-1	0
5127	5312	5313	1	-1	-1	-1	0
5128	5311	5314	1	-1	-1	-1	0
5193	5369	5192	1	-1	-1	-1	0
5192	5368	5195	1	-1	-1	-1	0
5312	5131	5315	1	-1	-1	-1	0
5195	5372	5194	0	-1	-1	-1	0
5284	5328	5150	0	-1	-1	-1	0
5148	5329	5286	1	-1	-1	-1	0
5314	5316	5133	1	-1	-1	-1	0
5194	5372	5200	0	-1	-1	-1	0
5196	5197	5374	1	-1	-1	-1	0
5316	5317	5135	1	-1	-1	-1	0
5136	5318	5315	1	-1	-1	-1	0
5136	5317	5318	1	-1	-1	-1	0
5197	5198	5376	0	-1	-1	-1	0
5332	5153	5287	0	-1	-1	-1	0
5377	5198	5199	0	-1	-1	-1	0
5138	5319	5320	0	-1	-1	-1	0
5377	5199	5201	0	-1	-1	-1	0
5378	5201	5200	0	-1	-1	-1	0
5320	5321	5139	0	-1	-1	-1	0
5321	5322	5140	0	-1	-1	-1	0
5203	5202	5380	0	-1	-1	-1	0
5371	5193	5222	1	-1	-1	-1	0
5202	5205	5380	0	-1	-1	-1	0
5322	5325	5142	0	-1	-1	-1	0
5326	5323	5142	0	-1	-1	-1	0
5325	5324	5142	0	-1	-1	-1	0
5326	5142	5324	0	-1	-1	-1	0
5144	5323	5327	0	-1	-1	-1	0
5205	5206	5383	0	-1	-1	-1	0
5207	5384	5206	0	-1	-1	-1	0
5280	5169	5352	5	-1	-1	-1	0
5208	5209	5385	0	-1	-1	-1	0
5385	5210	5208	0	-1	-1	-1	0
5219	5203	5381	0	-1	-1	-1	0
5330	5149	5328	0	-1	-1	-1	0
5334	5319	5155	0	-1	-1	-1	0
5330	5329	5149	0	-1	-1	-1	0
5387	5211	5210	0	-1	-1	-1	0
5386	5209	5216	0	-1	-1	-1	0
5222	5220	5371	1	-1	-1	-1	0
5212	5389	5214	0	-1	-1	-1	0
5331	5153	5332	0	-1	-1	-1	0
5213	5214	5390	0	-1	-1	-1	0
5154	5331	5333	0	-1	-1	-1	0
5219	5389	5212	0	-1	-1	-1	0
5211	5388	5223	0	-1	-1	-1	0
5155	5333	5334	0	-1	-1	-1	0
5213	5392	5218	0	-1	-1	-1	0
5395	5215	5217	0	-1	-1	-1	0
5335	5156	5336	0	-1	-1	-1	0
5216	5215	5396	0	-1	-1	-1	0
5156	5335	5337	0	-1	-1	-1	0
5237	5384	5207	0	-1	-1	-1	0
5327	5342	5160	0	-1	-1	-1	0
5218	5399	5217	0	-1	-1	-1	0
5159	5340	5336	0	-1	-1	-1	0
5158	5339	5338	0	-1	-1	-1	0
5159	5338	5340	0	-1	-1	-1	0
5221	5402	5220	1	-1	-1	-1	0
5160	5342	5341	0	-1	-1	-1	0
5161	5341	5343	0	-1	-1	-1	0
5344	5162	5343	0	-1	-1	-1	0
5226	5402	5221	1	-1	-1	-1	0
5223	5403	5225	0	-1	-1	-1	0
5165	5347	5339	0	-1	-1	-1	0
5225	5404	5224	1	-1	-1	-1	0
5349	5167	5337	0	-1	-1	-1	0
5226	5224	5404	1	-1	-1	-1	0
5346	5164	5344	0	-1	-1	-1	0
5345	5164	5346	0	-1	-1	-1	0
5166	5345	5348	0	-1	-1	-1	0
5348	5347	5166	0	-1	-1	-1	0
5227	5408	5228	0	-1	-1	-1	0
5374	5294	5196	1	-1	-1	-1	0
5407	5227	5231	0	-1	-1	-1	0
5409	5229	5228	0	-1	-1	-1	0
5350	5167	5349	0	-1	-1	-1	0
5230	5229	5412	0	-1	-1	-1	0
5351	5352	5168	5	-1	-1	-1	0
5351	5170	5353	5	-1	-1	-1	0
5413	5235	5230	0	-1	-1	-1	0
5355	5171	5354	0	-1	-1	-1	0
5416	5233	5232	0	-1	-1	-1	0
5416	5232	5234	0	-1	-1	-1	0
5353	5175	5358	5	-1	-1	-1	0
5355	5357	5174	5	-1	-1	-1	0
5235	5417	5234	0	-1	-1	-1	0
5174	5357	5356	5	-1	-1	-1	0
5416	5242	5233	0	-1	-1	-1	0
5176	5356	5359	5	-1	-1	-1	0
5350	5363	5179	0	-1	-1	-1	0
5359	5358	5176	5	-1	-1	-1	0
5420	5238	5236	0	-1	-1	-1	0
5420	5236	5239	0	-1	-1	-1	0
5238	5421	5237	0	-1	-1	-1	0
5284	5285	5330	2	-1	-1	-1	0
5361	5178	5360	0	-1	-1	-1	0
5414	5231	5255	0	-1	-1	-1	0
5286	5329	5285	1	-1	-1	-1	0
5179	5362	5360	0	-1	-1	-1	0
5354	5181	5366	0	-1	-1	-1	0
5241	5424	5239	0	-1	-1	-1	0
5362	5179	5363	0	-1	-1	-1	0
5361	5364	5180	0	-1	-1	-1	0
5425	5240	5242	0	-1	-1	-1	0
5288	5332	5287	1	-1	-1	-1	0
5426	5241	5240	0	-1	-1	-1	0
5364	5365	5180	0	-1	-1	-1	0
5367	5181	5365	0	-1	-1	-1	0
5181	5367	5366	0	-1	-1	-1	0
5310	5303	5302	1	-1	-1	-1	0
5244	5243	5430	5	-1	-1	-1	0
5431	5243	5245	5	-1	-1	-1	0
5244	5432	5247	5	-1	-1	-1	0
5369	5368	5192	1	-1	-1	-1	0
5249	5248	5434	0	-1	-1	-1	0
5193	5370	5369	1	-1	-1	-1	0
5435	5248	5250	0	-1	-1	-1	0
5371	5370	5193	1	-1	-1	-1	0
5259	5431	5245	5	-1	-1	-1	0
5433	5256	5247	5	-1	-1	-1	0
5435	5250	5251	0	-1	-1	-1	0
5195	5368	5373	0	-1	-1	-1	0
5249	5436	5255	0	-1	-1	-1	0
5373	5372	5195	0	-1	-1	-1	0
5330	5328	5284	0	-1	-1	-1	0
5313	5312	5318	1	-1	-1	-1	0
5438	5251	5254	5	-1	-1	-1	0
5253	5440	5252	5	-1	-1	-1	0
5330	5285	5329	1	-1	-1	-1	0
5312	5315	5318	1	-1	-1	-1	0
5254	5252	5439	5	-1	-1	-1	0
5197	5375	5374	0	-1	-1	-1	0
5197	5376	5375	0	-1	-1	-1	0
5313	5318	5317	1	-1	-1	-1	0
5200	5372	5378	0	-1	-1	-1	0
5441	5253	5256	5	-1	-1	-1	0
5377	5201	5379	0	-1	-1	-1	0
5376	5198	5377	0	-1	-1	-1	0
5201	5378	5379	0	-1	-1	-1	0
5257	5444	5258	6	-1	-1	-1	0
5259	5258	5445	6	-1	-1	-1	0
5444	5257	5261	6	-1	-1	-1	0
5374	5295	5294	1	-1	-1	-1	0
5381	5203	5380	0	-1	-1	-1	0
5382	5380	5205	0	-1	-1	-1	0
5447	5261	5260	6	-1	-1	-1	0
5383	5382	5205	0	-1	-1	-1	0
5265	5447	5260	6	-1	-1	-1	0
5206	5384	5383	0	-1	-1	-1	0
5449	5263	5262	7	-1	-1	-1	0
5326	5327	5323	0	-1	-1	-1	0
5264	5263	5450	7	-1	-1	-1	0
5262	5267	5449	7	-1	-1	-1	0
5386	5385	5209	0	-1	-1	-1	0
5451	5265	5264	7	-1	-1	-1	0
5387	5210	5385	0	-1	-1	-1	0
5387	5388	5211	0	-1	-1	-1	0
5267	5266	5453	7	-1	-1	-1	0
5269	5453	5266	7	0	-1	-1	0
5402	5371	5220	1	-1	-1	-1	0
5390	5391	5213	0	-1	-1	-1	0
5271	5455	5270	7	-1	-1	-1	0
5214	5389	5393	0	-1	-1	-1	0
5213	5391	5392	0	-1	-1	-1	0
5394	5390	5214	0	-1	-1	-1	0
5455	5273	5270	7	0	-1	-1	0
5386	5216	5398	0	-1	-1	-1	0
5381	5401	5219	0	-1	-1	-1	0
5214	5393	5394	0	-1	-1	-1	0
5456	5271	5275	7	-1	-1	-1	0
5396	5215	5395	0	-1	-1	-1	0
5457	5277	5274	7	-1	-1	-1	0
5274	5278	5457	7	-1	-1	-1	0
5216	5396	5397	0	-1	-1	-1	0
5276	5458	5275	7	-1	-1	-1	0
5389	5219	5401	0	-1	-1	-1	0
5392	5400	5218	0	-1	-1	-1	0
5399	5395	5217	0	-1	-1	-1	0
5216	5397	5398	0	-1	-1	-1	0
5459	5276	5277	7	-1	-1	-1	0
5388	5403	5223	0	-1	-1	-1	0
5400	5399	5218	0	-1	-1	-1	0
5282	5461	5278	7	-1	-1	-1	0
5279	5281	5462	6	-1	-1	-1	0
5280	5463	5281	6	-1	-1	-1	0
5279	5462	5283	6	-1	-1	-1	0
5465	5282	5283	7	-1	-1	-1	0
5225	5403	5405	1	-1	-1	-1	0
5405	5404	5225	1	-1	-1	-1	0
5402	5226	5406	1	-1	-1	-1	0
5226	5404	5406	1	-1	-1	-1	0
5408	5227	5407	0	-1	-1	-1	0
5237	5422	5384	0	-1	-1	-1	0
5289	5468	5288	1	-1	-1	-1	0
5228	5408	5409	0	-1	-1	-1	0
5409	5411	5229	0	-1	-1	-1	0
5410	5229	5411	0	-1	-1	-1	0
5410	5412	5229	0	-1	-1	-1	0
5292	5470	5289	1	-1	-1	-1	0
5290	5291	5471	0	-1	-1	-1	0
5231	5415	5407	0	-1	-1	-1	0
5471	5293	5290	0	-1	-1	-1	0
5413	5230	5412	0	-1	-1	-1	0
5293	5473	5292	1	-1	-1	-1	0
5414	5415	5231	0	-1	-1	-1	0
5472	5291	5301	0	-1	-1	-1	0
5235	5413	5418	0	-1	-1	-1	0
5475	5296	5295	0	-1	-1	-1	0
5417	5416	5234	0	-1	-1	-1	0
5298	5296	5476	0	-1	-1	-1	0
5235	5419	5417	0	-1	-1	-1	0
5418	5419	5235	0	-1	-1	-1	0
5477	5297	5298	0	-1	-1	-1	0
5299	5297	5477	0	-1	-1	-1	0
5355	5354	5366	0	-1	-1	-1	0
5480	5300	5299	0	-1	-1	-1	0
5421	5422	5237	0	-1	-1	-1	0
5238	5420	5423	0	-1	-1	-1	0
5423	5421	5238	0	-1	-1	-1	0
5300	5481	5301	0	-1	-1	-1	0
5420	5239	5424	0	-1	-1	-1	0
5242	5416	5429	0	-1	-1	-1	0
5467	5332	5288	1	-1	-1	-1	0
5426	5240	5425	0	-1	-1	-1	0
5303	5484	5304	1	-1	-1	-1	0
5424	5241	5428	0	-1	-1	-1	0
5426	5427	5241	0	-1	-1	-1	0
5305	5304	5485	1	-1	-1	-1	0
5352	5463	5280	6	-1	-1	-1	0
5242	5429	5425	0	-1	-1	-1	0
5241	5427	5428	0	-1	-1	-1	0
5303	5310	5484	1	-1	-1	-1	0
5485	5308	5305	1	-1	-1	-1	0
5307	5306	5486	1	-1	-1	-1	0
5306	5309	5486	1	-1	-1	-1	0
5309	5308	5485	1	-1	-1	-1	0
5307	5486	5310	1	-1	-1	-1	0
5431	5430	5243	5	-1	-1	-1	0
5430	5432	5244	5	-1	-1	-1	0
5487	5311	5313	1	-1	-1	-1	0
5255	5443	5414	0	-1	-1	-1	0
5487	5314	5311	1	-1	-1	-1	0
5432	5433	5247	5	-1	-1	-1	0
5434	5248	5435	0	-1	-1	-1	0
5487	5316	5314	1	-1	-1	-1	0
5487	5313	5317	1	-1	-1	-1	0
5434	5437	5249	0	-1	-1	-1	0
5317	5316	5487	1	-1	-1	-1	0
5249	5437	5436	0	-1	-1	-1	0
5438	5435	5251	5	-1	-1	-1	0
5319	5488	5320	0	-1	-1	-1	0
5441	5256	5433	5	-1	-1	-1	0
5320	5489	5321	0	-1	-1	-1	0
5252	5440	5439	5	-1	-1	-1	0
5321	5491	5322	0	-1	-1	-1	0
5441	5440	5253	5	-1	-1	-1	0
5436	5443	5255	0	-1	-1	-1	0
5442	5438	5254	5	-1	-1	-1	0
5442	5254	5439	5	-1	-1	-1	0
5431	5259	5446	6	-1	-1	-1	0
5373	5392	5372	0	-1	-1	-1	0
5322	5492	5325	0	-1	-1	-1	0
5319	5334	5488	0	-1	-1	-1	0
5325	5493	5324	0	-1	-1	-1	0
5372	5392	5378	0	-1	-1	-1	0
5475	5295	5374	0	-1	-1	-1	0
5324	5494	5326	0	-1	-1	-1	0
5258	5444	5445	6	-1	-1	-1	0
5446	5259	5445	6	-1	-1	-1	0
5326	5497	5327	0	-1	-1	-1	0
5444	5261	5448	6	-1	-1	-1	0
5447	5448	5261	6	-1	-1	-1	0
5332	5498	5331	0	-1	-1	-1	0
5391	5378	5392	0	-1	-1	-1	0
5450	5263	5449	7	-1	-1	-1	0
5331	5499	5333	0	-1	-1	-1	0
5447	5265	5452	7	-1	-1	-1	0
5450	5451	5264	7	-1	-1	-1	0
5392	5373	5400	0	-1	-1	-1	0
5497	5342	5327	0	-1	-1	-1	0
5334	5333	5501	0	-1	-1	-1	0
5452	5265	5451	7	-1	-1	-1	0
5454	5449	5267	7	-1	-1	-1	0
5454	5267	5453	7	-1	-1	0	0
5503	5335	5336	0	-1	-1	-1	0
5504	5337	5335	0	-1	-1	-1	0
5406	5371	5402	1	-1	-1	-1	0
5505	5336	5340	0	-1	-1	-1	0
5456	5455	5271	7	0	-1	-1	0
5506	5338	5339	0	-1	-1	-1	0
5506	5340	5338	0	-1	-1	-1	0
5458	5456	5275	7	0	-1	-1	0
5384	5422	5383	0	-1	-1	-1	0
5504	5349	5337	0	-1	-1	-1	0
5342	5509	5341	0	-1	-1	-1	0
5509	5343	5341	0	-1	-1	-1	0
5507	5339	5347	0	-1	-1	-1	0
5458	5276	5459	7	-1	-1	0	0
5460	5277	5457	7	-1	-1	-1	0
5459	5277	5460	7	-1	-1	0	0
5343	5509	5344	0	-1	-1	-1	0
5457	5278	5461	7	-1	-1	-1	0
5344	5511	5346	0	-1	-1	-1	0
5513	5345	5346	0	-1	-1	-1	0
5513	5348	5345	0	-1	-1	-1	0
5464	5462	5281	6	-1	-1	-1	0
5461	5282	5465	7	-1	-1	-1	0
5464	5281	5463	6	-1	-1	-1	0
5347	5348	5515	0	-1	-1	-1	0
5462	5466	5283	7	-1	-1	-1	0
5283	5466	5465	7	-1	-1	-1	0
5350	5349	5516	0	-1	-1	-1	0
5351	5519	5352	6	-1	-1	-1	0
5353	5518	5351	6	-1	-1	-1	0
5468	5467	5288	1	-1	-1	-1	0
5475	5374	5375	0	-1	-1	-1	0
5469	5468	5289	1	-1	-1	-1	0
5289	5470	5469	1	-1	-1	-1	0
5517	5363	5350	0	-1	-1	-1	0
5358	5520	5353	6	-1	-1	-1	0
5355	5521	5357	5	-1	-1	-1	0
5472	5471	5291	0	-1	-1	-1	0
5473	5470	5292	1	-1	-1	-1	0
5522	5356	5357	5	-1	-1	-1	0
5522	5359	5356	5	-1	-1	-1	0
5293	5471	5474	0	-1	-1	-1	0
5293	5474	5473	0	-1	-1	-1	0
5358	5359	5524	6	-1	-1	-1	0
5366	5521	5355	5	-1	-1	-1	0
5526	5361	5360	0	-1	-1	-1	0
5476	5296	5475	0	-1	-1	-1	0
5360	5362	5527	0	-1	-1	-1	0
5476	5478	5298	0	-1	-1	-1	0
5477	5298	5478	0	-1	-1	-1	0
5529	5364	5361	0	-1	-1	-1	0
5299	5477	5479	0	-1	-1	-1	0
5530	5362	5363	0	-1	-1	-1	0
5472	5301	5483	0	-1	-1	-1	0
5299	5479	5480	0	-1	-1	-1	0
5365	5364	5531	0	-1	-1	-1	0
5416	5417	5429	0	-1	-1	-1	0
5480	5482	5300	0	-1	-1	-1	0
5300	5482	5481	0	-1	-1	-1	0
5365	5531	5367	0	-1	-1	-1	0
5367	5532	5366	5	-1	-1	-1	0
5301	5481	5483	0	-1	-1	-1	0
5369	5535	5368	1	-1	-1	-1	0
5484	5485	5304	1	-1	-1	-1	0
5536	5369	5370	1	-1	-1	-1	0
5534	5373	5368	0	-1	-1	-1	0
5537	5370	5371	1	-1	-1	-1	0
5485	5484	5309	1	-1	-1	-1	0
5484	5486	5309	1	-1	-1	-1	0
5484	5310	5486	1	-1	-1	-1	0
5538	5375	5376	0	-1	-1	-1	0
5376	5377	5539	0	-1	-1	-1	0
5377	5379	5540	0	-1	-1	-1	0
5489	5320	5488	0	-1	-1	-1	0
5498	5332	5467	1	-1	-1	-1	0
5378	5542	5379	0	-1	-1	-1	0
5489	5490	5321	0	-1	-1	-1	0
5490	5491	5321	0	-1	-1	-1	0
5380	5544	5381	0	-1	-1	-1	0
5322	5491	5492	0	-1	-1	-1	0
5380	5382	5544	0	-1	-1	-1	0
5534	5400	5373	0	-1	-1	-1	0
5494	5324	5493	0	-1	-1	-1	0
5383	5546	5382	0	-1	-1	-1	0
5378	5391	5542	0	-1	-1	-1	0
5495	5325	5492	0	-1	-1	-1	0
5325	5495	5493	0	-1	-1	-1	0
5406	5537	5371	1	-1	-1	-1	0
5494	5496	5326	0	-1	-1	-1	0
5496	5497	5326	0	-1	-1	-1	0
5386	5549	5385	0	-1	-1	-1	0
5549	5387	5385	0	-1	-1	-1	0
5488	5334	5502	0	-1	-1	-1	0
5550	5388	5387	0	-1	-1	-1	0
5381	5545	5401	0	-1	-1	-1	0
5331	5498	5499	0	-1	-1	-1	0
5499	5500	5333	0	-1	-1	-1	0
5398	5549	5386	0	-1	-1	-1	0
5500	5501	5333	0	-1	-1	-1	0
5352	5519	5463	6	-1	-1	-1	0
5555	5393	5389	0	-1	-1	-1	0
5390	5556	5391	0	-1	-1	-1	0
5502	5334	5501	0	-1	-1	-1	0
5556	5390	5394	0	-1	-1	-1	0
5504	5335	5503	0	-1	-1	-1	0
5505	5503	5336	0	-1	-1	-1	0
5403	5388	5553	0	-1	-1	-1	0
5554	5389	5401	0	-1	-1	-1	0
5394	5393	5557	0	-1	-1	-1	0
5510	5342	5497	0	-1	-1	-1	0
5396	5395	5560	0	-1	-1	-1	0
5505	5340	5506	0	-1	-1	-1	0
5548	5383	5422	0	-1	-1	-1	0
5506	5339	5508	0	-1	-1	-1	0
5561	5397	5396	0	-1	-1	-1	0
5339	5507	5508	0	-1	-1	-1	0
5399	5560	5395	0	-1	-1	-1	0
5398	5397	5563	0	-1	-1	-1	0
5509	5342	5510	0	-1	-1	-1	0
5512	5344	5509	0	-1	-1	-1	0
5400	5567	5399	0	-1	-1	-1	0
5344	5512	5511	0	-1	-1	-1	0
5347	5515	5507	0	-1	-1	-1	0
5516	5349	5504	0	-1	-1	-1	0
5511	5514	5346	0	-1	-1	-1	0
5514	5513	5346	0	-1	-1	-1	0
5513	5515	5348	0	-1	-1	-1	0
5403	5569	5405	1	-1	-1	-1	0
5404	5405	5570	1	-1	-1	-1	0
5571	5406	5404	1	-1	-1	-1	0
5517	5350	5516	0	-1	-1	-1	0
5572	5408	5407	0	-1	-1	-1	0
5351	5518	5519	6	-1	-1	-1	0
5538	5475	5375	0	-1	-1	-1	0
5573	5409	5408	0	-1	-1	-1	0
5518	5353	5520	6	-1	-1	-1	0
5411	5409	5573	0	-1	-1	-1	0
5572	5407	5415	0	-1	-1	-1	0
5574	5412	5410	0	-1	-1	-1	0
5575	5410	5411	0	-1	-1	-1	0
5521	5523	5357	5	-1	-1	-1	0
5412	5577	5413	0	-1	-1	-1	0
5520	5358	5524	6	-1	-1	-1	0
5357	5523	5522	5	-1	-1	-1	0
5359	5522	5525	6	-1	-1	-1	0
5525	5524	5359	6	-1	-1	-1	0
5414	5580	5415	0	-1	-1	-1	0
5413	5579	5418	0	-1	-1	-1	0
5517	5530	5363	0	-1	-1	-1	0
5526	5360	5527	0	-1	-1	-1	0
5361	5526	5528	0	-1	-1	-1	0
5472	5474	5471	0	-1	-1	-1	0
5361	5528	5529	0	-1	-1	-1	0
5366	5532	5521	5	-1	-1	-1	0
5530	5527	5362	0	-1	-1	-1	0
5419	5585	5417	0	-1	-1	-1	0
5419	5418	5587	0	-1	-1	-1	0
5529	5531	5364	0	-1	-1	-1	0
5584	5429	5417	0	-1	-1	-1	0
5531	5533	5367	5	-1	-1	-1	0
5420	5589	5423	0	-1	-1	-1	0
5367	5533	5532	5	-1	-1	-1	0
5422	5421	5591	0	-1	-1	-1	0
5420	5424	5590	0	-1	-1	-1	0
5591	5421	5423	0	-1	-1	-1	0
5535	5534	5368	0	-1	-1	-1	0
5443	5581	5414	0	-1	-1	-1	0
5369	5536	5535	1	-1	-1	-1	0
5428	5590	5424	0	-1	-1	-1	0
5537	5536	5370	1	-1	-1	-1	0
5595	5426	5425	0	-1	-1	-1	0
5429	5595	5425	0	-1	-1	-1	0
5427	5426	5596	0	-1	-1	-1	0
5538	5376	5539	0	-1	-1	-1	0
5428	5427	5598	0	-1	-1	-1	0
5541	5539	5377	0	-1	-1	-1	0
5377	5540	5541	0	-1	-1	-1	0
5599	5432	5430	6	-1	-1	-1	0
5430	5431	5600	6	-1	-1	-1	0
5543	5379	5542	0	-1	-1	-1	0
5379	5543	5540	0	-1	-1	-1	0
5433	5432	5601	6	-1	-1	-1	0
5544	5545	5381	0	-1	-1	-1	0
5604	5434	5435	5	-1	-1	-1	0
5382	5547	5544	0	-1	-1	-1	0
5437	5434	5603	5	-1	-1	-1	0
5546	5547	5382	0	-1	-1	-1	0
5383	5548	5546	0	-1	-1	-1	0
5441	5433	5602	6	-1	-1	-1	0
5604	5435	5438	5	-1	-1	-1	0
5446	5600	5431	6	-1	-1	-1	0
5605	5436	5437	0	-1	-1	-1	0
5436	5605	5443	0	-1	-1	-1	0
5607	5438	5442	5	-1	-1	-1	0
5387	5549	5551	0	-1	-1	-1	0
5439	5440	5609	6	-1	-1	-1	0
5551	5550	5387	0	-1	-1	-1	0
5391	5556	5542	0	-1	-1	-1	0
5442	5439	5608	6	-1	-1	-1	0
5550	5552	5388	0	-1	-1	-1	0
5441	5610	5440	6	-1	-1	-1	0
5553	5388	5552	0	-1	-1	-1	0
5555	5389	5554	0	-1	-1	-1	0
5445	5444	5612	6	-1	-1	-1	0
5534	5567	5400	0	-1	-1	-1	0
5445	5613	5446	6	-1	-1	-1	0
5444	5448	5612	6	-1	-1	-1	0
5393	5555	5557	0	-1	-1	-1	0
5394	5559	5556	0	-1	-1	-1	0
5558	5394	5557	0	-1	-1	-1	0
5447	5615	5448	7	-1	-1	-1	0
5394	5558	5559	0	-1	-1	-1	0
5549	5398	5565	0	-1	-1	-1	0
5401	5545	5568	0	-1	-1	-1	0
5452	5615	5447	7	-1	-1	-1	0
5406	5571	5537	1	-1	-1	-1	0
5617	5450	5449	7	-1	-1	-1	0
5396	5560	5561	0	-1	-1	-1	0
5618	5451	5450	7	-1	-1	-1	0
5562	5397	5561	0	-1	-1	-1	0
5454	5617	5449	7	0	-1	-1	0
5451	5619	5452	7	-1	-1	-1	0
5563	5397	5562	0	-1	-1	-1	0
5568	5554	5401	0	-1	-1	-1	0
5398	5563	5564	0	-1	-1	-1	0
5569	5403	5553	1	-1	-1	-1	0
5566	5560	5399	0	-1	-1	-1	0
5565	5398	5564	0	-1	-1	-1	0
5512	5509	5510	0	-1	-1	-1	0
5567	5566	5399	0	-1	-1	-1	0
5621	5460	5457	7	0	-1	-1	0
5461	5621	5457	7	-1	-1	-1	0
5569	5570	5405	1	-1	-1	-1	0
5404	5570	5571	1	-1	-1	-1	0
5622	5461	5465	7	-1	-1	-1	0
5623	5462	5464	7	-1	-1	-1	0
5623	5466	5462	7	-1	-1	-1	0
5463	5624	5464	6	-1	-1	-1	0
5408	5572	5573	0	-1	-1	-1	0
5626	5465	5466	7	-1	-1	-1	0
5574	5410	5575	0	-1	-1	-1	0
5576	5411	5573	0	-1	-1	-1	0
5576	5575	5411	0	-1	-1	-1	0
5628	5467	5468	1	-1	-1	-1	0
5548	5422	5593	0	-1	-1	-1	0
5412	5574	5578	0	-1	-1	-1	0
5469	5629	5468	1	-1	-1	-1	0
5578	5577	5412	0	-1	-1	-1	0
5469	5470	5630	1	-1	-1	-1	0
5577	5579	5413	0	-1	-1	-1	0
5572	5415	5582	0	-1	-1	-1	0
5580	5414	5581	0	-1	-1	-1	0
5473	5633	5470	1	-1	-1	-1	0
5580	5583	5415	0	-1	-1	-1	0
5415	5583	5582	0	-1	-1	-1	0
5474	5472	5634	0	-1	-1	-1	0
5473	5474	5635	0	-1	-1	-1	0
5586	5418	5579	0	-1	-1	-1	0
5584	5417	5585	0	-1	-1	-1	0
5476	5475	5636	0	-1	-1	-1	0
5634	5472	5483	0	-1	-1	-1	0
5478	5476	5636	0	-1	-1	-1	0
5418	5586	5587	0	-1	-1	-1	0
5419	5588	5585	0	-1	-1	-1	0
5477	5478	5637	0	-1	-1	-1	0
5467	5628	5498	1	-1	-1	-1	0
5419	5587	5588	0	-1	-1	-1	0
5638	5479	5477	0	-1	-1	-1	0
5589	5420	5590	0	-1	-1	-1	0
5480	5479	5641	0	-1	-1	-1	0
5482	5480	5643	0	-1	-1	-1	0
5422	5591	5592	0	-1	-1	-1	0
5423	5589	5594	0	-1	-1	-1	0
5519	5624	5463	6	-1	-1	-1	0
5422	5592	5593	0	-1	-1	-1	0
5429	5584	5595	0	-1	-1	-1	0
5483	5481	5644	0	-1	-1	-1	0
5482	5645	5481	0	-1	-1	-1	0
5423	5594	5591	0	-1	-1	-1	0
5428	5598	5590	0	-1	-1	-1	0
5597	5426	5595	0	-1	-1	-1	0
5597	5596	5426	0	-1	-1	-1	0
5598	5427	5596	0	-1	-1	-1	0
5488	5648	5489	0	-1	-1	-1	0
5490	5489	5649	0	-1	-1	-1	0
5491	5645	5492	0	-1	-1	-1	0
5581	5443	5605	0	-1	-1	-1	0
5600	5599	5430	6	-1	-1	-1	0
5491	5490	5650	0	-1	-1	-1	0
5432	5599	5601	6	-1	-1	-1	0
5495	5492	5646	0	-1	-1	-1	0
5602	5433	5601	6	-1	-1	-1	0
5567	5534	5535	0	-1	-1	-1	0
5488	5502	5648	0	-1	-1	-1	0
5494	5493	5652	0	-1	-1	-1	0
5653	5493	5495	0	-1	-1	-1	0
5603	5434	5604	5	-1	-1	-1	0
5542	5559	5543	0	-1	-1	-1	0
5655	5496	5494	0	-1	-1	-1	0
5603	5606	5437	5	-1	-1	-1	0
5605	5437	5606	5	-1	-1	-1	0
5607	5604	5438	5	-1	-1	-1	0
5636	5475	5538	0	-1	-1	-1	0
5497	5496	5657	0	-1	-1	-1	0
5602	5610	5441	6	-1	-1	-1	0
5499	5498	5659	0	-1	-1	-1	0
5609	5608	5439	6	-1	-1	-1	0
5556	5559	5542	0	-1	-1	-1	0
5660	5500	5499	0	-1	-1	-1	0
5440	5610	5609	6	-1	-1	-1	0
5446	5614	5600	6	-1	-1	-1	0
5611	5607	5442	6	-1	-1	-1	0
5608	5611	5442	6	-1	-1	-1	0
5501	5500	5662	0	-1	-1	-1	0
5549	5565	5551	0	-1	-1	-1	0
5497	5658	5510	0	-1	-1	-1	0
5501	5663	5502	0	-1	-1	-1	0
5612	5613	5445	6	-1	-1	-1	0
5504	5503	5665	0	-1	-1	-1	0
5613	5614	5446	6	-1	-1	-1	0
5665	5503	5505	0	-1	-1	-1	0
5448	5616	5612	7	-1	-1	-1	0
5506	5667	5505	0	-1	-1	-1	0
5616	5448	5615	7	-1	-1	-1	0
5508	5669	5506	0	-1	-1	-1	0
5450	5617	5618	7	-1	0	-1	0
5671	5508	5507	0	-1	-1	-1	0
5504	5666	5516	0	-1	-1	-1	0
5620	5615	5452	7	-1	-1	-1	0
5618	5619	5451	7	0	-1	-1	0
5619	5620	5452	7	0	-1	-1	0
5670	5507	5515	0	-1	-1	-1	0
5510	5674	5512	0	-1	-1	-1	0
5512	5675	5511	0	-1	-1	-1	0
5514	5511	5675	0	-1	-1	-1	0
5514	5676	5513	0	-1	-1	-1	0
5621	5461	5622	7	-1	-1	0	0
5676	5515	5513	0	-1	-1	-1	0
5625	5623	5464	7	-1	-1	-1	0
5679	5517	5516	0	-1	-1	-1	0
5464	5624	5625	7	-1	-1	-1	0
5622	5465	5626	7	-1	-1	0	0
5466	5623	5627	7	-1	-1	-1	0
5627	5626	5466	7	0	-1	-1	0
5518	5520	5682	6	-1	-1	-1	0
5683	5519	5518	6	-1	-1	-1	0
5629	5628	5468	1	-1	-1	-1	0
5520	5524	5684	6	-1	-1	-1	0
5530	5517	5681	0	-1	-1	-1	0
5631	5629	5469	1	-1	-1	-1	0
5523	5521	5685	5	-1	-1	-1	0
5630	5631	5469	1	-1	-1	-1	0
5686	5522	5523	6	-1	-1	-1	0
5630	5470	5632	1	-1	-1	-1	0
5522	5686	5525	6	-1	-1	-1	0
5470	5633	5632	1	-1	-1	-1	0
5688	5524	5525	6	-1	-1	-1	0
5685	5521	5532	5	-1	-1	-1	0
5635	5633	5473	0	-1	-1	-1	0
5474	5634	5635	0	-1	-1	-1	0
5690	5528	5526	0	-1	-1	-1	0
5527	5691	5526	0	-1	-1	-1	0
5530	5692	5527	0	-1	-1	-1	0
5528	5694	5529	5	-1	-1	-1	0
5637	5638	5477	0	-1	-1	-1	0
5478	5636	5639	0	-1	-1	-1	0
5529	5695	5531	5	-1	-1	-1	0
5637	5478	5640	0	-1	-1	-1	0
5478	5639	5640	0	-1	-1	-1	0
5638	5641	5479	0	-1	-1	-1	0
5531	5695	5533	5	-1	-1	-1	0
5696	5532	5533	5	-1	-1	-1	0
5642	5480	5641	0	-1	-1	-1	0
5647	5634	5483	0	-1	-1	-1	0
5480	5642	5643	0	-1	-1	-1	0
5536	5698	5535	1	-1	-1	-1	0
5481	5645	5644	0	-1	-1	-1	0
5536	5537	5698	1	-1	-1	-1	0
5646	5482	5643	0	-1	-1	-1	0
5645	5482	5646	0	-1	-1	-1	0
5483	5644	5647	0	-1	-1	-1	0
5700	5538	5539	0	-1	-1	-1	0
5700	5539	5541	0	-1	-1	-1	0
5541	5540	5701	0	-1	-1	-1	0
5645	5646	5492	0	-1	-1	-1	0
5543	5701	5540	0	-1	-1	-1	0
5628	5659	5498	1	-1	-1	-1	0
5648	5649	5489	0	-1	-1	-1	0
5650	5645	5491	0	-1	-1	-1	0
5490	5649	5651	0	-1	-1	-1	0
5490	5651	5650	0	-1	-1	-1	0
5544	5704	5545	0	-1	-1	-1	0
5544	5547	5704	0	-1	-1	-1	0
5656	5495	5646	0	-1	-1	-1	0
5546	5548	5705	0	-1	-1	-1	0
5653	5652	5493	0	-1	-1	-1	0
5546	5706	5547	0	-1	-1	-1	0
5652	5654	5494	0	-1	-1	-1	0
5567	5535	5698	0	-1	-1	-1	0
5655	5494	5654	0	-1	-1	-1	0
5653	5495	5656	0	-1	-1	-1	0
5559	5703	5543	0	-1	-1	-1	0
5537	5571	5699	1	-1	-1	-1	0
5657	5496	5655	0	-1	-1	-1	0
5550	5551	5709	0	-1	-1	-1	0
5550	5709	5552	0	-1	-1	-1	0
5658	5497	5657	0	-1	-1	-1	0
5502	5664	5648	0	-1	-1	-1	0
5711	5553	5552	0	-1	-1	-1	0
5704	5568	5545	0	-1	-1	-1	0
5661	5499	5659	0	-1	-1	-1	0
5661	5660	5499	0	-1	-1	-1	0
5660	5662	5500	0	-1	-1	-1	0
5554	5713	5555	0	-1	-1	-1	0
5662	5663	5501	0	-1	-1	-1	0
5710	5551	5565	0	-1	-1	-1	0
5624	5519	5683	6	-1	-1	-1	0
5557	5555	5715	0	-1	-1	-1	0
5663	5664	5502	0	-1	-1	-1	0
5557	5716	5558	0	-1	-1	-1	0
5567	5698	5566	0	-1	-1	-1	0
5558	5717	5559	0	-1	-1	-1	0
5553	5712	5569	1	-1	-1	-1	0
5713	5554	5568	0	-1	-1	-1	0
5665	5666	5504	0	-1	-1	-1	0
5665	5505	5667	0	-1	-1	-1	0
5718	5561	5560	0	-1	-1	-1	0
5668	5667	5506	0	-1	-1	-1	0
5510	5658	5673	0	-1	-1	-1	0
5718	5562	5561	0	-1	-1	-1	0
5668	5506	5669	0	-1	-1	-1	0
5562	5719	5563	0	-1	-1	-1	0
5566	5718	5560	0	-1	-1	-1	0
5705	5548	5593	0	-1	-1	-1	0
5671	5507	5670	0	-1	-1	-1	0
5564	5563	5721	0	-1	-1	-1	0
5508	5672	5669	0	-1	-1	-1	0
5672	5508	5671	0	-1	-1	-1	0
5723	5565	5564	0	-1	-1	-1	0
5510	5673	5674	0	-1	-1	-1	0
5676	5670	5515	0	-1	-1	-1	0
5674	5675	5512	0	-1	-1	-1	0
5680	5516	5666	0	-1	-1	-1	0
5570	5569	5725	1	-1	-1	-1	0
5514	5675	5678	0	-1	-1	-1	0
5726	5571	5570	1	-1	-1	-1	0
5514	5677	5676	0	-1	-1	-1	0
5677	5514	5678	0	-1	-1	-1	0
5727	5573	5572	0	-1	-1	-1	0
5538	5700	5636	0	-1	-1	-1	0
5679	5516	5680	0	-1	-1	-1	0
5573	5727	5576	0	-1	-1	-1	0
5517	5679	5681	0	-1	-1	-1	0
5574	5575	5728	0	-1	-1	-1	0
5729	5578	5574	0	-1	-1	-1	0
5730	5575	5576	0	-1	-1	-1	0
5572	5582	5727	0	-1	-1	-1	0
5683	5518	5682	6	-1	-1	-1	0
5682	5520	5684	6	-1	-1	-1	0
5578	5733	5577	0	-1	-1	-1	0
5579	5577	5734	0	-1	-1	-1	0
5687	5523	5685	6	-1	-1	-1	0
5684	5524	5688	6	-1	-1	-1	0
5523	5687	5686	6	-1	-1	-1	0
5581	5738	5580	5	-1	-1	-1	0
5586	5579	5734	0	-1	-1	-1	0
5580	5737	5583	5	-1	-1	-1	0
5686	5689	5525	6	-1	-1	-1	0
5689	5688	5525	6	-1	-1	-1	0
5692	5530	5681	0	-1	-1	-1	0
5740	5582	5583	0	-1	-1	-1	0
5690	5526	5691	0	-1	-1	-1	0
5691	5527	5692	0	-1	-1	-1	0
5693	5528	5690	5	-1	-1	-1	0
5585	5742	5584	0	-1	-1	-1	0
5696	5685	5532	5	-1	-1	-1	0
5693	5694	5528	5	-1	-1	-1	0
5744	5585	5588	0	-1	-1	-1	0
5529	5694	5695	5	-1	-1	-1	0
5586	5746	5587	0	-1	-1	-1	0
5747	5588	5587	0	-1	-1	-1	0
5595	5584	5743	0	-1	-1	-1	0
5739	5581	5605	5	-1	-1	-1	0
5533	5695	5697	5	-1	-1	-1	0
5696	5533	5697	5	-1	-1	-1	0
5589	5590	5748	0	-1	-1	-1	0
5594	5589	5748	0	-1	-1	-1	0
5750	5592	5591	0	-1	-1	-1	0
5537	5699	5698	1	-1	-1	-1	0
5750	5591	5594	0	-1	-1	-1	0
5751	5593	5592	0	-1	-1	-1	0
5590	5598	5749	0	-1	-1	-1	0
5644	5645	5650	0	-1	-1	-1	0
5651	5647	5644	0	-1	-1	-1	0
5700	5541	5702	0	-1	-1	-1	0
5701	5702	5541	0	-1	-1	-1	0
5646	5643	5656	0	-1	-1	-1	0
5644	5650	5651	0	-1	-1	-1	0
5755	5597	5595	0	-1	-1	-1	0
5543	5703	5701	0	-1	-1	-1	0
5596	5597	5757	0	-1	-1	-1	0
5606	5739	5605	5	-1	-1	-1	0
5596	5756	5598	0	-1	-1	-1	0
5705	5706	5546	0	-1	-1	-1	0
5707	5704	5547	0	-1	-1	-1	0
5599	5760	5601	6	-1	-1	-1	0
5761	5599	5600	6	-1	-1	-1	0
5708	5547	5706	0	-1	-1	-1	0
5707	5547	5708	0	-1	-1	-1	0
5698	5699	5566	0	-1	-1	-1	0
5602	5601	5762	6	-1	-1	-1	0
5710	5709	5551	0	-1	-1	-1	0
5604	5764	5603	5	-1	-1	-1	0
5552	5709	5711	0	-1	-1	-1	0
5765	5606	5603	5	-1	-1	-1	0
5600	5614	5761	6	-1	-1	-1	0
5607	5764	5604	5	-1	-1	-1	0
5763	5610	5602	6	-1	-1	-1	0
5553	5711	5712	1	-1	-1	-1	0
5559	5717	5703	0	-1	-1	-1	0
5555	5713	5714	0	-1	-1	-1	0
5718	5566	5699	0	-1	-1	-1	0
5555	5714	5715	0	-1	-1	-1	0
5767	5607	5611	6	-1	-1	-1	0
5769	5608	5609	6	-1	-1	-1	0
5608	5768	5611	6	-1	-1	-1	0
5557	5715	5716	0	-1	-1	-1	0
5609	5610	5770	6	-1	-1	-1	0
5571	5720	5699	1	-1	-1	-1	0
5716	5717	5558	0	-1	-1	-1	0
5724	5568	5704	0	-1	-1	-1	0
5772	5613	5612	7	-1	-1	-1	0
5710	5565	5723	0	-1	-1	-1	0
5613	5773	5614	7	-1	-1	-1	0
5612	5616	5772	7	-1	-1	-1	0
5720	5562	5718	0	-1	-1	-1	0
5562	5720	5719	0	-1	-1	-1	0
5563	5719	5722	0	-1	-1	-1	0
5724	5713	5568	0	-1	-1	-1	0
5615	5775	5616	7	-1	-1	-1	0
5569	5712	5725	1	-1	-1	-1	0
5722	5721	5563	0	-1	-1	-1	0
5721	5723	5564	0	-1	-1	-1	0
5620	5775	5615	7	0	-1	-1	0
5726	5720	5571	1	-1	-1	-1	0
5570	5725	5726	1	-1	-1	-1	0
5777	5623	5625	7	-1	-1	-1	0
5624	5778	5625	7	-1	-1	-1	0
5627	5623	5777	7	-1	-1	0	0
5728	5729	5574	0	-1	-1	-1	0
5575	5731	5728	0	-1	-1	-1	0
5576	5727	5732	0	-1	-1	-1	0
5730	5731	5575	0	-1	-1	-1	0
5629	5780	5628	1	-1	-1	-1	0
5732	5730	5576	0	-1	-1	-1	0
5629	5631	5780	1	-1	-1	-1	0
5630	5781	5631	1	-1	-1	-1	0
5736	5578	5729	0	-1	-1	-1	0
5632	5781	5630	1	-1	-1	-1	0
5577	5733	5734	0	-1	-1	-1	0
5733	5578	5735	0	-1	-1	-1	0
5578	5736	5735	0	-1	-1	-1	0
5582	5740	5727	0	-1	-1	-1	0
5633	5785	5632	1	-1	-1	-1	0
5593	5753	5705	0	-1	-1	-1	0
5786	5633	5635	0	-1	-1	-1	0
5737	5580	5738	5	-1	-1	-1	0
5788	5635	5634	0	-1	-1	-1	0
5581	5739	5738	5	-1	-1	-1	0
5737	5741	5583	5	-1	-1	-1	0
5636	5789	5639	0	-1	-1	-1	0
5583	5741	5740	5	-1	-1	-1	0
5638	5637	5790	0	-1	-1	-1	0
5586	5734	5745	0	-1	-1	-1	0
5628	5780	5659	1	-1	-1	-1	0
5790	5637	5640	0	-1	-1	-1	0
5634	5647	5787	0	-1	-1	-1	0
5639	5789	5640	0	-1	-1	-1	0
5742	5743	5584	0	-1	-1	-1	0
5791	5641	5638	0	-1	-1	-1	0
5742	5585	5744	0	-1	-1	-1	0
5586	5745	5746	0	-1	-1	-1	0
5795	5642	5641	0	-1	-1	-1	0
5744	5588	5747	0	-1	-1	-1	0
5587	5746	5747	0	-1	-1	-1	0
5643	5642	5796	0	-1	-1	-1	0
5683	5778	5624	7	-1	-1	-1	0
5748	5590	5749	0	-1	-1	-1	0
5755	5595	5743	0	-1	-1	-1	0
5592	5750	5751	0	-1	-1	-1	0
5643	5796	5656	0	-1	-1	-1	0
5647	5651	5797	0	-1	-1	-1	0
5798	5649	5648	0	-1	-1	-1	0
5754	5594	5748	0	-1	-1	-1	0
5593	5751	5752	0	-1	-1	-1	0
5594	5754	5750	0	-1	-1	-1	0
5752	5753	5593	0	-1	-1	-1	0
5649	5799	5651	0	-1	-1	-1	0
5780	5661	5659	1	-1	-1	-1	0
5653	5800	5652	0	-1	-1	-1	0
5759	5749	5598	0	-1	-1	-1	0
5652	5801	5654	0	-1	-1	-1	0
5756	5596	5757	0	-1	-1	-1	0
5648	5664	5798	0	-1	-1	-1	0
5755	5758	5597	0	-1	-1	-1	0
5606	5766	5739	5	-1	-1	-1	0
5656	5802	5653	0	-1	-1	-1	0
5757	5597	5758	0	-1	-1	-1	0
5759	5598	5756	0	-1	-1	-1	0
5804	5655	5654	0	-1	-1	-1	0
5655	5805	5657	0	-1	-1	-1	0
5657	5805	5658	0	-1	-1	-1	0
5760	5599	5761	6	-1	-1	-1	0
5760	5762	5601	6	-1	-1	-1	0
5636	5700	5789	0	-1	-1	-1	0
5602	5762	5763	6	-1	-1	-1	0
5661	5807	5660	0	-1	-1	-1	0
5662	5660	5808	0	-1	-1	-1	0
5764	5765	5603	5	-1	-1	-1	0
5663	5662	5809	0	-1	-1	-1	0
5724	5704	5707	0	-1	-1	-1	0
5658	5805	5673	0	-1	-1	-1	0
5699	5720	5718	0	-1	-1	-1	0
5664	5663	5810	0	-1	-1	-1	0
5766	5606	5765	5	-1	-1	-1	0
5607	5767	5764	6	-1	-1	-1	0
5763	5770	5610	6	-1	-1	-1	0
5665	5813	5666	0	-1	-1	-1	0
5768	5608	5769	6	-1	-1	-1	0
5665	5667	5814	0	-1	-1	-1	0
5770	5769	5609	6	-1	-1	-1	0
5611	5771	5767	6	-1	-1	-1	0
5761	5614	5774	7	-1	-1	-1	0
5768	5771	5611	6	-1	-1	-1	0
5668	5816	5667	0	-1	-1	-1	0
5817	5668	5669	0	-1	-1	-1	0
5773	5613	5772	7	-1	-1	-1	0
5725	5712	5722	1	-1	-1	-1	0
5669	5672	5818	0	-1	-1	-1	0
5819	5671	5670	0	-1	-1	-1	0
5666	5815	5680	0	-1	-1	-1	0
5614	5773	5774	7	-1	-1	-1	0
5818	5672	5671	0	-1	-1	-1	0
5776	5772	5616	7	-1	-1	-1	0
5753	5706	5705	0	-1	-1	-1	0
5820	5670	5676	0	-1	-1	-1	0
5720	5726	5719	1	-1	-1	-1	0
5725	5722	5719	1	-1	-1	-1	0
5775	5776	5616	7	0	-1	-1	0
5673	5822	5674	0	-1	-1	-1	0
5719	5726	5725	1	-1	-1	-1	0
5675	5674	5824	0	-1	-1	-1	0
5824	5678	5675	0	-1	-1	-1	0
5825	5676	5677	0	-1	-1	-1	0
5678	5826	5677	0	-1	-1	-1	0
5779	5777	5625	7	0	-1	-1	0
5625	5778	5779	7	-1	-1	-1	0
5680	5829	5679	0	-1	-1	-1	0
5681	5679	5829	0	-1	-1	-1	0
5782	5780	5631	1	-1	-1	-1	0
5783	5631	5781	1	-1	-1	-1	0
5631	5783	5782	1	-1	-1	-1	0
5781	5632	5784	1	-1	-1	-1	0
5834	5683	5682	7	-1	-1	-1	0
5684	5833	5682	7	-1	-1	-1	0
5727	5740	5732	0	-1	-1	-1	0
5784	5632	5785	1	-1	-1	-1	0
5633	5786	5785	0	-1	-1	-1	0
5692	5681	5832	0	-1	-1	-1	0
5835	5684	5688	7	-1	-1	-1	0
5836	5687	5685	6	-1	-1	-1	0
5786	5635	5788	0	-1	-1	-1	0
5634	5787	5788	0	-1	-1	-1	0
5686	5687	5837	6	-1	-1	-1	0
5689	5686	5837	6	-1	-1	-1	0
5689	5839	5688	7	-1	-1	-1	0
5685	5696	5836	6	-1	-1	-1	0
5790	5792	5638	0	-1	-1	-1	0
5791	5638	5792	0	-1	-1	-1	0
5690	5691	5841	0	-1	-1	-1	0
5790	5640	5793	0	-1	-1	-1	0
5780	5782	5661	1	-1	-1	-1	0
5640	5789	5794	0	-1	-1	-1	0
5842	5693	5690	5	-1	-1	-1	0
5692	5843	5691	0	-1	-1	-1	0
5640	5794	5793	0	-1	-1	-1	0
5641	5791	5795	0	-1	-1	-1	0
5787	5647	5797	0	-1	-1	-1	0
5693	5844	5694	5	-1	-1	-1	0
5795	5796	5642	0	-1	-1	-1	0
5694	5846	5695	5	-1	-1	-1	0
5695	5846	5697	5	-1	-1	-1	0
5697	5847	5696	6	-1	-1	-1	0
5799	5649	5798	0	-1	-1	-1	0
5651	5799	5797	0	-1	-1	-1	0
5661	5782	5807	1	-1	-1	-1	0
5700	5702	5849	0	-1	-1	-1	0
5701	5850	5702	0	-1	-1	-1	0
5801	5652	5800	0	-1	-1	-1	0
5701	5703	5850	0	-1	-1	-1	0
5656	5796	5802	0	-1	-1	-1	0
5800	5653	5802	0	-1	-1	-1	0
5803	5654	5801	0	-1	-1	-1	0
5803	5804	5654	0	-1	-1	-1	0
5804	5806	5655	0	-1	-1	-1	0
5805	5655	5806	0	-1	-1	-1	0
5706	5852	5708	0	-1	-1	-1	0
5708	5854	5707	0	-1	-1	-1	0
5703	5717	5851	0	-1	-1	-1	0
5664	5811	5798	0	-1	-1	-1	0
5807	5808	5660	0	-1	-1	-1	0
5710	5857	5709	0	-1	-1	-1	0
5857	5711	5709	0	-1	-1	-1	0
5662	5808	5809	0	-1	-1	-1	0
5712	5711	5858	1	-1	-1	-1	0
5809	5810	5663	0	-1	-1	-1	0
5700	5794	5789	0	-1	-1	-1	0
5707	5853	5724	0	-1	-1	-1	0
5810	5811	5664	0	-1	-1	-1	0
5714	5713	5859	0	-1	-1	-1	0
5715	5714	5860	0	-1	-1	-1	0
5665	5812	5813	0	-1	-1	-1	0
5713	5724	5853	0	-1	-1	-1	0
5723	5857	5710	0	-1	-1	-1	0
5665	5814	5812	0	-1	-1	-1	0
5858	5722	5712	1	-1	-1	-1	0
5715	5862	5716	0	-1	-1	-1	0
5813	5815	5666	0	-1	-1	-1	0
5862	5717	5716	0	-1	-1	-1	0
5683	5834	5778	7	-1	-1	-1	0
5667	5816	5814	0	-1	-1	-1	0
5817	5816	5668	0	-1	-1	-1	0
5858	5721	5722	0	-1	-1	-1	0
5805	5823	5673	0	-1	-1	-1	0
5723	5721	5858	0	-1	-1	-1	0
5669	5818	5817	0	-1	-1	-1	0
5819	5670	5820	0	-1	-1	-1	0
5671	5821	5818	0	-1	-1	-1	0
5706	5753	5852	0	-1	-1	-1	0
5671	5819	5821	0	-1	-1	-1	0
5822	5673	5823	0	-1	-1	-1	0
5824	5674	5822	0	-1	-1	-1	0
5729	5728	5864	0	-1	-1	-1	0
5820	5676	5825	0	-1	-1	-1	0
5728	5731	5864	0	-1	-1	-1	0
5680	5815	5831	0	-1	-1	-1	0
5865	5731	5730	5	-1	-1	-1	0
5826	5825	5677	0	-1	-1	-1	0
5730	5732	5866	5	-1	-1	-1	0
5729	5864	5736	0	-1	-1	-1	0
5828	5678	5824	0	-1	-1	-1	0
5826	5678	5827	0	-1	-1	-1	0
5828	5827	5678	0	-1	-1	-1	0
5869	5734	5733	0	-1	-1	-1	0
5869	5733	5735	0	-1	-1	-1	0
5680	5830	5829	0	-1	-1	-1	0
5740	5868	5732	5	-1	-1	-1	0
5830	5680	5831	0	-1	-1	-1	0
5829	5832	5681	0	-1	-1	-1	0
5872	5735	5736	5	-1	-1	-1	0
5700	5849	5794	0	-1	-1	-1	0
5784	5783	5781	1	-1	-1	-1	0
5874	5737	5738	5	-1	-1	-1	0
5745	5734	5870	0	-1	-1	-1	0
5868	5740	5741	5	-1	-1	-1	0
5682	5833	5834	7	-1	-1	-1	0
5833	5684	5835	7	-1	-1	-1	0
5875	5741	5737	5	-1	-1	-1	0
5876	5738	5739	5	-1	-1	-1	0
5838	5687	5836	6	-1	-1	-1	0
5837	5687	5838	6	-1	-1	-1	0
5688	5839	5835	7	-1	-1	-1	0
5742	5879	5743	0	-1	-1	-1	0
5878	5742	5744	0	-1	-1	-1	0
5840	5689	5837	7	-1	-1	-1	0
5692	5832	5843	0	-1	-1	-1	0
5840	5839	5689	7	-1	-1	-1	0
5744	5747	5881	0	-1	-1	-1	0
5690	5841	5842	5	-1	-1	-1	0
5745	5883	5746	0	-1	-1	-1	0
5843	5841	5691	0	-1	-1	-1	0
5880	5755	5743	0	-1	-1	-1	0
5885	5747	5746	0	-1	-1	-1	0
5696	5847	5836	6	-1	-1	-1	0
5845	5693	5842	5	-1	-1	-1	0
5766	5876	5739	5	-1	-1	-1	0
5844	5693	5845	5	-1	-1	-1	0
5749	5886	5748	0	-1	-1	-1	0
5846	5694	5844	5	-1	-1	-1	0
5748	5887	5754	0	-1	-1	-1	0
5751	5750	5888	0	-1	-1	-1	0
5848	5697	5846	6	-1	-1	-1	0
5697	5848	5847	6	-1	-1	-1	0
5750	5754	5888	0	-1	-1	-1	0
5889	5752	5751	0	-1	-1	-1	0
5759	5886	5749	0	-1	-1	-1	0
5891	5753	5752	0	-1	-1	-1	0
5849	5702	5850	0	-1	-1	-1	0
5851	5850	5703	0	-1	-1	-1	0
5893	5758	5755	0	-1	-1	-1	0
5895	5756	5757	0	-1	-1	-1	0
5756	5894	5759	0	-1	-1	-1	0
5758	5897	5757	0	-1	-1	-1	0
5854	5853	5707	0	-1	-1	-1	0
5852	5856	5708	0	-1	-1	-1	0
5854	5708	5855	0	-1	-1	-1	0
5856	5855	5708	0	-1	-1	-1	0
5761	5902	5760	7	-1	-1	-1	0
5901	5762	5760	7	-1	-1	-1	0
5711	5857	5858	1	-1	-1	-1	0
5859	5713	5853	0	-1	-1	-1	0
5762	5903	5763	7	-1	-1	-1	0
5863	5851	5717	0	-1	-1	-1	0
5859	5860	5714	0	-1	-1	-1	0
5805	5806	5823	0	-1	-1	-1	0
5905	5765	5764	6	-1	-1	-1	0
5860	5861	5715	0	-1	-1	-1	0
5764	5767	5905	6	-1	-1	-1	0
5766	5765	5906	6	-1	-1	-1	0
5770	5763	5904	7	-1	-1	-1	0
5761	5774	5902	7	-1	-1	-1	0
5862	5715	5861	0	-1	-1	-1	0
5858	5857	5723	0	-1	-1	-1	0
5863	5717	5862	0	-1	-1	-1	0
5767	5771	5908	6	-1	-1	-1	0
5768	5769	5909	7	-1	-1	-1	0
5771	5768	5910	7	-1	-1	-1	0
5911	5769	5770	7	-1	-1	-1	0
5772	5913	5773	7	-1	-1	-1	0
5776	5913	5772	7	0	-1	-1	0
5774	5773	5914	7	-1	-1	-1	0
5866	5865	5730	5	-1	-1	-1	0
5864	5731	5867	5	-1	-1	-1	0
5731	5865	5867	5	-1	-1	-1	0
5868	5866	5732	5	-1	-1	-1	0
5916	5779	5778	7	0	-1	-1	0
5736	5864	5873	5	-1	-1	-1	0
5734	5869	5870	0	-1	-1	-1	0
5871	5869	5735	5	-1	-1	-1	0
5872	5871	5735	5	-1	-1	-1	0
5736	5873	5872	5	-1	-1	-1	0
5782	5783	5917	1	-1	-1	-1	0
5918	5783	5784	1	-1	-1	-1	0
5877	5868	5741	5	-1	-1	-1	0
5874	5875	5737	5	-1	-1	-1	0
5919	5784	5785	1	-1	-1	-1	0
5738	5876	5874	5	-1	-1	-1	0
5920	5785	5786	0	-1	-1	-1	0
5877	5741	5875	5	-1	-1	-1	0
5788	5921	5786	0	-1	-1	-1	0
5852	5753	5891	0	-1	-1	-1	0
5922	5788	5787	0	-1	-1	-1	0
5879	5742	5878	0	-1	-1	-1	0
5870	5884	5745	0	-1	-1	-1	0
5743	5879	5880	0	-1	-1	-1	0
5878	5744	5882	0	-1	-1	-1	0
5790	5923	5792	0	-1	-1	-1	0
5922	5787	5797	0	-1	-1	-1	0
5917	5807	5782	1	-1	-1	-1	0
5793	5923	5790	0	-1	-1	-1	0
5881	5882	5744	0	-1	-1	-1	0
5792	5925	5791	0	-1	-1	-1	0
5924	5795	5791	0	-1	-1	-1	0
5883	5745	5884	0	-1	-1	-1	0
5747	5885	5881	0	-1	-1	-1	0
5746	5883	5885	0	-1	-1	-1	0
5794	5928	5793	0	-1	-1	-1	0
5887	5748	5886	0	-1	-1	-1	0
5796	5795	5931	0	-1	-1	-1	0
5893	5755	5880	0	-1	-1	-1	0
5916	5778	5834	7	-1	-1	-1	0
5796	5931	5802	0	-1	-1	-1	0
5799	5933	5797	0	-1	-1	-1	0
5751	5888	5890	0	-1	-1	-1	0
5799	5798	5933	0	-1	-1	-1	0
5889	5751	5890	0	-1	-1	-1	0
5891	5752	5889	0	-1	-1	-1	0
5892	5754	5887	0	-1	-1	-1	0
5754	5892	5888	0	-1	-1	-1	0
5800	5934	5801	0	-1	-1	-1	0
5802	5935	5800	0	-1	-1	-1	0
5936	5803	5801	0	-1	-1	-1	0
5798	5811	5933	0	-1	-1	-1	0
5804	5803	5938	0	-1	-1	-1	0
5759	5900	5886	0	-1	-1	-1	0
5896	5894	5756	0	-1	-1	-1	0
5895	5896	5756	0	-1	-1	-1	0
5806	5804	5939	0	-1	-1	-1	0
5766	5907	5876	6	-1	-1	-1	0
5757	5898	5895	0	-1	-1	-1	0
5899	5758	5893	0	-1	-1	-1	0
5897	5898	5757	0	-1	-1	-1	0
5900	5759	5894	0	-1	-1	-1	0
5899	5897	5758	0	-1	-1	-1	0
5807	5941	5808	0	-1	-1	-1	0
5942	5809	5808	0	-1	-1	-1	0
5810	5809	5944	0	-1	-1	-1	0
5901	5760	5902	7	-1	-1	-1	0
5811	5810	5945	0	-1	-1	-1	0
5762	5901	5903	7	-1	-1	-1	0
5806	5940	5823	0	-1	-1	-1	0
5904	5763	5903	7	-1	-1	-1	0
5812	5947	5813	0	-1	-1	-1	0
5794	5849	5930	0	-1	-1	-1	0
5814	5948	5812	0	-1	-1	-1	0
5815	5813	5947	0	-1	-1	-1	0
5905	5906	5765	6	-1	-1	-1	0
5906	5907	5766	6	-1	-1	-1	0
5908	5905	5767	6	-1	-1	-1	0
5950	5814	5816	0	-1	-1	-1	0
5817	5951	5816	0	-1	-1	-1	0
5904	5911	5770	7	-1	-1	-1	0
5909	5910	5768	7	-1	-1	-1	0
5817	5818	5952	0	-1	-1	-1	0
5911	5909	5769	7	-1	-1	-1	0
5915	5902	5774	7	-1	-1	-1	0
5912	5908	5771	7	-1	-1	-1	0
5821	5953	5818	0	-1	-1	-1	0
5831	5815	5947	0	-1	-1	-1	0
5820	5954	5819	0	-1	-1	-1	0
5771	5910	5912	7	-1	-1	-1	0
5954	5821	5819	0	-1	-1	-1	0
5891	5856	5852	0	-1	-1	-1	0
5913	5914	5773	7	0	-1	-1	0
5955	5820	5825	0	-1	-1	-1	0
5774	5914	5915	7	-1	0	-1	0
5822	5958	5824	0	-1	-1	-1	0
5959	5822	5823	0	-1	-1	-1	0
5864	5867	5873	5	-1	-1	-1	0
5958	5828	5824	0	-1	-1	-1	0
5826	5960	5825	0	-1	-1	-1	0
5961	5826	5827	0	-1	-1	-1	0
5827	5828	5962	0	-1	-1	-1	0
5917	5783	5918	1	-1	-1	-1	0
5919	5918	5784	1	-1	-1	-1	0
5829	5830	5964	0	-1	-1	-1	0
5919	5785	5920	0	-1	-1	-1	0
5829	5964	5832	0	-1	-1	-1	0
5830	5831	5965	0	-1	-1	-1	0
5786	5921	5920	0	-1	-1	-1	0
5921	5788	5922	0	-1	-1	-1	0
5834	5833	5972	7	-1	-1	-1	0
5924	5791	5925	0	-1	-1	-1	0
5835	5973	5833	7	-1	-1	-1	0
5923	5927	5792	0	-1	-1	-1	0
5926	5925	5792	0	-1	-1	-1	0
5792	5927	5926	0	-1	-1	-1	0
5793	5929	5923	0	-1	-1	-1	0
5832	5970	5843	0	-1	-1	-1	0
5835	5839	5974	7	-1	-1	-1	0
5836	5975	5838	6	-1	-1	-1	0
5793	5928	5929	0	-1	-1	-1	0
5976	5837	5838	7	-1	-1	-1	0
5924	5932	5795	0	-1	-1	-1	0
5933	5922	5797	0	-1	-1	-1	0
5794	5930	5928	0	-1	-1	-1	0
5837	5976	5840	7	-1	-1	-1	0
5841	5843	5970	0	-1	-1	-1	0
5978	5839	5840	7	-1	-1	-1	0
5795	5932	5931	0	-1	-1	-1	0
5836	5847	5975	6	-1	-1	-1	0
5841	5980	5842	5	-1	-1	-1	0
5807	5917	5941	1	-1	-1	-1	0
5845	5842	5981	5	-1	-1	-1	0
5935	5934	5800	0	-1	-1	-1	0
5802	5931	5937	0	-1	-1	-1	0
5801	5934	5936	0	-1	-1	-1	0
5982	5846	5844	6	-1	-1	-1	0
5937	5935	5802	0	-1	-1	-1	0
5844	5845	5983	6	-1	-1	-1	0
5982	5848	5846	6	-1	-1	-1	0
5938	5803	5936	0	-1	-1	-1	0
5985	5847	5848	6	-1	-1	-1	0
5938	5939	5804	0	-1	-1	-1	0
5939	5940	5806	0	-1	-1	-1	0
5850	5987	5849	0	-1	-1	-1	0
5850	5851	5988	0	-1	-1	-1	0
5933	5811	5946	0	-1	-1	-1	0
5941	5943	5808	0	-1	-1	-1	0
5943	5942	5808	0	-1	-1	-1	0
5809	5942	5944	0	-1	-1	-1	0
5854	5989	5853	0	-1	-1	-1	0
5810	5944	5945	0	-1	-1	-1	0
5854	5855	5991	0	-1	-1	-1	0
5859	5853	5989	0	-1	-1	-1	0
5851	5863	5988	0	-1	-1	-1	0
5811	5945	5946	0	-1	-1	-1	0
5856	5992	5855	0	-1	-1	-1	0
5947	5812	5948	0	-1	-1	-1	0
5814	5949	5948	0	-1	-1	-1	0
5949	5814	5950	0	-1	-1	-1	0
5859	5994	5860	0	-1	-1	-1	0
5950	5816	5951	0	-1	-1	-1	0
5861	5860	5996	0	-1	-1	-1	0
5861	5997	5862	0	-1	-1	-1	0
5951	5817	5952	0	-1	-1	-1	0
5823	5940	5959	0	-1	-1	-1	0
5863	5862	5997	0	-1	-1	-1	0
5916	5834	5972	7	-1	-1	0	0
5953	5952	5818	0	-1	-1	-1	0
5954	5820	5955	0	-1	-1	-1	0
5821	5956	5953	0	-1	-1	-1	0
5957	5821	5954	0	-1	-1	-1	0
5867	5865	6001	5	-1	-1	-1	0
6002	5865	5866	5	-1	-1	-1	0
5956	5821	5957	0	-1	-1	-1	0
5868	6003	5866	5	-1	-1	-1	0
5959	5958	5822	0	-1	-1	-1	0
5993	5856	5891	0	-1	-1	-1	0
5825	5960	5955	0	-1	-1	-1	0
6004	5873	5867	5	-1	-1	-1	0
5869	6005	5870	5	-1	-1	-1	0
6005	5869	5871	5	-1	-1	-1	0
5958	5959	5828	0	-1	-1	-1	0
5831	5947	5969	0	-1	-1	-1	0
5961	5960	5826	0	-1	-1	-1	0
5877	6003	5868	5	-1	-1	-1	0
5959	5962	5828	0	-1	-1	-1	0
5963	5961	5827	0	-1	-1	-1	0
6008	5871	5872	5	-1	-1	-1	0
5827	5962	5963	0	-1	-1	-1	0
6009	5872	5873	5	-1	-1	-1	0
5964	5830	5966	0	-1	-1	-1	0
6010	5874	5876	6	-1	-1	-1	0
5874	6011	5875	6	-1	-1	-1	0
5884	5870	6006	5	-1	-1	-1	0
5967	5830	5965	0	-1	-1	-1	0
5830	5967	5966	0	-1	-1	-1	0
5877	5875	6012	6	-1	-1	-1	0
5965	5831	5968	0	-1	-1	-1	0
5930	5849	5987	0	-1	-1	-1	0
5971	5832	5964	0	-1	-1	-1	0
5968	5831	5969	0	-1	-1	-1	0
6014	5879	5878	0	-1	-1	-1	0
5970	5832	5971	0	-1	-1	-1	0
5882	6014	5878	0	-1	-1	-1	0
6015	5880	5879	0	-1	-1	-1	0
5973	5972	5833	7	0	-1	-1	0
5929	5927	5923	0	-1	-1	-1	0
5881	6018	5882	0	-1	-1	-1	0
5973	5835	5974	7	-1	-1	0	0
5885	6019	5881	0	-1	-1	-1	0
5880	6016	5893	0	-1	-1	-1	0
5883	5884	6022	0	-1	-1	-1	0
5977	5838	5975	7	-1	-1	-1	0
6022	5885	5883	0	-1	-1	-1	0
5838	5977	5976	7	-1	-1	-1	0
5970	5980	5841	5	-1	-1	-1	0
5978	5974	5839	7	0	-1	-1	0
5907	6010	5876	6	-1	-1	-1	0
5840	5976	5979	7	-1	-1	-1	0
6024	5887	5886	0	-1	-1	-1	0
5978	5840	5979	7	-1	-1	0	0
5937	5931	5932	0	-1	-1	-1	0
5981	5842	5980	5	-1	-1	-1	0
5888	6026	5890	0	-1	-1	-1	0
6025	5892	5887	0	-1	-1	-1	0
6027	5889	5890	0	-1	-1	-1	0
6026	5888	5892	0	-1	-1	-1	0
6027	5891	5889	0	-1	-1	-1	0
5975	5847	5985	6	-1	-1	-1	0
5893	6016	5899	0	-1	-1	-1	0
5844	5983	5982	6	-1	-1	-1	0
5900	6024	5886	0	-1	-1	-1	0
5845	5981	5984	6	-1	-1	-1	0
5984	5983	5845	6	-1	-1	-1	0
5982	5986	5848	6	-1	-1	-1	0
5985	5848	5986	6	-1	-1	-1	0
6030	5894	5896	0	-1	-1	-1	0
5896	5895	6031	0	-1	-1	-1	0
6030	5900	5894	0	-1	-1	-1	0
5895	5898	6032	0	-1	-1	-1	0
5850	5988	5987	0	-1	-1	-1	0
6034	5898	5897	0	-1	-1	-1	0
6034	5897	5899	0	-1	-1	-1	0
5990	5989	5854	0	-1	-1	-1	0
5991	5990	5854	0	-1	-1	-1	0
5992	5991	5855	0	-1	-1	-1	0
5992	5856	5993	0	-1	-1	-1	0
5901	5902	6039	7	-1	-1	-1	0
5859	5989	5995	0	-1	-1	-1	0
6040	5903	5901	7	-1	-1	-1	0
6041	5904	5903	7	-1	-1	-1	0
5995	5994	5859	0	-1	-1	-1	0
5998	5988	5863	0	-1	-1	-1	0
5860	5994	5996	0	-1	-1	-1	0
5996	5997	5861	0	-1	-1	-1	0
5906	5905	6043	6	-1	-1	-1	0
5908	6043	5905	6	-1	-1	-1	0
5915	6039	5902	7	0	-1	-1	0
6044	5907	5906	6	-1	-1	-1	0
6042	5911	5904	7	-1	-1	-1	0
5863	5997	6000	0	-1	-1	-1	0
5999	5998	5863	0	-1	-1	-1	0
5999	5863	6000	0	-1	-1	-1	0
5908	5912	6046	7	-1	-1	-1	0
5909	5911	6047	7	-1	-1	-1	0
6048	5910	5909	7	-1	-1	-1	0
6001	5865	6002	5	-1	-1	-1	0
5912	5910	6049	7	-1	-1	-1	0
6003	6002	5866	5	-1	-1	-1	0
6001	6004	5867	5	-1	-1	-1	0
5870	6005	6006	5	-1	-1	-1	0
6007	6005	5871	5	-1	-1	-1	0
6009	5873	6004	5	-1	-1	-1	0
6051	5917	5918	1	-1	-1	-1	0
6008	6007	5871	5	-1	-1	-1	0
6052	5918	5919	1	-1	-1	-1	0
6009	6008	5872	5	-1	-1	-1	0
6053	5919	5920	0	-1	-1	-1	0
6013	6003	5877	6	-1	-1	-1	0
5921	6054	5920	0	-1	-1	-1	0
5874	6010	6011	6	-1	-1	-1	0
6054	5921	5922	0	-1	-1	-1	0
5875	6011	6012	6	-1	-1	-1	0
5966	5971	5964	0	-1	-1	-1	0
5877	6012	6013	6	-1	-1	-1	0
5925	6055	5924	0	-1	-1	-1	0
6055	5925	5926	0	-1	-1	-1	0
6014	6015	5879	0	-1	-1	-1	0
5933	6054	5922	0	-1	-1	-1	0
6051	5941	5917	1	-1	-1	-1	0
5926	5927	6057	0	-1	-1	-1	0
5891	6027	5993	0	-1	-1	-1	0
6055	5932	5924	0	-1	-1	-1	0
5880	6015	6017	0	-1	-1	-1	0
5880	6017	6016	0	-1	-1	-1	0
5884	6006	6023	5	-1	-1	-1	0
6058	5927	5929	0	-1	-1	-1	0
5928	6059	5929	0	-1	-1	-1	0
6014	5882	6020	0	-1	-1	-1	0
6060	5928	5930	0	-1	-1	-1	0
6019	6018	5881	0	-1	-1	-1	0
5882	6018	6021	0	-1	-1	-1	0
6020	5882	6021	0	-1	-1	-1	0
6019	5885	6022	0	-1	-1	-1	0
5884	6023	6022	5	-1	-1	-1	0
5937	5932	6062	0	-1	-1	-1	0
5935	6063	5934	0	-1	-1	-1	0
6054	5933	5946	0	-1	-1	-1	0
5934	6064	5936	0	-1	-1	-1	0
5935	5937	6062	0	-1	-1	-1	0
6024	6025	5887	0	-1	-1	-1	0
6066	5938	5936	0	-1	-1	-1	0
5938	6067	5939	0	-1	-1	-1	0
5890	6026	6028	0	-1	-1	-1	0
6027	5890	6028	0	-1	-1	-1	0
6025	6029	5892	0	-1	-1	-1	0
5940	5939	6068	0	-1	-1	-1	0
5892	6029	6026	0	-1	-1	-1	0
6036	5899	6016	0	-1	-1	-1	0
6071	5943	5941	0	-1	-1	-1	0
5943	6072	5942	0	-1	-1	-1	0
6072	5944	5942	0	-1	-1	-1	0
6032	6031	5895	0	-1	-1	-1	0
6033	6030	5896	0	-1	-1	-1	0
5896	6031	6033	0	-1	-1	-1	0
5945	5944	6073	0	-1	-1	-1	0
6010	5907	6045	6	-1	-1	-1	0
6038	6024	5900	0	-1	-1	-1	0
6032	5898	6035	0	-1	-1	-1	0
5945	6074	5946	0	-1	-1	-1	0
5898	6034	6035	0	-1	-1	-1	0
5900	6030	6037	0	-1	-1	-1	0
5899	6036	6034	0	-1	-1	-1	0
6070	5959	5940	0	-1	-1	-1	0
6076	5947	5948	0	-1	-1	-1	0
5995	5989	5990	0	-1	-1	-1	0
6038	5900	6037	0	-1	-1	-1	0
5948	5949	6078	0	-1	-1	-1	0
5987	6061	5930	0	-1	-1	-1	0
5950	6079	5949	0	-1	-1	-1	0
5901	6039	6040	7	-1	0	-1	0
5951	6081	5950	0	-1	-1	-1	0
6040	6041	5903	7	0	-1	-1	0
5952	6082	5951	0	-1	-1	-1	0
6042	5904	6041	7	-1	-1	0	0
6084	5952	5953	0	-1	-1	-1	0
5947	6076	5969	0	-1	-1	-1	0
6000	5997	5996	0	-1	-1	-1	0
6084	5953	5956	0	-1	-1	-1	0
6043	6044	5906	6	-1	-1	-1	0
5955	6086	5954	0	-1	-1	-1	0
6045	5907	6044	6	-1	-1	-1	0
5957	5954	6086	0	-1	-1	-1	0
6043	5908	6046	7	-1	-1	-1	0
6042	6047	5911	7	0	-1	-1	0
6088	5956	5957	0	-1	-1	-1	0
6087	5955	5960	0	-1	-1	-1	0
6047	6048	5909	7	0	-1	-1	0
6048	6049	5910	7	0	-1	-1	0
6046	5912	6050	7	-1	-1	-1	0
6050	5912	6049	7	-1	-1	0	0
6091	5962	5959	0	-1	-1	-1	0
5960	5961	6092	0	-1	-1	-1	0
6091	5963	5962	0	-1	-1	-1	0
6093	5961	5963	0	-1	-1	-1	0
6051	5918	6052	1	-1	-1	-1	0
5919	6053	6052	0	-1	-1	-1	0
6053	5920	6054	0	-1	-1	-1	0
5967	5965	6096	0	-1	-1	-1	0
5968	6096	5965	0	-1	-1	-1	0
5967	6098	5966	5	-1	-1	-1	0
5966	6097	5971	5	-1	-1	-1	0
6061	5987	5988	0	-1	-1	-1	0
6100	5968	5969	0	-1	-1	-1	0
6056	6055	5926	0	-1	-1	-1	0
5926	6057	6056	0	-1	-1	-1	0
6057	5927	6058	0	-1	-1	-1	0
6103	5970	5971	5	-1	-1	-1	0
6059	6058	5929	0	-1	-1	-1	0
5928	6060	6059	0	-1	-1	-1	0
5932	6055	6062	0	-1	-1	-1	0
6060	5930	6061	0	-1	-1	-1	0
6054	5946	6053	0	-1	-1	-1	0
5970	6103	5980	5	-1	-1	-1	0
6104	5977	5975	7	-1	-1	-1	0
5976	5977	6105	7	-1	-1	-1	0
6105	5979	5976	7	0	-1	-1	0
6063	6064	5934	0	-1	-1	-1	0
6065	5935	6062	0	-1	-1	-1	0
6071	5941	6051	1	-1	-1	-1	0
6063	5935	6065	0	-1	-1	-1	0
5975	5985	6104	7	-1	-1	-1	0
6066	5936	6064	0	-1	-1	-1	0
6107	5981	5980	5	-1	-1	-1	0
6067	5938	6066	0	-1	-1	-1	0
6108	5984	5981	6	-1	-1	-1	0
6053	5946	6074	0	-1	-1	-1	0
5982	5983	6109	6	-1	-1	-1	0
6067	6068	5939	0	-1	-1	-1	0
6109	5986	5982	6	-1	-1	-1	0
6110	5983	5984	6	-1	-1	-1	0
6068	6069	5940	0	-1	-1	-1	0
5940	6069	6070	0	-1	-1	-1	0
6112	5985	5986	7	-1	-1	-1	0
6072	5943	6071	0	-1	-1	-1	0
5944	6072	6073	0	-1	-1	-1	0
6073	6075	5945	0	-1	-1	-1	0
6075	6074	5945	0	-1	-1	-1	0
5990	5991	6116	0	-1	-1	-1	0
5992	6117	5991	0	-1	-1	-1	0
6114	5988	5998	0	-1	-1	-1	0
6115	5995	5990	0	-1	-1	-1	0
6077	6076	5948	0	-1	-1	-1	0
5993	6118	5992	0	-1	-1	-1	0
5948	6078	6077	0	-1	-1	-1	0
6079	6078	5949	0	-1	-1	-1	0
6079	5950	6080	0	-1	-1	-1	0
5995	6121	5994	0	-1	-1	-1	0
5996	5994	6121	0	-1	-1	-1	0
6080	5950	6081	0	-1	-1	-1	0
6081	5951	6083	0	-1	-1	-1	0
6082	6083	5951	0	-1	-1	-1	0
6085	6082	5952	0	-1	-1	-1	0
6091	5959	6070	0	-1	-1	-1	0
6000	5996	6124	0	-1	-1	-1	0
6085	5952	6084	0	-1	-1	-1	0
6125	5998	5999	0	-1	-1	-1	0
6000	6127	5999	0	-1	-1	-1	0
6084	5956	6088	0	-1	-1	-1	0
5955	6087	6086	0	-1	-1	-1	0
6129	6001	6002	6	-1	-1	-1	0
6086	6089	5957	0	-1	-1	-1	0
6004	6001	6128	6	-1	-1	-1	0
6003	6130	6002	6	-1	-1	-1	0
5957	6090	6088	0	-1	-1	-1	0
6089	6090	5957	0	-1	-1	-1	0
5960	6092	6087	0	-1	-1	-1	0
6027	6120	5993	0	-1	-1	-1	0
6005	6132	6006	5	-1	-1	-1	0
6132	6005	6007	5	-1	-1	-1	0
6131	6009	6004	6	-1	-1	-1	0
6003	6013	6130	6	-1	-1	-1	0
6093	6092	5961	0	-1	-1	-1	0
6076	6101	5969	0	-1	-1	-1	0
6091	6094	5963	0	-1	-1	-1	0
6007	6008	6135	6	-1	-1	-1	0
6093	5963	6095	0	-1	-1	-1	0
6095	5963	6094	0	-1	-1	-1	0
6008	6009	6136	6	-1	-1	-1	0
6010	6137	6011	6	-1	-1	-1	0
6012	6011	6138	6	-1	-1	-1	0
6098	6097	5966	5	-1	-1	-1	0
6133	6023	6006	5	-1	-1	-1	0
5967	6096	6099	5	-1	-1	-1	0
6061	5988	6114	0	-1	-1	-1	0
6099	6098	5967	5	-1	-1	-1	0
5968	6100	6096	0	-1	-1	-1	0
6012	6139	6013	6	-1	-1	-1	0
6141	6015	6014	0	-1	-1	-1	0
6097	6103	5971	5	-1	-1	-1	0
6100	5969	6102	0	-1	-1	-1	0
5969	6101	6102	0	-1	-1	-1	0
6142	6017	6015	0	-1	-1	-1	0
6014	6020	6141	0	-1	-1	-1	0
6027	6028	6120	0	-1	-1	-1	0
6016	6017	6143	0	-1	-1	-1	0
6018	6019	6147	5	-1	-1	-1	0
6021	6018	6146	5	-1	-1	-1	0
6106	5977	6104	7	-1	-1	-1	0
6105	5977	6106	7	-1	-1	0	0
6148	6019	6022	5	-1	-1	-1	0
5980	6103	6107	5	-1	-1	-1	0
6021	6149	6020	0	-1	-1	-1	0
6045	6137	6010	6	-1	-1	-1	0
6023	6148	6022	5	-1	-1	-1	0
6016	6143	6036	0	-1	-1	-1	0
6152	6025	6024	0	-1	-1	-1	0
6107	6108	5981	6	-1	-1	-1	0
5985	6112	6104	7	-1	-1	-1	0
6109	5983	6110	6	-1	-1	-1	0
6108	6111	5984	6	-1	-1	-1	0
6111	6110	5984	6	-1	-1	-1	0
6113	5986	6109	7	-1	-1	-1	0
6155	6029	6025	0	-1	-1	-1	0
6026	6156	6028	0	-1	-1	-1	0
6113	6112	5986	7	-1	-1	-1	0
6029	6156	6026	0	-1	-1	-1	0
6038	6152	6024	0	-1	-1	-1	0
6116	6115	5990	0	-1	-1	-1	0
6158	6030	6033	0	-1	-1	-1	0
6159	6031	6032	0	-1	-1	-1	0
6160	6033	6031	0	-1	-1	-1	0
6116	5991	6117	0	-1	-1	-1	0
6158	6037	6030	0	-1	-1	-1	0
6117	5992	6119	0	-1	-1	-1	0
6161	6032	6035	0	-1	-1	-1	0
6119	5992	6118	0	-1	-1	-1	0
6120	6118	5993	0	-1	-1	-1	0
5995	6115	6122	0	-1	-1	-1	0
6034	6164	6035	0	-1	-1	-1	0
6034	6036	6164	0	-1	-1	-1	0
6061	6114	6060	0	-1	-1	-1	0
6125	6114	5998	0	-1	-1	-1	0
6122	6121	5995	0	-1	-1	-1	0
6121	6123	5996	0	-1	-1	-1	0
6037	6169	6038	0	-1	-1	-1	0
6123	6124	5996	0	-1	-1	-1	0
5999	6126	6125	0	-1	-1	-1	0
6000	6124	6127	0	-1	-1	-1	0
6126	5999	6127	0	-1	-1	-1	0
6101	6076	6077	0	-1	-1	-1	0
6001	6129	6128	6	-1	-1	-1	0
6044	6043	6173	7	-1	-1	-1	0
6002	6130	6129	6	-1	-1	-1	0
6046	6173	6043	7	-1	-1	-1	0
6004	6128	6131	6	-1	-1	-1	0
6174	6045	6044	7	-1	-1	-1	0
6132	6133	6006	5	-1	-1	-1	0
6050	6176	6046	7	0	-1	-1	0
6007	6134	6132	6	-1	-1	-1	0
6007	6135	6134	6	-1	-1	-1	0
6131	6136	6009	6	-1	-1	-1	0
6135	6008	6136	6	-1	-1	-1	0
6051	6052	6177	1	-1	-1	-1	0
6140	6130	6013	6	-1	-1	-1	0
6052	6053	6178	0	-1	-1	-1	0
6137	6138	6011	6	-1	-1	-1	0
6138	6139	6012	6	-1	-1	-1	0
6179	6055	6056	0	-1	-1	-1	0
6139	6140	6013	6	-1	-1	-1	0
6182	6056	6057	0	-1	-1	-1	0
6142	6015	6141	0	-1	-1	-1	0
6055	6180	6062	0	-1	-1	-1	0
6057	6058	6183	0	-1	-1	-1	0
6051	6177	6071	1	-1	-1	-1	0
6059	6183	6058	0	-1	-1	-1	0
6142	6145	6017	0	-1	-1	-1	0
6060	6185	6059	0	-1	-1	-1	0
6144	6143	6017	0	-1	-1	-1	0
6028	6157	6120	0	-1	-1	-1	0
6178	6053	6074	0	-1	-1	-1	0
6062	6180	6065	0	-1	-1	-1	0
6145	6144	6017	0	-1	-1	-1	0
6133	6151	6023	5	-1	-1	-1	0
6149	6141	6020	0	-1	-1	-1	0
6147	6146	6018	5	-1	-1	-1	0
6064	6063	6187	0	-1	-1	-1	0
6147	6019	6148	5	-1	-1	-1	0
6187	6063	6065	0	-1	-1	-1	0
6146	6150	6021	5	-1	-1	-1	0
6064	6189	6066	0	-1	-1	-1	0
6021	6150	6149	5	-1	-1	-1	0
6151	6148	6023	5	-1	-1	-1	0
6067	6066	6191	0	-1	-1	-1	0
6074	6075	6178	0	-1	-1	-1	0
6067	6192	6068	0	-1	-1	-1	0
6069	6068	6192	0	-1	-1	-1	0
6025	6152	6154	0	-1	-1	-1	0
6025	6154	6153	0	-1	-1	-1	0
6193	6070	6069	0	-1	-1	-1	0
6155	6025	6153	0	-1	-1	-1	0
6071	6196	6072	0	-1	-1	-1	0
6156	6029	6155	0	-1	-1	-1	0
6156	6157	6028	0	-1	-1	-1	0
6072	6196	6073	0	-1	-1	-1	0
6073	6196	6075	0	-1	-1	-1	0
6168	6036	6143	0	-1	-1	-1	0
6159	6160	6031	0	-1	-1	-1	0
6077	6078	6197	0	-1	-1	-1	0
6161	6159	6032	0	-1	-1	-1	0
6033	6162	6158	0	-1	-1	-1	0
6033	6160	6163	0	-1	-1	-1	0
6195	6091	6070	0	-1	-1	-1	0
6137	6045	6175	7	-1	-1	-1	0
6163	6162	6033	0	-1	-1	-1	0
6201	6078	6079	0	-1	-1	-1	0
6186	6060	6114	0	-1	-1	-1	0
6161	6035	6165	0	-1	-1	-1	0
6080	6202	6079	0	-1	-1	-1	0
6038	6172	6152	0	-1	-1	-1	0
6203	6080	6081	0	-1	-1	-1	0
6166	6035	6164	0	-1	-1	-1	0
6158	6170	6037	0	-1	-1	-1	0
6166	6165	6035	0	-1	-1	-1	0
6203	6081	6083	0	-1	-1	-1	0
6164	6036	6167	0	-1	-1	-1	0
6082	6204	6083	0	-1	-1	-1	0
6168	6167	6036	0	-1	-1	-1	0
6204	6082	6085	0	-1	-1	-1	0
6085	6084	6206	0	-1	-1	-1	0
6170	6169	6037	0	-1	-1	-1	0
6077	6198	6101	0	-1	-1	-1	0
6206	6084	6088	0	-1	-1	-1	0
6171	6038	6169	0	-1	-1	-1	0
6195	6094	6091	0	-1	-1	-1	0
6172	6038	6171	0	-1	-1	-1	0
6087	6209	6086	0	-1	-1	-1	0
6086	6209	6089	0	-1	-1	-1	0
6087	6092	6210	0	-1	-1	-1	0
6211	6088	6090	0	-1	-1	-1	0
6173	6174	6044	7	-1	-1	-1	0
6089	6213	6090	0	-1	-1	-1	0
6174	6175	6045	7	-1	-1	-1	0
6176	6173	6046	7	-1	-1	-1	0
6101	6198	6102	0	-1	-1	-1	0
6216	6092	6093	0	-1	-1	-1	0
6093	6095	6217	0	-1	-1	-1	0
6218	6095	6094	0	-1	-1	-1	0
6177	6052	6178	0	-1	-1	-1	0
6179	6180	6055	0	-1	-1	-1	0
6099	6096	6221	5	-1	-1	-1	0
6179	6056	6181	0	-1	-1	-1	0
6100	6221	6096	5	-1	-1	-1	0
6222	6097	6098	5	-1	-1	-1	0
6181	6056	6182	0	-1	-1	-1	0
6224	6098	6099	5	-1	-1	-1	0
6097	6223	6103	5	-1	-1	-1	0
6057	6184	6182	0	-1	-1	-1	0
6184	6057	6183	0	-1	-1	-1	0
6114	6125	6186	0	-1	-1	-1	0
6185	6183	6059	0	-1	-1	-1	0
6100	6102	6226	5	-1	-1	-1	0
6178	6075	6177	0	-1	-1	-1	0
6060	6186	6185	0	-1	-1	-1	0
6223	6107	6103	5	-1	-1	-1	0
6065	6180	6190	0	-1	-1	-1	0
6228	6106	6104	7	0	-1	-1	0
6064	6187	6188	0	-1	-1	-1	0
6064	6188	6189	0	-1	-1	-1	0
6065	6190	6187	0	-1	-1	-1	0
6071	6177	6196	1	-1	-1	-1	0
6112	6228	6104	7	-1	-1	-1	0
6107	6229	6108	6	-1	-1	-1	0
6196	6177	6075	0	-1	-1	-1	0
6191	6066	6189	0	-1	-1	-1	0
6230	6111	6108	6	-1	-1	-1	0
6191	6192	6067	0	-1	-1	-1	0
6110	6231	6109	7	-1	-1	-1	0
6109	6231	6113	7	-1	-1	-1	0
6232	6110	6111	7	-1	-1	-1	0
6069	6192	6194	0	-1	-1	-1	0
6143	6144	6168	0	-1	-1	-1	0
6069	6194	6193	0	-1	-1	-1	0
6070	6193	6195	0	-1	-1	-1	0
6113	6234	6112	7	-1	-1	-1	0
6116	6236	6115	0	-1	-1	-1	0
6155	6157	6156	0	-1	-1	-1	0
6116	6117	6238	0	-1	-1	-1	0
6199	6077	6197	0	-1	-1	-1	0
6236	6122	6115	0	-1	-1	-1	0
6198	6077	6199	0	-1	-1	-1	0
6238	6117	6119	0	-1	-1	-1	0
6078	6200	6197	0	-1	-1	-1	0
6118	6239	6119	0	-1	-1	-1	0
6118	6120	6239	0	-1	-1	-1	0
6172	6154	6152	0	-1	-1	-1	0
6078	6201	6200	0	-1	-1	-1	0
6201	6079	6202	0	-1	-1	-1	0
6242	6121	6122	0	-1	-1	-1	0
6202	6080	6203	0	-1	-1	-1	0
6123	6121	6242	0	-1	-1	-1	0
6162	6170	6158	0	-1	-1	-1	0
6083	6205	6203	0	-1	-1	-1	0
6123	6244	6124	0	-1	-1	-1	0
6205	6083	6204	0	-1	-1	-1	0
6245	6127	6124	0	-1	-1	-1	0
6125	6126	6246	0	-1	-1	-1	0
6167	6166	6164	0	-1	-1	-1	0
6085	6208	6204	0	-1	-1	-1	0
6207	6085	6206	0	-1	-1	-1	0
6127	6247	6126	0	-1	-1	-1	0
6085	6207	6208	0	-1	-1	-1	0
6128	6129	6248	6	-1	-1	-1	0
6087	6210	6209	0	-1	-1	-1	0
6206	6088	6212	0	-1	-1	-1	0
6094	6195	6218	0	-1	-1	-1	0
6131	6128	6249	6	-1	-1	-1	0
6129	6130	6250	6	-1	-1	-1	0
6089	6209	6213	0	-1	-1	-1	0
6088	6211	6212	0	-1	-1	-1	0
6090	6215	6211	0	-1	-1	-1	0
6090	6213	6214	0	-1	-1	-1	0
6132	6252	6133	6	-1	-1	-1	0
6092	6216	6210	0	-1	-1	-1	0
6132	6134	6252	6	-1	-1	-1	0
6251	6136	6131	6	-1	-1	-1	0
6241	6120	6157	0	-1	-1	-1	0
6090	6214	6215	0	-1	-1	-1	0
6130	6140	6250	6	-1	-1	-1	0
6255	6134	6135	6	-1	-1	-1	0
6217	6216	6093	0	-1	-1	-1	0
6135	6136	6256	6	-1	-1	-1	0
6102	6198	6227	5	-1	-1	-1	0
6220	6217	6095	0	-1	-1	-1	0
6138	6137	6257	7	-1	-1	-1	0
6219	6095	6218	0	-1	-1	-1	0
6219	6220	6095	0	-1	-1	-1	0
6258	6139	6138	7	-1	-1	-1	0
6253	6151	6133	6	-1	-1	-1	0
6139	6259	6140	7	-1	-1	-1	0
6222	6223	6097	5	-1	-1	-1	0
6222	6098	6224	5	-1	-1	-1	0
6261	6142	6141	0	-1	-1	-1	0
6221	6225	6099	5	-1	-1	-1	0
6100	6226	6221	5	-1	-1	-1	0
6225	6224	6099	5	-1	-1	-1	0
6142	6261	6145	0	-1	-1	-1	0
6141	6149	6261	0	-1	-1	-1	0
6145	6263	6144	5	-1	-1	-1	0
6227	6226	6102	5	-1	-1	-1	0
6125	6246	6186	0	-1	-1	-1	0
6147	6265	6146	5	-1	-1	-1	0
6107	6223	6229	6	-1	-1	-1	0
6266	6150	6146	5	-1	-1	-1	0
6267	6147	6148	5	-1	-1	-1	0
6267	6148	6151	5	-1	-1	-1	0
6149	6150	6268	5	-1	-1	-1	0
6229	6230	6108	6	-1	-1	-1	0
6175	6257	6137	7	-1	-1	-1	0
6110	6232	6231	7	-1	-1	-1	0
6230	6233	6111	7	-1	-1	-1	0
6168	6144	6262	5	-1	-1	-1	0
6228	6112	6234	7	-1	-1	0	0
6111	6233	6232	7	-1	-1	-1	0
6153	6271	6155	0	-1	-1	-1	0
6272	6153	6154	0	-1	-1	-1	0
6235	6113	6231	7	-1	-1	-1	0
6234	6113	6235	7	-1	-1	0	0
6157	6155	6275	0	-1	-1	-1	0
6237	6236	6116	0	-1	-1	-1	0
6237	6116	6238	0	-1	-1	-1	0
6159	6161	6276	0	-1	-1	-1	0
6277	6160	6159	0	-1	-1	-1	0
6119	6240	6238	0	-1	-1	-1	0
6119	6239	6240	0	-1	-1	-1	0
6274	6154	6172	0	-1	-1	-1	0
6120	6241	6239	0	-1	-1	-1	0
6278	6163	6160	0	-1	-1	-1	0
6243	6122	6236	0	-1	-1	-1	0
6162	6163	6280	0	-1	-1	-1	0
6161	6165	6279	0	-1	-1	-1	0
6242	6122	6243	0	-1	-1	-1	0
6242	6244	6123	0	-1	-1	-1	0
6281	6170	6162	0	-1	-1	-1	0
6244	6245	6124	0	-1	-1	-1	0
6165	6166	6284	5	-1	-1	-1	0
6208	6205	6204	0	-1	-1	-1	0
6247	6127	6245	0	-1	-1	-1	0
6167	6286	6166	5	-1	-1	-1	0
6247	6246	6126	0	-1	-1	-1	0
6287	6167	6168	5	-1	-1	-1	0
6248	6249	6128	6	-1	-1	-1	0
6250	6248	6129	6	-1	-1	-1	0
6288	6169	6170	0	-1	-1	-1	0
6288	6171	6169	0	-1	-1	-1	0
6131	6249	6251	6	-1	-1	-1	0
6210	6213	6209	0	-1	-1	-1	0
6172	6171	6289	0	-1	-1	-1	0
6291	6174	6173	7	-1	-1	-1	0
6133	6252	6253	6	-1	-1	-1	0
6173	6176	6291	7	-1	0	-1	0
6252	6134	6254	6	-1	-1	-1	0
6175	6174	6292	7	-1	-1	-1	0
6251	6256	6136	6	-1	-1	-1	0
6254	6134	6255	6	-1	-1	-1	0
6256	6255	6135	6	-1	-1	-1	0
6250	6140	6260	7	-1	-1	-1	0
6179	6294	6180	0	-1	-1	-1	0
6257	6258	6138	7	-1	-1	-1	0
6294	6179	6181	0	-1	-1	-1	0
6258	6259	6139	7	-1	-1	-1	0
6181	6182	6295	0	-1	-1	-1	0
6140	6259	6260	7	-1	-1	-1	0
6184	6296	6182	0	-1	-1	-1	0
6297	6184	6183	0	-1	-1	-1	0
6294	6190	6180	0	-1	-1	-1	0
6297	6183	6185	0	-1	-1	-1	0
6262	6144	6263	5	-1	-1	-1	0
6145	6261	6264	5	-1	-1	-1	0
6299	6185	6186	0	-1	-1	-1	0
6145	6264	6263	5	-1	-1	-1	0
6275	6241	6157	0	-1	-1	-1	0
6151	6253	6270	6	-1	-1	-1	0
6188	6187	6301	0	-1	-1	-1	0
6265	6266	6146	5	-1	-1	-1	0
6300	6187	6190	0	-1	-1	-1	0
6268	6261	6149	5	-1	-1	-1	0
6267	6265	6147	5	-1	-1	-1	0
6302	6189	6188	0	-1	-1	-1	0
6189	6302	6191	0	-1	-1	-1	0
6269	6150	6266	5	-1	-1	-1	0
6268	6150	6269	5	-1	-1	-1	0
6267	6151	6270	6	-1	-1	-1	0
6305	6192	6191	0	-1	-1	-1	0
6305	6194	6192	0	-1	-1	-1	0
6194	6306	6193	0	-1	-1	-1	0
6195	6193	6306	0	-1	-1	-1	0
6271	6153	6272	0	-1	-1	-1	0
6272	6154	6273	0	-1	-1	-1	0
6274	6273	6154	0	-1	-1	-1	0
6155	6271	6275	0	-1	-1	-1	0
6199	6197	6309	0	-1	-1	-1	0
6309	6197	6200	0	-1	-1	-1	0
6199	6310	6198	5	-1	-1	-1	0
6159	6276	6277	0	-1	-1	-1	0
6201	6312	6200	0	-1	-1	-1	0
6278	6160	6277	0	-1	-1	-1	0
6202	6313	6201	0	-1	-1	-1	0
6279	6276	6161	0	-1	-1	-1	0
6237	6243	6236	0	-1	-1	-1	0
6262	6287	6168	5	-1	-1	-1	0
6306	6218	6195	0	-1	-1	-1	0
6203	6315	6202	0	-1	-1	-1	0
6162	6280	6281	0	-1	-1	-1	0
6315	6203	6205	0	-1	-1	-1	0
6278	6283	6163	0	-1	-1	-1	0
6293	6257	6175	7	-1	-1	-1	0
6163	6282	6280	0	-1	-1	-1	0
6283	6282	6163	0	-1	-1	-1	0
6205	6208	6316	0	-1	-1	-1	0
6165	6285	6279	5	-1	-1	-1	0
6207	6206	6317	0	-1	-1	-1	0
6246	6299	6186	0	-1	-1	-1	0
6319	6208	6207	0	-1	-1	-1	0
6165	6284	6285	5	-1	-1	-1	0
6274	6172	6289	0	-1	-1	-1	0
6212	6317	6206	0	-1	-1	-1	0
6310	6227	6198	5	-1	-1	-1	0
6166	6286	6284	5	-1	-1	-1	0
6281	6288	6170	0	-1	-1	-1	0
6286	6167	6287	5	-1	-1	-1	0
6210	6323	6213	0	-1	-1	-1	0
6211	6324	6212	0	-1	-1	-1	0
6210	6216	6322	0	-1	-1	-1	0
6171	6288	6290	0	-1	-1	-1	0
6290	6289	6171	0	-1	-1	-1	0
6211	6215	6325	0	-1	-1	-1	0
6213	6329	6214	0	-1	-1	-1	0
6292	6174	6291	7	-1	-1	0	0
6330	6215	6214	0	-1	-1	-1	0
6292	6293	6175	7	0	-1	-1	0
6216	6217	6333	0	-1	-1	-1	0
6295	6294	6181	0	-1	-1	-1	0
6217	6220	6333	0	-1	-1	-1	0
6219	6218	6334	0	-1	-1	-1	0
6296	6295	6182	0	-1	-1	-1	0
6220	6219	6336	0	-1	-1	-1	0
6296	6184	6298	0	-1	-1	-1	0
6184	6297	6298	0	-1	-1	-1	0
6185	6299	6297	0	-1	-1	-1	0
6225	6221	6339	5	-1	-1	-1	0
6224	6340	6222	6	-1	-1	-1	0
6226	6339	6221	5	-1	-1	-1	0
6223	6222	6341	6	-1	-1	-1	0
6294	6303	6190	0	-1	-1	-1	0
6187	6300	6301	0	-1	-1	-1	0
6302	6188	6301	0	-1	-1	-1	0
6342	6224	6225	6	-1	-1	-1	0
6341	6229	6223	6	-1	-1	-1	0
6300	6190	6303	0	-1	-1	-1	0
6261	6268	6264	5	-1	-1	-1	0
6344	6226	6227	5	-1	-1	-1	0
6191	6302	6304	0	-1	-1	-1	0
6191	6304	6305	0	-1	-1	-1	0
6230	6229	6346	6	-1	-1	-1	0
6194	6307	6306	0	-1	-1	-1	0
6305	6308	6194	0	-1	-1	-1	0
6308	6307	6194	0	-1	-1	-1	0
6233	6230	6347	7	-1	-1	-1	0
6232	6348	6231	7	-1	-1	-1	0
6235	6231	6348	7	-1	-1	0	0
6349	6232	6233	7	-1	-1	-1	0
6199	6309	6311	5	-1	-1	-1	0
6199	6311	6310	5	-1	-1	-1	0
6237	6238	6351	0	-1	-1	-1	0
6201	6313	6312	0	-1	-1	-1	0
6309	6200	6312	0	-1	-1	-1	0
6202	6315	6314	0	-1	-1	-1	0
6314	6313	6202	0	-1	-1	-1	0
6238	6240	6353	0	-1	-1	-1	0
6352	6243	6237	0	-1	-1	-1	0
6239	6355	6240	0	-1	-1	-1	0
6354	6239	6241	0	-1	-1	-1	0
6205	6316	6315	0	-1	-1	-1	0
6207	6317	6318	0	-1	-1	-1	0
6243	6357	6242	0	-1	-1	-1	0
6242	6358	6244	0	-1	-1	-1	0
6208	6320	6316	0	-1	-1	-1	0
6207	6318	6319	0	-1	-1	-1	0
6321	6208	6319	0	-1	-1	-1	0
6244	6360	6245	0	-1	-1	-1	0
6321	6320	6208	0	-1	-1	-1	0
6360	6247	6245	0	-1	-1	-1	0
6212	6326	6317	0	-1	-1	-1	0
6322	6323	6210	0	-1	-1	-1	0
6363	6246	6247	0	-1	-1	-1	0
6218	6306	6334	0	-1	-1	-1	0
6211	6325	6324	0	-1	-1	-1	0
6249	6248	6365	7	-1	-1	-1	0
6324	6327	6212	0	-1	-1	-1	0
6328	6213	6323	0	-1	-1	-1	0
6366	6248	6250	7	-1	-1	-1	0
6327	6326	6212	0	-1	-1	-1	0
6251	6249	6367	7	-1	-1	-1	0
6213	6328	6329	0	-1	-1	-1	0
6216	6332	6322	0	-1	-1	-1	0
6325	6215	6331	0	-1	-1	-1	0
6241	6275	6356	0	-1	-1	-1	0
6329	6330	6214	0	-1	-1	-1	0
6253	6252	6369	6	-1	-1	-1	0
6369	6252	6254	6	-1	-1	-1	0
6256	6251	6368	7	-1	-1	-1	0
6260	6366	6250	7	-1	-1	-1	0
6331	6215	6330	0	-1	-1	-1	0
6332	6216	6333	0	-1	-1	-1	0
6372	6254	6255	7	-1	-1	-1	0
6310	6345	6227	5	-1	-1	-1	0
6256	6373	6255	7	-1	-1	-1	0
6334	6335	6219	0	-1	-1	-1	0
6374	6258	6257	7	-1	-1	-1	0
6219	6335	6336	0	-1	-1	-1	0
6333	6220	6337	0	-1	-1	-1	0
6259	6258	6375	7	-1	-1	-1	0
6370	6270	6253	6	-1	-1	-1	0
6220	6336	6338	0	-1	-1	-1	0
6259	6376	6260	7	-1	-1	-1	0
6220	6338	6337	0	-1	-1	-1	0
6262	6263	6378	5	-1	-1	-1	0
6222	6340	6341	6	-1	-1	-1	0
6224	6342	6340	6	-1	-1	-1	0
6339	6343	6225	6	-1	-1	-1	0
6380	6263	6264	5	-1	-1	-1	0
6362	6299	6246	0	-1	-1	-1	0
6339	6226	6344	5	-1	-1	-1	0
6225	6343	6342	6	-1	-1	-1	0
6268	6381	6264	5	-1	-1	-1	0
6265	6267	6382	6	-1	-1	-1	0
6266	6265	6383	6	-1	-1	-1	0
6345	6344	6227	5	-1	-1	-1	0
6346	6229	6341	6	-1	-1	-1	0
6269	6381	6268	5	-1	-1	-1	0
6269	6266	6384	6	-1	-1	-1	0
6382	6267	6270	6	-1	-1	-1	0
6230	6346	6347	7	-1	-1	-1	0
6293	6374	6257	7	0	-1	-1	0
6379	6287	6262	5	-1	-1	-1	0
6348	6232	6349	7	-1	-1	0	0
6350	6233	6347	7	-1	-1	-1	0
6389	6271	6272	0	-1	-1	-1	0
6350	6349	6233	7	0	-1	-1	0
6271	6387	6275	0	-1	-1	-1	0
6273	6391	6272	0	-1	-1	-1	0
6392	6273	6274	0	-1	-1	-1	0
6351	6352	6237	0	-1	-1	-1	0
6351	6238	6353	0	-1	-1	-1	0
6355	6353	6240	0	-1	-1	-1	0
6395	6277	6276	0	-1	-1	-1	0
6354	6355	6239	0	-1	-1	-1	0
6276	6279	6395	0	-1	-1	-1	0
6354	6241	6356	0	-1	-1	-1	0
6396	6278	6277	0	-1	-1	-1	0
6352	6357	6243	0	-1	-1	-1	0
6393	6274	6289	0	-1	-1	-1	0
6278	6396	6283	0	-1	-1	-1	0
6297	6299	6362	0	-1	-1	-1	0
6359	6242	6357	0	-1	-1	-1	0
6281	6280	6398	0	-1	-1	-1	0
6358	6242	6359	0	-1	-1	-1	0
6398	6280	6282	0	-1	-1	-1	0
6285	6397	6279	5	-1	-1	-1	0
6244	6358	6360	0	-1	-1	-1	0
6402	6282	6283	5	-1	-1	-1	0
6281	6399	6288	0	-1	-1	-1	0
6361	6362	6246	0	-1	-1	-1	0
6246	6363	6361	0	-1	-1	-1	0
6360	6364	6247	0	-1	-1	-1	0
6404	6285	6284	5	-1	-1	-1	0
6363	6247	6364	0	-1	-1	-1	0
6286	6405	6284	5	-1	-1	-1	0
6288	6399	6290	0	-1	-1	-1	0
6365	6248	6366	7	-1	-1	-1	0
6286	6287	6407	5	-1	-1	-1	0
6365	6367	6249	7	-1	-1	-1	0
6367	6368	6251	7	-1	-1	-1	0
6290	6408	6289	0	-1	-1	-1	0
6369	6370	6253	6	-1	-1	-1	0
6254	6371	6369	7	-1	-1	-1	0
6371	6254	6372	7	-1	-1	-1	0
6256	6368	6373	7	-1	-1	-1	0
6411	6294	6295	0	-1	-1	-1	0
6373	6372	6255	7	-1	-1	-1	0
6377	6366	6260	7	-1	-1	-1	0
6412	6295	6296	0	-1	-1	-1	0
6375	6258	6374	7	-1	-1	0	0
6294	6411	6303	0	-1	-1	-1	0
6298	6414	6296	0	-1	-1	-1	0
6297	6415	6298	0	-1	-1	-1	0
6375	6376	6259	7	0	-1	-1	0
6376	6377	6260	7	0	-1	-1	0
6301	6300	6417	0	-1	-1	-1	0
6275	6387	6356	0	-1	-1	-1	0
6378	6379	6262	5	-1	-1	-1	0
6300	6303	6417	0	-1	-1	-1	0
6301	6418	6302	0	-1	-1	-1	0
6378	6263	6380	5	-1	-1	-1	0
6264	6381	6380	5	-1	-1	-1	0
6419	6304	6302	0	-1	-1	-1	0
6270	6370	6386	6	-1	-1	-1	0
6382	6383	6265	6	-1	-1	-1	0
6305	6304	6423	0	-1	-1	-1	0
6266	6383	6384	6	-1	-1	-1	0
6269	6385	6381	6	-1	-1	-1	0
6308	6305	6423	0	-1	-1	-1	0
6424	6306	6307	0	-1	-1	-1	0
6270	6386	6382	6	-1	-1	-1	0
6385	6269	6384	6	-1	-1	-1	0
6425	6307	6308	0	-1	-1	-1	0
6388	6387	6271	0	-1	-1	-1	0
6309	6426	6311	5	-1	-1	-1	0
6312	6426	6309	5	-1	-1	-1	0
6427	6310	6311	5	-1	-1	-1	0
6271	6389	6388	0	-1	-1	-1	0
6272	6390	6389	0	-1	-1	-1	0
6390	6272	6391	0	-1	-1	-1	0
6429	6312	6313	5	-1	-1	-1	0
6273	6392	6391	0	-1	-1	-1	0
6430	6313	6314	5	-1	-1	-1	0
6274	6394	6392	0	-1	-1	-1	0
6315	6432	6314	0	-1	-1	-1	0
6274	6393	6394	0	-1	-1	-1	0
6432	6315	6316	0	-1	-1	-1	0
6306	6424	6334	0	-1	-1	-1	0
6317	6433	6318	0	-1	-1	-1	0
6432	6316	6320	0	-1	-1	-1	0
6277	6395	6396	0	-1	-1	-1	0
6318	6434	6319	0	-1	-1	-1	0
6397	6395	6279	5	-1	-1	-1	0
6407	6287	6379	5	-1	-1	-1	0
6415	6297	6362	0	-1	-1	-1	0
6319	6434	6321	0	-1	-1	-1	0
6321	6435	6320	5	-1	-1	-1	0
6317	6326	6433	0	-1	-1	-1	0
6400	6281	6398	0	-1	-1	-1	0
6400	6399	6281	0	-1	-1	-1	0
6283	6396	6403	5	-1	-1	-1	0
6282	6401	6398	5	-1	-1	-1	0
6345	6310	6427	5	-1	-1	-1	0
6323	6322	6439	0	-1	-1	-1	0
6282	6402	6401	5	-1	-1	-1	0
6406	6397	6285	5	-1	-1	-1	0
6402	6283	6403	5	-1	-1	-1	0
6441	6324	6325	0	-1	-1	-1	0
6393	6289	6408	0	-1	-1	-1	0
6440	6328	6323	0	-1	-1	-1	0
6438	6322	6332	0	-1	-1	-1	0
6441	6327	6324	0	-1	-1	-1	0
6284	6405	6404	5	-1	-1	-1	0
6404	6406	6285	5	-1	-1	-1	0
6443	6326	6327	5	-1	-1	-1	0
6331	6442	6325	0	-1	-1	-1	0
6407	6405	6286	5	-1	-1	-1	0
6410	6290	6399	0	-1	-1	-1	0
6329	6328	6446	0	-1	-1	-1	0
6329	6447	6330	0	-1	-1	-1	0
6290	6409	6408	0	-1	-1	-1	0
6331	6330	6448	0	-1	-1	-1	0
6410	6409	6290	0	-1	-1	-1	0
6451	6332	6333	0	-1	-1	-1	0
6411	6295	6413	0	-1	-1	-1	0
6295	6412	6413	0	-1	-1	-1	0
6333	6337	6451	0	-1	-1	-1	0
6452	6335	6334	0	-1	-1	-1	0
6412	6296	6414	0	-1	-1	-1	0
6336	6335	6453	0	-1	-1	-1	0
6454	6338	6336	0	-1	-1	-1	0
6416	6414	6298	0	-1	-1	-1	0
6298	6415	6416	0	-1	-1	-1	0
6457	6337	6338	0	-1	-1	-1	0
6421	6303	6411	0	-1	-1	-1	0
6417	6418	6301	0	-1	-1	-1	0
6419	6302	6418	0	-1	-1	-1	0
6341	6340	6460	6	-1	-1	-1	0
6339	6459	6343	6	-1	-1	-1	0
6344	6459	6339	6	-1	-1	-1	0
6417	6303	6422	0	-1	-1	-1	0
6342	6461	6340	6	-1	-1	-1	0
6421	6420	6303	0	-1	-1	-1	0
6303	6420	6422	0	-1	-1	-1	0
6423	6304	6419	0	-1	-1	-1	0
6346	6341	6460	6	-1	-1	-1	0
6342	6343	6462	6	-1	-1	-1	0
6345	6464	6344	6	-1	-1	-1	0
6307	6425	6424	0	-1	-1	-1	0
6425	6308	6423	0	-1	-1	-1	0
6346	6466	6347	7	-1	-1	-1	0
6467	6350	6347	7	0	-1	-1	0
6428	6311	6426	5	-1	-1	-1	0
6428	6427	6311	5	-1	-1	-1	0
6312	6429	6426	5	-1	-1	-1	0
6429	6313	6430	5	-1	-1	-1	0
6353	6468	6351	0	-1	-1	-1	0
6469	6352	6351	0	-1	-1	-1	0
6430	6314	6431	5	-1	-1	-1	0
6431	6314	6432	5	-1	-1	-1	0
6357	6352	6470	0	-1	-1	-1	0
6355	6471	6353	0	-1	-1	-1	0
6472	6355	6354	0	-1	-1	-1	0
6473	6354	6356	0	-1	-1	-1	0
6433	6434	6318	0	-1	-1	-1	0
6359	6357	6470	0	-1	-1	-1	0
6320	6436	6432	5	-1	-1	-1	0
6320	6435	6436	5	-1	-1	-1	0
6434	6437	6321	5	-1	-1	-1	0
6437	6435	6321	5	-1	-1	-1	0
6359	6477	6358	0	-1	-1	-1	0
6358	6478	6360	0	-1	-1	-1	0
6439	6322	6438	0	-1	-1	-1	0
6323	6439	6440	0	-1	-1	-1	0
6326	6444	6433	5	-1	-1	-1	0
6362	6361	6481	0	-1	-1	-1	0
6360	6480	6364	0	-1	-1	-1	0
6363	6481	6361	0	-1	-1	-1	0
6364	6480	6363	0	-1	-1	-1	0
6325	6442	6441	0	-1	-1	-1	0
6410	6399	6400	0	-1	-1	-1	0
6334	6424	6452	0	-1	-1	-1	0
6326	6443	6444	5	-1	-1	-1	0
6441	6445	6327	5	-1	-1	-1	0
6440	6446	6328	0	-1	-1	-1	0
6445	6443	6327	5	-1	-1	-1	0
6366	6485	6365	7	-1	-1	-1	0
6486	6367	6365	7	-1	-1	-1	0
6387	6476	6356	0	-1	-1	-1	0
6438	6332	6450	0	-1	-1	-1	0
6331	6448	6442	0	-1	-1	-1	0
6487	6368	6367	7	-1	-1	-1	0
6329	6446	6447	0	-1	-1	-1	0
6447	6449	6330	0	-1	-1	-1	0
6449	6448	6330	0	-1	-1	-1	0
6377	6485	6366	7	0	-1	-1	0
6370	6369	6489	7	-1	-1	-1	0
6488	6373	6368	7	-1	-1	-1	0
6371	6489	6369	7	-1	-1	-1	0
6332	6451	6450	0	-1	-1	-1	0
6372	6491	6371	7	-1	-1	-1	0
6465	6345	6427	6	-1	-1	-1	0
6493	6372	6373	7	-1	-1	-1	0
6335	6452	6453	0	-1	-1	-1	0
6453	6455	6336	0	-1	-1	-1	0
6456	6451	6337	0	-1	-1	-1	0
6336	6455	6454	0	-1	-1	-1	0
6370	6490	6386	7	-1	-1	-1	0
6454	6458	6338	0	-1	-1	-1	0
6337	6457	6456	0	-1	-1	-1	0
6379	6378	6494	6	-1	-1	-1	0
6387	6388	6476	0	-1	-1	-1	0
6495	6378	6380	6	-1	-1	-1	0
6458	6457	6338	0	-1	-1	-1	0
6418	6417	6422	0	-1	-1	-1	0
6380	6381	6497	6	-1	-1	-1	0
6362	6482	6415	0	-1	-1	-1	0
6461	6460	6340	6	-1	-1	-1	0
6381	6385	6497	6	-1	-1	-1	0
6383	6382	6498	6	-1	-1	-1	0
6462	6461	6342	6	-1	-1	-1	0
6463	6343	6459	6	-1	-1	-1	0
6499	6384	6383	6	-1	-1	-1	0
6498	6382	6386	6	-1	-1	-1	0
6459	6344	6464	6	-1	-1	-1	0
6462	6343	6463	6	-1	-1	-1	0
6384	6500	6385	6	-1	-1	-1	0
6460	6466	6346	7	-1	-1	-1	0
6345	6465	6464	6	-1	-1	-1	0
6389	6503	6388	0	-1	-1	-1	0
6467	6347	6466	7	-1	-1	-1	0
6496	6407	6379	6	-1	-1	-1	0
6505	6389	6390	0	-1	-1	-1	0
6507	6390	6391	0	-1	-1	-1	0
6351	6468	6469	0	-1	-1	-1	0
6470	6352	6469	0	-1	-1	-1	0
6508	6391	6392	0	-1	-1	-1	0
6353	6471	6468	0	-1	-1	-1	0
6508	6392	6394	0	-1	-1	-1	0
6510	6394	6393	0	-1	-1	-1	0
6354	6473	6472	0	-1	-1	-1	0
6432	6436	6431	5	-1	-1	-1	0
6471	6355	6474	0	-1	-1	-1	0
6355	6472	6474	0	-1	-1	-1	0
6356	6475	6473	0	-1	-1	-1	0
6395	6514	6396	5	-1	-1	-1	0
6514	6395	6397	5	-1	-1	-1	0
6475	6356	6476	0	-1	-1	-1	0
6359	6470	6479	0	-1	-1	-1	0
6393	6408	6509	0	-1	-1	-1	0
6477	6478	6358	0	-1	-1	-1	0
6482	6416	6415	0	-1	-1	-1	0
6396	6514	6403	5	-1	-1	-1	0
6398	6516	6400	5	-1	-1	-1	0
6479	6477	6359	0	-1	-1	-1	0
6401	6516	6398	5	-1	-1	-1	0
6480	6360	6478	0	-1	-1	-1	0
6397	6406	6515	5	-1	-1	-1	0
6401	6402	6519	5	-1	-1	-1	0
6362	6481	6482	0	-1	-1	-1	0
6520	6402	6403	5	-1	-1	-1	0
6480	6483	6363	0	-1	-1	-1	0
6410	6400	6517	5	-1	-1	-1	0
6363	6484	6481	0	-1	-1	-1	0
6363	6483	6484	0	-1	-1	-1	0
6404	6405	6523	6	-1	-1	-1	0
6522	6406	6404	6	-1	-1	-1	0
6365	6485	6486	7	-1	0	-1	0
6405	6407	6524	6	-1	-1	-1	0
6486	6487	6367	7	0	-1	-1	0
6408	6409	6526	0	-1	-1	-1	0
6487	6488	6368	7	0	-1	-1	0
6409	6410	6528	5	-1	-1	-1	0
6370	6489	6490	7	-1	-1	-1	0
6489	6371	6492	7	-1	-1	-1	0
6413	6529	6411	0	-1	-1	-1	0
6491	6492	6371	7	0	-1	-1	0
6488	6493	6373	7	0	-1	-1	0
6413	6412	6530	0	-1	-1	-1	0
6493	6491	6372	7	0	-1	-1	0
6530	6412	6414	0	-1	-1	-1	0
6411	6529	6421	0	-1	-1	-1	0
6532	6414	6416	0	-1	-1	-1	0
6495	6494	6378	6	-1	-1	-1	0
6504	6476	6388	0	-1	-1	-1	0
6379	6494	6496	6	-1	-1	-1	0
6418	6534	6419	0	-1	-1	-1	0
6380	6497	6495	6	-1	-1	-1	0
6418	6422	6535	0	-1	-1	-1	0
6502	6386	6490	7	-1	-1	-1	0
6419	6536	6423	0	-1	-1	-1	0
6421	6538	6420	0	-1	-1	-1	0
6498	6499	6383	6	-1	-1	-1	0
6420	6539	6422	0	-1	-1	-1	0
6501	6497	6385	6	-1	-1	-1	0
6499	6500	6384	6	-1	-1	-1	0
6386	6502	6498	7	-1	-1	-1	0
6500	6501	6385	6	-1	-1	-1	0
6541	6425	6423	0	-1	-1	-1	0
6425	6542	6424	0	-1	-1	-1	0
6503	6504	6388	0	-1	-1	-1	0
6389	6506	6503	0	-1	-1	-1	0
6428	6426	6544	5	-1	-1	-1	0
6544	6426	6429	5	-1	-1	-1	0
6506	6389	6505	0	-1	-1	-1	0
6428	6545	6427	6	-1	-1	-1	0
6507	6505	6390	0	-1	-1	-1	0
6391	6508	6507	0	-1	-1	-1	0
6547	6429	6430	5	-1	-1	-1	0
6431	6548	6430	5	-1	-1	-1	0
6393	6509	6510	0	-1	-1	-1	0
6394	6511	6508	0	-1	-1	-1	0
6431	6436	6549	5	-1	-1	-1	0
6550	6434	6433	5	-1	-1	-1	0
6513	6394	6510	0	-1	-1	-1	0
6394	6512	6511	0	-1	-1	-1	0
6542	6452	6424	0	-1	-1	-1	0
6513	6512	6394	0	-1	-1	-1	0
6434	6550	6437	5	-1	-1	-1	0
6551	6436	6435	5	-1	-1	-1	0
6437	6552	6435	5	-1	-1	-1	0
6515	6514	6397	5	-1	-1	-1	0
6496	6524	6407	6	-1	-1	-1	0
6433	6444	6550	5	-1	-1	-1	0
6416	6482	6532	0	-1	-1	-1	0
6554	6439	6438	0	-1	-1	-1	0
6400	6516	6517	5	-1	-1	-1	0
6518	6516	6401	5	-1	-1	-1	0
6556	6440	6439	0	-1	-1	-1	0
6545	6465	6427	6	-1	-1	-1	0
6401	6519	6518	5	-1	-1	-1	0
6521	6403	6514	5	-1	-1	-1	0
6441	6442	6557	5	-1	-1	-1	0
6520	6519	6402	5	-1	-1	-1	0
6556	6446	6440	0	-1	-1	-1	0
6450	6554	6438	0	-1	-1	-1	0
6441	6557	6445	5	-1	-1	-1	0
6408	6526	6509	0	-1	-1	-1	0
6521	6520	6403	5	-1	-1	-1	0
6443	6559	6444	5	-1	-1	-1	0
6515	6406	6525	6	-1	-1	-1	0
6481	6484	6482	0	-1	-1	-1	0
6452	6542	6453	0	-1	-1	-1	0
6445	6560	6443	5	-1	-1	-1	0
6442	6448	6558	5	-1	-1	-1	0
6523	6522	6404	6	-1	-1	-1	0
6523	6405	6524	6	-1	-1	-1	0
6406	6522	6525	6	-1	-1	-1	0
6410	6517	6528	5	-1	-1	-1	0
6564	6447	6446	0	-1	-1	-1	0
6447	6565	6449	0	-1	-1	-1	0
6526	6409	6527	5	-1	-1	-1	0
6449	6566	6448	5	-1	-1	-1	0
6528	6527	6409	5	-1	-1	-1	0
6450	6451	6568	0	-1	-1	-1	0
6531	6529	6413	0	-1	-1	-1	0
6531	6413	6530	0	-1	-1	-1	0
6568	6451	6456	0	-1	-1	-1	0
6414	6533	6530	0	-1	-1	-1	0
6453	6570	6455	0	-1	-1	-1	0
6414	6532	6533	0	-1	-1	-1	0
6455	6571	6454	0	-1	-1	-1	0
6572	6458	6454	0	-1	-1	-1	0
6534	6418	6535	0	-1	-1	-1	0
6456	6457	6575	0	-1	-1	-1	0
6540	6421	6529	0	-1	-1	-1	0
6537	6419	6534	0	-1	-1	-1	0
6536	6419	6537	0	-1	-1	-1	0
6458	6578	6457	0	-1	-1	-1	0
6422	6539	6535	0	-1	-1	-1	0
6539	6420	6538	0	-1	-1	-1	0
6540	6538	6421	0	-1	-1	-1	0
6536	6541	6423	0	-1	-1	-1	0
6463	6459	6579	6	-1	-1	-1	0
6580	6460	6461	7	-1	-1	-1	0
6464	6579	6459	6	-1	-1	-1	0
6462	6581	6461	7	-1	-1	-1	0
6460	6580	6466	7	-1	-1	-1	0
6582	6462	6463	7	-1	-1	-1	0
6541	6543	6425	0	-1	-1	-1	0
6425	6543	6542	0	-1	-1	-1	0
6465	6584	6464	6	-1	-1	-1	0
6428	6544	6546	6	-1	-1	-1	0
6586	6467	6466	7	0	-1	-1	0
6428	6546	6545	6	-1	-1	-1	0
6544	6429	6547	5	-1	-1	-1	0
6469	6468	6587	0	-1	-1	-1	0
6548	6547	6430	5	-1	-1	-1	0
6468	6471	6588	0	-1	-1	-1	0
6469	6589	6470	0	-1	-1	-1	0
6549	6548	6431	5	-1	-1	-1	0
6551	6549	6436	5	-1	-1	-1	0
6471	6474	6591	0	-1	-1	-1	0
6473	6592	6472	0	-1	-1	-1	0
6435	6552	6551	5	-1	-1	-1	0
6470	6589	6479	0	-1	-1	-1	0
6592	6474	6472	0	-1	-1	-1	0
6437	6550	6553	5	-1	-1	-1	0
6473	6475	6594	0	-1	-1	-1	0
6553	6552	6437	5	-1	-1	-1	0
6595	6475	6476	0	-1	-1	-1	0
6439	6554	6555	0	-1	-1	-1	0
6555	6556	6439	0	-1	-1	-1	0
6515	6521	6514	5	-1	-1	-1	0
6477	6479	6597	0	-1	-1	-1	0
6477	6598	6478	0	-1	-1	-1	0
6561	6550	6444	5	-1	-1	-1	0
6480	6478	6599	0	-1	-1	-1	0
6558	6557	6442	5	-1	-1	-1	0
6443	6560	6559	5	-1	-1	-1	0
6559	6561	6444	5	-1	-1	-1	0
6557	6562	6445	5	-1	-1	-1	0
6570	6453	6542	0	-1	-1	-1	0
6480	6602	6483	0	-1	-1	-1	0
6446	6556	6563	0	-1	-1	-1	0
6560	6445	6562	5	-1	-1	-1	0
6484	6604	6482	0	-1	-1	-1	0
6558	6448	6566	5	-1	-1	-1	0
6484	6483	6605	0	-1	-1	-1	0
6450	6569	6554	0	-1	-1	-1	0
6565	6447	6564	0	-1	-1	-1	0
6446	6563	6564	0	-1	-1	-1	0
6476	6504	6596	0	-1	-1	-1	0
6567	6449	6565	5	-1	-1	-1	0
6606	6490	6489	7	-1	-1	-1	0
6449	6567	6566	5	-1	-1	-1	0
6606	6489	6492	7	-1	-1	0	0
6568	6569	6450	0	-1	-1	-1	0
6545	6585	6465	6	-1	-1	-1	0
6608	6494	6495	6	-1	-1	-1	0
6455	6570	6574	0	-1	-1	-1	0
6454	6571	6572	0	-1	-1	-1	0
6607	6502	6490	7	-1	-1	-1	0
6496	6494	6609	6	-1	-1	-1	0
6455	6573	6571	0	-1	-1	-1	0
6576	6568	6456	0	-1	-1	-1	0
6540	6529	6531	0	-1	-1	-1	0
6574	6573	6455	0	-1	-1	-1	0
6495	6497	6610	6	-1	-1	-1	0
6456	6575	6576	0	-1	-1	-1	0
6578	6458	6572	0	-1	-1	-1	0
6501	6610	6497	6	-1	-1	-1	0
6457	6577	6575	0	-1	-1	-1	0
6612	6499	6498	7	-1	-1	-1	0
6577	6457	6578	0	-1	-1	-1	0
6499	6613	6500	7	-1	-1	-1	0
6498	6502	6612	7	-1	-1	-1	0
6501	6500	6614	7	-1	-1	-1	0
6482	6603	6532	0	-1	-1	-1	0
6461	6581	6580	7	-1	-1	-1	0
6583	6463	6579	7	-1	-1	-1	0
6618	6504	6503	0	-1	-1	-1	0
6462	6582	6581	7	-1	-1	-1	0
6506	6617	6503	0	-1	-1	-1	0
6584	6579	6464	6	-1	-1	-1	0
6463	6583	6582	7	-1	-1	-1	0
6505	6620	6506	0	-1	-1	-1	0
6611	6524	6496	6	-1	-1	-1	0
6620	6505	6507	0	-1	-1	-1	0
6586	6466	6580	7	-1	-1	-1	0
6465	6585	6584	6	-1	-1	-1	0
6622	6507	6508	0	-1	-1	-1	0
6508	6511	6622	0	-1	-1	-1	0
6509	6623	6510	0	-1	-1	-1	0
6587	6468	6588	0	-1	-1	-1	0
6590	6469	6587	0	-1	-1	-1	0
6510	6623	6513	0	-1	-1	-1	0
6624	6511	6512	0	-1	-1	-1	0
6589	6469	6590	0	-1	-1	-1	0
6625	6512	6513	5	-1	-1	-1	0
6591	6588	6471	0	-1	-1	-1	0
6592	6591	6474	0	-1	-1	-1	0
6592	6473	6593	0	-1	-1	-1	0
6623	6509	6526	0	-1	-1	-1	0
6473	6594	6593	0	-1	-1	-1	0
6516	6629	6517	5	-1	-1	-1	0
6518	6629	6516	5	-1	-1	-1	0
6553	6550	6561	5	-1	-1	-1	0
6521	6515	6628	6	-1	-1	-1	0
6595	6594	6475	0	-1	-1	-1	0
6595	6476	6596	0	-1	-1	-1	0
6525	6628	6515	6	-1	-1	-1	0
6518	6519	6632	6	-1	-1	-1	0
6479	6589	6601	0	-1	-1	-1	0
6477	6597	6598	0	-1	-1	-1	0
6520	6633	6519	6	-1	-1	-1	0
6634	6520	6521	6	-1	-1	-1	0
6630	6528	6517	5	-1	-1	-1	0
6478	6598	6599	0	-1	-1	-1	0
6479	6600	6597	0	-1	-1	-1	0
6600	6479	6601	0	-1	-1	-1	0
6636	6522	6523	6	-1	-1	-1	0
6599	6602	6480	0	-1	-1	-1	0
6635	6525	6522	6	-1	-1	-1	0
6524	6637	6523	6	-1	-1	-1	0
6604	6603	6482	0	-1	-1	-1	0
6483	6602	6605	0	-1	-1	-1	0
6527	6639	6526	5	-1	-1	-1	0
6605	6604	6484	0	-1	-1	-1	0
6527	6528	6640	5	-1	-1	-1	0
6530	6642	6531	0	-1	-1	-1	0
6606	6607	6490	7	0	-1	-1	0
6533	6642	6530	0	-1	-1	-1	0
6644	6533	6532	0	-1	-1	-1	0
6608	6609	6494	6	-1	-1	-1	0
6495	6610	6608	6	-1	-1	-1	0
6643	6540	6531	0	-1	-1	-1	0
6646	6534	6535	0	-1	-1	-1	0
6609	6611	6496	6	-1	-1	-1	0
6646	6537	6534	0	-1	-1	-1	0
6619	6596	6504	0	-1	-1	-1	0
6537	6648	6536	0	-1	-1	-1	0
6647	6535	6539	0	-1	-1	-1	0
6499	6612	6613	7	-1	-1	-1	0
6616	6502	6607	7	-1	-1	0	0
6541	6536	6648	0	-1	-1	-1	0
6615	6610	6501	7	-1	-1	-1	0
6538	6650	6539	0	-1	-1	-1	0
6614	6500	6613	7	-1	-1	-1	0
6540	6650	6538	0	-1	-1	-1	0
6616	6612	6502	7	-1	-1	-1	0
6614	6615	6501	7	-1	-1	-1	0
6541	6652	6543	0	-1	-1	-1	0
6503	6617	6618	0	-1	-1	-1	0
6543	6653	6542	0	-1	-1	-1	0
6619	6504	6618	0	-1	-1	-1	0
6621	6617	6506	0	-1	-1	-1	0
6655	6546	6544	6	-1	-1	-1	0
6547	6655	6544	6	-1	-1	-1	0
6620	6621	6506	0	-1	-1	-1	0
6545	6546	6656	6	-1	-1	-1	0
6507	6622	6620	0	-1	-1	-1	0
6658	6547	6548	6	-1	-1	-1	0
6548	6549	6659	6	-1	-1	-1	0
6624	6622	6511	0	-1	-1	-1	0
6551	6660	6549	6	-1	-1	-1	0
6512	6626	6624	5	-1	-1	-1	0
6623	6627	6513	5	-1	-1	-1	0
6512	6625	6626	5	-1	-1	-1	0
6552	6661	6551	6	-1	-1	-1	0
6625	6513	6627	5	-1	-1	-1	0
6570	6542	6653	0	-1	-1	-1	0
6552	6553	6662	6	-1	-1	-1	0
6611	6637	6524	6	-1	-1	-1	0
6554	6664	6555	0	-1	-1	-1	0
6517	6629	6630	5	-1	-1	-1	0
6561	6663	6553	6	-1	-1	-1	0
6555	6666	6556	0	-1	-1	-1	0
6631	6629	6518	6	-1	-1	-1	0
6532	6603	6644	0	-1	-1	-1	0
6589	6590	6601	0	-1	-1	-1	0
6631	6518	6632	6	-1	-1	-1	0
6628	6634	6521	6	-1	-1	-1	0
6668	6557	6558	5	-1	-1	-1	0
6519	6633	6632	6	-1	-1	-1	0
6563	6556	6667	0	-1	-1	-1	0
6656	6585	6545	6	-1	-1	-1	0
6633	6520	6634	6	-1	-1	-1	0
6664	6554	6569	0	-1	-1	-1	0
6562	6557	6668	5	-1	-1	-1	0
6639	6623	6526	5	-1	-1	-1	0
6559	6670	6561	6	-1	-1	-1	0
6559	6560	6671	6	-1	-1	-1	0
6638	6628	6525	6	-1	-1	-1	0
6566	6669	6558	5	-1	-1	-1	0
6635	6522	6636	6	-1	-1	-1	0
6562	6672	6560	6	-1	-1	-1	0
6523	6637	6636	6	-1	-1	-1	0
6635	6638	6525	6	-1	-1	-1	0
6630	6640	6528	5	-1	-1	-1	0
6674	6564	6563	0	-1	-1	-1	0
6564	6674	6565	0	-1	-1	-1	0
6565	6675	6567	5	-1	-1	-1	0
6641	6639	6527	5	-1	-1	-1	0
6640	6641	6527	5	-1	-1	-1	0
6567	6676	6566	5	-1	-1	-1	0
6568	6678	6569	0	-1	-1	-1	0
6531	6642	6643	0	-1	-1	-1	0
6533	6645	6642	0	-1	-1	-1	0
6644	6645	6533	0	-1	-1	-1	0
6678	6568	6576	0	-1	-1	-1	0
6574	6570	6680	0	-1	-1	-1	0
6681	6572	6571	0	-1	-1	-1	0
6571	6573	6681	0	-1	-1	-1	0
6535	6647	6646	0	-1	-1	-1	0
6574	6683	6573	0	-1	-1	-1	0
6682	6578	6572	0	-1	-1	-1	0
6649	6537	6646	0	-1	-1	-1	0
6650	6540	6643	0	-1	-1	-1	0
6648	6537	6649	0	-1	-1	-1	0
6647	6539	6651	0	-1	-1	-1	0
6575	6686	6576	0	-1	-1	-1	0
6577	6686	6575	0	-1	-1	-1	0
6651	6539	6650	0	-1	-1	-1	0
6648	6652	6541	0	-1	-1	-1	0
6577	6578	6689	0	-1	-1	-1	0
6654	6543	6652	0	-1	-1	-1	0
6653	6543	6654	0	-1	-1	-1	0
6580	6581	6694	7	-1	-1	-1	0
6693	6583	6579	7	-1	-1	-1	0
6693	6579	6584	7	-1	-1	-1	0
6582	6695	6581	7	-1	-1	-1	0
6655	6657	6546	6	-1	-1	-1	0
6546	6657	6656	6	-1	-1	-1	0
6586	6580	6694	7	-1	-1	0	0
6547	6658	6655	6	-1	-1	-1	0
6582	6583	6696	7	-1	-1	-1	0
6548	6659	6658	6	-1	-1	-1	0
6584	6585	6698	7	-1	-1	-1	0
6549	6660	6659	6	-1	-1	-1	0
6551	6661	6660	6	-1	-1	-1	0
6700	6587	6588	0	-1	-1	-1	0
6661	6552	6662	6	-1	-1	-1	0
6590	6587	6700	0	-1	-1	-1	0
6553	6663	6662	6	-1	-1	-1	0
6588	6591	6701	0	-1	-1	-1	0
6555	6664	6665	0	-1	-1	-1	0
6665	6666	6555	0	-1	-1	-1	0
6705	6591	6592	0	-1	-1	-1	0
6556	6666	6667	0	-1	-1	-1	0
6639	6627	6623	5	-1	-1	-1	0
6593	6705	6592	0	-1	-1	-1	0
6594	6706	6593	0	-1	-1	-1	0
6670	6663	6561	6	-1	-1	-1	0
6668	6558	6669	5	-1	-1	-1	0
6704	6601	6590	0	-1	-1	-1	0
6671	6670	6559	6	-1	-1	-1	0
6594	6595	6708	0	-1	-1	-1	0
6710	6595	6596	0	-1	-1	-1	0
6560	6672	6671	6	-1	-1	-1	0
6680	6570	6653	0	-1	-1	-1	0
6668	6673	6562	6	-1	-1	-1	0
6563	6667	6674	0	-1	-1	-1	0
6711	6598	6597	0	-1	-1	-1	0
6672	6562	6673	6	-1	-1	-1	0
6600	6711	6597	0	-1	-1	-1	0
6712	6599	6598	0	-1	-1	-1	0
6569	6679	6664	0	-1	-1	-1	0
6669	6566	6676	5	-1	-1	-1	0
6674	6675	6565	5	-1	-1	-1	0
6713	6602	6599	0	-1	-1	-1	0
6601	6715	6600	0	-1	-1	-1	0
6677	6567	6675	5	-1	-1	-1	0
6676	6567	6677	5	-1	-1	-1	0
6605	6602	6717	0	-1	-1	-1	0
6718	6603	6604	0	-1	-1	-1	0
6619	6710	6596	0	-1	-1	-1	0
6678	6679	6569	0	-1	-1	-1	0
6605	6719	6604	0	-1	-1	-1	0
6572	6681	6682	0	-1	-1	-1	0
6720	6609	6608	7	-1	-1	-1	0
6573	6684	6681	0	-1	-1	-1	0
6721	6608	6610	7	-1	-1	-1	0
6685	6574	6680	0	-1	-1	-1	0
6684	6573	6683	0	-1	-1	-1	0
6656	6699	6585	7	-1	-1	-1	0
6611	6609	6722	7	-1	-1	-1	0
6683	6574	6685	0	-1	-1	-1	0
6678	6576	6688	0	-1	-1	-1	0
6615	6721	6610	7	-1	-1	-1	0
6687	6576	6686	0	-1	-1	-1	0
6612	6724	6613	7	-1	-1	-1	0
6688	6576	6687	0	-1	-1	-1	0
6616	6724	6612	7	0	-1	-1	0
6682	6692	6578	0	-1	-1	-1	0
6614	6613	6725	7	-1	-1	-1	0
6577	6691	6686	0	-1	-1	-1	0
6726	6615	6614	7	-1	-1	-1	0
6690	6577	6689	0	-1	-1	-1	0
6577	6690	6691	0	-1	-1	-1	0
6689	6578	6692	0	-1	-1	-1	0
6618	6617	6729	0	-1	-1	-1	0
6644	6603	6718	0	-1	-1	-1	0
6621	6728	6617	0	-1	-1	-1	0
6619	6618	6730	0	-1	-1	-1	0
6695	6694	6581	7	0	-1	-1	0
6637	6611	6723	7	-1	-1	-1	0
6695	6582	6696	7	-1	-1	0	0
6583	6693	6697	7	-1	-1	-1	0
6620	6733	6621	0	-1	-1	-1	0
6620	6622	6732	0	-1	-1	-1	0
6696	6583	6697	7	-1	-1	0	0
6698	6693	6584	7	-1	-1	-1	0
6622	6624	6732	0	-1	-1	-1	0
6698	6585	6699	7	-1	-1	-1	0
6626	6735	6624	5	-1	-1	-1	0
6625	6736	6626	5	-1	-1	-1	0
6627	6737	6625	5	-1	-1	-1	0
6700	6588	6702	0	-1	-1	-1	0
6588	6701	6702	0	-1	-1	-1	0
6700	6703	6590	0	-1	-1	-1	0
6705	6701	6591	0	-1	-1	-1	0
6704	6590	6703	0	-1	-1	-1	0
6630	6629	6741	6	-1	-1	-1	0
6629	6631	6741	6	-1	-1	-1	0
6740	6634	6628	6	-1	-1	-1	0
6707	6705	6593	0	-1	-1	-1	0
6739	6627	6639	5	-1	-1	-1	0
6593	6706	6707	0	-1	-1	-1	0
6631	6632	6743	6	-1	-1	-1	0
6628	6638	6740	6	-1	-1	-1	0
6709	6706	6594	0	-1	-1	-1	0
6745	6632	6633	6	-1	-1	-1	0
6708	6709	6594	0	-1	-1	-1	0
6742	6640	6630	6	-1	-1	-1	0
6633	6634	6746	6	-1	-1	-1	0
6710	6708	6595	0	-1	-1	-1	0
6636	6747	6635	7	-1	-1	-1	0
6739	6639	6641	5	-1	-1	-1	0
6715	6601	6704	0	-1	-1	-1	0
6635	6748	6638	7	-1	-1	-1	0
6712	6598	6711	0	-1	-1	-1	0
6636	6637	6749	7	-1	-1	-1	0
6599	6712	6713	0	-1	-1	-1	0
6600	6714	6711	0	-1	-1	-1	0
6714	6600	6715	0	-1	-1	-1	0
6602	6713	6716	0	-1	-1	-1	0
6641	6640	6751	6	-1	-1	-1	0
6716	6717	6602	0	-1	-1	-1	0
6643	6642	6753	0	-1	-1	-1	0
6642	6645	6753	0	-1	-1	-1	0
6719	6718	6604	0	-1	-1	-1	0
6719	6605	6717	0	-1	-1	-1	0
6645	6644	6756	0	-1	-1	-1	0
6643	6754	6650	0	-1	-1	-1	0
6608	6721	6720	7	-1	-1	-1	0
6720	6722	6609	7	-1	-1	-1	0
6646	6647	6759	0	-1	-1	-1	0
6649	6646	6758	0	-1	-1	-1	0
6723	6611	6722	7	-1	-1	-1	0
6649	6760	6648	0	-1	-1	-1	0
6647	6651	6759	0	-1	-1	-1	0
6652	6648	6760	0	-1	-1	-1	0
6731	6710	6619	0	-1	-1	-1	0
6651	6650	6761	0	-1	-1	-1	0
6724	6725	6613	7	0	-1	-1	0
6727	6721	6615	7	-1	-1	-1	0
6687	6686	6691	0	-1	-1	-1	0
6725	6726	6614	7	0	-1	-1	0
6652	6760	6654	0	-1	-1	-1	0
6727	6615	6726	7	-1	-1	0	0
6654	6764	6653	0	-1	-1	-1	0
6617	6728	6729	0	-1	-1	-1	0
6618	6729	6730	0	-1	-1	-1	0
6768	6657	6655	6	-1	-1	-1	0
6731	6619	6730	0	-1	-1	-1	0
6768	6655	6658	6	-1	-1	-1	0
6769	6656	6657	7	-1	-1	-1	0
6621	6734	6728	0	-1	-1	-1	0
6620	6732	6733	0	-1	-1	-1	0
6621	6733	6734	0	-1	-1	-1	0
6771	6658	6659	6	-1	-1	-1	0
6735	6732	6624	5	-1	-1	-1	0
6772	6659	6660	6	-1	-1	-1	0
6661	6773	6660	6	-1	-1	-1	0
6662	6774	6661	6	-1	-1	-1	0
6653	6765	6680	0	-1	-1	-1	0
6625	6737	6736	5	-1	-1	-1	0
6738	6735	6626	5	-1	-1	-1	0
6662	6663	6775	6	-1	-1	-1	0
6736	6738	6626	5	-1	-1	-1	0
6737	6627	6739	5	-1	-1	-1	0
6777	6665	6664	0	-1	-1	-1	0
6723	6749	6637	7	-1	-1	-1	0
6776	6663	6670	6	-1	-1	-1	0
6779	6666	6665	5	-1	-1	-1	0
6630	6741	6742	6	-1	-1	-1	0
6744	6741	6631	6	-1	-1	-1	0
6780	6667	6666	5	-1	-1	-1	0
6644	6718	6756	0	-1	-1	-1	0
6744	6631	6743	6	-1	-1	-1	0
6668	6669	6782	6	-1	-1	-1	0
6745	6743	6632	6	-1	-1	-1	0
6740	6746	6634	6	-1	-1	-1	0
6777	6664	6679	0	-1	-1	-1	0
6781	6674	6667	5	-1	-1	-1	0
6668	6782	6673	6	-1	-1	-1	0
6769	6699	6656	7	-1	-1	-1	0
6633	6746	6745	6	-1	-1	-1	0
6784	6670	6671	6	-1	-1	-1	0
6750	6740	6638	7	-1	-1	-1	0
6676	6783	6669	6	-1	-1	-1	0
6672	6785	6671	6	-1	-1	-1	0
6675	6674	6781	5	-1	-1	-1	0
6748	6635	6747	7	-1	-1	-1	0
6673	6786	6672	6	-1	-1	-1	0
6749	6747	6636	7	-1	-1	-1	0
6752	6739	6641	6	-1	-1	-1	0
6640	6742	6751	6	-1	-1	-1	0
6638	6748	6750	7	-1	-1	-1	0
6788	6677	6675	5	-1	-1	-1	0
6677	6789	6676	6	-1	-1	-1	0
6641	6751	6752	6	-1	-1	-1	0
6791	6679	6678	0	-1	-1	-1	0
6643	6753	6755	0	-1	-1	-1	0
6755	6754	6643	0	-1	-1	-1	0
6757	6753	6645	0	-1	-1	-1	0
6681	6793	6682	0	-1	-1	-1	0
6688	6791	6678	0	-1	-1	-1	0
6792	6685	6680	0	-1	-1	-1	0
6793	6681	6684	0	-1	-1	-1	0
6757	6645	6756	0	-1	-1	-1	0
6684	6683	6796	0	-1	-1	-1	0
6758	6646	6759	0	-1	-1	-1	0
6796	6683	6685	0	-1	-1	-1	0
6754	6761	6650	0	-1	-1	-1	0
6760	6649	6758	0	-1	-1	-1	0
6795	6692	6682	0	-1	-1	-1	0
6651	6762	6759	0	-1	-1	-1	0
6800	6688	6687	5	-1	-1	-1	0
6651	6761	6763	0	-1	-1	-1	0
6762	6651	6763	0	-1	-1	-1	0
6691	6799	6687	5	-1	-1	-1	0
6654	6760	6766	0	-1	-1	-1	0
6689	6802	6690	0	-1	-1	-1	0
6765	6653	6764	0	-1	-1	-1	0
6692	6802	6689	0	-1	-1	-1	0
6803	6691	6690	5	-1	-1	-1	0
6766	6767	6654	0	-1	-1	-1	0
6767	6764	6654	0	-1	-1	-1	0
6697	6693	6805	7	-1	-1	0	0
6657	6768	6770	7	-1	-1	-1	0
6805	6693	6698	7	-1	-1	-1	0
6770	6769	6657	7	-1	-1	-1	0
6768	6658	6771	6	-1	-1	-1	0
6772	6771	6659	6	-1	-1	-1	0
6699	6806	6698	7	-1	-1	-1	0
6660	6773	6772	6	-1	-1	-1	0
6773	6661	6774	6	-1	-1	-1	0
6808	6700	6702	0	-1	-1	-1	0
6703	6700	6808	0	-1	-1	-1	0
6775	6774	6662	6	-1	-1	-1	0
6701	6809	6702	0	-1	-1	-1	0
6776	6775	6663	6	-1	-1	-1	0
6705	6809	6701	0	-1	-1	-1	0
6703	6812	6704	0	-1	-1	-1	0
6777	6778	6665	5	-1	-1	-1	0
6809	6705	6707	0	-1	-1	-1	0
6665	6778	6779	5	-1	-1	-1	0
6666	6779	6780	5	-1	-1	-1	0
6815	6707	6706	0	-1	-1	-1	0
6667	6780	6781	5	-1	-1	-1	0
6814	6706	6709	0	-1	-1	-1	0
6776	6670	6784	6	-1	-1	-1	0
6715	6704	6813	0	-1	-1	-1	0
6782	6669	6783	6	-1	-1	-1	0
6709	6708	6818	0	-1	-1	-1	0
6710	6818	6708	0	-1	-1	-1	0
6680	6765	6792	0	-1	-1	-1	0
6785	6784	6671	6	-1	-1	-1	0
6787	6673	6782	6	-1	-1	-1	0
6786	6785	6672	6	-1	-1	-1	0
6711	6821	6712	0	-1	-1	-1	0
6781	6788	6675	5	-1	-1	-1	0
6787	6786	6673	6	-1	-1	-1	0
6821	6711	6714	0	-1	-1	-1	0
6679	6791	6777	0	-1	-1	-1	0
6713	6712	6823	0	-1	-1	-1	0
6676	6789	6783	6	-1	-1	-1	0
6713	6823	6716	0	-1	-1	-1	0
6824	6714	6715	0	-1	-1	-1	0
6790	6677	6788	6	-1	-1	-1	0
6789	6677	6790	6	-1	-1	-1	0
6826	6717	6716	0	-1	-1	-1	0
6710	6731	6818	0	-1	-1	-1	0
6828	6719	6717	0	-1	-1	-1	0
6755	6753	6757	0	-1	-1	-1	0
6718	6719	6828	0	-1	-1	-1	0
6793	6794	6682	0	-1	-1	-1	0
6830	6720	6721	7	-1	-1	-1	0
6794	6795	6682	0	-1	-1	-1	0
6831	6722	6720	7	-1	-1	-1	0
6684	6797	6793	0	-1	-1	-1	0
6769	6807	6699	7	-1	-1	-1	0
6685	6792	6798	0	-1	-1	-1	0
6684	6796	6797	0	-1	-1	-1	0
6722	6832	6723	7	-1	-1	-1	0
6727	6830	6721	7	0	-1	-1	0
6754	6763	6761	0	-1	-1	-1	0
6796	6685	6798	0	-1	-1	-1	0
6801	6791	6688	5	-1	-1	-1	0
6687	6799	6800	5	-1	-1	-1	0
6795	6802	6692	0	-1	-1	-1	0
6800	6801	6688	5	-1	-1	-1	0
6728	6834	6729	0	-1	-1	-1	0
6799	6691	6803	5	-1	-1	-1	0
6835	6730	6729	0	-1	-1	-1	0
6802	6804	6690	5	-1	-1	-1	0
6834	6728	6734	0	-1	-1	-1	0
6730	6836	6731	0	-1	-1	-1	0
6690	6804	6803	5	-1	-1	-1	0
6718	6829	6756	0	-1	-1	-1	0
6733	6732	6839	5	-1	-1	-1	0
6833	6749	6723	7	-1	-1	-1	0
6839	6732	6735	5	-1	-1	-1	0
6733	6840	6734	5	-1	-1	-1	0
6806	6805	6698	7	0	-1	-1	0
6806	6699	6807	7	-1	-1	0	0
6738	6842	6735	5	-1	-1	-1	0
6844	6736	6737	6	-1	-1	-1	0
6738	6736	6843	6	-1	-1	-1	0
6808	6702	6810	0	-1	-1	-1	0
6737	6739	6845	6	-1	-1	-1	0
6809	6811	6702	0	-1	-1	-1	0
6808	6812	6703	0	-1	-1	-1	0
6811	6810	6702	0	-1	-1	-1	0
6813	6704	6812	0	-1	-1	-1	0
6742	6741	6848	6	-1	-1	-1	0
6816	6809	6707	0	-1	-1	-1	0
6746	6740	6847	7	-1	-1	-1	0
6744	6848	6741	6	-1	-1	-1	0
6814	6815	6706	0	-1	-1	-1	0
6845	6739	6752	6	-1	-1	-1	0
6850	6744	6743	7	-1	-1	-1	0
6740	6750	6847	7	-1	-1	-1	0
6745	6851	6743	7	-1	-1	-1	0
6815	6817	6707	0	-1	-1	-1	0
6707	6817	6816	0	-1	-1	-1	0
6709	6820	6814	0	-1	-1	-1	0
6751	6742	6849	6	-1	-1	-1	0
6746	6853	6745	7	-1	-1	-1	0
6818	6819	6709	0	-1	-1	-1	0
6819	6820	6709	0	-1	-1	-1	0
6854	6748	6747	7	-1	-1	-1	0
6855	6747	6749	7	-1	-1	-1	0
6813	6825	6715	0	-1	-1	-1	0
6856	6750	6748	7	-1	-1	-1	0
6712	6821	6822	0	-1	-1	-1	0
6822	6823	6712	0	-1	-1	-1	0
6824	6821	6714	0	-1	-1	-1	0
6752	6751	6858	6	-1	-1	-1	0
6715	6825	6824	0	-1	-1	-1	0
6826	6716	6823	0	-1	-1	-1	0
6860	6754	6755	0	-1	-1	-1	0
6717	6826	6827	0	-1	-1	-1	0
6717	6827	6828	0	-1	-1	-1	0
6755	6757	6861	0	-1	-1	-1	0
6828	6829	6718	0	-1	-1	-1	0
6757	6756	6862	0	-1	-1	-1	0
6860	6763	6754	0	-1	-1	-1	0
6863	6758	6759	0	-1	-1	-1	0
6720	6830	6831	7	-1	0	-1	0
6758	6864	6760	0	-1	-1	-1	0
6831	6832	6722	7	0	-1	-1	0
6865	6759	6762	0	-1	-1	-1	0
6838	6818	6731	0	-1	-1	-1	0
6832	6833	6723	7	0	-1	-1	0
6864	6766	6760	0	-1	-1	-1	0
6762	6763	6867	0	-1	-1	-1	0
6764	6868	6765	0	-1	-1	-1	0
6835	6729	6834	0	-1	-1	-1	0
6764	6767	6868	0	-1	-1	-1	0
6837	6730	6835	0	-1	-1	-1	0
6730	6837	6836	0	-1	-1	-1	0
6871	6767	6766	0	-1	-1	-1	0
6731	6836	6838	0	-1	-1	-1	0
6734	6841	6834	5	-1	-1	-1	0
6768	6874	6770	7	-1	-1	-1	0
6733	6839	6840	5	-1	-1	-1	0
6771	6874	6768	7	-1	-1	-1	0
6875	6769	6770	7	-1	-1	-1	0
6841	6734	6840	5	-1	-1	-1	0
6842	6839	6735	5	-1	-1	-1	0
6877	6771	6772	7	-1	-1	-1	0
6772	6773	6878	7	-1	-1	-1	0
6736	6844	6843	6	-1	-1	-1	0
6738	6846	6842	6	-1	-1	-1	0
6737	6845	6844	6	-1	-1	-1	0
6774	6879	6773	7	-1	-1	-1	0
6792	6765	6870	0	-1	-1	-1	0
6738	6843	6846	6	-1	-1	-1	0
6880	6774	6775	7	-1	-1	-1	0
6881	6775	6776	7	-1	-1	-1	0
6855	6749	6833	7	-1	-1	0	0
6883	6778	6777	5	-1	-1	-1	0
6742	6848	6849	6	-1	-1	-1	0
6779	6778	6885	5	-1	-1	-1	0
6882	6776	6784	7	-1	-1	-1	0
6743	6851	6850	7	-1	-1	-1	0
6852	6848	6744	7	-1	-1	-1	0
6780	6779	6886	5	-1	-1	-1	0
6746	6847	6853	7	-1	-1	-1	0
6852	6744	6850	7	-1	-1	-1	0
6756	6829	6862	0	-1	-1	-1	0
6887	6781	6780	5	-1	-1	-1	0
6745	6853	6851	7	-1	-1	-1	0
6807	6769	6875	7	-1	-1	0	0
6883	6777	6791	5	-1	-1	-1	0
6783	6888	6782	6	-1	-1	-1	0
6847	6750	6857	7	-1	-1	-1	0
6845	6752	6859	6	-1	-1	-1	0
6788	6781	6887	5	-1	-1	-1	0
6854	6747	6855	7	-1	-1	0	0
6888	6787	6782	6	-1	-1	-1	0
6854	6856	6748	7	0	-1	-1	0
6849	6858	6751	6	-1	-1	-1	0
6785	6890	6784	7	-1	-1	-1	0
6783	6789	6889	6	-1	-1	-1	0
6891	6785	6786	7	-1	-1	-1	0
6856	6857	6750	7	0	-1	-1	0
6892	6786	6787	7	-1	-1	-1	0
6824	6822	6821	0	-1	-1	-1	0
6858	6859	6752	6	-1	-1	-1	0
6788	6894	6790	6	-1	-1	-1	0
6789	6790	6895	6	-1	-1	-1	0
6791	6801	6883	5	-1	-1	-1	0
6818	6838	6819	0	-1	-1	-1	0
6860	6755	6861	0	-1	-1	-1	0
6862	6861	6757	0	-1	-1	-1	0
6863	6864	6758	0	-1	-1	-1	0
6794	6793	6898	0	-1	-1	-1	0
6792	6897	6798	0	-1	-1	-1	0
6863	6759	6865	0	-1	-1	-1	0
6793	6797	6898	0	-1	-1	-1	0
6795	6794	6899	5	-1	-1	-1	0
6763	6860	6867	0	-1	-1	-1	0
6762	6866	6865	0	-1	-1	-1	0
6762	6867	6866	0	-1	-1	-1	0
6796	6902	6797	0	-1	-1	-1	0
6798	6903	6796	0	-1	-1	-1	0
6802	6795	6901	5	-1	-1	-1	0
6766	6864	6872	0	-1	-1	-1	0
6868	6869	6765	0	-1	-1	-1	0
6905	6800	6799	5	-1	-1	-1	0
6869	6870	6765	0	-1	-1	-1	0
6802	6901	6804	5	-1	-1	-1	0
6873	6868	6767	0	-1	-1	-1	0
6799	6803	6906	5	-1	-1	-1	0
6800	6907	6801	5	-1	-1	-1	0
6872	6871	6766	0	-1	-1	-1	0
6767	6871	6873	0	-1	-1	-1	0
6909	6803	6804	5	-1	-1	-1	0
6874	6876	6770	7	-1	-1	-1	0
6876	6875	6770	7	0	-1	-1	0
6877	6874	6771	7	-1	-1	-1	0
6878	6877	6772	7	-1	-1	-1	0
6808	6810	6911	0	-1	-1	-1	0
6773	6879	6878	7	-1	-1	-1	0
6812	6808	6911	0	-1	-1	-1	0
6809	6912	6811	0	-1	-1	-1	0
6880	6879	6774	7	-1	-1	-1	0
6810	6811	6913	0	-1	-1	-1	0
6775	6881	6880	7	-1	-1	-1	0
6912	6809	6816	0	-1	-1	-1	0
6882	6881	6776	7	-1	-1	-1	0
6916	6813	6812	0	-1	-1	-1	0
6778	6883	6884	5	-1	-1	-1	0
6884	6885	6778	5	-1	-1	-1	0
6814	6919	6815	0	-1	-1	-1	0
6886	6779	6885	5	-1	-1	-1	0
6817	6815	6919	0	-1	-1	-1	0
6886	6887	6780	5	-1	-1	-1	0
6820	6919	6814	0	-1	-1	-1	0
6921	6816	6817	0	-1	-1	-1	0
6825	6813	6918	0	-1	-1	-1	0
6784	6890	6882	7	-1	-1	-1	0
6792	6870	6897	0	-1	-1	-1	0
6888	6783	6889	6	-1	-1	-1	0
6819	6923	6820	0	-1	-1	-1	0
6891	6890	6785	7	-1	-1	-1	0
6893	6787	6888	7	-1	-1	-1	0
6894	6788	6887	6	-1	-1	-1	0
6786	6892	6891	7	-1	-1	-1	0
6927	6823	6822	0	-1	-1	-1	0
6892	6787	6893	7	-1	-1	-1	0
6927	6822	6824	0	-1	-1	-1	0
6889	6789	6895	6	-1	-1	-1	0
6823	6928	6826	0	-1	-1	-1	0
6825	6930	6824	0	-1	-1	-1	0
6895	6790	6896	6	-1	-1	-1	0
6790	6894	6896	6	-1	-1	-1	0
6819	6838	6924	0	-1	-1	-1	0
6931	6827	6826	0	-1	-1	-1	0
6827	6932	6828	0	-1	-1	-1	0
6828	6932	6829	0	-1	-1	-1	0
6883	6801	6908	5	-1	-1	-1	0
6794	6898	6900	5	-1	-1	-1	0
6794	6900	6899	5	-1	-1	-1	0
6899	6901	6795	5	-1	-1	-1	0
6898	6797	6902	0	-1	-1	-1	0
6904	6798	6897	0	-1	-1	-1	0
6902	6796	6903	0	-1	-1	-1	0
6834	6935	6835	5	-1	-1	-1	0
6903	6798	6904	0	-1	-1	-1	0
6835	6936	6837	5	-1	-1	-1	0
6905	6799	6906	5	-1	-1	-1	0
6935	6834	6841	5	-1	-1	-1	0
6937	6836	6837	0	-1	-1	-1	0
6838	6836	6937	0	-1	-1	-1	0
6907	6800	6905	5	-1	-1	-1	0
6901	6910	6804	5	-1	-1	-1	0
6908	6801	6907	5	-1	-1	-1	0
6939	6840	6839	5	-1	-1	-1	0
6906	6803	6909	5	-1	-1	-1	0
6842	6939	6839	5	-1	-1	-1	0
6940	6841	6840	5	-1	-1	-1	0
6910	6909	6804	5	-1	-1	-1	0
6829	6934	6862	0	-1	-1	-1	0
6842	6846	6942	6	-1	-1	-1	0
6843	6844	6943	6	-1	-1	-1	0
6846	6843	6944	6	-1	-1	-1	0
6844	6845	6945	6	-1	-1	-1	0
6911	6810	6913	0	-1	-1	-1	0
6811	6912	6915	0	-1	-1	-1	0
6914	6913	6811	0	-1	-1	-1	0
6911	6917	6812	0	-1	-1	-1	0
6811	6915	6914	0	-1	-1	-1	0
6812	6917	6916	0	-1	-1	-1	0
6848	6948	6849	7	-1	-1	-1	0
6947	6853	6847	7	-1	-1	-1	0
6918	6813	6916	0	-1	-1	-1	0
6920	6912	6816	0	-1	-1	-1	0
6848	6852	6948	7	-1	-1	-1	0
6945	6845	6859	6	-1	-1	-1	0
6857	6947	6847	7	0	-1	-1	0
6950	6852	6850	7	-1	-1	-1	0
6951	6850	6851	7	-1	-1	-1	0
6851	6853	6952	7	-1	-1	-1	0
6849	6949	6858	7	-1	-1	-1	0
6920	6816	6921	0	-1	-1	-1	0
6817	6919	6922	0	-1	-1	-1	0
6817	6922	6921	0	-1	-1	-1	0
6919	6820	6925	0	-1	-1	-1	0
6924	6923	6819	0	-1	-1	-1	0
6820	6923	6926	0	-1	-1	-1	0
6954	6859	6858	7	-1	-1	-1	0
6926	6925	6820	0	-1	-1	-1	0
6930	6825	6918	0	-1	-1	-1	0
6884	6883	6908	5	-1	-1	-1	0
6860	6861	6957	0	-1	-1	-1	0
6927	6929	6823	0	-1	-1	-1	0
6929	6928	6823	0	-1	-1	-1	0
6861	6862	6958	0	-1	-1	-1	0
6927	6824	6930	0	-1	-1	-1	0
6860	6956	6867	0	-1	-1	-1	0
6826	6928	6931	0	-1	-1	-1	0
6863	6960	6864	0	-1	-1	-1	0
6961	6863	6865	0	-1	-1	-1	0
6933	6827	6931	0	-1	-1	-1	0
6933	6932	6827	0	-1	-1	-1	0
6866	6963	6865	0	-1	-1	-1	0
6934	6829	6932	0	-1	-1	-1	0
6964	6866	6867	0	-1	-1	-1	0
6872	6864	6962	0	-1	-1	-1	0
6924	6838	6937	0	-1	-1	-1	0
6966	6869	6868	0	-1	-1	-1	0
6835	6935	6936	5	-1	-1	-1	0
6869	6967	6870	0	-1	-1	-1	0
6966	6868	6873	0	-1	-1	-1	0
6938	6837	6936	5	-1	-1	-1	0
6938	6937	6837	5	-1	-1	-1	0
6871	6872	6970	0	-1	-1	-1	0
6871	6969	6873	0	-1	-1	-1	0
6841	6941	6935	5	-1	-1	-1	0
6940	6840	6939	5	-1	-1	-1	0
6941	6841	6940	5	-1	-1	-1	0
6942	6939	6842	6	-1	-1	-1	0
6876	6874	6973	7	-1	-1	0	0
6974	6877	6878	7	-1	-1	-1	0
6874	6877	6973	7	-1	-1	-1	0
6878	6879	6975	7	-1	-1	-1	0
6943	6944	6843	6	-1	-1	-1	0
6942	6846	6946	6	-1	-1	-1	0
6943	6844	6945	6	-1	-1	-1	0
6976	6879	6880	7	-1	-1	-1	0
6870	6968	6897	0	-1	-1	-1	0
6846	6944	6946	6	-1	-1	-1	0
6880	6881	6977	7	-1	-1	-1	0
6881	6882	6978	7	-1	-1	-1	0
6912	6920	6915	0	-1	-1	-1	0
6948	6949	6849	7	-1	-1	-1	0
6885	6884	6980	6	-1	-1	-1	0
6951	6950	6850	7	0	-1	-1	0
6882	6890	6979	7	-1	-1	-1	0
6952	6853	6947	7	-1	-1	0	0
6885	6982	6886	6	-1	-1	-1	0
6953	6948	6852	7	-1	-1	-1	0
6952	6951	6851	7	0	-1	-1	0
6934	6958	6862	0	-1	-1	-1	0
6950	6953	6852	7	0	-1	-1	0
6983	6887	6886	6	-1	-1	-1	0
6945	6859	6955	7	-1	-1	-1	0
6858	6949	6954	7	-1	-1	-1	0
6889	6984	6888	7	-1	-1	-1	0
6887	6983	6894	6	-1	-1	-1	0
6888	6984	6893	7	-1	-1	-1	0
6986	6890	6891	7	-1	-1	-1	0
6955	6859	6954	7	-1	-1	-1	0
6985	6889	6895	7	-1	-1	-1	0
6891	6892	6987	7	-1	-1	-1	0
6892	6893	6988	7	-1	-1	-1	0
6956	6860	6957	0	-1	-1	-1	0
6884	6908	6981	6	-1	-1	-1	0
6861	6959	6957	0	-1	-1	-1	0
6861	6958	6959	0	-1	-1	-1	0
6990	6896	6894	6	-1	-1	-1	0
6895	6896	6991	7	-1	-1	-1	0
6863	6961	6960	0	-1	-1	-1	0
6864	6960	6962	0	-1	-1	-1	0
6964	6867	6956	0	-1	-1	-1	0
6963	6961	6865	0	-1	-1	-1	0
6900	6898	6994	5	-1	-1	-1	0
6993	6904	6897	0	-1	-1	-1	0
6899	6900	6995	5	-1	-1	-1	0
6902	6994	6898	5	-1	-1	-1	0
6963	6866	6965	0	-1	-1	-1	0
6964	6965	6866	0	-1	-1	-1	0
6899	6996	6901	5	-1	-1	-1	0
6934	6932	6933	0	-1	-1	-1	0
6869	6966	6967	0	-1	-1	-1	0
6902	6903	6998	5	-1	-1	-1	0
6962	6971	6872	0	-1	-1	-1	0
6967	6968	6870	0	-1	-1	-1	0
6999	6903	6904	5	-1	-1	-1	0
6901	6996	6910	5	-1	-1	-1	0
6970	6969	6871	0	-1	-1	-1	0
6873	6972	6966	0	-1	-1	-1	0
6970	6872	6971	0	-1	-1	-1	0
6905	7001	6907	6	-1	-1	-1	0
6905	6906	7002	6	-1	-1	-1	0
6972	6873	6969	0	-1	-1	-1	0
6906	6909	7003	6	-1	-1	-1	0
6907	7004	6908	6	-1	-1	-1	0
6909	6910	7005	6	-1	-1	-1	0
6973	6877	6974	7	-1	-1	0	0
6974	6878	6975	7	-1	-1	0	0
6976	6975	6879	7	0	-1	-1	0
6913	7007	6911	0	-1	-1	-1	0
6976	6880	6977	7	-1	-1	0	0
6914	7008	6913	0	-1	-1	-1	0
6911	7007	6917	0	-1	-1	-1	0
6978	6977	6881	7	0	-1	-1	0
7009	6914	6915	0	-1	-1	-1	0
6978	6882	6979	7	-1	-1	0	0
6920	7010	6915	0	-1	-1	-1	0
6981	6980	6884	6	-1	-1	-1	0
6916	6917	7012	0	-1	-1	-1	0
7011	6918	6916	0	-1	-1	-1	0
6982	6885	6980	6	-1	-1	-1	0
6983	6886	6982	6	-1	-1	-1	0
6986	6979	6890	7	0	-1	-1	0
7016	6922	6919	0	-1	-1	-1	0
6984	6889	6985	7	-1	-1	-1	0
6993	6897	6968	0	-1	-1	-1	0
7017	6920	6921	0	-1	-1	-1	0
6919	6925	7016	0	-1	-1	-1	0
6922	7019	6921	0	-1	-1	-1	0
6930	6918	7015	0	-1	-1	-1	0
6891	6987	6986	7	-1	0	-1	0
6893	6984	6989	7	-1	-1	-1	0
6988	6987	6892	7	0	-1	-1	0
6990	6894	6983	6	-1	-1	-1	0
6924	7022	6923	5	-1	-1	-1	0
7021	6926	6923	5	-1	-1	-1	0
6988	6893	6989	7	-1	-1	0	0
6991	6985	6895	7	-1	-1	-1	0
7024	6925	6926	0	-1	-1	-1	0
6992	6896	6990	7	-1	-1	-1	0
6992	6991	6896	7	-1	-1	-1	0
6927	7027	6929	0	-1	-1	-1	0
7026	6927	6930	0	-1	-1	-1	0
6937	7023	6924	5	-1	-1	-1	0
6929	7028	6928	0	-1	-1	-1	0
7028	6931	6928	0	-1	-1	-1	0
6995	6996	6899	5	-1	-1	-1	0
6994	6997	6900	5	-1	-1	-1	0
6900	6997	6995	5	-1	-1	-1	0
6908	7004	6981	6	-1	-1	-1	0
6998	6994	6902	5	-1	-1	-1	0
6931	7031	6933	0	-1	-1	-1	0
6904	6993	7000	5	-1	-1	-1	0
6937	6938	7023	5	-1	-1	-1	0
6934	6933	7032	0	-1	-1	-1	0
6903	6999	6998	5	-1	-1	-1	0
7000	6999	6904	5	-1	-1	-1	0
6936	6935	7034	5	-1	-1	-1	0
7002	7001	6905	6	-1	-1	-1	0
6936	7035	6938	5	-1	-1	-1	0
6935	6941	7034	5	-1	-1	-1	0
7003	7002	6906	6	-1	-1	-1	0
6996	7006	6910	6	-1	-1	-1	0
6907	7001	7004	6	-1	-1	-1	0
6940	6939	7037	6	-1	-1	-1	0
7005	7003	6909	6	-1	-1	-1	0
6942	7037	6939	6	-1	-1	-1	0
7038	6941	6940	6	-1	-1	-1	0
6910	7006	7005	6	-1	-1	-1	0
7033	6958	6934	0	-1	-1	-1	0
7007	6913	7008	0	-1	-1	-1	0
7041	6944	6943	7	-1	-1	-1	0
6946	7040	6942	6	-1	-1	-1	0
6945	7042	6943	7	-1	-1	-1	0
7008	6914	7009	0	-1	-1	-1	0
6944	7043	6946	7	-1	-1	-1	0
6915	7010	7009	0	-1	-1	-1	0
6917	7007	7014	0	-1	-1	-1	0
7011	6916	7012	0	-1	-1	-1	0
6945	6955	7042	7	-1	-1	-1	0
7045	6949	6948	7	-1	-1	-1	0
7012	6917	7013	0	-1	-1	-1	0
7015	6918	7011	0	-1	-1	-1	0
7013	6917	7014	0	-1	-1	-1	0
6920	7017	7010	0	-1	-1	-1	0
7045	6948	6953	7	-1	-1	0	0
7046	6954	6949	7	-1	-1	-1	0
6959	6958	7033	0	-1	-1	-1	0
7017	6921	7018	0	-1	-1	-1	0
7047	6955	6954	7	-1	-1	-1	0
7020	6922	7016	0	-1	-1	-1	0
7019	7018	6921	0	-1	-1	-1	0
6922	7020	7019	0	-1	-1	-1	0
6957	7049	6956	0	-1	-1	-1	0
7024	7016	6925	0	-1	-1	-1	0
6957	6959	7050	0	-1	-1	-1	0
6923	7022	7021	5	-1	-1	-1	0
6956	7049	6964	0	-1	-1	-1	0
6924	7023	7022	5	-1	-1	-1	0
6926	7021	7025	5	-1	-1	-1	0
6960	6961	7053	0	-1	-1	-1	0
6930	7015	7030	0	-1	-1	-1	0
7024	6926	7025	5	-1	-1	-1	0
6962	6960	7053	0	-1	-1	-1	0
7054	6961	6963	0	-1	-1	-1	0
6927	7026	7027	0	-1	-1	-1	0
6963	6965	7054	0	-1	-1	-1	0
6929	7027	7029	0	-1	-1	-1	0
6965	6964	7056	0	-1	-1	-1	0
7030	7026	6930	0	-1	-1	-1	0
7029	7028	6929	0	-1	-1	-1	0
7028	7031	6931	0	-1	-1	-1	0
6962	7055	6971	0	-1	-1	-1	0
6966	7061	6967	0	-1	-1	-1	0
7031	7032	6933	0	-1	-1	-1	0
7023	6938	7036	5	-1	-1	-1	0
6967	7063	6968	0	-1	-1	-1	0
7061	6966	6972	0	-1	-1	-1	0
6934	7032	7033	0	-1	-1	-1	0
6969	6970	7064	0	-1	-1	-1	0
7035	6936	7034	5	-1	-1	-1	0
6969	7064	6972	0	-1	-1	-1	0
7066	6970	6971	0	-1	-1	-1	0
6938	7035	7036	5	-1	-1	-1	0
7034	6941	7039	6	-1	-1	-1	0
6940	7037	7038	6	-1	-1	-1	0
7038	7039	6941	6	-1	-1	-1	0
6942	7040	7037	6	-1	-1	-1	0
7063	6993	6968	0	-1	-1	-1	0
6943	7042	7041	7	-1	-1	-1	0
6944	7041	7043	7	-1	-1	-1	0
7069	6980	6981	6	-1	-1	-1	0
6982	6980	7068	6	-1	-1	-1	0
7040	6946	7044	7	-1	-1	-1	0
6946	7043	7044	7	-1	-1	-1	0
6983	6982	7071	6	-1	-1	-1	0
7045	7046	6949	7	0	-1	-1	0
6985	7072	6984	7	-1	-1	-1	0
7051	6959	7033	0	-1	-1	-1	0
7071	6990	6983	6	-1	-1	-1	0
6989	6984	7072	7	-1	-1	0	0
7048	7042	6955	7	-1	-1	-1	0
7046	7047	6954	7	0	-1	-1	0
7073	6985	6991	7	-1	-1	-1	0
7047	7048	6955	7	0	-1	-1	0
7004	7070	6981	6	-1	-1	-1	0
7074	6992	6990	7	-1	-1	-1	0
7050	7049	6957	0	-1	-1	-1	0
6992	7075	6991	7	-1	-1	-1	0
7016	7024	7020	0	-1	-1	-1	0
6959	7052	7050	0	-1	-1	-1	0
6959	7051	7052	0	-1	-1	-1	0
6961	7054	7053	0	-1	-1	-1	0
6997	6994	7078	5	-1	-1	-1	0
6964	7049	7057	0	-1	-1	-1	0
7000	6993	7077	5	-1	-1	-1	0
6994	6998	7078	5	-1	-1	-1	0
7055	6962	7053	0	-1	-1	-1	0
6996	6995	7079	6	-1	-1	-1	0
6997	7080	6995	6	-1	-1	-1	0
7057	7056	6964	0	-1	-1	-1	0
7059	7054	6965	0	-1	-1	-1	0
6998	6999	7082	5	-1	-1	-1	0
7056	7058	6965	0	-1	-1	-1	0
6996	7079	7006	6	-1	-1	-1	0
7083	6999	7000	5	-1	-1	-1	0
7060	6965	7058	0	-1	-1	-1	0
6965	7060	7059	0	-1	-1	-1	0
7086	7001	7002	6	-1	-1	-1	0
7062	6967	7061	0	-1	-1	-1	0
7085	7004	7001	6	-1	-1	-1	0
7087	7002	7003	6	-1	-1	-1	0
7055	7066	6971	0	-1	-1	-1	0
6967	7062	7063	0	-1	-1	-1	0
7088	7003	7005	6	-1	-1	-1	0
6970	7065	7064	0	-1	-1	-1	0
6972	7067	7061	0	-1	-1	-1	0
7089	7005	7006	6	-1	-1	-1	0
7066	7065	6970	0	-1	-1	-1	0
6972	7064	7067	0	-1	-1	-1	0
7007	7008	7092	0	-1	-1	-1	0
7009	7093	7008	0	-1	-1	-1	0
7091	7014	7007	0	-1	-1	-1	0
7095	7009	7010	0	-1	-1	-1	0
7068	6980	7069	6	-1	-1	-1	0
7070	7069	6981	6	-1	-1	-1	0
7012	7098	7011	0	-1	-1	-1	0
7068	7071	6982	6	-1	-1	-1	0
7096	7010	7017	0	-1	-1	-1	0
7097	7015	7011	0	-1	-1	-1	0
7099	7012	7013	0	-1	-1	-1	0
7013	7014	7100	0	-1	-1	-1	0
7072	6985	7073	7	-1	-1	0	0
7063	7077	6993	5	-1	-1	-1	0
7074	6990	7071	7	-1	-1	-1	0
7018	7103	7017	0	-1	-1	-1	0
7075	7073	6991	7	0	-1	-1	0
7018	7019	7104	5	-1	-1	-1	0
7076	6992	7074	7	-1	-1	-1	0
7075	6992	7076	7	-1	-1	0	0
7020	7106	7019	5	-1	-1	-1	0
7030	7015	7102	0	-1	-1	-1	0
7020	7024	7107	5	-1	-1	-1	0
7021	7022	7109	5	-1	-1	-1	0
7021	7108	7025	5	-1	-1	-1	0
7080	7079	6995	6	-1	-1	-1	0
7110	7022	7023	5	-1	-1	-1	0
7024	7025	7107	5	-1	-1	-1	0
7078	7081	6997	6	-1	-1	-1	0
6997	7081	7080	6	-1	-1	-1	0
7082	7078	6998	5	-1	-1	-1	0
7085	7070	7004	6	-1	-1	-1	0
7077	7084	7000	5	-1	-1	-1	0
7083	7082	6999	5	-1	-1	-1	0
7026	7113	7027	0	-1	-1	-1	0
7000	7084	7083	5	-1	-1	-1	0
7030	7112	7026	0	-1	-1	-1	0
7036	7110	7023	5	-1	-1	-1	0
7029	7027	7115	0	-1	-1	-1	0
7085	7001	7086	6	-1	-1	-1	0
7115	7028	7029	0	-1	-1	-1	0
7116	7031	7028	0	-1	-1	-1	0
7087	7086	7002	6	-1	-1	-1	0
7090	7006	7079	6	-1	-1	-1	0
7088	7087	7003	6	-1	-1	-1	0
7089	7088	7005	6	-1	-1	-1	0
7119	7032	7031	0	-1	-1	-1	0
7032	7120	7033	0	-1	-1	-1	0
7089	7006	7090	6	-1	-1	-1	0
7092	7091	7007	0	-1	-1	-1	0
7035	7034	7121	6	-1	-1	-1	0
7122	7036	7035	6	-1	-1	-1	0
7039	7121	7034	6	-1	-1	-1	0
7094	7092	7008	0	-1	-1	-1	0
7093	7094	7008	0	-1	-1	-1	0
7009	7095	7093	0	-1	-1	-1	0
7038	7037	7124	6	-1	-1	-1	0
7010	7096	7095	0	-1	-1	-1	0
7040	7124	7037	6	-1	-1	-1	0
7125	7039	7038	6	-1	-1	-1	0
7033	7120	7051	0	-1	-1	-1	0
7091	7101	7014	0	-1	-1	-1	0
7011	7098	7097	0	-1	-1	-1	0
7099	7098	7012	0	-1	-1	-1	0
7127	7040	7044	7	-1	-1	-1	0
7129	7041	7042	7	-1	-1	-1	0
7043	7041	7128	7	-1	-1	-1	0
7099	7013	7100	0	-1	-1	-1	0
7097	7102	7015	0	-1	-1	-1	0
7101	7100	7014	0	-1	-1	-1	0
7017	7103	7096	0	-1	-1	-1	0
7130	7044	7043	7	-1	-1	-1	0
7048	7129	7042	7	0	-1	-1	0
7018	7105	7103	5	-1	-1	-1	0
7018	7104	7105	5	-1	-1	-1	0
7019	7106	7104	5	-1	-1	-1	0
7132	7049	7050	0	-1	-1	-1	0
7106	7020	7107	5	-1	-1	-1	0
7050	7052	7132	0	-1	-1	-1	0
7051	7133	7052	0	-1	-1	-1	0
7109	7108	7021	5	-1	-1	-1	0
7049	7132	7057	0	-1	-1	-1	0
7110	7109	7022	5	-1	-1	-1	0
7054	7136	7053	0	-1	-1	-1	0
7111	7107	7025	5	-1	-1	-1	0
7108	7111	7025	5	-1	-1	-1	0
7055	7053	7137	0	-1	-1	-1	0
7118	7030	7102	0	-1	-1	-1	0
7113	7026	7112	0	-1	-1	-1	0
7059	7138	7054	0	-1	-1	-1	0
7141	7056	7057	0	-1	-1	-1	0
7113	7114	7027	0	-1	-1	-1	0
7058	7056	7140	0	-1	-1	-1	0
7027	7114	7115	0	-1	-1	-1	0
7117	7112	7030	0	-1	-1	-1	0
7115	7116	7028	0	-1	-1	-1	0
7139	7066	7055	0	-1	-1	-1	0
7060	7058	7143	0	-1	-1	-1	0
7144	7059	7060	0	-1	-1	-1	0
7118	7117	7030	0	-1	-1	-1	0
7119	7031	7116	0	-1	-1	-1	0
7062	7061	7146	0	-1	-1	-1	0
7036	7123	7110	6	-1	-1	-1	0
7032	7119	7120	0	-1	-1	-1	0
7062	7148	7063	5	-1	-1	-1	0
7146	7061	7067	0	-1	-1	-1	0
7121	7122	7035	6	-1	-1	-1	0
7150	7064	7065	0	-1	-1	-1	0
7064	7149	7067	0	-1	-1	-1	0
7036	7122	7123	6	-1	-1	-1	0
7151	7065	7066	0	-1	-1	-1	0
7121	7039	7126	6	-1	-1	-1	0
7124	7125	7038	6	-1	-1	-1	0
7063	7148	7077	5	-1	-1	-1	0
7125	7126	7039	6	-1	-1	-1	0
7040	7127	7124	7	-1	-1	-1	0
7069	7154	7068	7	-1	-1	-1	0
7068	7155	7071	7	-1	-1	-1	0
7069	7070	7156	7	-1	-1	-1	0
7129	7128	7041	7	0	-1	-1	0
7071	7155	7074	7	-1	-1	-1	0
7128	7130	7043	7	0	-1	-1	0
7131	7127	7044	7	-1	-1	-1	0
7120	7134	7051	0	-1	-1	-1	0
7130	7131	7044	7	0	-1	-1	0
7076	7074	7158	7	-1	-1	0	0
7157	7070	7085	7	-1	-1	-1	0
7051	7134	7133	0	-1	-1	-1	0
7160	7081	7078	6	-1	-1	-1	0
7135	7132	7052	0	-1	-1	-1	0
7159	7084	7077	5	-1	-1	-1	0
7052	7133	7135	0	-1	-1	-1	0
7160	7078	7082	6	-1	-1	-1	0
7161	7079	7080	6	-1	-1	-1	0
7162	7080	7081	6	-1	-1	-1	0
7053	7136	7137	0	-1	-1	-1	0
7054	7138	7136	0	-1	-1	-1	0
7083	7164	7082	6	-1	-1	-1	0
7161	7090	7079	6	-1	-1	-1	0
7137	7139	7055	0	-1	-1	-1	0
7132	7142	7057	0	-1	-1	-1	0
7165	7083	7084	6	-1	-1	-1	0
7141	7140	7056	0	-1	-1	-1	0
7086	7167	7085	7	-1	-1	-1	0
7057	7142	7141	0	-1	-1	-1	0
7058	7140	7143	0	-1	-1	-1	0
7144	7138	7059	0	-1	-1	-1	0
7087	7168	7086	7	-1	-1	-1	0
7169	7087	7088	7	-1	-1	-1	0
7088	7089	7170	7	-1	-1	-1	0
7060	7143	7145	0	-1	-1	-1	0
7060	7145	7144	0	-1	-1	-1	0
7171	7089	7090	7	-1	-1	-1	0
7147	7062	7146	5	-1	-1	-1	0
7091	7092	7173	0	-1	-1	-1	0
7148	7062	7147	5	-1	-1	-1	0
7066	7139	7153	0	-1	-1	-1	0
7173	7092	7094	0	-1	-1	-1	0
7175	7094	7093	0	-1	-1	-1	0
7093	7095	7174	0	-1	-1	-1	0
7146	7067	7149	0	-1	-1	-1	0
7149	7064	7150	0	-1	-1	-1	0
7101	7091	7173	0	-1	-1	-1	0
7065	7152	7150	0	-1	-1	-1	0
7152	7065	7151	0	-1	-1	-1	0
7178	7095	7096	0	-1	-1	-1	0
7066	7153	7151	0	-1	-1	-1	0
7134	7120	7119	0	-1	-1	-1	0
7097	7098	7179	0	-1	-1	-1	0
7180	7098	7099	0	-1	-1	-1	0
7068	7154	7155	7	-1	-1	-1	0
7096	7103	7178	0	-1	-1	-1	0
7097	7179	7102	0	-1	-1	-1	0
7156	7154	7069	7	-1	-1	-1	0
7099	7100	7182	0	-1	-1	-1	0
7156	7070	7157	7	-1	-1	-1	0
7183	7100	7101	0	-1	-1	-1	0
7159	7077	7148	5	-1	-1	-1	0
7074	7155	7158	7	-1	-1	-1	0
7188	7103	7105	5	-1	-1	-1	0
7104	7189	7105	5	-1	-1	-1	0
7106	7190	7104	5	-1	-1	-1	0
7162	7161	7080	6	-1	-1	-1	0
7160	7163	7081	6	-1	-1	-1	0
7192	7106	7107	5	-1	-1	-1	0
7082	7164	7160	6	-1	-1	-1	0
7162	7081	7163	6	-1	-1	-1	0
7187	7118	7102	0	-1	-1	-1	0
7084	7159	7166	6	-1	-1	-1	0
7085	7167	7157	7	-1	-1	-1	0
7111	7192	7107	5	-1	-1	-1	0
7193	7108	7109	6	-1	-1	-1	0
7083	7165	7164	6	-1	-1	-1	0
7194	7111	7108	6	-1	-1	-1	0
7109	7110	7195	6	-1	-1	-1	0
7166	7165	7084	6	-1	-1	-1	0
7086	7168	7167	7	-1	-1	-1	0
7112	7197	7113	0	-1	-1	-1	0
7090	7161	7172	7	-1	-1	-1	0
7087	7169	7168	7	-1	-1	-1	0
7199	7114	7113	0	-1	-1	-1	0
7088	7170	7169	7	-1	-1	-1	0
7117	7198	7112	0	-1	-1	-1	0
7195	7110	7123	6	-1	-1	-1	0
7170	7089	7171	7	-1	-1	-1	0
7115	7114	7203	0	-1	-1	-1	0
7172	7171	7090	7	-1	-1	-1	0
7203	7116	7115	0	-1	-1	-1	0
7116	7205	7119	0	-1	-1	-1	0
7206	7117	7118	0	-1	-1	-1	0
7174	7175	7093	0	-1	-1	-1	0
7173	7094	7176	0	-1	-1	-1	0
7094	7175	7177	0	-1	-1	-1	0
7177	7176	7094	0	-1	-1	-1	0
7174	7095	7178	0	-1	-1	-1	0
7208	7122	7121	6	-1	-1	-1	0
7209	7123	7122	6	-1	-1	-1	0
7126	7208	7121	6	-1	-1	-1	0
7181	7179	7098	0	-1	-1	-1	0
7205	7134	7119	0	-1	-1	-1	0
7184	7101	7173	0	-1	-1	-1	0
7098	7180	7181	0	-1	-1	-1	0
7125	7124	7211	7	-1	-1	-1	0
7182	7180	7099	0	-1	-1	-1	0
7211	7124	7127	7	-1	-1	-1	0
7212	7126	7125	7	-1	-1	-1	0
7100	7183	7182	0	-1	-1	-1	0
7187	7102	7179	0	-1	-1	-1	0
7178	7103	7188	5	-1	-1	-1	0
7185	7101	7184	0	-1	-1	-1	0
7101	7186	7183	0	-1	-1	-1	0
7214	7127	7131	7	-1	-1	0	0
7101	7185	7186	0	-1	-1	-1	0
7215	7132	7135	0	-1	-1	-1	0
7104	7190	7189	5	-1	-1	-1	0
7134	7217	7133	0	-1	-1	-1	0
7133	7216	7135	0	-1	-1	-1	0
7191	7188	7105	5	-1	-1	-1	0
7191	7105	7189	5	-1	-1	-1	0
7192	7190	7106	5	-1	-1	-1	0
7215	7142	7132	0	-1	-1	-1	0
7136	7221	7137	0	-1	-1	-1	0
7108	7193	7194	6	-1	-1	-1	0
7136	7138	7222	0	-1	-1	-1	0
7195	7193	7109	6	-1	-1	-1	0
7192	7111	7196	6	-1	-1	-1	0
7139	7137	7224	0	-1	-1	-1	0
7111	7194	7196	6	-1	-1	-1	0
7225	7138	7144	0	-1	-1	-1	0
7197	7112	7198	0	-1	-1	-1	0
7228	7140	7141	0	-1	-1	-1	0
7227	7143	7140	0	-1	-1	-1	0
7201	7113	7197	0	-1	-1	-1	0
7207	7118	7187	0	-1	-1	-1	0
7200	7199	7113	0	-1	-1	-1	0
7229	7141	7142	0	-1	-1	-1	0
7200	7113	7201	0	-1	-1	-1	0
7199	7202	7114	0	-1	-1	-1	0
7153	7139	7226	0	-1	-1	-1	0
7202	7203	7114	0	-1	-1	-1	0
7198	7117	7206	0	-1	-1	-1	0
7233	7145	7143	0	-1	-1	-1	0
7204	7116	7203	0	-1	-1	-1	0
7145	7235	7144	0	-1	-1	-1	0
7116	7204	7205	0	-1	-1	-1	0
7210	7195	7123	6	-1	-1	-1	0
7147	7146	7237	5	-1	-1	-1	0
7206	7118	7207	0	-1	-1	-1	0
7237	7146	7149	5	-1	-1	-1	0
7147	7238	7148	5	-1	-1	-1	0
7173	7176	7184	0	-1	-1	-1	0
7149	7150	7240	5	-1	-1	-1	0
7209	7122	7208	6	-1	-1	-1	0
7209	7210	7123	6	-1	-1	-1	0
7150	7152	7241	5	-1	-1	-1	0
7151	7242	7152	0	-1	-1	-1	0
7159	7148	7238	5	-1	-1	-1	0
7242	7151	7153	0	-1	-1	-1	0
7208	7126	7213	7	-1	-1	-1	0
7125	7211	7212	7	-1	-1	-1	0
7212	7213	7126	7	-1	-1	-1	0
7127	7214	7211	7	-1	-1	-1	0
7154	7244	7155	7	-1	-1	-1	0
7245	7154	7156	7	-1	-1	-1	0
7205	7218	7134	0	-1	-1	-1	0
7244	7158	7155	7	0	-1	-1	0
7156	7157	7246	7	-1	-1	-1	0
7216	7133	7217	0	-1	-1	-1	0
7217	7134	7218	0	-1	-1	-1	0
7216	7219	7135	0	-1	-1	-1	0
7220	7215	7135	0	-1	-1	-1	0
7247	7157	7167	7	-1	-1	-1	0
7249	7163	7160	6	-1	-1	-1	0
7250	7161	7162	7	-1	-1	-1	0
7249	7160	7164	6	-1	-1	-1	0
7248	7166	7159	6	-1	-1	-1	0
7220	7135	7219	0	-1	-1	-1	0
7251	7162	7163	7	-1	-1	-1	0
7136	7222	7221	0	-1	-1	-1	0
7137	7221	7223	0	-1	-1	-1	0
7165	7253	7164	6	-1	-1	-1	0
7172	7161	7250	7	-1	-1	-1	0
7223	7224	7137	0	-1	-1	-1	0
7222	7138	7225	0	-1	-1	-1	0
7215	7230	7142	0	-1	-1	-1	0
7254	7165	7166	6	-1	-1	-1	0
7139	7224	7226	0	-1	-1	-1	0
7168	7256	7167	7	-1	-1	-1	0
7169	7257	7168	7	-1	-1	-1	0
7140	7228	7227	0	-1	-1	-1	0
7258	7169	7170	7	-1	-1	-1	0
7229	7228	7141	0	-1	-1	-1	0
7171	7259	7170	7	-1	-1	-1	0
7142	7231	7229	0	-1	-1	-1	0
7143	7227	7232	0	-1	-1	-1	0
7231	7142	7230	0	-1	-1	-1	0
7225	7144	7234	0	-1	-1	-1	0
7260	7171	7172	7	-1	-1	-1	0
7143	7232	7233	0	-1	-1	-1	0
7174	7263	7175	5	-1	-1	-1	0
7235	7234	7144	0	-1	-1	-1	0
7262	7174	7178	5	-1	-1	-1	0
7236	7145	7233	0	-1	-1	-1	0
7145	7236	7235	0	-1	-1	-1	0
7175	7264	7177	5	-1	-1	-1	0
7176	7177	7265	0	-1	-1	-1	0
7153	7226	7242	0	-1	-1	-1	0
7147	7237	7239	5	-1	-1	-1	0
7239	7238	7147	5	-1	-1	-1	0
7184	7176	7265	0	-1	-1	-1	0
7149	7240	7237	5	-1	-1	-1	0
7179	7181	7267	0	-1	-1	-1	0
7188	7262	7178	5	-1	-1	-1	0
7180	7268	7181	0	-1	-1	-1	0
7180	7182	7268	0	-1	-1	-1	0
7150	7241	7240	5	-1	-1	-1	0
7179	7267	7187	0	-1	-1	-1	0
7184	7265	7185	0	-1	-1	-1	0
7241	7152	7243	5	-1	-1	-1	0
7242	7243	7152	5	-1	-1	-1	0
7272	7182	7183	0	-1	-1	-1	0
7186	7272	7183	0	-1	-1	-1	0
7244	7154	7245	7	-1	-1	0	0
7159	7238	7248	6	-1	-1	-1	0
7186	7185	7274	5	-1	-1	-1	0
7245	7156	7246	7	-1	-1	0	0
7247	7246	7157	7	0	-1	-1	0
7191	7278	7188	5	-1	-1	-1	0
7189	7190	7279	6	-1	-1	-1	0
7280	7191	7189	6	-1	-1	-1	0
7250	7162	7251	7	-1	-1	-1	0
7190	7192	7281	6	-1	-1	-1	0
7252	7163	7249	7	-1	-1	-1	0
7220	7230	7215	0	-1	-1	-1	0
7163	7252	7251	7	-1	-1	-1	0
7164	7253	7249	6	-1	-1	-1	0
7255	7166	7248	6	-1	-1	-1	0
7196	7281	7192	6	-1	-1	-1	0
7187	7276	7207	0	-1	-1	-1	0
7194	7193	7283	6	-1	-1	-1	0
7167	7256	7247	7	-1	0	-1	0
7254	7253	7165	6	-1	-1	-1	0
7284	7193	7195	6	-1	-1	-1	0
7196	7194	7285	6	-1	-1	-1	0
7254	7166	7255	6	-1	-1	-1	0
7256	7168	7257	7	-1	-1	0	0
7198	7287	7197	0	-1	-1	-1	0
7172	7250	7261	7	-1	-1	-1	0
7258	7257	7169	7	0	-1	-1	0
7197	7287	7201	0	-1	-1	-1	0
7259	7258	7170	7	0	-1	-1	0
7195	7210	7284	6	-1	-1	-1	0
7200	7291	7199	0	-1	-1	-1	0
7259	7171	7260	7	-1	-1	0	0
7202	7199	7291	0	-1	-1	-1	0
7288	7198	7206	0	-1	-1	-1	0
7261	7260	7172	7	0	-1	-1	0
7201	7293	7200	0	-1	-1	-1	0
7262	7263	7174	5	-1	-1	-1	0
7263	7264	7175	5	-1	-1	-1	0
7202	7298	7203	0	-1	-1	-1	0
7204	7203	7298	0	-1	-1	-1	0
7177	7264	7266	5	-1	-1	-1	0
7299	7205	7204	0	-1	-1	-1	0
7266	7265	7177	5	-1	-1	-1	0
7206	7207	7301	0	-1	-1	-1	0
7181	7269	7267	0	-1	-1	-1	0
7270	7181	7268	0	-1	-1	-1	0
7209	7208	7303	7	-1	-1	-1	0
7269	7181	7270	0	-1	-1	-1	0
7271	7268	7182	0	-1	-1	-1	0
7185	7265	7273	5	-1	-1	-1	0
7209	7304	7210	7	-1	-1	-1	0
7218	7205	7300	0	-1	-1	-1	0
7213	7303	7208	7	-1	-1	-1	0
7272	7271	7182	0	-1	-1	-1	0
7278	7262	7188	5	-1	-1	-1	0
7212	7211	7306	7	-1	-1	-1	0
7277	7187	7267	0	-1	-1	-1	0
7211	7214	7306	7	-1	0	-1	0
7212	7307	7213	7	-1	-1	-1	0
7185	7273	7274	5	-1	-1	-1	0
7186	7275	7272	5	-1	-1	-1	0
7275	7186	7274	5	-1	-1	-1	0
7277	7276	7187	0	-1	-1	-1	0
7217	7309	7216	0	-1	-1	-1	0
7309	7219	7216	0	-1	-1	-1	0
7218	7310	7217	0	-1	-1	-1	0
7189	7279	7280	6	-1	-1	-1	0
7281	7279	7190	6	-1	-1	-1	0
7278	7191	7282	6	-1	-1	-1	0
7219	7313	7220	0	-1	-1	-1	0
7191	7280	7282	6	-1	-1	-1	0
7315	7221	7222	0	-1	-1	-1	0
7223	7221	7315	0	-1	-1	-1	0
7283	7193	7284	6	-1	-1	-1	0
7285	7194	7283	6	-1	-1	-1	0
7316	7222	7225	0	-1	-1	-1	0
7286	7281	7196	6	-1	-1	-1	0
7317	7224	7223	5	-1	-1	-1	0
7230	7220	7314	0	-1	-1	-1	0
7285	7286	7196	6	-1	-1	-1	0
7224	7319	7226	5	-1	-1	-1	0
7198	7289	7287	0	-1	-1	-1	0
7316	7225	7234	0	-1	-1	-1	0
7290	7198	7288	0	-1	-1	-1	0
7322	7227	7228	0	-1	-1	-1	0
7290	7289	7198	0	-1	-1	-1	0
7232	7227	7321	0	-1	-1	-1	0
7229	7323	7228	0	-1	-1	-1	0
7201	7287	7295	0	-1	-1	-1	0
7231	7323	7229	0	-1	-1	-1	0
7207	7276	7302	0	-1	-1	-1	0
7294	7291	7200	0	-1	-1	-1	0
7293	7292	7200	0	-1	-1	-1	0
7231	7230	7325	0	-1	-1	-1	0
7294	7200	7292	0	-1	-1	-1	0
7242	7226	7320	5	-1	-1	-1	0
7202	7291	7297	0	-1	-1	-1	0
7293	7201	7296	0	-1	-1	-1	0
7296	7201	7295	0	-1	-1	-1	0
7328	7233	7232	0	-1	-1	-1	0
7206	7301	7288	0	-1	-1	-1	0
7298	7202	7297	0	-1	-1	-1	0
7233	7328	7236	0	-1	-1	-1	0
7330	7234	7235	5	-1	-1	-1	0
7305	7284	7210	7	-1	-1	-1	0
7299	7204	7298	0	-1	-1	-1	0
7235	7236	7331	5	-1	-1	-1	0
7205	7299	7300	0	-1	-1	-1	0
7273	7265	7266	5	-1	-1	-1	0
7243	7242	7320	5	-1	-1	-1	0
7271	7270	7268	0	-1	-1	-1	0
7239	7237	7333	5	-1	-1	-1	0
7237	7240	7333	5	-1	-1	-1	0
7301	7207	7302	0	-1	-1	-1	0
7334	7238	7239	6	-1	-1	-1	0
7277	7267	7269	0	-1	-1	-1	0
7304	7209	7303	7	-1	-1	-1	0
7336	7240	7241	5	-1	-1	-1	0
7210	7304	7305	7	-1	-1	-1	0
7248	7238	7334	6	-1	-1	-1	0
7241	7243	7337	5	-1	-1	-1	0
7308	7303	7213	7	-1	-1	-1	0
7306	7307	7212	7	0	-1	-1	0
7307	7308	7213	7	0	-1	-1	0
7312	7218	7300	0	-1	-1	-1	0
7311	7309	7217	0	-1	-1	-1	0
7217	7310	7311	0	-1	-1	-1	0
7310	7218	7312	0	-1	-1	-1	0
7252	7249	7340	7	-1	-1	-1	0
7309	7313	7219	0	-1	-1	-1	0
7340	7249	7253	7	-1	-1	-1	0
7339	7255	7248	6	-1	-1	-1	0
7250	7251	7341	7	-1	-1	-1	0
7342	7251	7252	7	-1	-1	-1	0
7314	7220	7313	0	-1	-1	-1	0
7253	7254	7344	7	-1	-1	-1	0
7341	7261	7250	7	0	-1	-1	0
7222	7316	7315	0	-1	-1	-1	0
7255	7345	7254	7	-1	-1	-1	0
7223	7315	7318	5	-1	-1	-1	0
7318	7317	7223	5	-1	-1	-1	0
7319	7224	7317	5	-1	-1	-1	0
7226	7319	7320	5	-1	-1	-1	0
7314	7325	7230	0	-1	-1	-1	0
7227	7322	7321	0	-1	-1	-1	0
7289	7295	7287	0	-1	-1	-1	0
7347	7263	7262	5	-1	-1	-1	0
7322	7228	7324	0	-1	-1	-1	0
7324	7228	7323	0	-1	-1	-1	0
7348	7264	7263	5	-1	-1	-1	0
7266	7264	7349	5	-1	-1	-1	0
7329	7316	7234	5	-1	-1	-1	0
7231	7326	7323	0	-1	-1	-1	0
7232	7321	7328	0	-1	-1	-1	0
7297	7291	7294	0	-1	-1	-1	0
7327	7231	7325	0	-1	-1	-1	0
7326	7231	7327	0	-1	-1	-1	0
7347	7262	7278	5	-1	-1	-1	0
7266	7350	7273	5	-1	-1	-1	0
7269	7270	7352	5	-1	-1	-1	0
7234	7330	7329	5	-1	-1	-1	0
7270	7271	7353	5	-1	-1	-1	0
7235	7331	7330	5	-1	-1	-1	0
7328	7332	7236	5	-1	-1	-1	0
7277	7269	7351	5	-1	-1	-1	0
7272	7354	7271	5	-1	-1	-1	0
7236	7332	7331	5	-1	-1	-1	0
7338	7243	7320	5	-1	-1	-1	0
7354	7272	7275	5	-1	-1	-1	0
7355	7274	7273	5	-1	-1	-1	0
7356	7275	7274	5	-1	-1	-1	0
7335	7239	7333	6	-1	-1	-1	0
7335	7334	7239	6	-1	-1	-1	0
7333	7240	7336	5	-1	-1	-1	0
7359	7276	7277	5	-1	-1	-1	0
7337	7336	7241	5	-1	-1	-1	0
7338	7337	7243	5	-1	-1	-1	0
7360	7278	7282	6	-1	-1	-1	0
7280	7279	7361	6	-1	-1	-1	0
7248	7334	7339	6	-1	-1	-1	0
7362	7279	7281	6	-1	-1	-1	0
7280	7363	7282	6	-1	-1	-1	0
7281	7286	7362	6	-1	-1	-1	0
7283	7284	7365	7	-1	-1	-1	0
7283	7366	7285	7	-1	-1	-1	0
7341	7251	7342	7	-1	-1	0	0
7340	7343	7252	7	-1	-1	-1	0
7302	7276	7358	5	-1	-1	-1	0
7344	7340	7253	7	-1	-1	-1	0
7343	7342	7252	7	0	-1	-1	0
7367	7286	7285	7	-1	-1	-1	0
7339	7346	7255	7	-1	-1	-1	0
7254	7345	7344	7	-1	-1	-1	0
7255	7346	7345	7	-1	-1	-1	0
7288	7369	7290	0	-1	-1	-1	0
7289	7290	7371	5	-1	-1	-1	0
7295	7289	7370	5	-1	-1	-1	0
7284	7305	7365	7	-1	-1	-1	0
7293	7373	7292	0	-1	-1	-1	0
7347	7348	7263	5	-1	-1	-1	0
7301	7369	7288	0	-1	-1	-1	0
7374	7294	7292	0	-1	-1	-1	0
7348	7349	7264	5	-1	-1	-1	0
7296	7373	7293	0	-1	-1	-1	0
7349	7350	7266	5	-1	-1	-1	0
7294	7377	7297	0	-1	-1	-1	0
7295	7378	7296	5	-1	-1	-1	0
7377	7298	7297	0	-1	-1	-1	0
7352	7351	7269	5	-1	-1	-1	0
7301	7302	7369	0	-1	-1	-1	0
7324	7323	7326	0	-1	-1	-1	0
7352	7270	7353	5	-1	-1	-1	0
7298	7380	7299	0	-1	-1	-1	0
7350	7355	7273	5	-1	-1	-1	0
7271	7354	7353	5	-1	-1	-1	0
7300	7299	7380	0	-1	-1	-1	0
7278	7360	7347	6	-1	-1	-1	0
7356	7274	7355	5	-1	-1	-1	0
7275	7357	7354	5	-1	-1	-1	0
7277	7351	7359	5	-1	-1	-1	0
7356	7357	7275	5	-1	-1	-1	0
7383	7304	7303	7	-1	-1	-1	0
7358	7276	7359	5	-1	-1	-1	0
7384	7305	7304	7	-1	-1	-1	0
7381	7312	7300	0	-1	-1	-1	0
7383	7303	7308	7	-1	-1	0	0
7362	7361	7279	6	-1	-1	-1	0
7280	7361	7363	6	-1	-1	-1	0
7309	7311	7386	0	-1	-1	-1	0
7282	7364	7360	6	-1	-1	-1	0
7309	7386	7313	0	-1	-1	-1	0
7363	7364	7282	6	-1	-1	-1	0
7388	7311	7310	0	-1	-1	-1	0
7312	7387	7310	0	-1	-1	-1	0
7283	7365	7366	7	-1	-1	-1	0
7368	7362	7286	7	-1	-1	-1	0
7367	7285	7366	7	-1	-1	-1	0
7314	7313	7393	0	-1	-1	-1	0
7286	7367	7368	7	-1	-1	-1	0
7315	7316	7396	5	-1	-1	-1	0
7396	7318	7315	5	-1	-1	-1	0
7371	7370	7289	5	-1	-1	-1	0
7369	7372	7290	5	-1	-1	-1	0
7398	7317	7318	5	-1	-1	-1	0
7319	7317	7397	5	-1	-1	-1	0
7371	7290	7372	5	-1	-1	-1	0
7395	7325	7314	0	-1	-1	-1	0
7400	7320	7319	5	-1	-1	-1	0
7292	7373	7374	0	-1	-1	-1	0
7316	7329	7396	5	-1	-1	-1	0
7358	7382	7302	5	-1	-1	-1	0
7378	7295	7370	5	-1	-1	-1	0
7294	7374	7376	0	-1	-1	-1	0
7294	7376	7375	0	-1	-1	-1	0
7322	7402	7321	5	-1	-1	-1	0
7377	7294	7375	0	-1	-1	-1	0
7325	7395	7327	0	-1	-1	-1	0
7373	7296	7379	5	-1	-1	-1	0
7324	7403	7322	5	-1	-1	-1	0
7321	7401	7328	5	-1	-1	-1	0
7379	7296	7378	5	-1	-1	-1	0
7369	7302	7382	5	-1	-1	-1	0
7326	7404	7324	5	-1	-1	-1	0
7298	7377	7380	0	-1	-1	-1	0
7385	7365	7305	7	-1	-1	-1	0
7405	7326	7327	5	-1	-1	-1	0
7338	7320	7400	5	-1	-1	-1	0
7328	7401	7332	5	-1	-1	-1	0
7381	7300	7380	0	-1	-1	-1	0
7330	7408	7329	5	-1	-1	-1	0
7409	7330	7331	5	-1	-1	-1	0
7383	7384	7304	7	0	-1	-1	0
7331	7332	7410	5	-1	-1	-1	0
7384	7385	7305	7	0	-1	-1	0
7333	7412	7335	6	-1	-1	-1	0
7336	7412	7333	6	-1	-1	-1	0
7413	7334	7335	6	-1	-1	-1	0
7312	7381	7392	0	-1	-1	-1	0
7387	7388	7310	0	-1	-1	-1	0
7386	7311	7389	0	-1	-1	-1	0
7413	7339	7334	6	-1	-1	-1	0
7337	7415	7336	6	-1	-1	-1	0
7390	7311	7388	0	-1	-1	-1	0
7312	7391	7387	0	-1	-1	-1	0
7311	7390	7389	0	-1	-1	-1	0
7338	7416	7337	6	-1	-1	-1	0
7394	7313	7386	0	-1	-1	-1	0
7312	7392	7391	0	-1	-1	-1	0
7394	7393	7313	0	-1	-1	-1	0
7393	7395	7314	0	-1	-1	-1	0
7343	7340	7419	7	-1	-1	0	0
7419	7340	7344	7	-1	-1	-1	0
7346	7339	7418	7	-1	-1	-1	0
7345	7420	7344	7	-1	-1	-1	0
7421	7345	7346	7	-1	-1	-1	0
7397	7317	7398	5	-1	-1	-1	0
7318	7396	7399	5	-1	-1	-1	0
7398	7318	7399	5	-1	-1	-1	0
7400	7319	7397	5	-1	-1	-1	0
7423	7348	7347	6	-1	-1	-1	0
7349	7348	7424	6	-1	-1	-1	0
7382	7372	7369	5	-1	-1	-1	0
7321	7402	7401	5	-1	-1	-1	0
7350	7349	7425	6	-1	-1	-1	0
7402	7322	7403	5	-1	-1	-1	0
7327	7395	7406	5	-1	-1	-1	0
7347	7360	7423	6	-1	-1	-1	0
7324	7404	7403	5	-1	-1	-1	0
7428	7351	7352	5	-1	-1	-1	0
7355	7350	7426	6	-1	-1	-1	0
7407	7396	7329	5	-1	-1	-1	0
7353	7429	7352	5	-1	-1	-1	0
7404	7326	7405	5	-1	-1	-1	0
7430	7353	7354	5	-1	-1	-1	0
7351	7427	7359	5	-1	-1	-1	0
7406	7405	7327	5	-1	-1	-1	0
7354	7357	7430	5	-1	-1	-1	0
7356	7355	7431	6	-1	-1	-1	0
7332	7401	7411	5	-1	-1	-1	0
7408	7407	7329	5	-1	-1	-1	0
7432	7357	7356	6	-1	-1	-1	0
7409	7408	7330	5	-1	-1	-1	0
7410	7409	7331	5	-1	-1	-1	0
7358	7359	7434	5	-1	-1	-1	0
7411	7410	7332	5	-1	-1	-1	0
7417	7338	7400	6	-1	-1	-1	0
7360	7364	7436	6	-1	-1	-1	0
7414	7335	7412	6	-1	-1	-1	0
7361	7437	7363	7	-1	-1	-1	0
7361	7362	7438	7	-1	-1	-1	0
7414	7413	7335	6	-1	-1	-1	0
7415	7412	7336	6	-1	-1	-1	0
7439	7364	7363	7	-1	-1	-1	0
7438	7362	7368	7	-1	-1	-1	0
7337	7416	7415	6	-1	-1	-1	0
7394	7386	7389	0	-1	-1	-1	0
7339	7413	7418	7	-1	-1	-1	0
7338	7417	7416	6	-1	-1	-1	0
7441	7366	7365	7	-1	-1	-1	0
7435	7382	7358	5	-1	-1	-1	0
7442	7367	7366	7	-1	-1	-1	0
7443	7368	7367	7	-1	-1	-1	0
7419	7344	7420	7	-1	-1	0	0
7421	7420	7345	7	0	-1	-1	0
7418	7422	7346	7	-1	-1	-1	0
7446	7370	7371	5	-1	-1	-1	0
7422	7421	7346	7	0	-1	-1	0
7372	7447	7371	5	-1	-1	-1	0
7385	7441	7365	7	0	-1	-1	0
7445	7378	7370	5	-1	-1	-1	0
7423	7424	7348	6	-1	-1	-1	0
7374	7373	7449	5	-1	-1	-1	0
7424	7425	7349	6	-1	-1	-1	0
7374	7450	7376	5	-1	-1	-1	0
7379	7449	7373	5	-1	-1	-1	0
7350	7425	7426	6	-1	-1	-1	0
7448	7372	7382	5	-1	-1	-1	0
7451	7375	7376	0	-1	-1	-1	0
7407	7399	7396	5	-1	-1	-1	0
7377	7375	7452	0	-1	-1	-1	0
7427	7351	7428	5	-1	-1	-1	0
7452	7380	7377	0	-1	-1	-1	0
7429	7428	7352	5	-1	-1	-1	0
7379	7378	7454	5	-1	-1	-1	0
7426	7431	7355	6	-1	-1	-1	0
7430	7429	7353	5	-1	-1	-1	0
7380	7452	7381	0	-1	-1	-1	0
7423	7360	7436	6	-1	-1	-1	0
7431	7432	7356	6	-1	-1	-1	0
7427	7434	7359	5	-1	-1	-1	0
7430	7357	7433	6	-1	-1	-1	0
7432	7433	7357	6	-1	-1	-1	0
7434	7435	7358	5	-1	-1	-1	0
7456	7392	7381	0	-1	-1	-1	0
7388	7387	7457	0	-1	-1	-1	0
7388	7457	7390	0	-1	-1	-1	0
7457	7387	7391	0	-1	-1	-1	0
7438	7437	7361	7	-1	-1	-1	0
7459	7389	7390	5	-1	-1	-1	0
7363	7437	7439	7	-1	-1	-1	0
7440	7436	7364	7	-1	-1	-1	0
7394	7389	7458	5	-1	-1	-1	0
7440	7364	7439	7	-1	-1	-1	0
7392	7462	7391	5	-1	-1	-1	0
7441	7442	7366	7	0	-1	-1	0
7444	7438	7368	7	-1	-1	-1	0
7393	7464	7395	5	-1	-1	-1	0
7442	7443	7367	7	0	-1	-1	0
7393	7394	7465	5	-1	-1	-1	0
7368	7443	7444	7	-1	0	-1	0
7445	7370	7446	5	-1	-1	-1	0
7467	7397	7398	6	-1	-1	-1	0
7397	7466	7400	6	-1	-1	-1	0
7447	7446	7371	5	-1	-1	-1	0
7406	7395	7464	5	-1	-1	-1	0
7448	7382	7435	5	-1	-1	-1	0
7399	7468	7398	6	-1	-1	-1	0
7448	7447	7372	5	-1	-1	-1	0
7470	7401	7402	5	-1	-1	-1	0
7449	7450	7374	5	-1	-1	-1	0
7399	7407	7469	6	-1	-1	-1	0
7402	7403	7471	5	-1	-1	-1	0
7445	7454	7378	5	-1	-1	-1	0
7375	7451	7452	0	-1	-1	-1	0
7376	7450	7453	5	-1	-1	-1	0
7472	7403	7404	5	-1	-1	-1	0
7451	7376	7453	5	-1	-1	-1	0
7470	7411	7401	5	-1	-1	-1	0
7473	7404	7405	5	-1	-1	-1	0
7417	7400	7466	6	-1	-1	-1	0
7455	7449	7379	5	-1	-1	-1	0
7474	7405	7406	5	-1	-1	-1	0
7454	7455	7379	5	-1	-1	-1	0
7452	7456	7381	0	-1	-1	-1	0
7408	7476	7407	6	-1	-1	-1	0
7409	7477	7408	6	-1	-1	-1	0
7478	7409	7410	6	-1	-1	-1	0
7410	7411	7479	6	-1	-1	-1	0
7458	7389	7459	5	-1	-1	-1	0
7390	7457	7460	5	-1	-1	-1	0
7481	7414	7412	6	-1	-1	-1	0
7481	7412	7415	6	-1	-1	-1	0
7457	7391	7461	5	-1	-1	-1	0
7482	7413	7414	7	-1	-1	-1	0
7460	7459	7390	5	-1	-1	-1	0
7392	7456	7463	5	-1	-1	-1	0
7413	7482	7418	7	-1	-1	-1	0
7461	7391	7462	5	-1	-1	-1	0
7484	7415	7416	6	-1	-1	-1	0
7458	7465	7394	5	-1	-1	-1	0
7392	7463	7462	5	-1	-1	-1	0
7416	7417	7485	6	-1	-1	-1	0
7465	7464	7393	5	-1	-1	-1	0
7487	7422	7418	7	0	-1	-1	0
7397	7467	7466	6	-1	-1	-1	0
7467	7398	7468	6	-1	-1	-1	0
7424	7423	7488	6	-1	-1	-1	0
7399	7469	7468	6	-1	-1	-1	0
7424	7489	7425	6	-1	-1	-1	0
7490	7426	7425	6	-1	-1	-1	0
7471	7470	7402	5	-1	-1	-1	0
7475	7406	7464	5	-1	-1	-1	0
7472	7471	7403	5	-1	-1	-1	0
7436	7488	7423	6	-1	-1	-1	0
7493	7427	7428	6	-1	-1	-1	0
7491	7431	7426	6	-1	-1	-1	0
7473	7472	7404	5	-1	-1	-1	0
7428	7429	7494	6	-1	-1	-1	0
7473	7405	7474	5	-1	-1	-1	0
7407	7476	7469	6	-1	-1	-1	0
7427	7492	7434	6	-1	-1	-1	0
7429	7430	7495	6	-1	-1	-1	0
7406	7475	7474	5	-1	-1	-1	0
7495	7430	7433	6	-1	-1	-1	0
7496	7432	7431	6	-1	-1	-1	0
7452	7451	7456	0	-1	-1	-1	0
7477	7476	7408	6	-1	-1	-1	0
7470	7480	7411	6	-1	-1	-1	0
7433	7432	7497	6	-1	-1	-1	0
7409	7478	7477	6	-1	-1	-1	0
7410	7479	7478	6	-1	-1	-1	0
7435	7434	7499	6	-1	-1	-1	0
7466	7486	7417	6	-1	-1	-1	0
7479	7411	7480	6	-1	-1	-1	0
7436	7440	7501	7	-1	-1	-1	0
7437	7438	7502	7	-1	-1	-1	0
7414	7481	7483	7	-1	-1	-1	0
7461	7460	7457	5	-1	-1	-1	0
7503	7439	7437	7	-1	-1	-1	0
7414	7483	7482	7	-1	-1	-1	0
7484	7481	7415	6	-1	-1	-1	0
7504	7440	7439	7	-1	-1	-1	0
7500	7448	7435	6	-1	-1	-1	0
7444	7502	7438	7	0	-1	-1	0
7485	7484	7416	6	-1	-1	-1	0
7487	7418	7482	7	-1	-1	-1	0
7417	7486	7485	6	-1	-1	-1	0
7507	7445	7446	6	-1	-1	-1	0
7446	7447	7508	6	-1	-1	-1	0
7488	7489	7424	6	-1	-1	-1	0
7490	7425	7489	6	-1	-1	-1	0
7448	7509	7447	6	-1	-1	-1	0
7445	7506	7454	6	-1	-1	-1	0
7490	7491	7426	6	-1	-1	-1	0
7450	7449	7510	5	-1	-1	-1	0
7427	7493	7492	6	-1	-1	-1	0
7453	7450	7511	5	-1	-1	-1	0
7510	7449	7455	5	-1	-1	-1	0
7493	7428	7494	6	-1	-1	-1	0
7451	7453	7512	5	-1	-1	-1	0
7496	7431	7491	6	-1	-1	-1	0
7495	7494	7429	6	-1	-1	-1	0
7451	7512	7456	5	-1	-1	-1	0
7455	7454	7514	6	-1	-1	-1	0
7497	7432	7496	6	-1	-1	-1	0
7436	7501	7488	7	-1	-1	-1	0
7499	7434	7492	6	-1	-1	-1	0
7498	7495	7433	6	-1	-1	-1	0
7497	7498	7433	6	-1	-1	-1	0
7456	7512	7463	5	-1	-1	-1	0
7458	7459	7516	5	-1	-1	-1	0
7499	7500	7435	6	-1	-1	-1	0
7518	7459	7460	5	-1	-1	-1	0
7517	7465	7458	5	-1	-1	-1	0
7519	7460	7461	5	-1	-1	-1	0
7502	7503	7437	7	0	-1	-1	0
7462	7520	7461	5	-1	-1	-1	0
7503	7504	7439	7	0	-1	-1	0
7521	7462	7463	5	-1	-1	-1	0
7504	7505	7440	7	0	-1	-1	0
7440	7505	7501	7	-1	-1	-1	0
7464	7465	7523	5	-1	-1	-1	0
7524	7466	7467	6	-1	-1	-1	0
7509	7448	7500	6	-1	-1	-1	0
7506	7445	7507	6	-1	-1	-1	0
7467	7468	7525	6	-1	-1	-1	0
7508	7507	7446	6	-1	-1	-1	0
7523	7475	7464	5	-1	-1	-1	0
7469	7526	7468	6	-1	-1	-1	0
7508	7447	7509	6	-1	-1	-1	0
7471	7528	7470	6	-1	-1	-1	0
7510	7511	7450	5	-1	-1	-1	0
7472	7529	7471	6	-1	-1	-1	0
7527	7469	7476	6	-1	-1	-1	0
7514	7454	7506	6	-1	-1	-1	0
7473	7530	7472	6	-1	-1	-1	0
7524	7486	7466	6	-1	-1	-1	0
7511	7513	7453	5	-1	-1	-1	0
7470	7528	7480	6	-1	-1	-1	0
7513	7512	7453	5	-1	-1	-1	0
7473	7474	7531	6	-1	-1	-1	0
7515	7510	7455	6	-1	-1	-1	0
7474	7475	7532	6	-1	-1	-1	0
7514	7515	7455	6	-1	-1	-1	0
7534	7476	7477	6	-1	-1	-1	0
7535	7477	7478	6	-1	-1	-1	0
7516	7517	7458	5	-1	-1	-1	0
7518	7516	7459	5	-1	-1	-1	0
7536	7478	7479	6	-1	-1	-1	0
7480	7537	7479	6	-1	-1	-1	0
7518	7460	7519	5	-1	-1	-1	0
7522	7463	7512	5	-1	-1	-1	0
7520	7519	7461	5	-1	-1	-1	0
7539	7483	7481	7	-1	-1	-1	0
7521	7520	7462	5	-1	-1	-1	0
7484	7539	7481	7	-1	-1	-1	0
7540	7482	7483	7	-1	-1	-1	0
7523	7465	7517	5	-1	-1	-1	0
7521	7463	7522	5	-1	-1	-1	0
7540	7487	7482	7	0	-1	-1	0
7484	7485	7542	7	-1	-1	-1	0
7543	7485	7486	7	-1	-1	-1	0
7525	7524	7467	6	-1	-1	-1	0
7525	7468	7526	6	-1	-1	-1	0
7527	7526	7469	6	-1	-1	-1	0
7545	7489	7488	7	-1	-1	-1	0
7546	7490	7489	7	-1	-1	-1	0
7471	7529	7528	6	-1	-1	-1	0
7491	7490	7547	7	-1	-1	-1	0
7472	7530	7529	6	-1	-1	-1	0
7475	7523	7533	6	-1	-1	-1	0
7488	7501	7545	7	-1	-1	-1	0
7531	7530	7473	6	-1	-1	-1	0
7550	7492	7493	6	-1	-1	-1	0
7496	7491	7548	7	-1	-1	-1	0
7532	7531	7474	6	-1	-1	-1	0
7534	7527	7476	6	-1	-1	-1	0
7551	7493	7494	6	-1	-1	-1	0
7499	7492	7549	6	-1	-1	-1	0
7533	7532	7475	6	-1	-1	-1	0
7552	7494	7495	6	-1	-1	-1	0
7552	7495	7498	6	-1	-1	-1	0
7535	7534	7477	6	-1	-1	-1	0
7538	7480	7528	6	-1	-1	-1	0
7496	7553	7497	7	-1	-1	-1	0
7513	7522	7512	5	-1	-1	-1	0
7536	7535	7478	6	-1	-1	-1	0
7554	7498	7497	7	-1	-1	-1	0
7479	7537	7536	6	-1	-1	-1	0
7486	7524	7544	7	-1	-1	-1	0
7556	7500	7499	6	-1	-1	-1	0
7537	7480	7538	6	-1	-1	-1	0
7541	7483	7539	7	-1	-1	-1	0
7505	7558	7501	7	0	-1	-1	0
7541	7540	7483	7	0	-1	-1	0
7542	7539	7484	7	-1	-1	-1	0
7500	7557	7509	6	-1	-1	-1	0
7543	7542	7485	7	-1	-1	-1	0
7486	7544	7543	7	-1	-1	-1	0
7507	7560	7506	6	-1	-1	-1	0
7561	7507	7508	6	-1	-1	-1	0
7506	7559	7514	6	-1	-1	-1	0
7562	7508	7509	6	-1	-1	-1	0
7489	7545	7546	7	-1	-1	-1	0
7546	7547	7490	7	-1	-1	-1	0
7510	7563	7511	6	-1	-1	-1	0
7547	7548	7491	7	-1	-1	-1	0
7513	7511	7564	6	-1	-1	-1	0
7563	7510	7515	6	-1	-1	-1	0
7550	7549	7492	6	-1	-1	-1	0
7550	7493	7551	6	-1	-1	-1	0
7566	7515	7514	6	-1	-1	-1	0
7496	7548	7553	7	-1	-1	-1	0
7552	7551	7494	6	-1	-1	-1	0
7513	7565	7522	6	-1	-1	-1	0
7517	7516	7568	6	-1	-1	-1	0
7516	7518	7569	6	-1	-1	-1	0
7556	7499	7549	6	-1	-1	-1	0
7558	7545	7501	7	-1	-1	-1	0
7553	7554	7497	7	-1	-1	-1	0
7498	7555	7552	7	-1	-1	-1	0
7555	7498	7554	7	-1	-1	-1	0
7519	7571	7518	6	-1	-1	-1	0
7517	7570	7523	6	-1	-1	-1	0
7520	7572	7519	6	-1	-1	-1	0
7557	7500	7556	6	-1	-1	-1	0
7521	7573	7520	6	-1	-1	-1	0
7574	7521	7522	6	-1	-1	-1	0
7524	7525	7575	7	-1	-1	-1	0
7560	7559	7506	6	-1	-1	-1	0
7533	7523	7570	6	-1	-1	-1	0
7576	7525	7526	7	-1	-1	-1	0
7557	7562	7509	6	-1	-1	-1	0
7560	7507	7561	6	-1	-1	-1	0
7527	7577	7526	7	-1	-1	-1	0
7508	7562	7561	6	-1	-1	-1	0
7579	7528	7529	6	-1	-1	-1	0
7511	7563	7564	6	-1	-1	-1	0
7527	7534	7578	7	-1	-1	-1	0
7514	7559	7566	6	-1	-1	-1	0
7530	7580	7529	6	-1	-1	-1	0
7564	7565	7513	6	-1	-1	-1	0
7531	7581	7530	6	-1	-1	-1	0
7575	7544	7524	7	-1	-1	-1	0
7563	7515	7567	6	-1	-1	-1	0
7582	7531	7532	6	-1	-1	-1	0
7579	7538	7528	6	-1	-1	-1	0
7583	7532	7533	6	-1	-1	-1	0
7567	7515	7566	6	-1	-1	-1	0
7569	7568	7516	6	-1	-1	-1	0
7535	7585	7534	7	-1	-1	-1	0
7568	7570	7517	6	-1	-1	-1	0
7586	7535	7536	7	-1	-1	-1	0
7569	7518	7571	6	-1	-1	-1	0
7537	7587	7536	7	-1	-1	-1	0
7519	7572	7571	6	-1	-1	-1	0
7574	7522	7565	6	-1	-1	-1	0
7537	7538	7588	7	-1	-1	-1	0
7520	7573	7572	6	-1	-1	-1	0
7521	7574	7573	6	-1	-1	-1	0
7541	7539	7590	7	-1	-1	0	0
7590	7539	7542	7	-1	-1	-1	0
7542	7543	7591	7	-1	-1	-1	0
7525	7576	7575	7	-1	-1	-1	0
7576	7526	7577	7	-1	-1	-1	0
7592	7543	7544	7	-1	-1	-1	0
7527	7578	7577	7	-1	-1	-1	0
7594	7546	7545	7	-1	-1	-1	0
7533	7570	7584	6	-1	-1	-1	0
7580	7579	7529	6	-1	-1	-1	0
7547	7546	7595	7	-1	-1	-1	0
7596	7548	7547	7	-1	-1	-1	0
7530	7581	7580	6	-1	-1	-1	0
7582	7581	7531	6	-1	-1	-1	0
7578	7534	7585	7	-1	-1	-1	0
7582	7532	7583	6	-1	-1	-1	0
7558	7594	7545	7	0	-1	-1	0
7553	7548	7597	7	-1	-1	-1	0
7550	7599	7549	7	-1	-1	-1	0
7584	7583	7533	6	-1	-1	-1	0
7550	7551	7600	7	-1	-1	-1	0
7556	7549	7598	7	-1	-1	-1	0
7551	7552	7601	7	-1	-1	-1	0
7538	7579	7589	7	-1	-1	-1	0
7535	7586	7585	7	-1	-1	-1	0
7552	7555	7601	7	-1	-1	-1	0
7602	7554	7553	7	-1	-1	-1	0
7536	7587	7586	7	-1	-1	-1	0
7544	7575	7593	7	-1	-1	-1	0
7603	7555	7554	7	-1	-1	-1	0
7588	7587	7537	7	-1	-1	-1	0
7589	7588	7538	7	-1	-1	-1	0
7557	7556	7605	7	-1	-1	-1	0
7591	7590	7542	7	0	-1	-1	0
7557	7606	7562	7	-1	-1	-1	0
7592	7591	7543	7	0	-1	-1	0
7560	7608	7559	7	-1	-1	-1	0
7544	7593	7592	7	-1	0	-1	0
7560	7561	7609	7	-1	-1	-1	0
7566	7559	7607	7	-1	-1	-1	0
7561	7562	7610	7	-1	-1	-1	0
7594	7595	7546	7	0	-1	-1	0
7595	7596	7547	7	0	-1	-1	0
7564	7563	7611	6	-1	-1	-1	0
7567	7611	7563	6	-1	-1	-1	0
7564	7612	7565	6	-1	-1	-1	0
7597	7548	7596	7	-1	-1	0	0
7598	7549	7599	7	-1	-1	-1	0
7567	7566	7614	7	-1	-1	-1	0
7600	7599	7550	7	-1	-1	-1	0
7602	7553	7597	7	-1	-1	0	0
7613	7574	7565	6	-1	-1	-1	0
7601	7600	7551	7	-1	-1	-1	0
7568	7616	7570	6	-1	-1	-1	0
7617	7568	7569	6	-1	-1	-1	0
7618	7569	7571	6	-1	-1	-1	0
7598	7605	7556	7	-1	-1	-1	0
7602	7603	7554	7	0	-1	-1	0
7604	7601	7555	7	-1	-1	-1	0
7571	7572	7619	6	-1	-1	-1	0
7603	7604	7555	7	0	-1	-1	0
7573	7620	7572	6	-1	-1	-1	0
7605	7606	7557	7	-1	-1	-1	0
7621	7573	7574	6	-1	-1	-1	0
7616	7584	7570	6	-1	-1	-1	0
7607	7559	7608	7	-1	-1	-1	0
7622	7575	7576	7	-1	-1	-1	0
7577	7623	7576	7	-1	-1	-1	0
7560	7609	7608	7	-1	-1	-1	0
7610	7562	7606	7	-1	-1	-1	0
7577	7578	7624	7	-1	-1	-1	0
7610	7609	7561	7	-1	-1	-1	0
7580	7626	7579	7	-1	-1	-1	0
7564	7611	7612	6	-1	-1	-1	0
7607	7614	7566	7	-1	-1	-1	0
7581	7627	7580	7	-1	-1	-1	0
7585	7625	7578	7	-1	-1	-1	0
7622	7593	7575	7	0	-1	-1	0
7612	7613	7565	6	-1	-1	-1	0
7582	7628	7581	7	-1	-1	-1	0
7615	7611	7567	7	-1	-1	-1	0
7579	7626	7589	7	-1	-1	-1	0
7582	7583	7629	7	-1	-1	-1	0
7614	7615	7567	7	-1	-1	-1	0
7583	7584	7630	7	-1	-1	-1	0
7616	7568	7617	6	-1	-1	-1	0
7586	7632	7585	7	-1	-1	-1	0
7569	7618	7617	6	-1	-1	-1	0
7587	7633	7586	7	-1	-1	-1	0
7621	7574	7613	6	-1	-1	-1	0
7619	7618	7571	6	-1	-1	-1	0
7634	7587	7588	7	-1	-1	-1	0
7572	7620	7619	6	-1	-1	-1	0
7635	7588	7589	7	-1	-1	-1	0
7621	7620	7573	6	-1	-1	-1	0
7623	7622	7576	7	0	-1	-1	0
7624	7623	7577	7	0	-1	-1	0
7625	7624	7578	7	0	-1	-1	0
7616	7631	7584	7	-1	-1	-1	0
7580	7627	7626	7	-1	-1	-1	0
7599	7637	7598	7	-1	-1	-1	0
7628	7627	7581	7	-1	-1	-1	0
7639	7599	7600	7	-1	-1	-1	0
7629	7628	7582	7	-1	-1	-1	0
7640	7600	7601	7	-1	-1	-1	0
7638	7605	7598	7	-1	-1	-1	0
7632	7625	7585	7	0	-1	-1	0
7630	7629	7583	7	-1	-1	-1	0
7604	7640	7601	7	0	-1	-1	0
7630	7584	7631	7	-1	-1	-1	0
7626	7636	7589	7	-1	-1	-1	0
7586	7633	7632	7	-1	0	-1	0
7641	7606	7605	7	-1	-1	-1	0
7634	7633	7587	7	0	-1	-1	0
7634	7588	7635	7	-1	-1	0	0
7610	7606	7642	7	-1	-1	-1	0
7607	7608	7643	7	-1	-1	-1	0
7589	7636	7635	7	-1	0	-1	0
7609	7645	7608	7	-1	-1	-1	0
7644	7614	7607	7	-1	-1	-1	0
7646	7609	7610	7	-1	-1	-1	0
7612	7611	7647	7	-1	-1	-1	0
7611	7615	7647	7	-1	-1	-1	0
7612	7648	7613	7	-1	-1	-1	0
7637	7638	7598	7	0	-1	-1	0
7637	7599	7639	7	-1	-1	0	0
7639	7600	7640	7	-1	-1	0	0
7650	7615	7614	7	-1	-1	-1	0
7649	7621	7613	7	-1	-1	-1	0
7641	7605	7638	7	-1	-1	0	0
7616	7617	7652	7	-1	-1	-1	0
7617	7618	7653	7	-1	-1	-1	0
7641	7642	7606	7	0	-1	-1	0
7654	7618	7619	7	-1	-1	-1	0
7643	7644	7607	7	0	-1	-1	0
7619	7620	7655	7	-1	-1	-1	0
7643	7608	7645	7	-1	-1	0	0
7656	7620	7621	7	-1	-1	-1	0
7642	7646	7610	7	0	-1	-1	0
7652	7631	7616	7	-1	-1	-1	0
7645	7609	7646	7	-1	-1	0	0
7647	7648	7612	7	-1	-1	-1	0
7650	7614	7644	7	-1	-1	0	0
7657	7626	7627	7	-1	-1	-1	0
7613	7648	7649	7	-1	-1	-1	0
7647	7615	7651	7	-1	-1	-1	0
7659	7628	7629	7	-1	-1	-1	0
7628	7658	7627	7	-1	-1	-1	0
7650	7651	7615	7	0	-1	-1	0
7660	7629	7630	7	-1	-1	-1	0
7636	7626	7657	7	-1	-1	0	0
7631	7661	7630	7	-1	-1	-1	0
7653	7652	7617	7	-1	-1	-1	0
7618	7654	7653	7	-1	-1	-1	0
7656	7621	7649	7	-1	-1	-1	0
7654	7619	7655	7	-1	-1	-1	0
7620	7656	7655	7	-1	-1	-1	0
7627	7658	7657	7	-1	0	-1	0
7659	7658	7628	7	0	-1	-1	0
7631	7652	7662	7	-1	-1	-1	0
7659	7629	7660	7	-1	-1	0	0
7630	7661	7660	7	-1	0	-1	0
7662	7661	7631	7	0	-1	-1	0
7648	7647	7663	7	-1	-1	-1	0
7649	7648	7664	7	-1	-1	-1	0
7651	7663	7647	7	0	-1	-1	0
7665	7656	7649	7	-1	-1	-1	0
7666	7652	7653	7	-1	-1	-1	0
7654	7667	7653	7	-1	-1	-1	0
7664	7648	7663	7	-1	-1	0	0
7668	7654	7655	7	-1	-1	-1	0
7664	7665	7649	7	0	-1	-1	0
7669	7655	7656	7	-1	-1	-1	0
7662	7652	7666	7	-1	-1	0	0
7653	7667	7666	7	-1	0	-1	0
7668	7667	7654	7	0	-1	-1	0
7665	7669	7656	7	0	-1	-1	0
7669	7668	7655	7	0	-1	-1	0
10
1	0
1	0
1	0
1	0
1	0
1	0
1	0
1	0
1	0
1	0
0
0
